COUNTRY,YEAR,REVISION_YEAR,COVERAGE_CATEGORY,VACCINECODE,TIMELYDOSES,AGEGROUP,TARGETDEFINITION,TARGETNUMBER,DOSES,PERCENTAGE,TARGETDEFINITION_CMT,TARGETNUMBER_CMT,DOSES_CMT,PERCENTAGE_CMT,LEG_SOURCECOMMENT,LEG_COMMENT,LEG_CREATEDBY,LEG_MODIFIEDBY,LEG_DATESTAMP,SOURCE
BRB,2024,,ADMIN,COVID19,NOT_COLLECTED,NOT_COLLECTED,POLICY_RECOMMENDATION_ELDERLY,49455.000000000,0.000000000,0.000000000,,,,,,,,,,EJRF
BRB,2024,,ADMIN,COVID19,NOT_COLLECTED,NOT_COLLECTED,FEMALE,-2222.000000000,0.000000000,-4444.000000000,,,,,,,,,,EJRF
BRB,2024,,ADMIN,COVID19,NOT_COLLECTED,NOT_COLLECTED,MALE,-2222.000000000,0.000000000,-4444.000000000,,,,,,,,,,EJRF
BRB,2024,,ADMIN,COVID19,NOT_COLLECTED,NOT_COLLECTED,POLICY_RECOMMENDATION_ADULTS_CHRONIC,-2222.000000000,-2222.000000000,-2222.000000000,,,,,,,,,,EJRF
BRB,2024,,ADMIN,COVID19,NOT_COLLECTED,NOT_COLLECTED,PW,-2222.000000000,-2222.000000000,-2222.000000000,,,,,,,,,,EJRF
BRB,2024,,ADMIN,COVID19,NOT_COLLECTED,NOT_COLLECTED,POLICY_RECOMMENDATION_HCW,-2222.000000000,-2222.000000000,-2222.000000000,,,,,,,,,,EJRF
BRB,2024,,ADMIN,COVID19,NOT_COLLECTED,NOT_COLLECTED,OTHER_GROUPS,-4444.000000000,-4444.000000000,-4444.000000000,,,,,,,,,,EJRF
BRB,2024,,ADMIN,COVID19,NOT_COLLECTED,NOT_COLLECTED,TOTAL,-4444.000000000,0.000000000,-4444.000000000,,,,,,,,,,EJRF
KNA,2024,,ADMIN,COVID19,NOT_COLLECTED,NOT_COLLECTED,POLICY_RECOMMENDATION_ELDERLY,-4444.000000000,-4444.000000000,-4444.000000000,,,,,,,,,,EJRF
KNA,2024,,ADMIN,COVID19,NOT_COLLECTED,NOT_COLLECTED,POLICY_RECOMMENDATION_ADULTS_CHRONIC,-4444.000000000,-4444.000000000,-4444.000000000,,,,,,,,,,EJRF
KNA,2024,,ADMIN,COVID19,NOT_COLLECTED,NOT_COLLECTED,PW,-4444.000000000,-4444.000000000,-4444.000000000,,,,,,,,,,EJRF
KNA,2024,,ADMIN,COVID19,NOT_COLLECTED,NOT_COLLECTED,POLICY_RECOMMENDATION_HCW,-4444.000000000,-4444.000000000,-4444.000000000,,,,,,,,,,EJRF
KNA,2024,,ADMIN,COVID19,NOT_COLLECTED,NOT_COLLECTED,OTHER_GROUPS,-4444.000000000,-4444.000000000,-4444.000000000,,,,,,,,,,EJRF
KNA,2024,,ADMIN,COVID19,NOT_COLLECTED,NOT_COLLECTED,TOTAL,-4444.000000000,-4444.000000000,-4444.000000000,,,,,,,,,,EJRF
KNA,2024,,ADMIN,COVID19,NOT_COLLECTED,NOT_COLLECTED,FEMALE,-4444.000000000,-4444.000000000,-4444.000000000,,,,,,,,,,EJRF
KNA,2024,,ADMIN,COVID19,NOT_COLLECTED,NOT_COLLECTED,MALE,-4444.000000000,-4444.000000000,-4444.000000000,,,,,,,,,,EJRF
MLT,2024,,ADMIN,COVID19,NOT_COLLECTED,NOT_COLLECTED,POLICY_RECOMMENDATION_ELDERLY,-2222.000000000,22612.000000000,-2222.000000000,,,,,,,,,,EJRF
MLT,2024,,ADMIN,COVID19,NOT_COLLECTED,NOT_COLLECTED,POLICY_RECOMMENDATION_ADULTS_CHRONIC,-2222.000000000,-2222.000000000,-2222.000000000,,,,,,,,,,EJRF
MLT,2024,,ADMIN,COVID19,NOT_COLLECTED,NOT_COLLECTED,PW,-2222.000000000,-2222.000000000,-2222.000000000,,,,,,,,,,EJRF
MLT,2024,,ADMIN,COVID19,NOT_COLLECTED,NOT_COLLECTED,POLICY_RECOMMENDATION_HCW,-2222.000000000,-2222.000000000,-2222.000000000,,,,,,,,,,EJRF
MLT,2024,,ADMIN,COVID19,NOT_COLLECTED,NOT_COLLECTED,OTHER_GROUPS,-2222.000000000,-2222.000000000,-2222.000000000,,,,,,,,,,EJRF
MLT,2024,,ADMIN,COVID19,NOT_COLLECTED,NOT_COLLECTED,TOTAL,-2222.000000000,37693.000000000,-2222.000000000,,,,,,,,,,EJRF
MCO,2024,,ADMIN,COVID19,NOT_COLLECTED,NOT_COLLECTED,POLICY_RECOMMENDATION_ELDERLY,-2222.000000000,-2222.000000000,,,,,,,,,,,EJRF
MCO,2024,,ADMIN,COVID19,NOT_COLLECTED,NOT_COLLECTED,POLICY_RECOMMENDATION_ADULTS_CHRONIC,-2222.000000000,-2222.000000000,-2222.000000000,,,,,,,,,,EJRF
MCO,2024,,ADMIN,COVID19,NOT_COLLECTED,NOT_COLLECTED,PW,-2222.000000000,-2222.000000000,-2222.000000000,,,,,,,,,,EJRF
MCO,2024,,ADMIN,COVID19,NOT_COLLECTED,NOT_COLLECTED,POLICY_RECOMMENDATION_HCW,-4444.000000000,-4444.000000000,-4444.000000000,,,,,,,,,,EJRF
MCO,2024,,ADMIN,COVID19,NOT_COLLECTED,NOT_COLLECTED,OTHER_GROUPS,,-4444.000000000,,,,,,,,,,,EJRF
MCO,2024,,ADMIN,COVID19,NOT_COLLECTED,NOT_COLLECTED,TOTAL,-2222.000000000,-2222.000000000,-2222.000000000,,,,,,,,,,EJRF
NIC,2024,,ADMIN,COVID19,NOT_COLLECTED,NOT_COLLECTED,FEMALE,-2222.000000000,-2222.000000000,-2222.000000000,,,,,,,,,,EJRF
NIC,2024,,ADMIN,COVID19,NOT_COLLECTED,NOT_COLLECTED,MALE,-2222.000000000,-2222.000000000,-2222.000000000,,,,,,,,,,EJRF
NIC,2024,,ADMIN,COVID19,NOT_COLLECTED,NOT_COLLECTED,POLICY_RECOMMENDATION_ELDERLY,-4444.000000000,-4444.000000000,-4444.000000000,,,,,,,,,,EJRF
NIC,2024,,ADMIN,COVID19,NOT_COLLECTED,NOT_COLLECTED,POLICY_RECOMMENDATION_ADULTS_CHRONIC,-4444.000000000,-4444.000000000,-2222.000000000,,,,,,,,,,EJRF
NIC,2024,,ADMIN,COVID19,NOT_COLLECTED,NOT_COLLECTED,PW,-4444.000000000,-4444.000000000,-4444.000000000,,,,,,,,,,EJRF
NIC,2024,,ADMIN,COVID19,NOT_COLLECTED,NOT_COLLECTED,POLICY_RECOMMENDATION_HCW,-4444.000000000,-4444.000000000,-4444.000000000,,,,,,,,,,EJRF
NIC,2024,,ADMIN,COVID19,NOT_COLLECTED,NOT_COLLECTED,OTHER_GROUPS,-4444.000000000,-4444.000000000,-4444.000000000,,,,,,,,,,EJRF
NIC,2024,,ADMIN,COVID19,NOT_COLLECTED,NOT_COLLECTED,TOTAL,4529728.000000000,3827621.000000000,84.500000000,,,,,,,,,,EJRF
PLW,2024,,ADMIN,COVID19,NOT_COLLECTED,NOT_COLLECTED,POLICY_RECOMMENDATION_ELDERLY,-4444.000000000,-4444.000000000,,,,,,,,,,,EJRF
PLW,2024,,ADMIN,COVID19,NOT_COLLECTED,NOT_COLLECTED,POLICY_RECOMMENDATION_ADULTS_CHRONIC,-4444.000000000,-4444.000000000,,,,,,,,,,,EJRF
PLW,2024,,ADMIN,COVID19,NOT_COLLECTED,NOT_COLLECTED,PW,-4444.000000000,-4444.000000000,,,,,,,,,,,EJRF
PLW,2024,,ADMIN,COVID19,NOT_COLLECTED,NOT_COLLECTED,POLICY_RECOMMENDATION_HCW,-4444.000000000,,,,,,,,,,,,EJRF
PLW,2024,,ADMIN,COVID19,NOT_COLLECTED,NOT_COLLECTED,OTHER_GROUPS,-4444.000000000,-4444.000000000,,,,,,,,,,,EJRF
PLW,2024,,ADMIN,COVID19,NOT_COLLECTED,NOT_COLLECTED,TOTAL,-4444.000000000,-4444.000000000,,,,,,,,,,,EJRF
PLW,2024,,ADMIN,COVID19,NOT_COLLECTED,NOT_COLLECTED,FEMALE,-4444.000000000,-4444.000000000,,,,,,,,,,,EJRF
PLW,2024,,ADMIN,COVID19,NOT_COLLECTED,NOT_COLLECTED,MALE,-4444.000000000,-4444.000000000,,,,,,,,,,,EJRF
SMR,2024,,ADMIN,COVID19,NOT_COLLECTED,NOT_COLLECTED,POLICY_RECOMMENDATION_ADULTS_CHRONIC,,,,,,,,,,,,,EJRF
SMR,2024,,ADMIN,COVID19,NOT_COLLECTED,NOT_COLLECTED,PW,,,,,,,,,,,,,EJRF
SMR,2024,,ADMIN,COVID19,NOT_COLLECTED,NOT_COLLECTED,POLICY_RECOMMENDATION_HCW,,,,,,,,,,,,,EJRF
SMR,2024,,ADMIN,COVID19,NOT_COLLECTED,NOT_COLLECTED,OTHER_GROUPS,,,,,,,,,,,,,EJRF
SMR,2024,,ADMIN,COVID19,NOT_COLLECTED,NOT_COLLECTED,TOTAL,7979.000000000,314.000000000,3.935330242,,,,,,,,,,EJRF
SMR,2024,,ADMIN,COVID19,NOT_COLLECTED,NOT_COLLECTED,POLICY_RECOMMENDATION_ELDERLY,,,,,,,,,,,,,EJRF
UKR,2024,,ADMIN,COVID19,NOT_COLLECTED,NOT_COLLECTED,POLICY_RECOMMENDATION_ELDERLY,-2222.000000000,3789620.000000000,-2222.000000000,,,,,,,,,,EJRF
UKR,2024,,ADMIN,COVID19,NOT_COLLECTED,NOT_COLLECTED,POLICY_RECOMMENDATION_ADULTS_CHRONIC,-2222.000000000,-2222.000000000,-2222.000000000,,,,,,,,,,EJRF
UKR,2024,,ADMIN,COVID19,NOT_COLLECTED,NOT_COLLECTED,PW,15387.000000000,-2222.000000000,-2222.000000000,,,,,,,,,,EJRF
UKR,2024,,ADMIN,COVID19,NOT_COLLECTED,NOT_COLLECTED,POLICY_RECOMMENDATION_HCW,109651.000000000,-2222.000000000,-2222.000000000,,,,,,,,,,EJRF
UKR,2024,,ADMIN,COVID19,NOT_COLLECTED,NOT_COLLECTED,OTHER_GROUPS,-2222.000000000,-2222.000000000,-2222.000000000,,,,,,,,,,EJRF
UKR,2024,,ADMIN,COVID19,NOT_COLLECTED,NOT_COLLECTED,TOTAL,-2222.000000000,16391273.000000000,-2222.000000000,,,,,,,,,,EJRF
CYM,2024,,ADMIN,COVID19,NOT_COLLECTED,NOT_COLLECTED,OTHER_GROUPS,-2222.000000000,-2222.000000000,-4444.000000000,,,,,,,,,,EJRF
CYM,2024,,ADMIN,COVID19,NOT_COLLECTED,NOT_COLLECTED,TOTAL,-2222.000000000,1160.000000000,-4444.000000000,,,,,,,,,,EJRF
CYM,2024,,ADMIN,COVID19,NOT_COLLECTED,NOT_COLLECTED,FEMALE,-2222.000000000,647.000000000,-4444.000000000,,,,,,,,,,EJRF
CYM,2024,,ADMIN,COVID19,NOT_COLLECTED,NOT_COLLECTED,MALE,-2222.000000000,513.000000000,-4444.000000000,,,,,,,,,,EJRF
CYM,2024,,ADMIN,COVID19,NOT_COLLECTED,NOT_COLLECTED,POLICY_RECOMMENDATION_ELDERLY,-2222.000000000,484.000000000,-4444.000000000,,,,,,,,,,EJRF
CYM,2024,,ADMIN,COVID19,NOT_COLLECTED,NOT_COLLECTED,POLICY_RECOMMENDATION_ADULTS_CHRONIC,-2222.000000000,232.000000000,-4444.000000000,,,,,,,,,,EJRF
CYM,2024,,ADMIN,COVID19,NOT_COLLECTED,NOT_COLLECTED,PW,-2222.000000000,2.000000000,-4444.000000000,,,,,,,,,,EJRF
CYM,2024,,ADMIN,COVID19,NOT_COLLECTED,NOT_COLLECTED,POLICY_RECOMMENDATION_HCW,-2222.000000000,49.000000000,-4444.000000000,,,,,,,,,,EJRF
BDI,2024,,ADMIN,COVID19,NOT_COLLECTED,NOT_COLLECTED,OTHER_GROUPS,-4444.000000000,-4444.000000000,,,,,,,,,,,EJRF
BDI,2024,,ADMIN,COVID19,NOT_COLLECTED,NOT_COLLECTED,TOTAL,-2222.000000000,-2222.000000000,-2222.000000000,,,,,,,,,,EJRF
BDI,2024,,ADMIN,COVID19,NOT_COLLECTED,NOT_COLLECTED,FEMALE,-2222.000000000,-2222.000000000,-2222.000000000,,,,,,,,,,EJRF
BDI,2024,,ADMIN,COVID19,NOT_COLLECTED,NOT_COLLECTED,MALE,-2222.000000000,-2222.000000000,-2222.000000000,,,,,,,,,,EJRF
BDI,2024,,ADMIN,COVID19,NOT_COLLECTED,NOT_COLLECTED,POLICY_RECOMMENDATION_ELDERLY,,-4444.000000000,-4444.000000000,,,,,,,,,,EJRF
BDI,2024,,ADMIN,COVID19,NOT_COLLECTED,NOT_COLLECTED,POLICY_RECOMMENDATION_ADULTS_CHRONIC,-4444.000000000,-4444.000000000,-4444.000000000,,,,,,,,,,EJRF
BDI,2024,,ADMIN,COVID19,NOT_COLLECTED,NOT_COLLECTED,PW,-4444.000000000,-4444.000000000,-4444.000000000,,,,,,,,,,EJRF
BDI,2024,,ADMIN,COVID19,NOT_COLLECTED,NOT_COLLECTED,POLICY_RECOMMENDATION_HCW,-4444.000000000,-4444.000000000,-4444.000000000,,,,,,,,,,EJRF
IRN,2024,,ADMIN,COVID19,NOT_COLLECTED,NOT_COLLECTED,POLICY_RECOMMENDATION_ELDERLY,,,,,,,,,,,,,EJRF
IRN,2024,,ADMIN,COVID19,NOT_COLLECTED,NOT_COLLECTED,POLICY_RECOMMENDATION_ADULTS_CHRONIC,,,,,,,,,,,,,EJRF
IRN,2024,,ADMIN,COVID19,NOT_COLLECTED,NOT_COLLECTED,PW,,,,,,,,,,,,,EJRF
IRN,2024,,ADMIN,COVID19,NOT_COLLECTED,NOT_COLLECTED,POLICY_RECOMMENDATION_HCW,,,,,,,,,,,,,EJRF
IRN,2024,,ADMIN,COVID19,NOT_COLLECTED,NOT_COLLECTED,OTHER_GROUPS,,,,,,,,,,,,,EJRF
IRN,2024,,ADMIN,COVID19,NOT_COLLECTED,NOT_COLLECTED,TOTAL,-4444.000000000,-4444.000000000,-4444.000000000,,,,,,,,,,EJRF
IRN,2024,,ADMIN,COVID19,NOT_COLLECTED,NOT_COLLECTED,FEMALE,-4444.000000000,-4444.000000000,-4444.000000000,,,,,,,,,,EJRF
IRN,2024,,ADMIN,COVID19,NOT_COLLECTED,NOT_COLLECTED,MALE,-4444.000000000,-4444.000000000,-4444.000000000,,,,,,,,,,EJRF
SDN,2024,,ADMIN,COVID19,NOT_COLLECTED,NOT_COLLECTED,POLICY_RECOMMENDATION_ELDERLY,412801.000000000,412801.000000000,100.000000000,,,,,,,,,,EJRF
SDN,2024,,ADMIN,COVID19,NOT_COLLECTED,NOT_COLLECTED,OTHER_GROUPS,-4444.000000000,-4444.000000000,-4444.000000000,,,,,,,,,,EJRF
SDN,2024,,ADMIN,COVID19,NOT_COLLECTED,NOT_COLLECTED,TOTAL,-4444.000000000,-4444.000000000,-4444.000000000,,,,,,,,,,EJRF
SDN,2024,,ADMIN,COVID19,NOT_COLLECTED,NOT_COLLECTED,FEMALE,-2222.000000000,-2222.000000000,-2222.000000000,,,,,,,,,,EJRF
SDN,2024,,ADMIN,COVID19,NOT_COLLECTED,NOT_COLLECTED,MALE,-2222.000000000,-2222.000000000,-2222.000000000,,,,,,,,,,EJRF
SDN,2024,,ADMIN,COVID19,NOT_COLLECTED,NOT_COLLECTED,POLICY_RECOMMENDATION_ADULTS_CHRONIC,-2222.000000000,-2222.000000000,-2222.000000000,,,,,,,,,,EJRF
SDN,2024,,ADMIN,COVID19,NOT_COLLECTED,NOT_COLLECTED,PW,-2222.000000000,-2222.000000000,-2222.000000000,,,,,,,,,,EJRF
SDN,2024,,ADMIN,COVID19,NOT_COLLECTED,NOT_COLLECTED,POLICY_RECOMMENDATION_HCW,-2222.000000000,-2222.000000000,-2222.000000000,,,,,,,,,,EJRF
AZE,2024,,ADMIN,COVID19,NOT_COLLECTED,NOT_COLLECTED,POLICY_RECOMMENDATION_ELDERLY,,-2222.000000000,,,,,,,,,,,EJRF
AZE,2024,,ADMIN,COVID19,NOT_COLLECTED,NOT_COLLECTED,POLICY_RECOMMENDATION_ADULTS_CHRONIC,-2222.000000000,-2222.000000000,-2222.000000000,,,,,,,,,,EJRF
AZE,2024,,ADMIN,COVID19,NOT_COLLECTED,NOT_COLLECTED,PW,-2222.000000000,-2222.000000000,-2222.000000000,,,,,,,,,,EJRF
AZE,2024,,ADMIN,COVID19,NOT_COLLECTED,NOT_COLLECTED,POLICY_RECOMMENDATION_HCW,-2222.000000000,-2222.000000000,-2222.000000000,,,,,,,,,,EJRF
AZE,2024,,ADMIN,COVID19,NOT_COLLECTED,NOT_COLLECTED,OTHER_GROUPS,-2222.000000000,-2222.000000000,-2222.000000000,,,,,,,,,,EJRF
AZE,2024,,ADMIN,COVID19,NOT_COLLECTED,NOT_COLLECTED,TOTAL,-2222.000000000,-2222.000000000,-2222.000000000,,,,,,,,,,EJRF
SYR,2024,,ADMIN,COVID19,NOT_COLLECTED,NOT_COLLECTED,POLICY_RECOMMENDATION_ELDERLY,2026350.000000000,2772.000000000,0.136797690,,,,,,,,,,EJRF
SYR,2024,,ADMIN,COVID19,NOT_COLLECTED,NOT_COLLECTED,POLICY_RECOMMENDATION_ADULTS_CHRONIC,1125750.000000000,2438.000000000,0.216566733,,,,,,,,,,EJRF
SYR,2024,,ADMIN,COVID19,NOT_COLLECTED,NOT_COLLECTED,PW,-4444.000000000,-4444.000000000,-4444.000000000,,,,,,,,,,EJRF
SYR,2024,,ADMIN,COVID19,NOT_COLLECTED,NOT_COLLECTED,POLICY_RECOMMENDATION_HCW,-4444.000000000,1940.000000000,-4444.000000000,,,,,,,,,,EJRF
SYR,2024,,ADMIN,COVID19,NOT_COLLECTED,NOT_COLLECTED,OTHER_GROUPS,,,,,,,,,,,,,EJRF
SYR,2024,,ADMIN,COVID19,NOT_COLLECTED,NOT_COLLECTED,TOTAL,18461.000000000,18461.000000000,100.000000000,,,,,,,,,,EJRF
SYR,2024,,ADMIN,COVID19,NOT_COLLECTED,NOT_COLLECTED,FEMALE,11690730.000000000,9500.000000000,0.081260965,,,,,,,,,,EJRF
SYR,2024,,ADMIN,COVID19,NOT_COLLECTED,NOT_COLLECTED,MALE,11232270.000000000,8961.000000000,0.079779065,,,,,,,,,,EJRF
SLV,2024,,ADMIN,COVID19,NOT_COLLECTED,NOT_COLLECTED,POLICY_RECOMMENDATION_ADULTS_CHRONIC,-2222.000000000,1539.000000000,-2222.000000000,,,,,,,,,,EJRF
SLV,2024,,ADMIN,COVID19,NOT_COLLECTED,NOT_COLLECTED,POLICY_RECOMMENDATION_HCW,31769.000000000,1550.000000000,4.878970065,,,,,,,,,,EJRF
SLV,2024,,ADMIN,COVID19,NOT_COLLECTED,NOT_COLLECTED,OTHER_GROUPS,-2222.000000000,-2222.000000000,,,,,,,,,,,EJRF
SLV,2024,,ADMIN,COVID19,NOT_COLLECTED,NOT_COLLECTED,POLICY_RECOMMENDATION_ELDERLY,837992.000000000,24560.000000000,2.930815569,,,,,,,,,,EJRF
SLV,2024,,ADMIN,COVID19,NOT_COLLECTED,NOT_COLLECTED,PW,75331.000000000,496.000000000,0.658427473,,,,,,,,,,EJRF
SLV,2024,,ADMIN,COVID19,NOT_COLLECTED,NOT_COLLECTED,TOTAL,6350969.000000000,28527.000000000,0.449175551,,,,,,,,,,EJRF
SLV,2024,,ADMIN,COVID19,NOT_COLLECTED,NOT_COLLECTED,FEMALE,-2222.000000000,15719.000000000,-2222.000000000,,,,,,,,,,EJRF
SLV,2024,,ADMIN,COVID19,NOT_COLLECTED,NOT_COLLECTED,MALE,-2222.000000000,12808.000000000,-2222.000000000,,,,,,,,,,EJRF
LTU,2024,,ADMIN,COVID19,NOT_COLLECTED,NOT_COLLECTED,POLICY_RECOMMENDATION_ELDERLY,,,,,,,,,,,,,EJRF
LTU,2024,,ADMIN,COVID19,NOT_COLLECTED,NOT_COLLECTED,POLICY_RECOMMENDATION_ADULTS_CHRONIC,,,,,,,,,,,,,EJRF
LTU,2024,,ADMIN,COVID19,NOT_COLLECTED,NOT_COLLECTED,PW,,,,,,,,,,,,,EJRF
LTU,2024,,ADMIN,COVID19,NOT_COLLECTED,NOT_COLLECTED,POLICY_RECOMMENDATION_HCW,,,,,,,,,,,,,EJRF
LTU,2024,,ADMIN,COVID19,NOT_COLLECTED,NOT_COLLECTED,OTHER_GROUPS,,,,,,,,,,,,,EJRF
LTU,2024,,ADMIN,COVID19,NOT_COLLECTED,NOT_COLLECTED,TOTAL,,,,,,,,,,,,,EJRF
MDG,2024,,ADMIN,COVID19,NOT_COLLECTED,NOT_COLLECTED,POLICY_RECOMMENDATION_ADULTS_CHRONIC,-4444.000000000,-4444.000000000,-4444.000000000,,,,,,,,,,EJRF
MDG,2024,,ADMIN,COVID19,NOT_COLLECTED,NOT_COLLECTED,POLICY_RECOMMENDATION_ELDERLY,-4444.000000000,-4444.000000000,-4444.000000000,,,,,,,,,,EJRF
MDG,2024,,ADMIN,COVID19,NOT_COLLECTED,NOT_COLLECTED,PW,-4444.000000000,-4444.000000000,-4444.000000000,,,,,,,,,,EJRF
MDG,2024,,ADMIN,COVID19,NOT_COLLECTED,NOT_COLLECTED,POLICY_RECOMMENDATION_HCW,-4444.000000000,-4444.000000000,-4444.000000000,,,,,,,,,,EJRF
MDG,2024,,ADMIN,COVID19,NOT_COLLECTED,NOT_COLLECTED,OTHER_GROUPS,-4444.000000000,-4444.000000000,-4444.000000000,,,,,,,,,,EJRF
MDG,2024,,ADMIN,COVID19,NOT_COLLECTED,NOT_COLLECTED,TOTAL,-4444.000000000,-4444.000000000,-4444.000000000,,,,,,,,,,EJRF
MDG,2024,,ADMIN,COVID19,NOT_COLLECTED,NOT_COLLECTED,FEMALE,-2222.000000000,-2222.000000000,-2222.000000000,,,,,,,,,,EJRF
MDG,2024,,ADMIN,COVID19,NOT_COLLECTED,NOT_COLLECTED,MALE,-2222.000000000,-2222.000000000,-2222.000000000,,,,,,,,,,EJRF
SVK,2024,,ADMIN,COVID19,NOT_COLLECTED,NOT_COLLECTED,POLICY_RECOMMENDATION_ADULTS_CHRONIC,-4444.000000000,-4444.000000000,-4444.000000000,,,,,,,,,,EJRF
SVK,2024,,ADMIN,COVID19,NOT_COLLECTED,NOT_COLLECTED,PW,-4444.000000000,-4444.000000000,-4444.000000000,,,,,,,,,,EJRF
SVK,2024,,ADMIN,COVID19,NOT_COLLECTED,NOT_COLLECTED,POLICY_RECOMMENDATION_HCW,-4444.000000000,-4444.000000000,-4444.000000000,,,,,,,,,,EJRF
SVK,2024,,ADMIN,COVID19,NOT_COLLECTED,NOT_COLLECTED,POLICY_RECOMMENDATION_ELDERLY,-4444.000000000,-4444.000000000,-4444.000000000,,,,,,,,,,EJRF
SVK,2024,,ADMIN,COVID19,NOT_COLLECTED,NOT_COLLECTED,OTHER_GROUPS,-4444.000000000,-4444.000000000,-4444.000000000,,,,,,,,,,EJRF
SVK,2024,,ADMIN,COVID19,NOT_COLLECTED,NOT_COLLECTED,TOTAL,-4444.000000000,-4444.000000000,-4444.000000000,,,,,,,,,,EJRF
VGB,2024,,ADMIN,COVID19,NOT_COLLECTED,NOT_COLLECTED,PW,-2222.000000000,-2222.000000000,-2222.000000000,,,,,,,,,,EJRF
VGB,2024,,ADMIN,COVID19,NOT_COLLECTED,NOT_COLLECTED,POLICY_RECOMMENDATION_HCW,645.000000000,0.000000000,-4444.000000000,,,,,,,,,,EJRF
VGB,2024,,ADMIN,COVID19,NOT_COLLECTED,NOT_COLLECTED,OTHER_GROUPS,,,,,,,,,,,,,EJRF
VGB,2024,,ADMIN,COVID19,NOT_COLLECTED,NOT_COLLECTED,TOTAL,-2222.000000000,-2222.000000000,-2222.000000000,,,,,,,,,,EJRF
VGB,2024,,ADMIN,COVID19,NOT_COLLECTED,NOT_COLLECTED,FEMALE,-2222.000000000,-2222.000000000,-2222.000000000,,,,,,,,,,EJRF
VGB,2024,,ADMIN,COVID19,NOT_COLLECTED,NOT_COLLECTED,MALE,-2222.000000000,0.000000000,-2222.000000000,,,,,,,,,,EJRF
VGB,2024,,ADMIN,COVID19,NOT_COLLECTED,NOT_COLLECTED,POLICY_RECOMMENDATION_ELDERLY,-4444.000000000,-2222.000000000,-2222.000000000,,,,,,,,,,EJRF
VGB,2024,,ADMIN,COVID19,NOT_COLLECTED,NOT_COLLECTED,POLICY_RECOMMENDATION_ADULTS_CHRONIC,-2222.000000000,0.000000000,-2222.000000000,,,,,,,,,,EJRF
BTN,2024,,ADMIN,COVID19,NOT_COLLECTED,NOT_COLLECTED,POLICY_RECOMMENDATION_ELDERLY,,,,,,,,,,,,,EJRF
BTN,2024,,ADMIN,COVID19,NOT_COLLECTED,NOT_COLLECTED,POLICY_RECOMMENDATION_ADULTS_CHRONIC,,,,,,,,,,,,,EJRF
BTN,2024,,ADMIN,COVID19,NOT_COLLECTED,NOT_COLLECTED,PW,,,,,,,,,,,,,EJRF
BTN,2024,,ADMIN,COVID19,NOT_COLLECTED,NOT_COLLECTED,POLICY_RECOMMENDATION_HCW,,,,,,,,,,,,,EJRF
BTN,2024,,ADMIN,COVID19,NOT_COLLECTED,NOT_COLLECTED,OTHER_GROUPS,,,,,,,,,,,,,EJRF
BTN,2024,,ADMIN,COVID19,NOT_COLLECTED,NOT_COLLECTED,TOTAL,,,,,,,,,,,,,EJRF
BTN,2024,,ADMIN,COVID19,NOT_COLLECTED,NOT_COLLECTED,FEMALE,,,,,,,,,,,,,EJRF
BTN,2024,,ADMIN,COVID19,NOT_COLLECTED,NOT_COLLECTED,MALE,,,,,,,,,,,,,EJRF
HKG,2024,,ADMIN,COVID19,NOT_COLLECTED,NOT_COLLECTED,OTHER_GROUPS,-4444.000000000,-4444.000000000,-4444.000000000,,,,,,,,,,EJRF
HKG,2024,,ADMIN,COVID19,NOT_COLLECTED,NOT_COLLECTED,TOTAL,-2222.000000000,198515.000000000,-2222.000000000,,,,,,,,,,EJRF
HKG,2024,,ADMIN,COVID19,NOT_COLLECTED,NOT_COLLECTED,FEMALE,-2222.000000000,97881.000000000,-2222.000000000,,,,,,,,,,EJRF
HKG,2024,,ADMIN,COVID19,NOT_COLLECTED,NOT_COLLECTED,POLICY_RECOMMENDATION_HCW,-2222.000000000,2288.000000000,-2222.000000000,,,,,,,,,,EJRF
HKG,2024,,ADMIN,COVID19,NOT_COLLECTED,NOT_COLLECTED,POLICY_RECOMMENDATION_ELDERLY,-2222.000000000,189963.000000000,-2222.000000000,,,,,,,,,,EJRF
HKG,2024,,ADMIN,COVID19,NOT_COLLECTED,NOT_COLLECTED,MALE,-2222.000000000,100634.000000000,-2222.000000000,,,,,,,,,,EJRF
HKG,2024,,ADMIN,COVID19,NOT_COLLECTED,NOT_COLLECTED,POLICY_RECOMMENDATION_ADULTS_CHRONIC,-2222.000000000,1682.000000000,-2222.000000000,,,,,,,,,,EJRF
HKG,2024,,ADMIN,COVID19,NOT_COLLECTED,NOT_COLLECTED,PW,-2222.000000000,199.000000000,-2222.000000000,,,,,,,,,,EJRF
CZE,2024,,ADMIN,COVID19,NOT_COLLECTED,NOT_COLLECTED,POLICY_RECOMMENDATION_ELDERLY,,,,,,,,,,,,,EJRF
CZE,2024,,ADMIN,COVID19,NOT_COLLECTED,NOT_COLLECTED,POLICY_RECOMMENDATION_ADULTS_CHRONIC,,,,,,,,,,,,,EJRF
CZE,2024,,ADMIN,COVID19,NOT_COLLECTED,NOT_COLLECTED,PW,,,,,,,,,,,,,EJRF
CZE,2024,,ADMIN,COVID19,NOT_COLLECTED,NOT_COLLECTED,POLICY_RECOMMENDATION_HCW,,,,,,,,,,,,,EJRF
CZE,2024,,ADMIN,COVID19,NOT_COLLECTED,NOT_COLLECTED,OTHER_GROUPS,,,,,,,,,,,,,EJRF
CZE,2024,,ADMIN,COVID19,NOT_COLLECTED,NOT_COLLECTED,TOTAL,,,,,,,,,,,,,EJRF
RUS,2024,,ADMIN,COVID19,NOT_COLLECTED,NOT_COLLECTED,POLICY_RECOMMENDATION_ELDERLY,-4444.000000000,-2222.000000000,-2222.000000000,,,,,,,,,,EJRF
RUS,2024,,ADMIN,COVID19,NOT_COLLECTED,NOT_COLLECTED,POLICY_RECOMMENDATION_ADULTS_CHRONIC,-4444.000000000,-2222.000000000,-2222.000000000,,,,,,,,,,EJRF
RUS,2024,,ADMIN,COVID19,NOT_COLLECTED,NOT_COLLECTED,PW,-4444.000000000,-2222.000000000,,,,,,,,,,,EJRF
RUS,2024,,ADMIN,COVID19,NOT_COLLECTED,NOT_COLLECTED,POLICY_RECOMMENDATION_HCW,-4444.000000000,-2222.000000000,,,,,,,,,,,EJRF
RUS,2024,,ADMIN,COVID19,NOT_COLLECTED,NOT_COLLECTED,OTHER_GROUPS,-4444.000000000,-2222.000000000,,,,,,,,,,,EJRF
RUS,2024,,ADMIN,COVID19,NOT_COLLECTED,NOT_COLLECTED,TOTAL,-2222.000000000,801224.000000000,-2222.000000000,,,,,,,,,,EJRF
BFA,2024,,ADMIN,COVID19,NOT_COLLECTED,NOT_COLLECTED,POLICY_RECOMMENDATION_ELDERLY,692463.000000000,1837.000000000,0.265284932,,,,,,,,,,EJRF
BFA,2024,,ADMIN,COVID19,NOT_COLLECTED,NOT_COLLECTED,POLICY_RECOMMENDATION_ADULTS_CHRONIC,-2222.000000000,344.000000000,-2222.000000000,,,,,,,,,,EJRF
BFA,2024,,ADMIN,COVID19,NOT_COLLECTED,NOT_COLLECTED,PW,-4444.000000000,-4444.000000000,-4444.000000000,,,,,,,,,,EJRF
BFA,2024,,ADMIN,COVID19,NOT_COLLECTED,NOT_COLLECTED,POLICY_RECOMMENDATION_HCW,29776.000000000,148.000000000,0.497044600,,,,,,,,,,EJRF
BFA,2024,,ADMIN,COVID19,NOT_COLLECTED,NOT_COLLECTED,OTHER_GROUPS,-4444.000000000,-4444.000000000,-4444.000000000,,,,,,,,,,EJRF
BFA,2024,,ADMIN,COVID19,NOT_COLLECTED,NOT_COLLECTED,TOTAL,-4444.000000000,-4444.000000000,-4444.000000000,,,,,,,,,,EJRF
BFA,2024,,ADMIN,COVID19,NOT_COLLECTED,NOT_COLLECTED,FEMALE,-4444.000000000,-4444.000000000,-4444.000000000,,,,,,,,,,EJRF
BFA,2024,,ADMIN,COVID19,NOT_COLLECTED,NOT_COLLECTED,MALE,-4444.000000000,-4444.000000000,-4444.000000000,,,,,,,,,,EJRF
CIV,2024,,ADMIN,COVID19,NOT_COLLECTED,NOT_COLLECTED,OTHER_GROUPS,-2222.000000000,8424.000000000,-2222.000000000,,,,,,,,,,EJRF
CIV,2024,,ADMIN,COVID19,NOT_COLLECTED,NOT_COLLECTED,TOTAL,-2222.000000000,8424.000000000,-2222.000000000,,,,,,,,,,EJRF
CIV,2024,,ADMIN,COVID19,NOT_COLLECTED,NOT_COLLECTED,FEMALE,-2222.000000000,115505.000000000,-2222.000000000,,,,,,,,,,EJRF
CIV,2024,,ADMIN,COVID19,NOT_COLLECTED,NOT_COLLECTED,MALE,-2222.000000000,96944.000000000,-2222.000000000,,,,,,,,,,EJRF
CIV,2024,,ADMIN,COVID19,NOT_COLLECTED,NOT_COLLECTED,POLICY_RECOMMENDATION_ELDERLY,17658932.000000000,90330.000000000,0.511525839,,,,,,,,,,EJRF
CIV,2024,,ADMIN,COVID19,NOT_COLLECTED,NOT_COLLECTED,POLICY_RECOMMENDATION_ADULTS_CHRONIC,482238.000000000,1113.000000000,0.230798900,,,,,,,,,,EJRF
CIV,2024,,ADMIN,COVID19,NOT_COLLECTED,NOT_COLLECTED,PW,1458001.000000000,15931.000000000,1.092660430,,,,,,,,,,EJRF
CIV,2024,,ADMIN,COVID19,NOT_COLLECTED,NOT_COLLECTED,POLICY_RECOMMENDATION_HCW,-2222.000000000,19.000000000,-2222.000000000,,,,,,,,,,EJRF
SAU,2024,,ADMIN,COVID19,NOT_COLLECTED,NOT_COLLECTED,OTHER_GROUPS,-2222.000000000,2145.000000000,-2222.000000000,,,,,,,,,,EJRF
SAU,2024,,ADMIN,COVID19,NOT_COLLECTED,NOT_COLLECTED,TOTAL,22091634.000000000,270758.000000000,1.225613280,,,,,,,,,,EJRF
SAU,2024,,ADMIN,COVID19,NOT_COLLECTED,NOT_COLLECTED,FEMALE,-2222.000000000,89348.000000000,-2222.000000000,,,,,,,,,,EJRF
SAU,2024,,ADMIN,COVID19,NOT_COLLECTED,NOT_COLLECTED,MALE,-2222.000000000,181410.000000000,-2222.000000000,,,,,,,,,,EJRF
SAU,2024,,ADMIN,COVID19,NOT_COLLECTED,NOT_COLLECTED,POLICY_RECOMMENDATION_ELDERLY,2992534.000000000,223878.000000000,7.481218259,,,,,,,,,,EJRF
SAU,2024,,ADMIN,COVID19,NOT_COLLECTED,NOT_COLLECTED,POLICY_RECOMMENDATION_ADULTS_CHRONIC,-2222.000000000,7510.000000000,-2222.000000000,,,,,,,,,,EJRF
SAU,2024,,ADMIN,COVID19,NOT_COLLECTED,NOT_COLLECTED,PW,198524.000000000,176.000000000,0.088654269,,,,,,,,,,EJRF
SAU,2024,,ADMIN,COVID19,NOT_COLLECTED,NOT_COLLECTED,POLICY_RECOMMENDATION_HCW,373456.000000000,37049.000000000,9.920579667,,,,,,,,,,EJRF
ESP,2024,,ADMIN,COVID19,NOT_COLLECTED,NOT_COLLECTED,POLICY_RECOMMENDATION_ELDERLY,,,,,,,,,,,,,EJRF
ESP,2024,,ADMIN,COVID19,NOT_COLLECTED,NOT_COLLECTED,POLICY_RECOMMENDATION_ADULTS_CHRONIC,,,,,,,,,,,,,EJRF
ESP,2024,,ADMIN,COVID19,NOT_COLLECTED,NOT_COLLECTED,PW,,,,,,,,,,,,,EJRF
ESP,2024,,ADMIN,COVID19,NOT_COLLECTED,NOT_COLLECTED,POLICY_RECOMMENDATION_HCW,,,,,,,,,,,,,EJRF
ESP,2024,,ADMIN,COVID19,NOT_COLLECTED,NOT_COLLECTED,OTHER_GROUPS,,,,,,,,,,,,,EJRF
ESP,2024,,ADMIN,COVID19,NOT_COLLECTED,NOT_COLLECTED,TOTAL,,,,,,,,,,,,,EJRF
BHR,2024,,ADMIN,COVID19,NOT_COLLECTED,NOT_COLLECTED,POLICY_RECOMMENDATION_ELDERLY,230961.000000000,227.000000000,0.098284992,,,,,,,,,,EJRF
BHR,2024,,ADMIN,COVID19,NOT_COLLECTED,NOT_COLLECTED,POLICY_RECOMMENDATION_ADULTS_CHRONIC,916485.000000000,86.000000000,0.009383678,,,,,,,,,,EJRF
BHR,2024,,ADMIN,COVID19,NOT_COLLECTED,NOT_COLLECTED,PW,,0.000000000,,,,,,,,,,,EJRF
BHR,2024,,ADMIN,COVID19,NOT_COLLECTED,NOT_COLLECTED,POLICY_RECOMMENDATION_HCW,,49.000000000,,,,,,,,,,,EJRF
BHR,2024,,ADMIN,COVID19,NOT_COLLECTED,NOT_COLLECTED,OTHER_GROUPS,,,,,,,,,,,,,EJRF
BHR,2024,,ADMIN,COVID19,NOT_COLLECTED,NOT_COLLECTED,TOTAL,-2222.000000000,416.000000000,,,,,,,,,,,EJRF
BHR,2024,,ADMIN,COVID19,NOT_COLLECTED,NOT_COLLECTED,FEMALE,-2222.000000000,160.000000000,,,,,,,,,,,EJRF
BHR,2024,,ADMIN,COVID19,NOT_COLLECTED,NOT_COLLECTED,MALE,-2222.000000000,256.000000000,,,,,,,,,,,EJRF
CUB,2024,,ADMIN,COVID19,NOT_COLLECTED,NOT_COLLECTED,POLICY_RECOMMENDATION_ADULTS_CHRONIC,-2222.000000000,-2222.000000000,-2222.000000000,,,,,,,,,,EJRF
CUB,2024,,ADMIN,COVID19,NOT_COLLECTED,NOT_COLLECTED,PW,-2222.000000000,-2222.000000000,,,,,,,,,,,EJRF
CUB,2024,,ADMIN,COVID19,NOT_COLLECTED,NOT_COLLECTED,POLICY_RECOMMENDATION_HCW,-2222.000000000,-2222.000000000,-2222.000000000,,,,,,,,,,EJRF
CUB,2024,,ADMIN,COVID19,NOT_COLLECTED,NOT_COLLECTED,OTHER_GROUPS,-2222.000000000,-2222.000000000,-2222.000000000,,,,,,,,,,EJRF
CUB,2024,,ADMIN,COVID19,NOT_COLLECTED,NOT_COLLECTED,TOTAL,-2222.000000000,-2222.000000000,-2222.000000000,,,,,,,,,,EJRF
CUB,2024,,ADMIN,COVID19,NOT_COLLECTED,NOT_COLLECTED,FEMALE,-2222.000000000,-2222.000000000,-2222.000000000,,,,,,,,,,EJRF
CUB,2024,,ADMIN,COVID19,NOT_COLLECTED,NOT_COLLECTED,MALE,-2222.000000000,-2222.000000000,-2222.000000000,,,,,,,,,,EJRF
CUB,2024,,ADMIN,COVID19,NOT_COLLECTED,NOT_COLLECTED,POLICY_RECOMMENDATION_ELDERLY,-2222.000000000,-2222.000000000,-2222.000000000,,,,,,,,,,EJRF
DNK,2024,,ADMIN,COVID19,NOT_COLLECTED,NOT_COLLECTED,POLICY_RECOMMENDATION_ELDERLY,1211398.000000000,907231.000000000,74.891241359,,,,,,,,,,EJRF
DNK,2024,,ADMIN,COVID19,NOT_COLLECTED,NOT_COLLECTED,POLICY_RECOMMENDATION_ADULTS_CHRONIC,-2222.000000000,-2222.000000000,-2222.000000000,,,,,,,,,,EJRF
DNK,2024,,ADMIN,COVID19,NOT_COLLECTED,NOT_COLLECTED,PW,49531.000000000,7573.000000000,15.289414710,,,,,,,,,,EJRF
DNK,2024,,ADMIN,COVID19,NOT_COLLECTED,NOT_COLLECTED,POLICY_RECOMMENDATION_HCW,,,,,,,,,,,,,EJRF
DNK,2024,,ADMIN,COVID19,NOT_COLLECTED,NOT_COLLECTED,OTHER_GROUPS,40888.000000000,34702.000000000,84.870866758,,,,,,,,,,EJRF
DNK,2024,,ADMIN,COVID19,NOT_COLLECTED,NOT_COLLECTED,TOTAL,-2222.000000000,-2222.000000000,-2222.000000000,,,,,,,,,,EJRF
DMA,2024,,ADMIN,COVID19,NOT_COLLECTED,NOT_COLLECTED,PW,-2222.000000000,-2222.000000000,-2222.000000000,,,,,,,,,,EJRF
DMA,2024,,ADMIN,COVID19,NOT_COLLECTED,NOT_COLLECTED,POLICY_RECOMMENDATION_HCW,-2222.000000000,-2222.000000000,-2222.000000000,,,,,,,,,,EJRF
DMA,2024,,ADMIN,COVID19,NOT_COLLECTED,NOT_COLLECTED,OTHER_GROUPS,-2222.000000000,-2222.000000000,-2222.000000000,,,,,,,,,,EJRF
DMA,2024,,ADMIN,COVID19,NOT_COLLECTED,NOT_COLLECTED,TOTAL,-2222.000000000,-2222.000000000,-2222.000000000,,,,,,,,,,EJRF
DMA,2024,,ADMIN,COVID19,NOT_COLLECTED,NOT_COLLECTED,FEMALE,-2222.000000000,-2222.000000000,-2222.000000000,,,,,,,,,,EJRF
DMA,2024,,ADMIN,COVID19,NOT_COLLECTED,NOT_COLLECTED,MALE,-2222.000000000,-2222.000000000,-2222.000000000,,,,,,,,,,EJRF
DMA,2024,,ADMIN,COVID19,NOT_COLLECTED,NOT_COLLECTED,POLICY_RECOMMENDATION_ELDERLY,-2222.000000000,-2222.000000000,-2222.000000000,,,,,,,,,,EJRF
DMA,2024,,ADMIN,COVID19,NOT_COLLECTED,NOT_COLLECTED,POLICY_RECOMMENDATION_ADULTS_CHRONIC,-2222.000000000,-2222.000000000,-2222.000000000,,,,,,,,,,EJRF
IRQ,2024,,ADMIN,COVID19,NOT_COLLECTED,NOT_COLLECTED,POLICY_RECOMMENDATION_ELDERLY,-2222.000000000,-2222.000000000,-2222.000000000,,,,,,,,,,EJRF
IRQ,2024,,ADMIN,COVID19,NOT_COLLECTED,NOT_COLLECTED,POLICY_RECOMMENDATION_ADULTS_CHRONIC,-2222.000000000,-2222.000000000,-2222.000000000,,,,,,,,,,EJRF
IRQ,2024,,ADMIN,COVID19,NOT_COLLECTED,NOT_COLLECTED,PW,-2222.000000000,-2222.000000000,-2222.000000000,,,,,,,,,,EJRF
IRQ,2024,,ADMIN,COVID19,NOT_COLLECTED,NOT_COLLECTED,POLICY_RECOMMENDATION_HCW,-2222.000000000,-2222.000000000,-2222.000000000,,,,,,,,,,EJRF
IRQ,2024,,ADMIN,COVID19,NOT_COLLECTED,NOT_COLLECTED,OTHER_GROUPS,,,,,,,,,,,,,EJRF
IRQ,2024,,ADMIN,COVID19,NOT_COLLECTED,NOT_COLLECTED,TOTAL,-2222.000000000,-2222.000000000,-2222.000000000,,,,,,,,,,EJRF
IRQ,2024,,ADMIN,COVID19,NOT_COLLECTED,NOT_COLLECTED,FEMALE,-2222.000000000,-2222.000000000,-2222.000000000,,,,,,,,,,EJRF
IRQ,2024,,ADMIN,COVID19,NOT_COLLECTED,NOT_COLLECTED,MALE,-2222.000000000,-2222.000000000,-2222.000000000,,,,,,,,,,EJRF
JOR,2024,,ADMIN,COVID19,NOT_COLLECTED,NOT_COLLECTED,POLICY_RECOMMENDATION_ELDERLY,,,,,,,,,,,,,EJRF
JOR,2024,,ADMIN,COVID19,NOT_COLLECTED,NOT_COLLECTED,POLICY_RECOMMENDATION_ADULTS_CHRONIC,,,,,,,,,,,,,EJRF
JOR,2024,,ADMIN,COVID19,NOT_COLLECTED,NOT_COLLECTED,PW,,,,,,,,,,,,,EJRF
JOR,2024,,ADMIN,COVID19,NOT_COLLECTED,NOT_COLLECTED,POLICY_RECOMMENDATION_HCW,,,,,,,,,,,,,EJRF
JOR,2024,,ADMIN,COVID19,NOT_COLLECTED,NOT_COLLECTED,OTHER_GROUPS,,,,,,,,,,,,,EJRF
JOR,2024,,ADMIN,COVID19,NOT_COLLECTED,NOT_COLLECTED,TOTAL,,,,,,,,,,,,,EJRF
JOR,2024,,ADMIN,COVID19,NOT_COLLECTED,NOT_COLLECTED,FEMALE,,,,,,,,,,,,,EJRF
JOR,2024,,ADMIN,COVID19,NOT_COLLECTED,NOT_COLLECTED,MALE,,,,,,,,,,,,,EJRF
SSD,2024,,ADMIN,COVID19,NOT_COLLECTED,NOT_COLLECTED,POLICY_RECOMMENDATION_ELDERLY,,,,,,,,,,,,,EJRF
SSD,2024,,ADMIN,COVID19,NOT_COLLECTED,NOT_COLLECTED,POLICY_RECOMMENDATION_HCW,,,,,,,,,,,,,EJRF
SSD,2024,,ADMIN,COVID19,NOT_COLLECTED,NOT_COLLECTED,POLICY_RECOMMENDATION_ADULTS_CHRONIC,,,,,,,,,,,,,EJRF
SSD,2024,,ADMIN,COVID19,NOT_COLLECTED,NOT_COLLECTED,PW,,,,,,,,,,,,,EJRF
SSD,2024,,ADMIN,COVID19,NOT_COLLECTED,NOT_COLLECTED,OTHER_GROUPS,,,,,,,,,,,,,EJRF
SSD,2024,,ADMIN,COVID19,NOT_COLLECTED,NOT_COLLECTED,TOTAL,,,,,,,,,,,,,EJRF
SSD,2024,,ADMIN,COVID19,NOT_COLLECTED,NOT_COLLECTED,FEMALE,,,,,,,,,,,,,EJRF
SSD,2024,,ADMIN,COVID19,NOT_COLLECTED,NOT_COLLECTED,MALE,,,,,,,,,,,,,EJRF
TKM,2024,,ADMIN,COVID19,NOT_COLLECTED,NOT_COLLECTED,POLICY_RECOMMENDATION_ADULTS_CHRONIC,,,,,,,,,,,,,EJRF
TKM,2024,,ADMIN,COVID19,NOT_COLLECTED,NOT_COLLECTED,PW,,,,,,,,,,,,,EJRF
TKM,2024,,ADMIN,COVID19,NOT_COLLECTED,NOT_COLLECTED,POLICY_RECOMMENDATION_HCW,,,,,,,,,,,,,EJRF
TKM,2024,,ADMIN,COVID19,NOT_COLLECTED,NOT_COLLECTED,OTHER_GROUPS,,,,,,,,,,,,,EJRF
TKM,2024,,ADMIN,COVID19,NOT_COLLECTED,NOT_COLLECTED,TOTAL,,,,,,,,,,,,,EJRF
TKM,2024,,ADMIN,COVID19,NOT_COLLECTED,NOT_COLLECTED,POLICY_RECOMMENDATION_ELDERLY,,,,,,,,,,,,,EJRF
TUV,2024,,ADMIN,COVID19,NOT_COLLECTED,NOT_COLLECTED,POLICY_RECOMMENDATION_ADULTS_CHRONIC,-4444.000000000,-4444.000000000,-4444.000000000,,,,,,,,,,EJRF
TUV,2024,,ADMIN,COVID19,NOT_COLLECTED,NOT_COLLECTED,PW,-4444.000000000,-4444.000000000,-4444.000000000,,,,,,,,,,EJRF
TUV,2024,,ADMIN,COVID19,NOT_COLLECTED,NOT_COLLECTED,POLICY_RECOMMENDATION_HCW,-4444.000000000,-4444.000000000,-4444.000000000,,,,,,,,,,EJRF
TUV,2024,,ADMIN,COVID19,NOT_COLLECTED,NOT_COLLECTED,OTHER_GROUPS,-4444.000000000,-4444.000000000,-4444.000000000,,,,,,,,,,EJRF
TUV,2024,,ADMIN,COVID19,NOT_COLLECTED,NOT_COLLECTED,TOTAL,-4444.000000000,-4444.000000000,-4444.000000000,,,,,,,,,,EJRF
TUV,2024,,ADMIN,COVID19,NOT_COLLECTED,NOT_COLLECTED,FEMALE,-4444.000000000,-4444.000000000,-4444.000000000,,,,,,,,,,EJRF
TUV,2024,,ADMIN,COVID19,NOT_COLLECTED,NOT_COLLECTED,MALE,-4444.000000000,-4444.000000000,-4444.000000000,,,,,,,,,,EJRF
TUV,2024,,ADMIN,COVID19,NOT_COLLECTED,NOT_COLLECTED,POLICY_RECOMMENDATION_ELDERLY,-2222.000000000,-2222.000000000,-2222.000000000,,,,,,,,,,EJRF
PSE,2024,,ADMIN,COVID19,NOT_COLLECTED,NOT_COLLECTED,POLICY_RECOMMENDATION_ADULTS_CHRONIC,,,,,,,,,,,,,EJRF
PSE,2024,,ADMIN,COVID19,NOT_COLLECTED,NOT_COLLECTED,PW,,,,,,,,,,,,,EJRF
PSE,2024,,ADMIN,COVID19,NOT_COLLECTED,NOT_COLLECTED,POLICY_RECOMMENDATION_HCW,,,,,,,,,,,,,EJRF
PSE,2024,,ADMIN,COVID19,NOT_COLLECTED,NOT_COLLECTED,OTHER_GROUPS,,,,,,,,,,,,,EJRF
PSE,2024,,ADMIN,COVID19,NOT_COLLECTED,NOT_COLLECTED,TOTAL,,,,,,,,,,,,,EJRF
PSE,2024,,ADMIN,COVID19,NOT_COLLECTED,NOT_COLLECTED,FEMALE,,,,,,,,,,,,,EJRF
PSE,2024,,ADMIN,COVID19,NOT_COLLECTED,NOT_COLLECTED,MALE,,,,,,,,,,,,,EJRF
PSE,2024,,ADMIN,COVID19,NOT_COLLECTED,NOT_COLLECTED,POLICY_RECOMMENDATION_ELDERLY,,,,,,,,,,,,,EJRF
ALB,2024,,ADMIN,COVID19,NOT_COLLECTED,NOT_COLLECTED,POLICY_RECOMMENDATION_ADULTS_CHRONIC,473652.000000000,209.000000000,0.044125223,,,,,,,,,,EJRF
ALB,2024,,ADMIN,COVID19,NOT_COLLECTED,NOT_COLLECTED,PW,22000.000000000,22.000000000,0.100000000,,,,,,,,,,EJRF
ALB,2024,,ADMIN,COVID19,NOT_COLLECTED,NOT_COLLECTED,POLICY_RECOMMENDATION_HCW,28000.000000000,184.000000000,0.657142857,,,,,,,,,,EJRF
ALB,2024,,ADMIN,COVID19,NOT_COLLECTED,NOT_COLLECTED,POLICY_RECOMMENDATION_ELDERLY,454496.000000000,1584.000000000,0.348517919,,,,,,,,,,EJRF
ALB,2024,,ADMIN,COVID19,NOT_COLLECTED,NOT_COLLECTED,OTHER_GROUPS,,,,,,,,,,,,,EJRF
ALB,2024,,ADMIN,COVID19,NOT_COLLECTED,NOT_COLLECTED,TOTAL,2402113.000000000,3839.000000000,,,,,,,,,,,EJRF
DZA,2024,,ADMIN,COVID19,NOT_COLLECTED,NOT_COLLECTED,POLICY_RECOMMENDATION_ADULTS_CHRONIC,,,,,,,,,,,,,EJRF
DZA,2024,,ADMIN,COVID19,NOT_COLLECTED,NOT_COLLECTED,PW,,,,,,,,,,,,,EJRF
DZA,2024,,ADMIN,COVID19,NOT_COLLECTED,NOT_COLLECTED,POLICY_RECOMMENDATION_HCW,,,,,,,,,,,,,EJRF
DZA,2024,,ADMIN,COVID19,NOT_COLLECTED,NOT_COLLECTED,OTHER_GROUPS,,,,,,,,,,,,,EJRF
DZA,2024,,ADMIN,COVID19,NOT_COLLECTED,NOT_COLLECTED,TOTAL,,,,,,,,,,,,,EJRF
DZA,2024,,ADMIN,COVID19,NOT_COLLECTED,NOT_COLLECTED,FEMALE,,,,,,,,,,,,,EJRF
DZA,2024,,ADMIN,COVID19,NOT_COLLECTED,NOT_COLLECTED,MALE,,,,,,,,,,,,,EJRF
DZA,2024,,ADMIN,COVID19,NOT_COLLECTED,NOT_COLLECTED,POLICY_RECOMMENDATION_ELDERLY,,,,,,,,,,,,,EJRF
BEL,2024,,ADMIN,COVID19,NOT_COLLECTED,NOT_COLLECTED,POLICY_RECOMMENDATION_ELDERLY,,,,,,,,,,,,,EJRF
BEL,2024,,ADMIN,COVID19,NOT_COLLECTED,NOT_COLLECTED,POLICY_RECOMMENDATION_ADULTS_CHRONIC,,,,,,,,,,,,,EJRF
BEL,2024,,ADMIN,COVID19,NOT_COLLECTED,NOT_COLLECTED,PW,,,,,,,,,,,,,EJRF
BEL,2024,,ADMIN,COVID19,NOT_COLLECTED,NOT_COLLECTED,POLICY_RECOMMENDATION_HCW,,,,,,,,,,,,,EJRF
BEL,2024,,ADMIN,COVID19,NOT_COLLECTED,NOT_COLLECTED,OTHER_GROUPS,,,,,,,,,,,,,EJRF
BEL,2024,,ADMIN,COVID19,NOT_COLLECTED,NOT_COLLECTED,TOTAL,,,,,,,,,,,,,EJRF
MAC,2024,,ADMIN,COVID19,NOT_COLLECTED,NOT_COLLECTED,POLICY_RECOMMENDATION_ELDERLY,148000.000000000,15096.000000000,10.200000000,,,,,,,,,,EJRF
MAC,2024,,ADMIN,COVID19,NOT_COLLECTED,NOT_COLLECTED,POLICY_RECOMMENDATION_ADULTS_CHRONIC,-2222.000000000,-2222.000000000,-2222.000000000,,,,,,,,,,EJRF
MAC,2024,,ADMIN,COVID19,NOT_COLLECTED,NOT_COLLECTED,PW,3697.000000000,-2222.000000000,-2222.000000000,,,,,,,,,,EJRF
MAC,2024,,ADMIN,COVID19,NOT_COLLECTED,NOT_COLLECTED,POLICY_RECOMMENDATION_HCW,9510.000000000,239.000000000,2.513144059,,,,,,,,,,EJRF
MAC,2024,,ADMIN,COVID19,NOT_COLLECTED,NOT_COLLECTED,OTHER_GROUPS,-4444.000000000,-4444.000000000,-4444.000000000,,,,,,,,,,EJRF
MAC,2024,,ADMIN,COVID19,NOT_COLLECTED,NOT_COLLECTED,TOTAL,688300.000000000,19946.000000000,2.897864303,,,,,,,,,,EJRF
MAC,2024,,ADMIN,COVID19,NOT_COLLECTED,NOT_COLLECTED,FEMALE,369600.000000000,9530.000000000,2.578463204,,,,,,,,,,EJRF
MAC,2024,,ADMIN,COVID19,NOT_COLLECTED,NOT_COLLECTED,MALE,318700.000000000,10416.000000000,3.268277377,,,,,,,,,,EJRF
COG,2024,,ADMIN,COVID19,NOT_COLLECTED,NOT_COLLECTED,POLICY_RECOMMENDATION_ELDERLY,,,,,,,,,,,,,EJRF
COG,2024,,ADMIN,COVID19,NOT_COLLECTED,NOT_COLLECTED,POLICY_RECOMMENDATION_ADULTS_CHRONIC,-2222.000000000,-2222.000000000,-2222.000000000,,,,,,,,,,EJRF
COG,2024,,ADMIN,COVID19,NOT_COLLECTED,NOT_COLLECTED,PW,-2222.000000000,-2222.000000000,-2222.000000000,,,,,,,,,,EJRF
COG,2024,,ADMIN,COVID19,NOT_COLLECTED,NOT_COLLECTED,POLICY_RECOMMENDATION_HCW,-2222.000000000,-2222.000000000,-2222.000000000,,,,,,,,,,EJRF
COG,2024,,ADMIN,COVID19,NOT_COLLECTED,NOT_COLLECTED,OTHER_GROUPS,-4444.000000000,-4444.000000000,-4444.000000000,,,,,,,,,,EJRF
COG,2024,,ADMIN,COVID19,NOT_COLLECTED,NOT_COLLECTED,TOTAL,667290.000000000,-4444.000000000,11.540000000,,,,,,,,,,EJRF
COG,2024,,ADMIN,COVID19,NOT_COLLECTED,NOT_COLLECTED,FEMALE,667290.000000000,227674.000000000,34.119198549,,,,,,,,,,EJRF
COG,2024,,ADMIN,COVID19,NOT_COLLECTED,NOT_COLLECTED,MALE,667290.000000000,439616.000000000,65.880801451,,,,,,,,,,EJRF
DJI,2024,,ADMIN,COVID19,NOT_COLLECTED,NOT_COLLECTED,PW,,,,,,,,,,,,,EJRF
DJI,2024,,ADMIN,COVID19,NOT_COLLECTED,NOT_COLLECTED,POLICY_RECOMMENDATION_HCW,,,,,,,,,,,,,EJRF
DJI,2024,,ADMIN,COVID19,NOT_COLLECTED,NOT_COLLECTED,OTHER_GROUPS,,,,,,,,,,,,,EJRF
DJI,2024,,ADMIN,COVID19,NOT_COLLECTED,NOT_COLLECTED,TOTAL,-4444.000000000,-4444.000000000,-4444.000000000,,,,,,,,,,EJRF
DJI,2024,,ADMIN,COVID19,NOT_COLLECTED,NOT_COLLECTED,FEMALE,-4444.000000000,-4444.000000000,-4444.000000000,,,,,,,,,,EJRF
DJI,2024,,ADMIN,COVID19,NOT_COLLECTED,NOT_COLLECTED,MALE,-4444.000000000,-4444.000000000,-4444.000000000,,,,,,,,,,EJRF
DJI,2024,,ADMIN,COVID19,NOT_COLLECTED,NOT_COLLECTED,POLICY_RECOMMENDATION_ELDERLY,-4444.000000000,-4444.000000000,-4444.000000000,,,,,,,,,,EJRF
DJI,2024,,ADMIN,COVID19,NOT_COLLECTED,NOT_COLLECTED,POLICY_RECOMMENDATION_ADULTS_CHRONIC,,,,,,,,,,,,,EJRF
GNB,2024,,ADMIN,COVID19,NOT_COLLECTED,NOT_COLLECTED,POLICY_RECOMMENDATION_HCW,-4444.000000000,-4444.000000000,-4444.000000000,,,,,,,,,,EJRF
GNB,2024,,ADMIN,COVID19,NOT_COLLECTED,NOT_COLLECTED,OTHER_GROUPS,-4444.000000000,-4444.000000000,-4444.000000000,,,,,,,,,,EJRF
GNB,2024,,ADMIN,COVID19,NOT_COLLECTED,NOT_COLLECTED,TOTAL,-4444.000000000,-4444.000000000,-4444.000000000,,,,,,,,,,EJRF
GNB,2024,,ADMIN,COVID19,NOT_COLLECTED,NOT_COLLECTED,FEMALE,-4444.000000000,-4444.000000000,-4444.000000000,,,,,,,,,,EJRF
GNB,2024,,ADMIN,COVID19,NOT_COLLECTED,NOT_COLLECTED,MALE,-4444.000000000,-4444.000000000,-4444.000000000,,,,,,,,,,EJRF
GNB,2024,,ADMIN,COVID19,NOT_COLLECTED,NOT_COLLECTED,POLICY_RECOMMENDATION_ELDERLY,-2222.000000000,-2222.000000000,-4444.000000000,,,,,,,,,,EJRF
GNB,2024,,ADMIN,COVID19,NOT_COLLECTED,NOT_COLLECTED,POLICY_RECOMMENDATION_ADULTS_CHRONIC,-4444.000000000,-4444.000000000,-4444.000000000,,,,,,,,,,EJRF
GNB,2024,,ADMIN,COVID19,NOT_COLLECTED,NOT_COLLECTED,PW,-4444.000000000,-4444.000000000,-4444.000000000,,,,,,,,,,EJRF
GUY,2024,,ADMIN,COVID19,NOT_COLLECTED,NOT_COLLECTED,PW,,,,,,,,,,,,,EJRF
GUY,2024,,ADMIN,COVID19,NOT_COLLECTED,NOT_COLLECTED,POLICY_RECOMMENDATION_HCW,,,,,,,,,,,,,EJRF
GUY,2024,,ADMIN,COVID19,NOT_COLLECTED,NOT_COLLECTED,OTHER_GROUPS,,,,,,,,,,,,,EJRF
GUY,2024,,ADMIN,COVID19,NOT_COLLECTED,NOT_COLLECTED,TOTAL,,,,,,,,,,,,,EJRF
GUY,2024,,ADMIN,COVID19,NOT_COLLECTED,NOT_COLLECTED,FEMALE,,,,,,,,,,,,,EJRF
GUY,2024,,ADMIN,COVID19,NOT_COLLECTED,NOT_COLLECTED,MALE,,,,,,,,,,,,,EJRF
GUY,2024,,ADMIN,COVID19,NOT_COLLECTED,NOT_COLLECTED,POLICY_RECOMMENDATION_ELDERLY,,,,,,,,,,,,,EJRF
GUY,2024,,ADMIN,COVID19,NOT_COLLECTED,NOT_COLLECTED,POLICY_RECOMMENDATION_ADULTS_CHRONIC,,,,,,,,,,,,,EJRF
HTI,2024,,ADMIN,COVID19,NOT_COLLECTED,NOT_COLLECTED,OTHER_GROUPS,,,,,,,,,,,,,EJRF
HTI,2024,,ADMIN,COVID19,NOT_COLLECTED,NOT_COLLECTED,TOTAL,,,,,,,,,,,,,EJRF
HTI,2024,,ADMIN,COVID19,NOT_COLLECTED,NOT_COLLECTED,FEMALE,,,,,,,,,,,,,EJRF
HTI,2024,,ADMIN,COVID19,NOT_COLLECTED,NOT_COLLECTED,MALE,,,,,,,,,,,,,EJRF
HTI,2024,,ADMIN,COVID19,NOT_COLLECTED,NOT_COLLECTED,POLICY_RECOMMENDATION_ELDERLY,,,,,,,,,,,,,EJRF
HTI,2024,,ADMIN,COVID19,NOT_COLLECTED,NOT_COLLECTED,POLICY_RECOMMENDATION_ADULTS_CHRONIC,,,,,,,,,,,,,EJRF
HTI,2024,,ADMIN,COVID19,NOT_COLLECTED,NOT_COLLECTED,PW,,,,,,,,,,,,,EJRF
HTI,2024,,ADMIN,COVID19,NOT_COLLECTED,NOT_COLLECTED,POLICY_RECOMMENDATION_HCW,,,,,,,,,,,,,EJRF
ISL,2024,,ADMIN,COVID19,NOT_COLLECTED,NOT_COLLECTED,POLICY_RECOMMENDATION_ELDERLY,87535.000000000,23968.000000000,27.381047581,,,,,,,,,,EJRF
ISL,2024,,ADMIN,COVID19,NOT_COLLECTED,NOT_COLLECTED,POLICY_RECOMMENDATION_ADULTS_CHRONIC,-2222.000000000,-2222.000000000,-2222.000000000,,,,,,,,,,EJRF
ISL,2024,,ADMIN,COVID19,NOT_COLLECTED,NOT_COLLECTED,PW,-2222.000000000,-2222.000000000,-2222.000000000,,,,,,,,,,EJRF
ISL,2024,,ADMIN,COVID19,NOT_COLLECTED,NOT_COLLECTED,POLICY_RECOMMENDATION_HCW,-2222.000000000,-2222.000000000,-2222.000000000,,,,,,,,,,EJRF
ISL,2024,,ADMIN,COVID19,NOT_COLLECTED,NOT_COLLECTED,OTHER_GROUPS,,,,,,,,,,,,,EJRF
ISL,2024,,ADMIN,COVID19,NOT_COLLECTED,NOT_COLLECTED,TOTAL,389444.000000000,27306.000000000,7.011534393,,,,,,,,,,EJRF
LBN,2024,,ADMIN,COVID19,NOT_COLLECTED,NOT_COLLECTED,MALE,-2222.000000000,-2222.000000000,-2222.000000000,,,,,,,,,,EJRF
LBN,2024,,ADMIN,COVID19,NOT_COLLECTED,NOT_COLLECTED,POLICY_RECOMMENDATION_ELDERLY,-4444.000000000,-4444.000000000,-4444.000000000,,,,,,,,,,EJRF
LBN,2024,,ADMIN,COVID19,NOT_COLLECTED,NOT_COLLECTED,POLICY_RECOMMENDATION_ADULTS_CHRONIC,-4444.000000000,-4444.000000000,-4444.000000000,,,,,,,,,,EJRF
LBN,2024,,ADMIN,COVID19,NOT_COLLECTED,NOT_COLLECTED,PW,-4444.000000000,-4444.000000000,-4444.000000000,,,,,,,,,,EJRF
LBN,2024,,ADMIN,COVID19,NOT_COLLECTED,NOT_COLLECTED,POLICY_RECOMMENDATION_HCW,-4444.000000000,-4444.000000000,-4444.000000000,,,,,,,,,,EJRF
LBN,2024,,ADMIN,COVID19,NOT_COLLECTED,NOT_COLLECTED,OTHER_GROUPS,-4444.000000000,-4444.000000000,-4444.000000000,,,,,,,,,,EJRF
LBN,2024,,ADMIN,COVID19,NOT_COLLECTED,NOT_COLLECTED,TOTAL,-2222.000000000,-2222.000000000,-2222.000000000,,,,,,,,,,EJRF
LBN,2024,,ADMIN,COVID19,NOT_COLLECTED,NOT_COLLECTED,FEMALE,-2222.000000000,-2222.000000000,-2222.000000000,,,,,,,,,,EJRF
FSM,2024,,ADMIN,COVID19,NOT_COLLECTED,NOT_COLLECTED,PW,,,,,,,,,,,,,EJRF
FSM,2024,,ADMIN,COVID19,NOT_COLLECTED,NOT_COLLECTED,POLICY_RECOMMENDATION_HCW,,,,,,,,,,,,,EJRF
FSM,2024,,ADMIN,COVID19,NOT_COLLECTED,NOT_COLLECTED,OTHER_GROUPS,,,,,,,,,,,,,EJRF
FSM,2024,,ADMIN,COVID19,NOT_COLLECTED,NOT_COLLECTED,TOTAL,,,,,,,,,,,,,EJRF
FSM,2024,,ADMIN,COVID19,NOT_COLLECTED,NOT_COLLECTED,FEMALE,,,,,,,,,,,,,EJRF
FSM,2024,,ADMIN,COVID19,NOT_COLLECTED,NOT_COLLECTED,MALE,,,,,,,,,,,,,EJRF
FSM,2024,,ADMIN,COVID19,NOT_COLLECTED,NOT_COLLECTED,POLICY_RECOMMENDATION_ELDERLY,,,,,,,,,,,,,EJRF
FSM,2024,,ADMIN,COVID19,NOT_COLLECTED,NOT_COLLECTED,POLICY_RECOMMENDATION_ADULTS_CHRONIC,,,,,,,,,,,,,EJRF
MNE,2024,,ADMIN,COVID19,NOT_COLLECTED,NOT_COLLECTED,POLICY_RECOMMENDATION_ELDERLY,-2222.000000000,4.000000000,-4444.000000000,,,,,,,,,,EJRF
MNE,2024,,ADMIN,COVID19,NOT_COLLECTED,NOT_COLLECTED,POLICY_RECOMMENDATION_ADULTS_CHRONIC,-2222.000000000,21.000000000,-2222.000000000,,,,,,,,,,EJRF
MNE,2024,,ADMIN,COVID19,NOT_COLLECTED,NOT_COLLECTED,PW,-2222.000000000,-2222.000000000,-2222.000000000,,,,,,,,,,EJRF
MNE,2024,,ADMIN,COVID19,NOT_COLLECTED,NOT_COLLECTED,POLICY_RECOMMENDATION_HCW,-2222.000000000,-2222.000000000,-2222.000000000,,,,,,,,,,EJRF
MNE,2024,,ADMIN,COVID19,NOT_COLLECTED,NOT_COLLECTED,OTHER_GROUPS,-2222.000000000,93.000000000,-2222.000000000,,,,,,,,,,EJRF
MNE,2024,,ADMIN,COVID19,NOT_COLLECTED,NOT_COLLECTED,TOTAL,-4444.000000000,130.000000000,-4444.000000000,,,,,,,,,,EJRF
NLD,2024,,ADMIN,COVID19,NOT_COLLECTED,NOT_COLLECTED,POLICY_RECOMMENDATION_ELDERLY,4992279.000000000,2342939.000000000,46.900000000,,,,,,,,,,EJRF
NLD,2024,,ADMIN,COVID19,NOT_COLLECTED,NOT_COLLECTED,POLICY_RECOMMENDATION_ADULTS_CHRONIC,-2222.000000000,-2222.000000000,-2222.000000000,,,,,,,,,,EJRF
NLD,2024,,ADMIN,COVID19,NOT_COLLECTED,NOT_COLLECTED,PW,,,,,,,,,,,,,EJRF
NLD,2024,,ADMIN,COVID19,NOT_COLLECTED,NOT_COLLECTED,POLICY_RECOMMENDATION_HCW,-2222.000000000,-2222.000000000,-2222.000000000,,,,,,,,,,EJRF
NLD,2024,,ADMIN,COVID19,NOT_COLLECTED,NOT_COLLECTED,OTHER_GROUPS,-2222.000000000,-2222.000000000,-2222.000000000,,,,,,,,,,EJRF
NLD,2024,,ADMIN,COVID19,NOT_COLLECTED,NOT_COLLECTED,TOTAL,17944705.000000000,2535842.000000000,14.100000000,,,,,,,,,,EJRF
NOR,2024,,ADMIN,COVID19,NOT_COLLECTED,NOT_COLLECTED,OTHER_GROUPS,,,,,,,,,,,,,EJRF
NOR,2024,,ADMIN,COVID19,NOT_COLLECTED,NOT_COLLECTED,TOTAL,,,,,,,,,,,,,EJRF
NOR,2024,,ADMIN,COVID19,NOT_COLLECTED,NOT_COLLECTED,POLICY_RECOMMENDATION_ELDERLY,,,,,,,,,,,,,EJRF
NOR,2024,,ADMIN,COVID19,NOT_COLLECTED,NOT_COLLECTED,POLICY_RECOMMENDATION_ADULTS_CHRONIC,,,,,,,,,,,,,EJRF
NOR,2024,,ADMIN,COVID19,NOT_COLLECTED,NOT_COLLECTED,PW,,,,,,,,,,,,,EJRF
NOR,2024,,ADMIN,COVID19,NOT_COLLECTED,NOT_COLLECTED,POLICY_RECOMMENDATION_HCW,,,,,,,,,,,,,EJRF
PAK,2024,,ADMIN,COVID19,NOT_COLLECTED,NOT_COLLECTED,OTHER_GROUPS,-4444.000000000,-4444.000000000,-4444.000000000,,,,,,,,,,EJRF
PAK,2024,,ADMIN,COVID19,NOT_COLLECTED,NOT_COLLECTED,TOTAL,250252376.000000000,112705.000000000,0.045036535,,,,,,,,,,EJRF
PAK,2024,,ADMIN,COVID19,NOT_COLLECTED,NOT_COLLECTED,FEMALE,-2222.000000000,-2222.000000000,-2222.000000000,,,,,,,,,,EJRF
PAK,2024,,ADMIN,COVID19,NOT_COLLECTED,NOT_COLLECTED,MALE,-2222.000000000,-2222.000000000,-2222.000000000,,,,,,,,,,EJRF
PAK,2024,,ADMIN,COVID19,NOT_COLLECTED,NOT_COLLECTED,PW,,-2222.000000000,,,,,,,,,,,EJRF
PAK,2024,,ADMIN,COVID19,NOT_COLLECTED,NOT_COLLECTED,POLICY_RECOMMENDATION_HCW,-4444.000000000,-2222.000000000,-4444.000000000,,,,,,,,,,EJRF
PAK,2024,,ADMIN,COVID19,NOT_COLLECTED,NOT_COLLECTED,POLICY_RECOMMENDATION_ELDERLY,-2222.000000000,-2222.000000000,-2222.000000000,,,,,,,,,,EJRF
PAK,2024,,ADMIN,COVID19,NOT_COLLECTED,NOT_COLLECTED,POLICY_RECOMMENDATION_ADULTS_CHRONIC,-4444.000000000,-4444.000000000,,,,,,,,,,,EJRF
PHL,2024,,ADMIN,COVID19,NOT_COLLECTED,NOT_COLLECTED,PW,,,,,,,,,,,,,EJRF
PHL,2024,,ADMIN,COVID19,NOT_COLLECTED,NOT_COLLECTED,POLICY_RECOMMENDATION_HCW,,,,,,,,,,,,,EJRF
PHL,2024,,ADMIN,COVID19,NOT_COLLECTED,NOT_COLLECTED,OTHER_GROUPS,,,,,,,,,,,,,EJRF
PHL,2024,,ADMIN,COVID19,NOT_COLLECTED,NOT_COLLECTED,TOTAL,,,,,,,,,,,,,EJRF
PHL,2024,,ADMIN,COVID19,NOT_COLLECTED,NOT_COLLECTED,FEMALE,,,,,,,,,,,,,EJRF
PHL,2024,,ADMIN,COVID19,NOT_COLLECTED,NOT_COLLECTED,MALE,,,,,,,,,,,,,EJRF
PHL,2024,,ADMIN,COVID19,NOT_COLLECTED,NOT_COLLECTED,POLICY_RECOMMENDATION_ELDERLY,,,,,,,,,,,,,EJRF
PHL,2024,,ADMIN,COVID19,NOT_COLLECTED,NOT_COLLECTED,POLICY_RECOMMENDATION_ADULTS_CHRONIC,,,,,,,,,,,,,EJRF
QAT,2024,,ADMIN,COVID19,NOT_COLLECTED,NOT_COLLECTED,POLICY_RECOMMENDATION_ELDERLY,,125.000000000,,,,,,,,,,,EJRF
QAT,2024,,ADMIN,COVID19,NOT_COLLECTED,NOT_COLLECTED,POLICY_RECOMMENDATION_ADULTS_CHRONIC,,,,,,,,,,,,,EJRF
QAT,2024,,ADMIN,COVID19,NOT_COLLECTED,NOT_COLLECTED,PW,,,,,,,,,,,,,EJRF
QAT,2024,,ADMIN,COVID19,NOT_COLLECTED,NOT_COLLECTED,OTHER_GROUPS,,,,,,,,,,,,,EJRF
QAT,2024,,ADMIN,COVID19,NOT_COLLECTED,NOT_COLLECTED,TOTAL,,,,,,,,,,,,,EJRF
QAT,2024,,ADMIN,COVID19,NOT_COLLECTED,NOT_COLLECTED,FEMALE,,920.000000000,,,,,,,,,,,EJRF
QAT,2024,,ADMIN,COVID19,NOT_COLLECTED,NOT_COLLECTED,MALE,,1254.000000000,,,,,,,,,,,EJRF
QAT,2024,,ADMIN,COVID19,NOT_COLLECTED,NOT_COLLECTED,POLICY_RECOMMENDATION_HCW,,,,,,,,,,,,,EJRF
MDA,2024,,ADMIN,COVID19,NOT_COLLECTED,NOT_COLLECTED,OTHER_GROUPS,,,,,,,,,,,,,EJRF
MDA,2024,,ADMIN,COVID19,NOT_COLLECTED,NOT_COLLECTED,TOTAL,2812684.000000000,6716.000000000,0.238775490,,,,,,,,,,EJRF
MDA,2024,,ADMIN,COVID19,NOT_COLLECTED,NOT_COLLECTED,POLICY_RECOMMENDATION_ELDERLY,702780.000000000,2634.000000000,0.374797234,,,,,,,,,,EJRF
MDA,2024,,ADMIN,COVID19,NOT_COLLECTED,NOT_COLLECTED,POLICY_RECOMMENDATION_ADULTS_CHRONIC,136182.000000000,1224.000000000,0.898797198,,,,,,,,,,EJRF
MDA,2024,,ADMIN,COVID19,NOT_COLLECTED,NOT_COLLECTED,PW,426.000000000,2.000000000,0.469483568,,,,,,,,,,EJRF
MDA,2024,,ADMIN,COVID19,NOT_COLLECTED,NOT_COLLECTED,POLICY_RECOMMENDATION_HCW,61917.000000000,1016.000000000,1.640906375,,,,,,,,,,EJRF
SRB,2024,,ADMIN,COVID19,NOT_COLLECTED,NOT_COLLECTED,POLICY_RECOMMENDATION_ELDERLY,,96.000000000,,,,,,,,,,,EJRF
SRB,2024,,ADMIN,COVID19,NOT_COLLECTED,NOT_COLLECTED,POLICY_RECOMMENDATION_ADULTS_CHRONIC,,33.000000000,,,,,,,,,,,EJRF
SRB,2024,,ADMIN,COVID19,NOT_COLLECTED,NOT_COLLECTED,PW,,,,,,,,,,,,,EJRF
SRB,2024,,ADMIN,COVID19,NOT_COLLECTED,NOT_COLLECTED,POLICY_RECOMMENDATION_HCW,,0.000000000,,,,,,,,,,,EJRF
SRB,2024,,ADMIN,COVID19,NOT_COLLECTED,NOT_COLLECTED,OTHER_GROUPS,,,,,,,,,,,,,EJRF
SRB,2024,,ADMIN,COVID19,NOT_COLLECTED,NOT_COLLECTED,TOTAL,-2222.000000000,129.000000000,-2222.000000000,,,,,,,,,,EJRF
TLS,2024,,ADMIN,COVID19,NOT_COLLECTED,NOT_COLLECTED,POLICY_RECOMMENDATION_ELDERLY,-2222.000000000,774163.000000000,-2222.000000000,,,,,,,,,,EJRF
TLS,2024,,ADMIN,COVID19,NOT_COLLECTED,NOT_COLLECTED,POLICY_RECOMMENDATION_ADULTS_CHRONIC,-2222.000000000,-2222.000000000,-2222.000000000,,,,,,,,,,EJRF
TLS,2024,,ADMIN,COVID19,NOT_COLLECTED,NOT_COLLECTED,PW,-2222.000000000,-2222.000000000,-2222.000000000,,,,,,,,,,EJRF
TLS,2024,,ADMIN,COVID19,NOT_COLLECTED,NOT_COLLECTED,POLICY_RECOMMENDATION_HCW,-2222.000000000,774163.000000000,-2222.000000000,,,,,,,,,,EJRF
TLS,2024,,ADMIN,COVID19,NOT_COLLECTED,NOT_COLLECTED,OTHER_GROUPS,-2222.000000000,182806.000000000,,,,,,,,,,,EJRF
TLS,2024,,ADMIN,COVID19,NOT_COLLECTED,NOT_COLLECTED,TOTAL,-4444.000000000,-4444.000000000,-4444.000000000,,,,,,,,,,EJRF
TLS,2024,,ADMIN,COVID19,NOT_COLLECTED,NOT_COLLECTED,FEMALE,-4444.000000000,-4444.000000000,-4444.000000000,,,,,,,,,,EJRF
TLS,2024,,ADMIN,COVID19,NOT_COLLECTED,NOT_COLLECTED,MALE,-4444.000000000,-4444.000000000,-4444.000000000,,,,,,,,,,EJRF
TON,2024,,ADMIN,COVID19,NOT_COLLECTED,NOT_COLLECTED,POLICY_RECOMMENDATION_ELDERLY,,,,,,,,,,,,,EJRF
TON,2024,,ADMIN,COVID19,NOT_COLLECTED,NOT_COLLECTED,POLICY_RECOMMENDATION_ADULTS_CHRONIC,,,,,,,,,,,,,EJRF
TON,2024,,ADMIN,COVID19,NOT_COLLECTED,NOT_COLLECTED,PW,,,,,,,,,,,,,EJRF
TON,2024,,ADMIN,COVID19,NOT_COLLECTED,NOT_COLLECTED,POLICY_RECOMMENDATION_HCW,,,,,,,,,,,,,EJRF
TON,2024,,ADMIN,COVID19,NOT_COLLECTED,NOT_COLLECTED,OTHER_GROUPS,,,,,,,,,,,,,EJRF
TON,2024,,ADMIN,COVID19,NOT_COLLECTED,NOT_COLLECTED,TOTAL,-4444.000000000,-4444.000000000,,,,,,,,,,,EJRF
TON,2024,,ADMIN,COVID19,NOT_COLLECTED,NOT_COLLECTED,FEMALE,-4444.000000000,-4444.000000000,,,,,,,,,,,EJRF
TON,2024,,ADMIN,COVID19,NOT_COLLECTED,NOT_COLLECTED,MALE,-4444.000000000,-4444.000000000,,,,,,,,,,,EJRF
ZWE,2024,,ADMIN,COVID19,NOT_COLLECTED,NOT_COLLECTED,POLICY_RECOMMENDATION_ADULTS_CHRONIC,,,,,,,,,,,,,EJRF
ZWE,2024,,ADMIN,COVID19,NOT_COLLECTED,NOT_COLLECTED,POLICY_RECOMMENDATION_ELDERLY,,,,,,,,,,,,,EJRF
ZWE,2024,,ADMIN,COVID19,NOT_COLLECTED,NOT_COLLECTED,PW,,,,,,,,,,,,,EJRF
ZWE,2024,,ADMIN,COVID19,NOT_COLLECTED,NOT_COLLECTED,POLICY_RECOMMENDATION_HCW,,,,,,,,,,,,,EJRF
ZWE,2024,,ADMIN,COVID19,NOT_COLLECTED,NOT_COLLECTED,OTHER_GROUPS,,,,,,,,,,,,,EJRF
ZWE,2024,,ADMIN,COVID19,NOT_COLLECTED,NOT_COLLECTED,TOTAL,,,,,,,,,,,,,EJRF
ZWE,2024,,ADMIN,COVID19,NOT_COLLECTED,NOT_COLLECTED,FEMALE,,,,,,,,,,,,,EJRF
ZWE,2024,,ADMIN,COVID19,NOT_COLLECTED,NOT_COLLECTED,MALE,,,,,,,,,,,,,EJRF
AFG,2024,,ADMIN,COVID19,NOT_COLLECTED,NOT_COLLECTED,PW,-2222.000000000,-2222.000000000,-2222.000000000,,,,,,,,,,EJRF
AFG,2024,,ADMIN,COVID19,NOT_COLLECTED,NOT_COLLECTED,POLICY_RECOMMENDATION_HCW,-2222.000000000,12565.000000000,-2222.000000000,,,,,,,,,,EJRF
AFG,2024,,ADMIN,COVID19,NOT_COLLECTED,NOT_COLLECTED,OTHER_GROUPS,-2222.000000000,-2222.000000000,-2222.000000000,,,,,,,,,,EJRF
AFG,2024,,ADMIN,COVID19,NOT_COLLECTED,NOT_COLLECTED,TOTAL,,1935071.000000000,,,,,,,,,,,EJRF
AFG,2024,,ADMIN,COVID19,NOT_COLLECTED,NOT_COLLECTED,FEMALE,,658087.000000000,,,,,,,,,,,EJRF
AFG,2024,,ADMIN,COVID19,NOT_COLLECTED,NOT_COLLECTED,MALE,,614790.000000000,,,,,,,,,,,EJRF
AFG,2024,,ADMIN,COVID19,NOT_COLLECTED,NOT_COLLECTED,POLICY_RECOMMENDATION_ADULTS_CHRONIC,-2222.000000000,73014.000000000,-2222.000000000,,,,,,,,,,EJRF
AFG,2024,,ADMIN,COVID19,NOT_COLLECTED,NOT_COLLECTED,POLICY_RECOMMENDATION_ELDERLY,-2222.000000000,1935071.000000000,-2222.000000000,,,,,,,,,,EJRF
AGO,2024,,ADMIN,COVID19,NOT_COLLECTED,NOT_COLLECTED,POLICY_RECOMMENDATION_HCW,-2222.000000000,-2222.000000000,-2222.000000000,,,,,,,,,,EJRF
AGO,2024,,ADMIN,COVID19,NOT_COLLECTED,NOT_COLLECTED,OTHER_GROUPS,-2222.000000000,-2222.000000000,-2222.000000000,,,,,,,,,,EJRF
AGO,2024,,ADMIN,COVID19,NOT_COLLECTED,NOT_COLLECTED,TOTAL,-2222.000000000,-2222.000000000,-2222.000000000,,,,,,,,,,EJRF
AGO,2024,,ADMIN,COVID19,NOT_COLLECTED,NOT_COLLECTED,FEMALE,-2222.000000000,-2222.000000000,-2222.000000000,,,,,,,,,,EJRF
AGO,2024,,ADMIN,COVID19,NOT_COLLECTED,NOT_COLLECTED,MALE,-2222.000000000,-2222.000000000,-2222.000000000,,,,,,,,,,EJRF
AGO,2024,,ADMIN,COVID19,NOT_COLLECTED,NOT_COLLECTED,POLICY_RECOMMENDATION_ELDERLY,-2222.000000000,-2222.000000000,-2222.000000000,,,,,,,,,,EJRF
AGO,2024,,ADMIN,COVID19,NOT_COLLECTED,NOT_COLLECTED,POLICY_RECOMMENDATION_ADULTS_CHRONIC,-2222.000000000,-2222.000000000,-2222.000000000,,,,,,,,,,EJRF
AGO,2024,,ADMIN,COVID19,NOT_COLLECTED,NOT_COLLECTED,PW,-2222.000000000,-2222.000000000,-2222.000000000,,,,,,,,,,EJRF
AIA,2024,,ADMIN,COVID19,NOT_COLLECTED,NOT_COLLECTED,POLICY_RECOMMENDATION_ELDERLY,0.000000000,0.000000000,0.000000000,,,,,,,,,,EJRF
AIA,2024,,ADMIN,COVID19,NOT_COLLECTED,NOT_COLLECTED,PW,0.000000000,0.000000000,0.000000000,,,,,,,,,,EJRF
AIA,2024,,ADMIN,COVID19,NOT_COLLECTED,NOT_COLLECTED,OTHER_GROUPS,0.000000000,0.000000000,0.000000000,,,,,,,,,,EJRF
AIA,2024,,ADMIN,COVID19,NOT_COLLECTED,NOT_COLLECTED,TOTAL,0.000000000,0.000000000,0.000000000,,,,,,,,,,EJRF
AIA,2024,,ADMIN,COVID19,NOT_COLLECTED,NOT_COLLECTED,FEMALE,0.000000000,0.000000000,0.000000000,,,,,,,,,,EJRF
AIA,2024,,ADMIN,COVID19,NOT_COLLECTED,NOT_COLLECTED,MALE,0.000000000,0.000000000,0.000000000,,,,,,,,,,EJRF
AIA,2024,,ADMIN,COVID19,NOT_COLLECTED,NOT_COLLECTED,POLICY_RECOMMENDATION_HCW,0.000000000,0.000000000,0.000000000,,,,,,,,,,EJRF
AIA,2024,,ADMIN,COVID19,NOT_COLLECTED,NOT_COLLECTED,POLICY_RECOMMENDATION_ADULTS_CHRONIC,0.000000000,0.000000000,0.000000000,,,,,,,,,,EJRF
ARM,2024,,ADMIN,COVID19,NOT_COLLECTED,NOT_COLLECTED,POLICY_RECOMMENDATION_ADULTS_CHRONIC,-2222.000000000,-2222.000000000,-2222.000000000,,,,,,,,,,EJRF
ARM,2024,,ADMIN,COVID19,NOT_COLLECTED,NOT_COLLECTED,PW,-2222.000000000,-2222.000000000,-2222.000000000,,,,,,,,,,EJRF
ARM,2024,,ADMIN,COVID19,NOT_COLLECTED,NOT_COLLECTED,POLICY_RECOMMENDATION_HCW,-2222.000000000,-2222.000000000,-2222.000000000,,,,,,,,,,EJRF
ARM,2024,,ADMIN,COVID19,NOT_COLLECTED,NOT_COLLECTED,OTHER_GROUPS,-2222.000000000,-4444.000000000,-2222.000000000,,,,,,,,,,EJRF
ARM,2024,,ADMIN,COVID19,NOT_COLLECTED,NOT_COLLECTED,TOTAL,-2222.000000000,-2222.000000000,-2222.000000000,,,,,,,,,,EJRF
ARM,2024,,ADMIN,COVID19,NOT_COLLECTED,NOT_COLLECTED,POLICY_RECOMMENDATION_ELDERLY,-2222.000000000,869.000000000,-2222.000000000,,,,,,,,,,EJRF
ABW,2024,,ADMIN,COVID19,NOT_COLLECTED,NOT_COLLECTED,POLICY_RECOMMENDATION_ADULTS_CHRONIC,,,,,,,,,,,,,EJRF
ABW,2024,,ADMIN,COVID19,NOT_COLLECTED,NOT_COLLECTED,PW,,,,,,,,,,,,,EJRF
ABW,2024,,ADMIN,COVID19,NOT_COLLECTED,NOT_COLLECTED,POLICY_RECOMMENDATION_HCW,,,,,,,,,,,,,EJRF
ABW,2024,,ADMIN,COVID19,NOT_COLLECTED,NOT_COLLECTED,OTHER_GROUPS,,,,,,,,,,,,,EJRF
ABW,2024,,ADMIN,COVID19,NOT_COLLECTED,NOT_COLLECTED,POLICY_RECOMMENDATION_ELDERLY,,,,,,,,,,,,,EJRF
ABW,2024,,ADMIN,COVID19,NOT_COLLECTED,NOT_COLLECTED,TOTAL,,,,,,,,,,,,,EJRF
ABW,2024,,ADMIN,COVID19,NOT_COLLECTED,NOT_COLLECTED,FEMALE,,,,,,,,,,,,,EJRF
ABW,2024,,ADMIN,COVID19,NOT_COLLECTED,NOT_COLLECTED,MALE,,,,,,,,,,,,,EJRF
AUT,2024,,ADMIN,COVID19,NOT_COLLECTED,NOT_COLLECTED,OTHER_GROUPS,,,,,,,,,,,,,EJRF
AUT,2024,,ADMIN,COVID19,NOT_COLLECTED,NOT_COLLECTED,TOTAL,-2222.000000000,443454.000000000,-2222.000000000,,,,,,,,,,EJRF
AUT,2024,,ADMIN,COVID19,NOT_COLLECTED,NOT_COLLECTED,POLICY_RECOMMENDATION_ELDERLY,-2222.000000000,-2222.000000000,-2222.000000000,,,,,,,,,,EJRF
AUT,2024,,ADMIN,COVID19,NOT_COLLECTED,NOT_COLLECTED,POLICY_RECOMMENDATION_ADULTS_CHRONIC,-2222.000000000,-2222.000000000,-2222.000000000,,,,,,,,,,EJRF
AUT,2024,,ADMIN,COVID19,NOT_COLLECTED,NOT_COLLECTED,PW,-2222.000000000,-2222.000000000,-2222.000000000,,,,,,,,,,EJRF
AUT,2024,,ADMIN,COVID19,NOT_COLLECTED,NOT_COLLECTED,POLICY_RECOMMENDATION_HCW,-2222.000000000,-2222.000000000,-2222.000000000,,,,,,,,,,EJRF
BHS,2024,,ADMIN,COVID19,NOT_COLLECTED,NOT_COLLECTED,POLICY_RECOMMENDATION_ELDERLY,-2222.000000000,-2222.000000000,-2222.000000000,,,,,,,,,,EJRF
BHS,2024,,ADMIN,COVID19,NOT_COLLECTED,NOT_COLLECTED,POLICY_RECOMMENDATION_ADULTS_CHRONIC,-2222.000000000,-2222.000000000,-2222.000000000,,,,,,,,,,EJRF
BHS,2024,,ADMIN,COVID19,NOT_COLLECTED,NOT_COLLECTED,PW,-2222.000000000,-2222.000000000,-2222.000000000,,,,,,,,,,EJRF
BHS,2024,,ADMIN,COVID19,NOT_COLLECTED,NOT_COLLECTED,POLICY_RECOMMENDATION_HCW,-2222.000000000,-2222.000000000,-2222.000000000,,,,,,,,,,EJRF
BHS,2024,,ADMIN,COVID19,NOT_COLLECTED,NOT_COLLECTED,OTHER_GROUPS,-2222.000000000,-2222.000000000,-2222.000000000,,,,,,,,,,EJRF
BHS,2024,,ADMIN,COVID19,NOT_COLLECTED,NOT_COLLECTED,TOTAL,-2222.000000000,-2222.000000000,-2222.000000000,,,,,,,,,,EJRF
BHS,2024,,ADMIN,COVID19,NOT_COLLECTED,NOT_COLLECTED,FEMALE,-2222.000000000,-2222.000000000,-2222.000000000,,,,,,,,,,EJRF
BHS,2024,,ADMIN,COVID19,NOT_COLLECTED,NOT_COLLECTED,MALE,-2222.000000000,-2222.000000000,-2222.000000000,,,,,,,,,,EJRF
BGD,2024,,ADMIN,COVID19,NOT_COLLECTED,NOT_COLLECTED,OTHER_GROUPS,-2222.000000000,-2222.000000000,-2222.000000000,,,,,,,,,,EJRF
BGD,2024,,ADMIN,COVID19,NOT_COLLECTED,NOT_COLLECTED,TOTAL,170317076.000000000,20975.000000000,0.012315265,,,,,,,,,,EJRF
BGD,2024,,ADMIN,COVID19,NOT_COLLECTED,NOT_COLLECTED,FEMALE,86742188.000000000,10705.000000000,0.012341169,,,,,,,,,,EJRF
BGD,2024,,ADMIN,COVID19,NOT_COLLECTED,NOT_COLLECTED,MALE,83574888.000000000,10270.000000000,0.012288380,,,,,,,,,,EJRF
BGD,2024,,ADMIN,COVID19,NOT_COLLECTED,NOT_COLLECTED,POLICY_RECOMMENDATION_ELDERLY,-2222.000000000,-2222.000000000,-2222.000000000,,,,,,,,,,EJRF
BGD,2024,,ADMIN,COVID19,NOT_COLLECTED,NOT_COLLECTED,POLICY_RECOMMENDATION_HCW,-2222.000000000,-2222.000000000,-2222.000000000,,,,,,,,,,EJRF
BGD,2024,,ADMIN,COVID19,NOT_COLLECTED,NOT_COLLECTED,POLICY_RECOMMENDATION_ADULTS_CHRONIC,-2222.000000000,-2222.000000000,-2222.000000000,,,,,,,,,,EJRF
BGD,2024,,ADMIN,COVID19,NOT_COLLECTED,NOT_COLLECTED,PW,-2222.000000000,-2222.000000000,-2222.000000000,,,,,,,,,,EJRF
BOL,2024,,ADMIN,COVID19,NOT_COLLECTED,NOT_COLLECTED,POLICY_RECOMMENDATION_ELDERLY,1307390.000000000,63069.000000000,4.824038734,,,,,,,,,,EJRF
BOL,2024,,ADMIN,COVID19,NOT_COLLECTED,NOT_COLLECTED,FEMALE,-2222.000000000,161702.000000000,-2222.000000000,,,,,,,,,,EJRF
BOL,2024,,ADMIN,COVID19,NOT_COLLECTED,NOT_COLLECTED,MALE,-2222.000000000,167894.000000000,-2222.000000000,,,,,,,,,,EJRF
BOL,2024,,ADMIN,COVID19,NOT_COLLECTED,NOT_COLLECTED,POLICY_RECOMMENDATION_ADULTS_CHRONIC,-2222.000000000,65977.000000000,-2222.000000000,,,,,,,,,,EJRF
BOL,2024,,ADMIN,COVID19,NOT_COLLECTED,NOT_COLLECTED,PW,274096.000000000,4337.000000000,1.582292336,,,,,,,,,,EJRF
BOL,2024,,ADMIN,COVID19,NOT_COLLECTED,NOT_COLLECTED,POLICY_RECOMMENDATION_HCW,-2222.000000000,-2222.000000000,-2222.000000000,,,,,,,,,,EJRF
BOL,2024,,ADMIN,COVID19,NOT_COLLECTED,NOT_COLLECTED,OTHER_GROUPS,-2222.000000000,-2222.000000000,-2222.000000000,,,,,,,,,,EJRF
BOL,2024,,ADMIN,COVID19,NOT_COLLECTED,NOT_COLLECTED,TOTAL,12169501.000000000,329596.000000000,2.708377279,,,,,,,,,,EJRF
BWA,2024,,ADMIN,COVID19,NOT_COLLECTED,NOT_COLLECTED,OTHER_GROUPS,-2222.000000000,0.000000000,-2222.000000000,,,,,,,,,,EJRF
BWA,2024,,ADMIN,COVID19,NOT_COLLECTED,NOT_COLLECTED,TOTAL,-2222.000000000,0.000000000,-2222.000000000,,,,,,,,,,EJRF
BWA,2024,,ADMIN,COVID19,NOT_COLLECTED,NOT_COLLECTED,POLICY_RECOMMENDATION_ADULTS_CHRONIC,-2222.000000000,0.000000000,-2222.000000000,,,,,,,,,,EJRF
BWA,2024,,ADMIN,COVID19,NOT_COLLECTED,NOT_COLLECTED,PW,-2222.000000000,0.000000000,-2222.000000000,,,,,,,,,,EJRF
BWA,2024,,ADMIN,COVID19,NOT_COLLECTED,NOT_COLLECTED,POLICY_RECOMMENDATION_HCW,-2222.000000000,0.000000000,-2222.000000000,,,,,,,,,,EJRF
BWA,2024,,ADMIN,COVID19,NOT_COLLECTED,NOT_COLLECTED,POLICY_RECOMMENDATION_ELDERLY,-2222.000000000,0.000000000,-2222.000000000,,,,,,,,,,EJRF
BWA,2024,,ADMIN,COVID19,NOT_COLLECTED,NOT_COLLECTED,FEMALE,-2222.000000000,0.000000000,-2222.000000000,,,,,,,,,,EJRF
BWA,2024,,ADMIN,COVID19,NOT_COLLECTED,NOT_COLLECTED,MALE,-2222.000000000,0.000000000,-2222.000000000,,,,,,,,,,EJRF
BRA,2024,,ADMIN,COVID19,NOT_COLLECTED,NOT_COLLECTED,POLICY_RECOMMENDATION_ELDERLY,34169614.000000000,4705455.000000000,13.770875492,,,,,,,,,,EJRF
BRA,2024,,ADMIN,COVID19,NOT_COLLECTED,NOT_COLLECTED,POLICY_RECOMMENDATION_ADULTS_CHRONIC,9150727.000000000,543757.000000000,5.942227323,,,,,,,,,,EJRF
BRA,2024,,ADMIN,COVID19,NOT_COLLECTED,NOT_COLLECTED,PW,1903133.000000000,161375.000000000,8.479438904,,,,,,,,,,EJRF
BRA,2024,,ADMIN,COVID19,NOT_COLLECTED,NOT_COLLECTED,POLICY_RECOMMENDATION_HCW,7337807.000000000,700980.000000000,9.552990423,,,,,,,,,,EJRF
BRA,2024,,ADMIN,COVID19,NOT_COLLECTED,NOT_COLLECTED,OTHER_GROUPS,17588242.000000000,2823881.000000000,-2222.000000000,,,,,,,,,,EJRF
BRA,2024,,ADMIN,COVID19,NOT_COLLECTED,NOT_COLLECTED,TOTAL,-2222.000000000,12415520.000000000,-2222.000000000,,,,,,,,,,EJRF
BRA,2024,,ADMIN,COVID19,NOT_COLLECTED,NOT_COLLECTED,FEMALE,-2222.000000000,-2222.000000000,-2222.000000000,,,,,,,,,,EJRF
BRA,2024,,ADMIN,COVID19,NOT_COLLECTED,NOT_COLLECTED,MALE,-2222.000000000,-2222.000000000,-2222.000000000,,,,,,,,,,EJRF
BGR,2024,,ADMIN,COVID19,NOT_COLLECTED,NOT_COLLECTED,PW,,,,,,,,,,,,,EJRF
BGR,2024,,ADMIN,COVID19,NOT_COLLECTED,NOT_COLLECTED,POLICY_RECOMMENDATION_HCW,,,,,,,,,,,,,EJRF
BGR,2024,,ADMIN,COVID19,NOT_COLLECTED,NOT_COLLECTED,POLICY_RECOMMENDATION_ADULTS_CHRONIC,,,,,,,,,,,,,EJRF
BGR,2024,,ADMIN,COVID19,NOT_COLLECTED,NOT_COLLECTED,OTHER_GROUPS,,,,,,,,,,,,,EJRF
BGR,2024,,ADMIN,COVID19,NOT_COLLECTED,NOT_COLLECTED,TOTAL,,,,,,,,,,,,,EJRF
BGR,2024,,ADMIN,COVID19,NOT_COLLECTED,NOT_COLLECTED,POLICY_RECOMMENDATION_ELDERLY,,,,,,,,,,,,,EJRF
CPV,2024,,ADMIN,COVID19,NOT_COLLECTED,NOT_COLLECTED,PW,-2222.000000000,-2222.000000000,-2222.000000000,,,,,,,,,,EJRF
CPV,2024,,ADMIN,COVID19,NOT_COLLECTED,NOT_COLLECTED,POLICY_RECOMMENDATION_ADULTS_CHRONIC,-2222.000000000,-2222.000000000,-2222.000000000,,,,,,,,,,EJRF
CPV,2024,,ADMIN,COVID19,NOT_COLLECTED,NOT_COLLECTED,POLICY_RECOMMENDATION_ELDERLY,,,,,,,,,,,,,EJRF
CPV,2024,,ADMIN,COVID19,NOT_COLLECTED,NOT_COLLECTED,POLICY_RECOMMENDATION_HCW,-2222.000000000,-2222.000000000,-2222.000000000,,,,,,,,,,EJRF
CPV,2024,,ADMIN,COVID19,NOT_COLLECTED,NOT_COLLECTED,OTHER_GROUPS,-2222.000000000,-2222.000000000,-2222.000000000,,,,,,,,,,EJRF
CPV,2024,,ADMIN,COVID19,NOT_COLLECTED,NOT_COLLECTED,TOTAL,-2222.000000000,-2222.000000000,-2222.000000000,,,,,,,,,,EJRF
CPV,2024,,ADMIN,COVID19,NOT_COLLECTED,NOT_COLLECTED,FEMALE,,,,,,,,,,,,,EJRF
CPV,2024,,ADMIN,COVID19,NOT_COLLECTED,NOT_COLLECTED,MALE,,,,,,,,,,,,,EJRF
CMR,2024,,ADMIN,COVID19,NOT_COLLECTED,NOT_COLLECTED,POLICY_RECOMMENDATION_ELDERLY,2558976.000000000,3078.000000000,0.120000000,,,,,,,,,,EJRF
CMR,2024,,ADMIN,COVID19,NOT_COLLECTED,NOT_COLLECTED,POLICY_RECOMMENDATION_ADULTS_CHRONIC,1421653.000000000,1474.000000000,0.103682122,,,,,,,,,,EJRF
CMR,2024,,ADMIN,COVID19,NOT_COLLECTED,NOT_COLLECTED,PW,-2222.000000000,-2222.000000000,-2222.000000000,,,,,,,,,,EJRF
CMR,2024,,ADMIN,COVID19,NOT_COLLECTED,NOT_COLLECTED,POLICY_RECOMMENDATION_HCW,284331.000000000,157.000000000,0.055217335,,,,,,,,,,EJRF
CMR,2024,,ADMIN,COVID19,NOT_COLLECTED,NOT_COLLECTED,OTHER_GROUPS,,,,,,,,,,,,,EJRF
CMR,2024,,ADMIN,COVID19,NOT_COLLECTED,NOT_COLLECTED,TOTAL,14074368.000000000,8548.000000000,0.060734521,,,,,,,,,,EJRF
CMR,2024,,ADMIN,COVID19,NOT_COLLECTED,NOT_COLLECTED,FEMALE,6944489.000000000,3371.000000000,0.048542089,,,,,,,,,,EJRF
CMR,2024,,ADMIN,COVID19,NOT_COLLECTED,NOT_COLLECTED,MALE,6814453.000000000,5177.000000000,0.075970881,,,,,,,,,,EJRF
TCD,2024,,ADMIN,COVID19,NOT_COLLECTED,NOT_COLLECTED,POLICY_RECOMMENDATION_ADULTS_CHRONIC,-4444.000000000,-4444.000000000,-4444.000000000,,,,,,,,,,EJRF
TCD,2024,,ADMIN,COVID19,NOT_COLLECTED,NOT_COLLECTED,PW,-4444.000000000,-4444.000000000,-4444.000000000,,,,,,,,,,EJRF
TCD,2024,,ADMIN,COVID19,NOT_COLLECTED,NOT_COLLECTED,POLICY_RECOMMENDATION_HCW,-4444.000000000,-4444.000000000,-4444.000000000,,,,,,,,,,EJRF
TCD,2024,,ADMIN,COVID19,NOT_COLLECTED,NOT_COLLECTED,OTHER_GROUPS,-4444.000000000,-4444.000000000,-4444.000000000,,,,,,,,,,EJRF
TCD,2024,,ADMIN,COVID19,NOT_COLLECTED,NOT_COLLECTED,TOTAL,-4444.000000000,-4444.000000000,-4444.000000000,,,,,,,,,,EJRF
TCD,2024,,ADMIN,COVID19,NOT_COLLECTED,NOT_COLLECTED,FEMALE,-4444.000000000,-4444.000000000,-4444.000000000,,,,,,,,,,EJRF
TCD,2024,,ADMIN,COVID19,NOT_COLLECTED,NOT_COLLECTED,MALE,0.000000000,0.000000000,0.000000000,,,,,,,,,,EJRF
TCD,2024,,ADMIN,COVID19,NOT_COLLECTED,NOT_COLLECTED,POLICY_RECOMMENDATION_ELDERLY,-4444.000000000,-4444.000000000,-4444.000000000,,,,,,,,,,EJRF
HRV,2024,,ADMIN,COVID19,NOT_COLLECTED,NOT_COLLECTED,POLICY_RECOMMENDATION_ADULTS_CHRONIC,,,,,,,,,,,,,EJRF
HRV,2024,,ADMIN,COVID19,NOT_COLLECTED,NOT_COLLECTED,PW,,,,,,,,,,,,,EJRF
HRV,2024,,ADMIN,COVID19,NOT_COLLECTED,NOT_COLLECTED,POLICY_RECOMMENDATION_HCW,,,,,,,,,,,,,EJRF
HRV,2024,,ADMIN,COVID19,NOT_COLLECTED,NOT_COLLECTED,OTHER_GROUPS,,,,,,,,,,,,,EJRF
HRV,2024,,ADMIN,COVID19,NOT_COLLECTED,NOT_COLLECTED,TOTAL,,,,,,,,,,,,,EJRF
HRV,2024,,ADMIN,COVID19,NOT_COLLECTED,NOT_COLLECTED,POLICY_RECOMMENDATION_ELDERLY,,,,,,,,,,,,,EJRF
CYP,2024,,ADMIN,COVID19,NOT_COLLECTED,NOT_COLLECTED,PW,,,,,,,,,,,,,EJRF
CYP,2024,,ADMIN,COVID19,NOT_COLLECTED,NOT_COLLECTED,POLICY_RECOMMENDATION_HCW,,,,,,,,,,,,,EJRF
CYP,2024,,ADMIN,COVID19,NOT_COLLECTED,NOT_COLLECTED,OTHER_GROUPS,,,,,,,,,,,,,EJRF
CYP,2024,,ADMIN,COVID19,NOT_COLLECTED,NOT_COLLECTED,TOTAL,,,,,,,,,,,,,EJRF
CYP,2024,,ADMIN,COVID19,NOT_COLLECTED,NOT_COLLECTED,POLICY_RECOMMENDATION_ELDERLY,,,,,,,,,,,,,EJRF
CYP,2024,,ADMIN,COVID19,NOT_COLLECTED,NOT_COLLECTED,POLICY_RECOMMENDATION_ADULTS_CHRONIC,,,,,,,,,,,,,EJRF
COD,2024,,ADMIN,COVID19,NOT_COLLECTED,NOT_COLLECTED,POLICY_RECOMMENDATION_ELDERLY,-4444.000000000,-4444.000000000,-4444.000000000,,,,,,,,,,EJRF
COD,2024,,ADMIN,COVID19,NOT_COLLECTED,NOT_COLLECTED,POLICY_RECOMMENDATION_ADULTS_CHRONIC,-2222.000000000,-2222.000000000,-2222.000000000,,,,,,,,,,EJRF
COD,2024,,ADMIN,COVID19,NOT_COLLECTED,NOT_COLLECTED,PW,-2222.000000000,-2222.000000000,-2222.000000000,,,,,,,,,,EJRF
COD,2024,,ADMIN,COVID19,NOT_COLLECTED,NOT_COLLECTED,POLICY_RECOMMENDATION_HCW,-2222.000000000,-2222.000000000,-2222.000000000,,,,,,,,,,EJRF
COD,2024,,ADMIN,COVID19,NOT_COLLECTED,NOT_COLLECTED,OTHER_GROUPS,-4444.000000000,-4444.000000000,-4444.000000000,,,,,,,,,,EJRF
COD,2024,,ADMIN,COVID19,NOT_COLLECTED,NOT_COLLECTED,TOTAL,-2222.000000000,-2222.000000000,-2222.000000000,,,,,,,,,,EJRF
COD,2024,,ADMIN,COVID19,NOT_COLLECTED,NOT_COLLECTED,FEMALE,-2222.000000000,-2222.000000000,-2222.000000000,,,,,,,,,,EJRF
COD,2024,,ADMIN,COVID19,NOT_COLLECTED,NOT_COLLECTED,MALE,-2222.000000000,-2222.000000000,-2222.000000000,,,,,,,,,,EJRF
DOM,2024,,ADMIN,COVID19,NOT_COLLECTED,NOT_COLLECTED,POLICY_RECOMMENDATION_ELDERLY,,,,,,,,,,,,,EJRF
DOM,2024,,ADMIN,COVID19,NOT_COLLECTED,NOT_COLLECTED,POLICY_RECOMMENDATION_ADULTS_CHRONIC,,,,,,,,,,,,,EJRF
DOM,2024,,ADMIN,COVID19,NOT_COLLECTED,NOT_COLLECTED,PW,,,,,,,,,,,,,EJRF
DOM,2024,,ADMIN,COVID19,NOT_COLLECTED,NOT_COLLECTED,POLICY_RECOMMENDATION_HCW,,,,,,,,,,,,,EJRF
DOM,2024,,ADMIN,COVID19,NOT_COLLECTED,NOT_COLLECTED,OTHER_GROUPS,,,,,,,,,,,,,EJRF
DOM,2024,,ADMIN,COVID19,NOT_COLLECTED,NOT_COLLECTED,TOTAL,,,,,,,,,,,,,EJRF
DOM,2024,,ADMIN,COVID19,NOT_COLLECTED,NOT_COLLECTED,FEMALE,,,,,,,,,,,,,EJRF
DOM,2024,,ADMIN,COVID19,NOT_COLLECTED,NOT_COLLECTED,MALE,,,,,,,,,,,,,EJRF
EGY,2024,,ADMIN,COVID19,NOT_COLLECTED,NOT_COLLECTED,POLICY_RECOMMENDATION_ADULTS_CHRONIC,-2222.000000000,-2222.000000000,-2222.000000000,,,,,,,,,,EJRF
EGY,2024,,ADMIN,COVID19,NOT_COLLECTED,NOT_COLLECTED,PW,-2222.000000000,-2222.000000000,-2222.000000000,,,,,,,,,,EJRF
EGY,2024,,ADMIN,COVID19,NOT_COLLECTED,NOT_COLLECTED,POLICY_RECOMMENDATION_HCW,-2222.000000000,-2222.000000000,-2222.000000000,,,,,,,,,,EJRF
EGY,2024,,ADMIN,COVID19,NOT_COLLECTED,NOT_COLLECTED,OTHER_GROUPS,-2222.000000000,-2222.000000000,-2222.000000000,,,,,,,,,,EJRF
EGY,2024,,ADMIN,COVID19,NOT_COLLECTED,NOT_COLLECTED,TOTAL,-2222.000000000,-2222.000000000,-2222.000000000,,,,,,,,,,EJRF
EGY,2024,,ADMIN,COVID19,NOT_COLLECTED,NOT_COLLECTED,FEMALE,-2222.000000000,-2222.000000000,-2222.000000000,,,,,,,,,,EJRF
EGY,2024,,ADMIN,COVID19,NOT_COLLECTED,NOT_COLLECTED,MALE,-2222.000000000,-2222.000000000,-2222.000000000,,,,,,,,,,EJRF
EGY,2024,,ADMIN,COVID19,NOT_COLLECTED,NOT_COLLECTED,POLICY_RECOMMENDATION_ELDERLY,-2222.000000000,-2222.000000000,-2222.000000000,,,,,,,,,,EJRF
SWZ,2024,,ADMIN,COVID19,NOT_COLLECTED,NOT_COLLECTED,OTHER_GROUPS,-2222.000000000,-2222.000000000,-2222.000000000,,,,,,,,,,EJRF
SWZ,2024,,ADMIN,COVID19,NOT_COLLECTED,NOT_COLLECTED,TOTAL,-2222.000000000,-2222.000000000,-2222.000000000,,,,,,,,,,EJRF
SWZ,2024,,ADMIN,COVID19,NOT_COLLECTED,NOT_COLLECTED,FEMALE,-2222.000000000,-2222.000000000,-2222.000000000,,,,,,,,,,EJRF
SWZ,2024,,ADMIN,COVID19,NOT_COLLECTED,NOT_COLLECTED,MALE,-2222.000000000,-2222.000000000,-2222.000000000,,,,,,,,,,EJRF
SWZ,2024,,ADMIN,COVID19,NOT_COLLECTED,NOT_COLLECTED,POLICY_RECOMMENDATION_ELDERLY,-2222.000000000,-2222.000000000,-2222.000000000,,,,,,,,,,EJRF
SWZ,2024,,ADMIN,COVID19,NOT_COLLECTED,NOT_COLLECTED,POLICY_RECOMMENDATION_ADULTS_CHRONIC,-2222.000000000,-2222.000000000,-2222.000000000,,,,,,,,,,EJRF
SWZ,2024,,ADMIN,COVID19,NOT_COLLECTED,NOT_COLLECTED,PW,-2222.000000000,-2222.000000000,-2222.000000000,,,,,,,,,,EJRF
SWZ,2024,,ADMIN,COVID19,NOT_COLLECTED,NOT_COLLECTED,POLICY_RECOMMENDATION_HCW,-2222.000000000,-2222.000000000,-2222.000000000,,,,,,,,,,EJRF
FJI,2024,,ADMIN,COVID19,NOT_COLLECTED,NOT_COLLECTED,POLICY_RECOMMENDATION_ADULTS_CHRONIC,,-2222.000000000,,,,,,,,,,,EJRF
FJI,2024,,ADMIN,COVID19,NOT_COLLECTED,NOT_COLLECTED,PW,-2222.000000000,-2222.000000000,-2222.000000000,,,,,,,,,,EJRF
FJI,2024,,ADMIN,COVID19,NOT_COLLECTED,NOT_COLLECTED,OTHER_GROUPS,-4444.000000000,-4444.000000000,,,,,,,,,,,EJRF
FJI,2024,,ADMIN,COVID19,NOT_COLLECTED,NOT_COLLECTED,POLICY_RECOMMENDATION_HCW,-2222.000000000,-2222.000000000,-2222.000000000,,,,,,,,,,EJRF
FJI,2024,,ADMIN,COVID19,NOT_COLLECTED,NOT_COLLECTED,POLICY_RECOMMENDATION_ELDERLY,,,-2222.000000000,,,,,,,,,,EJRF
FJI,2024,,ADMIN,COVID19,NOT_COLLECTED,NOT_COLLECTED,TOTAL,-2222.000000000,-2222.000000000,-2222.000000000,,,,,,,,,,EJRF
FJI,2024,,ADMIN,COVID19,NOT_COLLECTED,NOT_COLLECTED,FEMALE,-2222.000000000,-2222.000000000,-2222.000000000,,,,,,,,,,EJRF
FJI,2024,,ADMIN,COVID19,NOT_COLLECTED,NOT_COLLECTED,MALE,-2222.000000000,-2222.000000000,-2222.000000000,,,,,,,,,,EJRF
GAB,2024,,ADMIN,COVID19,NOT_COLLECTED,NOT_COLLECTED,OTHER_GROUPS,-2222.000000000,-2222.000000000,-2222.000000000,,,,,,,,,,EJRF
GAB,2024,,ADMIN,COVID19,NOT_COLLECTED,NOT_COLLECTED,TOTAL,-2222.000000000,-2222.000000000,-2222.000000000,,,,,,,,,,EJRF
GAB,2024,,ADMIN,COVID19,NOT_COLLECTED,NOT_COLLECTED,FEMALE,-2222.000000000,-2222.000000000,-2222.000000000,,,,,,,,,,EJRF
GAB,2024,,ADMIN,COVID19,NOT_COLLECTED,NOT_COLLECTED,MALE,-2222.000000000,-2222.000000000,-2222.000000000,,,,,,,,,,EJRF
GAB,2024,,ADMIN,COVID19,NOT_COLLECTED,NOT_COLLECTED,POLICY_RECOMMENDATION_ELDERLY,-2222.000000000,-2222.000000000,-2222.000000000,,,,,,,,,,EJRF
GAB,2024,,ADMIN,COVID19,NOT_COLLECTED,NOT_COLLECTED,POLICY_RECOMMENDATION_ADULTS_CHRONIC,-2222.000000000,-2222.000000000,-2222.000000000,,,,,,,,,,EJRF
GAB,2024,,ADMIN,COVID19,NOT_COLLECTED,NOT_COLLECTED,PW,-2222.000000000,-2222.000000000,-2222.000000000,,,,,,,,,,EJRF
GAB,2024,,ADMIN,COVID19,NOT_COLLECTED,NOT_COLLECTED,POLICY_RECOMMENDATION_HCW,-2222.000000000,-2222.000000000,-2222.000000000,,,,,,,,,,EJRF
GMB,2024,,ADMIN,COVID19,NOT_COLLECTED,NOT_COLLECTED,POLICY_RECOMMENDATION_ELDERLY,-2222.000000000,4716.000000000,-2222.000000000,,,,,,,,,,EJRF
GMB,2024,,ADMIN,COVID19,NOT_COLLECTED,NOT_COLLECTED,POLICY_RECOMMENDATION_ADULTS_CHRONIC,-2222.000000000,-2222.000000000,-2222.000000000,,,,,,,,,,EJRF
GMB,2024,,ADMIN,COVID19,NOT_COLLECTED,NOT_COLLECTED,PW,-2222.000000000,-2222.000000000,-2222.000000000,,,,,,,,,,EJRF
GMB,2024,,ADMIN,COVID19,NOT_COLLECTED,NOT_COLLECTED,POLICY_RECOMMENDATION_HCW,-2222.000000000,130.000000000,-2222.000000000,,,,,,,,,,EJRF
GMB,2024,,ADMIN,COVID19,NOT_COLLECTED,NOT_COLLECTED,OTHER_GROUPS,,,,,,,,,,,,,EJRF
GMB,2024,,ADMIN,COVID19,NOT_COLLECTED,NOT_COLLECTED,TOTAL,4716.000000000,2477.000000000,52.523324852,,,,,,,,,,EJRF
GMB,2024,,ADMIN,COVID19,NOT_COLLECTED,NOT_COLLECTED,FEMALE,2403.000000000,1434.000000000,59.675405743,,,,,,,,,,EJRF
GMB,2024,,ADMIN,COVID19,NOT_COLLECTED,NOT_COLLECTED,MALE,2313.000000000,1043.000000000,45.092952875,,,,,,,,,,EJRF
GEO,2024,,ADMIN,COVID19,NOT_COLLECTED,NOT_COLLECTED,POLICY_RECOMMENDATION_ADULTS_CHRONIC,,,,,,,,,,,,,EJRF
GEO,2024,,ADMIN,COVID19,NOT_COLLECTED,NOT_COLLECTED,PW,-4444.000000000,-4444.000000000,-4444.000000000,,,,,,,,,,EJRF
GEO,2024,,ADMIN,COVID19,NOT_COLLECTED,NOT_COLLECTED,POLICY_RECOMMENDATION_HCW,-4444.000000000,0.000000000,-4444.000000000,,,,,,,,,,EJRF
GEO,2024,,ADMIN,COVID19,NOT_COLLECTED,NOT_COLLECTED,OTHER_GROUPS,-4444.000000000,-4444.000000000,-4444.000000000,,,,,,,,,,EJRF
GEO,2024,,ADMIN,COVID19,NOT_COLLECTED,NOT_COLLECTED,TOTAL,-4444.000000000,0.000000000,-4444.000000000,,,,,,,,,,EJRF
GEO,2024,,ADMIN,COVID19,NOT_COLLECTED,NOT_COLLECTED,POLICY_RECOMMENDATION_ELDERLY,0.000000000,0.000000000,-4444.000000000,,,,,,,,,,EJRF
DEU,2024,,ADMIN,COVID19,NOT_COLLECTED,NOT_COLLECTED,POLICY_RECOMMENDATION_HCW,,,,,,,,,,,,,EJRF
DEU,2024,,ADMIN,COVID19,NOT_COLLECTED,NOT_COLLECTED,POLICY_RECOMMENDATION_ELDERLY,,,,,,,,,,,,,EJRF
DEU,2024,,ADMIN,COVID19,NOT_COLLECTED,NOT_COLLECTED,OTHER_GROUPS,,,,,,,,,,,,,EJRF
DEU,2024,,ADMIN,COVID19,NOT_COLLECTED,NOT_COLLECTED,TOTAL,,,,,,,,,,,,,EJRF
DEU,2024,,ADMIN,COVID19,NOT_COLLECTED,NOT_COLLECTED,POLICY_RECOMMENDATION_ADULTS_CHRONIC,,,,,,,,,,,,,EJRF
DEU,2024,,ADMIN,COVID19,NOT_COLLECTED,NOT_COLLECTED,PW,,,,,,,,,,,,,EJRF
GHA,2024,,ADMIN,COVID19,NOT_COLLECTED,NOT_COLLECTED,POLICY_RECOMMENDATION_ELDERLY,-2222.000000000,-2222.000000000,-2222.000000000,,,,,,,,,,EJRF
GHA,2024,,ADMIN,COVID19,NOT_COLLECTED,NOT_COLLECTED,POLICY_RECOMMENDATION_ADULTS_CHRONIC,-2222.000000000,-2222.000000000,-2222.000000000,,,,,,,,,,EJRF
GHA,2024,,ADMIN,COVID19,NOT_COLLECTED,NOT_COLLECTED,PW,-2222.000000000,-2222.000000000,-2222.000000000,,,,,,,,,,EJRF
GHA,2024,,ADMIN,COVID19,NOT_COLLECTED,NOT_COLLECTED,POLICY_RECOMMENDATION_HCW,-2222.000000000,-2222.000000000,-2222.000000000,,,,,,,,,,EJRF
GHA,2024,,ADMIN,COVID19,NOT_COLLECTED,NOT_COLLECTED,OTHER_GROUPS,-2222.000000000,-2222.000000000,-2222.000000000,,,,,,,,,,EJRF
GHA,2024,,ADMIN,COVID19,NOT_COLLECTED,NOT_COLLECTED,TOTAL,21340009.000000000,15168392.000000000,71.079595140,,,,,,,,,,EJRF
GHA,2024,,ADMIN,COVID19,NOT_COLLECTED,NOT_COLLECTED,FEMALE,-2222.000000000,-2222.000000000,-2222.000000000,,,,,,,,,,EJRF
GHA,2024,,ADMIN,COVID19,NOT_COLLECTED,NOT_COLLECTED,MALE,-2222.000000000,-2222.000000000,-2222.000000000,,,,,,,,,,EJRF
GRC,2024,,ADMIN,COVID19,NOT_COLLECTED,NOT_COLLECTED,OTHER_GROUPS,,,,,,,,,,,,,EJRF
GRC,2024,,ADMIN,COVID19,NOT_COLLECTED,NOT_COLLECTED,TOTAL,,,,,,,,,,,,,EJRF
GRC,2024,,ADMIN,COVID19,NOT_COLLECTED,NOT_COLLECTED,POLICY_RECOMMENDATION_ADULTS_CHRONIC,,,,,,,,,,,,,EJRF
GRC,2024,,ADMIN,COVID19,NOT_COLLECTED,NOT_COLLECTED,PW,,,,,,,,,,,,,EJRF
GRC,2024,,ADMIN,COVID19,NOT_COLLECTED,NOT_COLLECTED,POLICY_RECOMMENDATION_HCW,,,,,,,,,,,,,EJRF
GRC,2024,,ADMIN,COVID19,NOT_COLLECTED,NOT_COLLECTED,POLICY_RECOMMENDATION_ELDERLY,,,,,,,,,,,,,EJRF
GTM,2024,,ADMIN,COVID19,NOT_COLLECTED,NOT_COLLECTED,POLICY_RECOMMENDATION_ADULTS_CHRONIC,-2222.000000000,1699.000000000,-2222.000000000,,,,,,,,,,EJRF
GTM,2024,,ADMIN,COVID19,NOT_COLLECTED,NOT_COLLECTED,PW,-2222.000000000,2090.000000000,-2222.000000000,,,,,,,,,,EJRF
GTM,2024,,ADMIN,COVID19,NOT_COLLECTED,NOT_COLLECTED,POLICY_RECOMMENDATION_HCW,-2222.000000000,11146.000000000,-2222.000000000,,,,,,,,,,EJRF
GTM,2024,,ADMIN,COVID19,NOT_COLLECTED,NOT_COLLECTED,OTHER_GROUPS,-2222.000000000,-2222.000000000,-4444.000000000,,,,,,,,,,EJRF
GTM,2024,,ADMIN,COVID19,NOT_COLLECTED,NOT_COLLECTED,TOTAL,-2222.000000000,-2222.000000000,-2222.000000000,,,,,,,,,,EJRF
GTM,2024,,ADMIN,COVID19,NOT_COLLECTED,NOT_COLLECTED,FEMALE,7586153.000000000,12097.000000000,0.159461587,,,,,,,,,,EJRF
GTM,2024,,ADMIN,COVID19,NOT_COLLECTED,NOT_COLLECTED,MALE,7266854.000000000,6664.000000000,0.091704058,,,,,,,,,,EJRF
GTM,2024,,ADMIN,COVID19,NOT_COLLECTED,NOT_COLLECTED,POLICY_RECOMMENDATION_ELDERLY,-4444.000000000,-4444.000000000,-4444.000000000,,,,,,,,,,EJRF
GIN,2024,,ADMIN,COVID19,NOT_COLLECTED,NOT_COLLECTED,POLICY_RECOMMENDATION_ELDERLY,-4444.000000000,-4444.000000000,-4444.000000000,,,,,,,,,,EJRF
GIN,2024,,ADMIN,COVID19,NOT_COLLECTED,NOT_COLLECTED,PW,-4444.000000000,-4444.000000000,-4444.000000000,,,,,,,,,,EJRF
GIN,2024,,ADMIN,COVID19,NOT_COLLECTED,NOT_COLLECTED,POLICY_RECOMMENDATION_HCW,-4444.000000000,-4444.000000000,-4444.000000000,,,,,,,,,,EJRF
GIN,2024,,ADMIN,COVID19,NOT_COLLECTED,NOT_COLLECTED,POLICY_RECOMMENDATION_ADULTS_CHRONIC,-4444.000000000,-4444.000000000,-4444.000000000,,,,,,,,,,EJRF
GIN,2024,,ADMIN,COVID19,NOT_COLLECTED,NOT_COLLECTED,OTHER_GROUPS,-4444.000000000,-4444.000000000,-4444.000000000,,,,,,,,,,EJRF
GIN,2024,,ADMIN,COVID19,NOT_COLLECTED,NOT_COLLECTED,TOTAL,-4444.000000000,-4444.000000000,-4444.000000000,,,,,,,,,,EJRF
GIN,2024,,ADMIN,COVID19,NOT_COLLECTED,NOT_COLLECTED,FEMALE,-4444.000000000,-4444.000000000,-4444.000000000,,,,,,,,,,EJRF
GIN,2024,,ADMIN,COVID19,NOT_COLLECTED,NOT_COLLECTED,MALE,-4444.000000000,-4444.000000000,-4444.000000000,,,,,,,,,,EJRF
HND,2024,,ADMIN,COVID19,NOT_COLLECTED,NOT_COLLECTED,POLICY_RECOMMENDATION_ELDERLY,548937.000000000,83460.000000000,15.203930506,,,,,,,,,,EJRF
HND,2024,,ADMIN,COVID19,NOT_COLLECTED,NOT_COLLECTED,POLICY_RECOMMENDATION_ADULTS_CHRONIC,-2222.000000000,1185.000000000,-2222.000000000,,,,,,,,,,EJRF
HND,2024,,ADMIN,COVID19,NOT_COLLECTED,NOT_COLLECTED,PW,77000.000000000,11281.000000000,14.650649351,,,,,,,,,,EJRF
HND,2024,,ADMIN,COVID19,NOT_COLLECTED,NOT_COLLECTED,POLICY_RECOMMENDATION_HCW,-2222.000000000,1724.000000000,-2222.000000000,,,,,,,,,,EJRF
HND,2024,,ADMIN,COVID19,NOT_COLLECTED,NOT_COLLECTED,OTHER_GROUPS,-4444.000000000,-4444.000000000,-4444.000000000,,,,,,,,,,EJRF
HND,2024,,ADMIN,COVID19,NOT_COLLECTED,NOT_COLLECTED,TOTAL,-4444.000000000,-4444.000000000,-4444.000000000,,,,,,,,,,EJRF
HND,2024,,ADMIN,COVID19,NOT_COLLECTED,NOT_COLLECTED,FEMALE,-2222.000000000,-2222.000000000,-2222.000000000,,,,,,,,,,EJRF
HND,2024,,ADMIN,COVID19,NOT_COLLECTED,NOT_COLLECTED,MALE,-2222.000000000,-2222.000000000,-2222.000000000,,,,,,,,,,EJRF
IDN,2024,,ADMIN,COVID19,NOT_COLLECTED,NOT_COLLECTED,POLICY_RECOMMENDATION_ADULTS_CHRONIC,3023762.000000000,3077.000000000,0.101760654,,,,,,,,,,EJRF
IDN,2024,,ADMIN,COVID19,NOT_COLLECTED,NOT_COLLECTED,PW,4867979.000000000,,,,,,,,,,,,EJRF
IDN,2024,,ADMIN,COVID19,NOT_COLLECTED,NOT_COLLECTED,POLICY_RECOMMENDATION_HCW,1499959.000000000,4425.000000000,0.295008064,,,,,,,,,,EJRF
IDN,2024,,ADMIN,COVID19,NOT_COLLECTED,NOT_COLLECTED,OTHER_GROUPS,-4444.000000000,-4444.000000000,,,,,,,,,,,EJRF
IDN,2024,,ADMIN,COVID19,NOT_COLLECTED,NOT_COLLECTED,TOTAL,41815968.000000000,7543.000000000,0.018038564,,,,,,,,,,EJRF
IDN,2024,,ADMIN,COVID19,NOT_COLLECTED,NOT_COLLECTED,FEMALE,-2222.000000000,1366.000000000,,,,,,,,,,,EJRF
IDN,2024,,ADMIN,COVID19,NOT_COLLECTED,NOT_COLLECTED,MALE,-2222.000000000,1903.000000000,,,,,,,,,,,EJRF
IDN,2024,,ADMIN,COVID19,NOT_COLLECTED,NOT_COLLECTED,POLICY_RECOMMENDATION_ELDERLY,32424268.000000000,41.000000000,0.000126448,,,,,,,,,,EJRF
IRL,2024,,ADMIN,COVID19,NOT_COLLECTED,NOT_COLLECTED,POLICY_RECOMMENDATION_ELDERLY,,,,,,,,,,,,,EJRF
IRL,2024,,ADMIN,COVID19,NOT_COLLECTED,NOT_COLLECTED,POLICY_RECOMMENDATION_ADULTS_CHRONIC,,,,,,,,,,,,,EJRF
IRL,2024,,ADMIN,COVID19,NOT_COLLECTED,NOT_COLLECTED,PW,,,,,,,,,,,,,EJRF
IRL,2024,,ADMIN,COVID19,NOT_COLLECTED,NOT_COLLECTED,POLICY_RECOMMENDATION_HCW,,,,,,,,,,,,,EJRF
IRL,2024,,ADMIN,COVID19,NOT_COLLECTED,NOT_COLLECTED,OTHER_GROUPS,,,,,,,,,,,,,EJRF
IRL,2024,,ADMIN,COVID19,NOT_COLLECTED,NOT_COLLECTED,TOTAL,,,,,,,,,,,,,EJRF
LVA,2024,,ADMIN,COVID19,NOT_COLLECTED,NOT_COLLECTED,POLICY_RECOMMENDATION_ELDERLY,,,,,,,,,,,,,EJRF
LVA,2024,,ADMIN,COVID19,NOT_COLLECTED,NOT_COLLECTED,TOTAL,,,,,,,,,,,,,EJRF
LVA,2024,,ADMIN,COVID19,NOT_COLLECTED,NOT_COLLECTED,POLICY_RECOMMENDATION_ADULTS_CHRONIC,,,,,,,,,,,,,EJRF
LVA,2024,,ADMIN,COVID19,NOT_COLLECTED,NOT_COLLECTED,PW,,,,,,,,,,,,,EJRF
LVA,2024,,ADMIN,COVID19,NOT_COLLECTED,NOT_COLLECTED,POLICY_RECOMMENDATION_HCW,,,,,,,,,,,,,EJRF
LVA,2024,,ADMIN,COVID19,NOT_COLLECTED,NOT_COLLECTED,OTHER_GROUPS,,,,,,,,,,,,,EJRF
LSO,2024,,ADMIN,COVID19,NOT_COLLECTED,NOT_COLLECTED,POLICY_RECOMMENDATION_ADULTS_CHRONIC,,,,,,,,,,,,,EJRF
LSO,2024,,ADMIN,COVID19,NOT_COLLECTED,NOT_COLLECTED,PW,,,,,,,,,,,,,EJRF
LSO,2024,,ADMIN,COVID19,NOT_COLLECTED,NOT_COLLECTED,POLICY_RECOMMENDATION_HCW,,,,,,,,,,,,,EJRF
LSO,2024,,ADMIN,COVID19,NOT_COLLECTED,NOT_COLLECTED,OTHER_GROUPS,,,,,,,,,,,,,EJRF
LSO,2024,,ADMIN,COVID19,NOT_COLLECTED,NOT_COLLECTED,TOTAL,,,,,,,,,,,,,EJRF
LSO,2024,,ADMIN,COVID19,NOT_COLLECTED,NOT_COLLECTED,FEMALE,,,,,,,,,,,,,EJRF
LSO,2024,,ADMIN,COVID19,NOT_COLLECTED,NOT_COLLECTED,MALE,,,,,,,,,,,,,EJRF
LSO,2024,,ADMIN,COVID19,NOT_COLLECTED,NOT_COLLECTED,POLICY_RECOMMENDATION_ELDERLY,,,,,,,,,,,,,EJRF
LUX,2024,,ADMIN,COVID19,NOT_COLLECTED,NOT_COLLECTED,POLICY_RECOMMENDATION_ELDERLY,,,,,,,,,,,,,EJRF
LUX,2024,,ADMIN,COVID19,NOT_COLLECTED,NOT_COLLECTED,POLICY_RECOMMENDATION_ADULTS_CHRONIC,,,,,,,,,,,,,EJRF
LUX,2024,,ADMIN,COVID19,NOT_COLLECTED,NOT_COLLECTED,PW,,,,,,,,,,,,,EJRF
LUX,2024,,ADMIN,COVID19,NOT_COLLECTED,NOT_COLLECTED,POLICY_RECOMMENDATION_HCW,,,,,,,,,,,,,EJRF
LUX,2024,,ADMIN,COVID19,NOT_COLLECTED,NOT_COLLECTED,OTHER_GROUPS,,,,,,,,,,,,,EJRF
LUX,2024,,ADMIN,COVID19,NOT_COLLECTED,NOT_COLLECTED,TOTAL,,,,,,,,,,,,,EJRF
MLI,2024,,ADMIN,COVID19,NOT_COLLECTED,NOT_COLLECTED,POLICY_RECOMMENDATION_ELDERLY,,,,,,,,,,,,,EJRF
MLI,2024,,ADMIN,COVID19,NOT_COLLECTED,NOT_COLLECTED,PW,,,,,,,,,,,,,EJRF
MLI,2024,,ADMIN,COVID19,NOT_COLLECTED,NOT_COLLECTED,POLICY_RECOMMENDATION_HCW,,,,,,,,,,,,,EJRF
MLI,2024,,ADMIN,COVID19,NOT_COLLECTED,NOT_COLLECTED,OTHER_GROUPS,,,,,,,,,,,,,EJRF
MLI,2024,,ADMIN,COVID19,NOT_COLLECTED,NOT_COLLECTED,POLICY_RECOMMENDATION_ADULTS_CHRONIC,,,,,,,,,,,,,EJRF
MLI,2024,,ADMIN,COVID19,NOT_COLLECTED,NOT_COLLECTED,TOTAL,,,,,,,,,,,,,EJRF
MLI,2024,,ADMIN,COVID19,NOT_COLLECTED,NOT_COLLECTED,FEMALE,,,,,,,,,,,,,EJRF
MLI,2024,,ADMIN,COVID19,NOT_COLLECTED,NOT_COLLECTED,MALE,,,,,,,,,,,,,EJRF
MUS,2024,,ADMIN,COVID19,NOT_COLLECTED,NOT_COLLECTED,POLICY_RECOMMENDATION_ELDERLY,,,,,,,,,,,,,EJRF
MUS,2024,,ADMIN,COVID19,NOT_COLLECTED,NOT_COLLECTED,POLICY_RECOMMENDATION_ADULTS_CHRONIC,,,,,,,,,,,,,EJRF
MUS,2024,,ADMIN,COVID19,NOT_COLLECTED,NOT_COLLECTED,PW,,,,,,,,,,,,,EJRF
MUS,2024,,ADMIN,COVID19,NOT_COLLECTED,NOT_COLLECTED,POLICY_RECOMMENDATION_HCW,,,,,,,,,,,,,EJRF
MUS,2024,,ADMIN,COVID19,NOT_COLLECTED,NOT_COLLECTED,OTHER_GROUPS,,,,,,,,,,,,,EJRF
MUS,2024,,ADMIN,COVID19,NOT_COLLECTED,NOT_COLLECTED,TOTAL,,,,,,,,,,,,,EJRF
MUS,2024,,ADMIN,COVID19,NOT_COLLECTED,NOT_COLLECTED,FEMALE,,,,,,,,,,,,,EJRF
MUS,2024,,ADMIN,COVID19,NOT_COLLECTED,NOT_COLLECTED,MALE,,,,,,,,,,,,,EJRF
MNG,2024,,ADMIN,COVID19,NOT_COLLECTED,NOT_COLLECTED,POLICY_RECOMMENDATION_ELDERLY,,,,,,,,,,,,,EJRF
MNG,2024,,ADMIN,COVID19,NOT_COLLECTED,NOT_COLLECTED,POLICY_RECOMMENDATION_ADULTS_CHRONIC,,,,,,,,,,,,,EJRF
MNG,2024,,ADMIN,COVID19,NOT_COLLECTED,NOT_COLLECTED,PW,,,,,,,,,,,,,EJRF
MNG,2024,,ADMIN,COVID19,NOT_COLLECTED,NOT_COLLECTED,POLICY_RECOMMENDATION_HCW,,,,,,,,,,,,,EJRF
MNG,2024,,ADMIN,COVID19,NOT_COLLECTED,NOT_COLLECTED,OTHER_GROUPS,,,,,,,,,,,,,EJRF
MNG,2024,,ADMIN,COVID19,NOT_COLLECTED,NOT_COLLECTED,TOTAL,-2222.000000000,-2222.000000000,-2222.000000000,,,,,,,,,,EJRF
MNG,2024,,ADMIN,COVID19,NOT_COLLECTED,NOT_COLLECTED,FEMALE,-2222.000000000,-2222.000000000,-2222.000000000,,,,,,,,,,EJRF
MNG,2024,,ADMIN,COVID19,NOT_COLLECTED,NOT_COLLECTED,MALE,-2222.000000000,-2222.000000000,-2222.000000000,,,,,,,,,,EJRF
MSR,2024,,ADMIN,COVID19,NOT_COLLECTED,NOT_COLLECTED,OTHER_GROUPS,0.000000000,0.000000000,0.000000000,,,,,,,,,,EJRF
MSR,2024,,ADMIN,COVID19,NOT_COLLECTED,NOT_COLLECTED,TOTAL,0.000000000,0.000000000,0.000000000,,,,,,,,,,EJRF
MSR,2024,,ADMIN,COVID19,NOT_COLLECTED,NOT_COLLECTED,FEMALE,0.000000000,0.000000000,0.000000000,,,,,,,,,,EJRF
MSR,2024,,ADMIN,COVID19,NOT_COLLECTED,NOT_COLLECTED,MALE,,0.000000000,,,,,,,,,,,EJRF
MSR,2024,,ADMIN,COVID19,NOT_COLLECTED,NOT_COLLECTED,POLICY_RECOMMENDATION_ELDERLY,0.000000000,0.000000000,0.000000000,,,,,,,,,,EJRF
MSR,2024,,ADMIN,COVID19,NOT_COLLECTED,NOT_COLLECTED,POLICY_RECOMMENDATION_ADULTS_CHRONIC,0.000000000,0.000000000,0.000000000,,,,,,,,,,EJRF
MSR,2024,,ADMIN,COVID19,NOT_COLLECTED,NOT_COLLECTED,PW,0.000000000,0.000000000,0.000000000,,,,,,,,,,EJRF
MSR,2024,,ADMIN,COVID19,NOT_COLLECTED,NOT_COLLECTED,POLICY_RECOMMENDATION_HCW,0.000000000,0.000000000,0.000000000,,,,,,,,,,EJRF
MMR,2024,,ADMIN,COVID19,NOT_COLLECTED,NOT_COLLECTED,PW,-2222.000000000,-2222.000000000,-2222.000000000,,,,,,,,,,EJRF
MMR,2024,,ADMIN,COVID19,NOT_COLLECTED,NOT_COLLECTED,POLICY_RECOMMENDATION_HCW,-2222.000000000,-2222.000000000,-2222.000000000,,,,,,,,,,EJRF
MMR,2024,,ADMIN,COVID19,NOT_COLLECTED,NOT_COLLECTED,OTHER_GROUPS,-2222.000000000,-2222.000000000,-2222.000000000,,,,,,,,,,EJRF
MMR,2024,,ADMIN,COVID19,NOT_COLLECTED,NOT_COLLECTED,TOTAL,-2222.000000000,-2222.000000000,-2222.000000000,,,,,,,,,,EJRF
MMR,2024,,ADMIN,COVID19,NOT_COLLECTED,NOT_COLLECTED,FEMALE,-2222.000000000,-2222.000000000,-2222.000000000,,,,,,,,,,EJRF
MMR,2024,,ADMIN,COVID19,NOT_COLLECTED,NOT_COLLECTED,MALE,-2222.000000000,-2222.000000000,-2222.000000000,,,,,,,,,,EJRF
MMR,2024,,ADMIN,COVID19,NOT_COLLECTED,NOT_COLLECTED,POLICY_RECOMMENDATION_ADULTS_CHRONIC,-2222.000000000,-2222.000000000,-2222.000000000,,,,,,,,,,EJRF
MMR,2024,,ADMIN,COVID19,NOT_COLLECTED,NOT_COLLECTED,POLICY_RECOMMENDATION_ELDERLY,-2222.000000000,1775207.000000000,-2222.000000000,,,,,,,,,,EJRF
NZL,2024,,ADMIN,COVID19,NOT_COLLECTED,NOT_COLLECTED,OTHER_GROUPS,-2222.000000000,-2222.000000000,-2222.000000000,,,,,,,,,,EJRF
NZL,2024,,ADMIN,COVID19,NOT_COLLECTED,NOT_COLLECTED,TOTAL,-2222.000000000,-2222.000000000,-2222.000000000,,,,,,,,,,EJRF
NZL,2024,,ADMIN,COVID19,NOT_COLLECTED,NOT_COLLECTED,FEMALE,-2222.000000000,-2222.000000000,-2222.000000000,,,,,,,,,,EJRF
NZL,2024,,ADMIN,COVID19,NOT_COLLECTED,NOT_COLLECTED,MALE,-2222.000000000,-2222.000000000,-2222.000000000,,,,,,,,,,EJRF
NZL,2024,,ADMIN,COVID19,NOT_COLLECTED,NOT_COLLECTED,POLICY_RECOMMENDATION_ELDERLY,900405.000000000,334583.000000000,37.159167264,,,,,,,,,,EJRF
NZL,2024,,ADMIN,COVID19,NOT_COLLECTED,NOT_COLLECTED,POLICY_RECOMMENDATION_ADULTS_CHRONIC,-2222.000000000,-2222.000000000,-2222.000000000,,,,,,,,,,EJRF
NZL,2024,,ADMIN,COVID19,NOT_COLLECTED,NOT_COLLECTED,PW,-2222.000000000,-2222.000000000,-2222.000000000,,,,,,,,,,EJRF
NZL,2024,,ADMIN,COVID19,NOT_COLLECTED,NOT_COLLECTED,POLICY_RECOMMENDATION_HCW,-2222.000000000,-2222.000000000,-2222.000000000,,,,,,,,,,EJRF
NER,2024,,ADMIN,COVID19,NOT_COLLECTED,NOT_COLLECTED,PW,-4444.000000000,-4444.000000000,,,,,,,,,,,EJRF
NER,2024,,ADMIN,COVID19,NOT_COLLECTED,NOT_COLLECTED,POLICY_RECOMMENDATION_HCW,-2222.000000000,-2222.000000000,,,,,,,,,,,EJRF
NER,2024,,ADMIN,COVID19,NOT_COLLECTED,NOT_COLLECTED,OTHER_GROUPS,-4444.000000000,-4444.000000000,,,,,,,,,,,EJRF
NER,2024,,ADMIN,COVID19,NOT_COLLECTED,NOT_COLLECTED,TOTAL,,,,,,,,,,,,,EJRF
NER,2024,,ADMIN,COVID19,NOT_COLLECTED,NOT_COLLECTED,FEMALE,,,,,,,,,,,,,EJRF
NER,2024,,ADMIN,COVID19,NOT_COLLECTED,NOT_COLLECTED,MALE,,,,,,,,,,,,,EJRF
NER,2024,,ADMIN,COVID19,NOT_COLLECTED,NOT_COLLECTED,POLICY_RECOMMENDATION_ELDERLY,-2222.000000000,-2222.000000000,,,,,,,,,,,EJRF
NER,2024,,ADMIN,COVID19,NOT_COLLECTED,NOT_COLLECTED,POLICY_RECOMMENDATION_ADULTS_CHRONIC,-2222.000000000,-2222.000000000,-2222.000000000,,,,,,,,,,EJRF
NGA,2024,,ADMIN,COVID19,NOT_COLLECTED,NOT_COLLECTED,TOTAL,118819142.000000000,87018.000000000,0.073235674,,,,,,,,,,EJRF
NGA,2024,,ADMIN,COVID19,NOT_COLLECTED,NOT_COLLECTED,FEMALE,59432197.000000000,47284.000000000,0.079559569,,,,,,,,,,EJRF
NGA,2024,,ADMIN,COVID19,NOT_COLLECTED,NOT_COLLECTED,MALE,59386945.000000000,39734.000000000,0.066906961,,,,,,,,,,EJRF
NGA,2024,,ADMIN,COVID19,NOT_COLLECTED,NOT_COLLECTED,POLICY_RECOMMENDATION_ELDERLY,23515663.000000000,26863.000000000,0.114234500,,,,,,,,,,EJRF
NGA,2024,,ADMIN,COVID19,NOT_COLLECTED,NOT_COLLECTED,POLICY_RECOMMENDATION_HCW,2275032.000000000,867.000000000,0.038109354,,,,,,,,,,EJRF
NGA,2024,,ADMIN,COVID19,NOT_COLLECTED,NOT_COLLECTED,OTHER_GROUPS,93780475.000000000,59288.000000000,0.063219983,,,,,,,,,,EJRF
NGA,2024,,ADMIN,COVID19,NOT_COLLECTED,NOT_COLLECTED,POLICY_RECOMMENDATION_ADULTS_CHRONIC,-2222.000000000,-2222.000000000,-2222.000000000,,,,,,,,,,EJRF
NGA,2024,,ADMIN,COVID19,NOT_COLLECTED,NOT_COLLECTED,PW,-2222.000000000,-2222.000000000,-2222.000000000,,,,,,,,,,EJRF
OMN,2024,,ADMIN,COVID19,NOT_COLLECTED,NOT_COLLECTED,POLICY_RECOMMENDATION_ELDERLY,,,,,,,,,,,,,EJRF
OMN,2024,,ADMIN,COVID19,NOT_COLLECTED,NOT_COLLECTED,POLICY_RECOMMENDATION_ADULTS_CHRONIC,,,,,,,,,,,,,EJRF
OMN,2024,,ADMIN,COVID19,NOT_COLLECTED,NOT_COLLECTED,PW,,,,,,,,,,,,,EJRF
OMN,2024,,ADMIN,COVID19,NOT_COLLECTED,NOT_COLLECTED,POLICY_RECOMMENDATION_HCW,,,,,,,,,,,,,EJRF
OMN,2024,,ADMIN,COVID19,NOT_COLLECTED,NOT_COLLECTED,OTHER_GROUPS,,,,,,,,,,,,,EJRF
OMN,2024,,ADMIN,COVID19,NOT_COLLECTED,NOT_COLLECTED,TOTAL,,,,,,,,,,,,,EJRF
OMN,2024,,ADMIN,COVID19,NOT_COLLECTED,NOT_COLLECTED,FEMALE,,,,,,,,,,,,,EJRF
OMN,2024,,ADMIN,COVID19,NOT_COLLECTED,NOT_COLLECTED,MALE,,,,,,,,,,,,,EJRF
PRY,2024,,ADMIN,COVID19,NOT_COLLECTED,NOT_COLLECTED,POLICY_RECOMMENDATION_ELDERLY,-2222.000000000,53884.000000000,-2222.000000000,,,,,,,,,,EJRF
PRY,2024,,ADMIN,COVID19,NOT_COLLECTED,NOT_COLLECTED,POLICY_RECOMMENDATION_ADULTS_CHRONIC,-2222.000000000,30505.000000000,-2222.000000000,,,,,,,,,,EJRF
PRY,2024,,ADMIN,COVID19,NOT_COLLECTED,NOT_COLLECTED,PW,-2222.000000000,1881.000000000,-4444.000000000,,,,,,,,,,EJRF
PRY,2024,,ADMIN,COVID19,NOT_COLLECTED,NOT_COLLECTED,POLICY_RECOMMENDATION_HCW,-2222.000000000,9468.000000000,-2222.000000000,,,,,,,,,,EJRF
PRY,2024,,ADMIN,COVID19,NOT_COLLECTED,NOT_COLLECTED,OTHER_GROUPS,-2222.000000000,103049.000000000,-2222.000000000,,,,,,,,,,EJRF
PRY,2024,,ADMIN,COVID19,NOT_COLLECTED,NOT_COLLECTED,TOTAL,-2222.000000000,206695.000000000,-2222.000000000,,,,,,,,,,EJRF
PRY,2024,,ADMIN,COVID19,NOT_COLLECTED,NOT_COLLECTED,FEMALE,-2222.000000000,117194.000000000,-2222.000000000,,,,,,,,,,EJRF
PRY,2024,,ADMIN,COVID19,NOT_COLLECTED,NOT_COLLECTED,MALE,-2222.000000000,89501.000000000,-2222.000000000,,,,,,,,,,EJRF
ROU,2024,,ADMIN,COVID19,NOT_COLLECTED,NOT_COLLECTED,POLICY_RECOMMENDATION_ELDERLY,,,,,,,,,,,,,EJRF
ROU,2024,,ADMIN,COVID19,NOT_COLLECTED,NOT_COLLECTED,PW,,,,,,,,,,,,,EJRF
ROU,2024,,ADMIN,COVID19,NOT_COLLECTED,NOT_COLLECTED,POLICY_RECOMMENDATION_HCW,,,,,,,,,,,,,EJRF
ROU,2024,,ADMIN,COVID19,NOT_COLLECTED,NOT_COLLECTED,OTHER_GROUPS,,,,,,,,,,,,,EJRF
ROU,2024,,ADMIN,COVID19,NOT_COLLECTED,NOT_COLLECTED,TOTAL,,,,,,,,,,,,,EJRF
ROU,2024,,ADMIN,COVID19,NOT_COLLECTED,NOT_COLLECTED,POLICY_RECOMMENDATION_ADULTS_CHRONIC,,,,,,,,,,,,,EJRF
VCT,2024,,ADMIN,COVID19,NOT_COLLECTED,NOT_COLLECTED,POLICY_RECOMMENDATION_ELDERLY,,,,,,,,,,,,,EJRF
VCT,2024,,ADMIN,COVID19,NOT_COLLECTED,NOT_COLLECTED,POLICY_RECOMMENDATION_ADULTS_CHRONIC,-4444.000000000,-4444.000000000,,,,,,,,,,,EJRF
VCT,2024,,ADMIN,COVID19,NOT_COLLECTED,NOT_COLLECTED,PW,-4444.000000000,-4444.000000000,,,,,,,,,,,EJRF
VCT,2024,,ADMIN,COVID19,NOT_COLLECTED,NOT_COLLECTED,POLICY_RECOMMENDATION_HCW,-4444.000000000,0.000000000,,,,,,,,,,,EJRF
VCT,2024,,ADMIN,COVID19,NOT_COLLECTED,NOT_COLLECTED,OTHER_GROUPS,-4444.000000000,-4444.000000000,,,,,,,,,,,EJRF
VCT,2024,,ADMIN,COVID19,NOT_COLLECTED,NOT_COLLECTED,TOTAL,,,,,,,,,,,,,EJRF
VCT,2024,,ADMIN,COVID19,NOT_COLLECTED,NOT_COLLECTED,FEMALE,,,,,,,,,,,,,EJRF
VCT,2024,,ADMIN,COVID19,NOT_COLLECTED,NOT_COLLECTED,MALE,,,,,,,,,,,,,EJRF
SEN,2024,,ADMIN,COVID19,NOT_COLLECTED,NOT_COLLECTED,POLICY_RECOMMENDATION_ADULTS_CHRONIC,-2222.000000000,-2222.000000000,-2222.000000000,,,,,,,,,,EJRF
SEN,2024,,ADMIN,COVID19,NOT_COLLECTED,NOT_COLLECTED,PW,657571.000000000,-2222.000000000,-2222.000000000,,,,,,,,,,EJRF
SEN,2024,,ADMIN,COVID19,NOT_COLLECTED,NOT_COLLECTED,POLICY_RECOMMENDATION_HCW,-2222.000000000,-2222.000000000,-2222.000000000,,,,,,,,,,EJRF
SEN,2024,,ADMIN,COVID19,NOT_COLLECTED,NOT_COLLECTED,OTHER_GROUPS,-4444.000000000,-4444.000000000,-4444.000000000,,,,,,,,,,EJRF
SEN,2024,,ADMIN,COVID19,NOT_COLLECTED,NOT_COLLECTED,TOTAL,-2222.000000000,-4444.000000000,-2222.000000000,,,,,,,,,,EJRF
SEN,2024,,ADMIN,COVID19,NOT_COLLECTED,NOT_COLLECTED,FEMALE,2418757.000000000,-2222.000000000,-2222.000000000,,,,,,,,,,EJRF
SEN,2024,,ADMIN,COVID19,NOT_COLLECTED,NOT_COLLECTED,MALE,2333331.000000000,-2222.000000000,-2222.000000000,,,,,,,,,,EJRF
SEN,2024,,ADMIN,COVID19,NOT_COLLECTED,NOT_COLLECTED,POLICY_RECOMMENDATION_ELDERLY,1054634.000000000,187.000000000,-2222.000000000,,,,,,,,,,EJRF
SYC,2024,,ADMIN,COVID19,NOT_COLLECTED,NOT_COLLECTED,POLICY_RECOMMENDATION_ELDERLY,,-4444.000000000,,,,,,,,,,,EJRF
SYC,2024,,ADMIN,COVID19,NOT_COLLECTED,NOT_COLLECTED,POLICY_RECOMMENDATION_ADULTS_CHRONIC,-4444.000000000,-4444.000000000,-4444.000000000,,,,,,,,,,EJRF
SYC,2024,,ADMIN,COVID19,NOT_COLLECTED,NOT_COLLECTED,PW,-4444.000000000,-4444.000000000,-4444.000000000,,,,,,,,,,EJRF
SYC,2024,,ADMIN,COVID19,NOT_COLLECTED,NOT_COLLECTED,POLICY_RECOMMENDATION_HCW,-4444.000000000,-4444.000000000,-4444.000000000,,,,,,,,,,EJRF
SYC,2024,,ADMIN,COVID19,NOT_COLLECTED,NOT_COLLECTED,OTHER_GROUPS,-4444.000000000,-4444.000000000,-4444.000000000,,,,,,,,,,EJRF
SYC,2024,,ADMIN,COVID19,NOT_COLLECTED,NOT_COLLECTED,TOTAL,-4444.000000000,-4444.000000000,-4444.000000000,,,,,,,,,,EJRF
SYC,2024,,ADMIN,COVID19,NOT_COLLECTED,NOT_COLLECTED,FEMALE,-4444.000000000,-4444.000000000,-4444.000000000,,,,,,,,,,EJRF
SYC,2024,,ADMIN,COVID19,NOT_COLLECTED,NOT_COLLECTED,MALE,-4444.000000000,-4444.000000000,-4444.000000000,,,,,,,,,,EJRF
SVN,2024,,ADMIN,COVID19,NOT_COLLECTED,NOT_COLLECTED,POLICY_RECOMMENDATION_HCW,,,,,,,,,,,,,EJRF
SVN,2024,,ADMIN,COVID19,NOT_COLLECTED,NOT_COLLECTED,OTHER_GROUPS,,,,,,,,,,,,,EJRF
SVN,2024,,ADMIN,COVID19,NOT_COLLECTED,NOT_COLLECTED,TOTAL,,,,,,,,,,,,,EJRF
SVN,2024,,ADMIN,COVID19,NOT_COLLECTED,NOT_COLLECTED,POLICY_RECOMMENDATION_ELDERLY,,,,,,,,,,,,,EJRF
SVN,2024,,ADMIN,COVID19,NOT_COLLECTED,NOT_COLLECTED,POLICY_RECOMMENDATION_ADULTS_CHRONIC,,,,,,,,,,,,,EJRF
SVN,2024,,ADMIN,COVID19,NOT_COLLECTED,NOT_COLLECTED,PW,,,,,,,,,,,,,EJRF
SUR,2024,,ADMIN,COVID19,NOT_COLLECTED,NOT_COLLECTED,POLICY_RECOMMENDATION_HCW,,,,,,,,,,,,,EJRF
SUR,2024,,ADMIN,COVID19,NOT_COLLECTED,NOT_COLLECTED,OTHER_GROUPS,,,,,,,,,,,,,EJRF
SUR,2024,,ADMIN,COVID19,NOT_COLLECTED,NOT_COLLECTED,TOTAL,,,,,,,,,,,,,EJRF
SUR,2024,,ADMIN,COVID19,NOT_COLLECTED,NOT_COLLECTED,FEMALE,,,,,,,,,,,,,EJRF
SUR,2024,,ADMIN,COVID19,NOT_COLLECTED,NOT_COLLECTED,MALE,,,,,,,,,,,,,EJRF
SUR,2024,,ADMIN,COVID19,NOT_COLLECTED,NOT_COLLECTED,POLICY_RECOMMENDATION_ADULTS_CHRONIC,,,,,,,,,,,,,EJRF
SUR,2024,,ADMIN,COVID19,NOT_COLLECTED,NOT_COLLECTED,PW,,,,,,,,,,,,,EJRF
SUR,2024,,ADMIN,COVID19,NOT_COLLECTED,NOT_COLLECTED,POLICY_RECOMMENDATION_ELDERLY,,0.000000000,,,,,,,,,,,EJRF
SWE,2024,,ADMIN,COVID19,NOT_COLLECTED,NOT_COLLECTED,POLICY_RECOMMENDATION_ELDERLY,,,,,,,,,,,,,EJRF
SWE,2024,,ADMIN,COVID19,NOT_COLLECTED,NOT_COLLECTED,POLICY_RECOMMENDATION_ADULTS_CHRONIC,,,,,,,,,,,,,EJRF
SWE,2024,,ADMIN,COVID19,NOT_COLLECTED,NOT_COLLECTED,PW,,,,,,,,,,,,,EJRF
SWE,2024,,ADMIN,COVID19,NOT_COLLECTED,NOT_COLLECTED,POLICY_RECOMMENDATION_HCW,,,,,,,,,,,,,EJRF
SWE,2024,,ADMIN,COVID19,NOT_COLLECTED,NOT_COLLECTED,OTHER_GROUPS,,,,,,,,,,,,,EJRF
SWE,2024,,ADMIN,COVID19,NOT_COLLECTED,NOT_COLLECTED,TOTAL,,,,,,,,,,,,,EJRF
TJK,2024,,ADMIN,COVID19,NOT_COLLECTED,NOT_COLLECTED,POLICY_RECOMMENDATION_ELDERLY,-4444.000000000,0.000000000,-4444.000000000,,,,,,,,,,EJRF
TJK,2024,,ADMIN,COVID19,NOT_COLLECTED,NOT_COLLECTED,POLICY_RECOMMENDATION_ADULTS_CHRONIC,-4444.000000000,-4444.000000000,-4444.000000000,,,,,,,,,,EJRF
TJK,2024,,ADMIN,COVID19,NOT_COLLECTED,NOT_COLLECTED,PW,-4444.000000000,-4444.000000000,-4444.000000000,,,,,,,,,,EJRF
TJK,2024,,ADMIN,COVID19,NOT_COLLECTED,NOT_COLLECTED,POLICY_RECOMMENDATION_HCW,-4444.000000000,0.000000000,-4444.000000000,,,,,,,,,,EJRF
TJK,2024,,ADMIN,COVID19,NOT_COLLECTED,NOT_COLLECTED,OTHER_GROUPS,-4444.000000000,-4444.000000000,-4444.000000000,,,,,,,,,,EJRF
TJK,2024,,ADMIN,COVID19,NOT_COLLECTED,NOT_COLLECTED,TOTAL,-4444.000000000,0.000000000,-4444.000000000,,,,,,,,,,EJRF
TTO,2024,,ADMIN,COVID19,NOT_COLLECTED,NOT_COLLECTED,POLICY_RECOMMENDATION_ELDERLY,,,,,,,,,,,,,EJRF
TTO,2024,,ADMIN,COVID19,NOT_COLLECTED,NOT_COLLECTED,POLICY_RECOMMENDATION_ADULTS_CHRONIC,,,,,,,,,,,,,EJRF
TTO,2024,,ADMIN,COVID19,NOT_COLLECTED,NOT_COLLECTED,PW,,,,,,,,,,,,,EJRF
TTO,2024,,ADMIN,COVID19,NOT_COLLECTED,NOT_COLLECTED,POLICY_RECOMMENDATION_HCW,,-2222.000000000,,,,,,,,,,,EJRF
TTO,2024,,ADMIN,COVID19,NOT_COLLECTED,NOT_COLLECTED,OTHER_GROUPS,,,,,,,,,,,,,EJRF
TTO,2024,,ADMIN,COVID19,NOT_COLLECTED,NOT_COLLECTED,TOTAL,-2222.000000000,-2222.000000000,-2222.000000000,,,,,,,,,,EJRF
TTO,2024,,ADMIN,COVID19,NOT_COLLECTED,NOT_COLLECTED,FEMALE,-2222.000000000,-4444.000000000,-4444.000000000,,,,,,,,,,EJRF
TTO,2024,,ADMIN,COVID19,NOT_COLLECTED,NOT_COLLECTED,MALE,-2222.000000000,-2222.000000000,-4444.000000000,,,,,,,,,,EJRF
UGA,2024,,ADMIN,COVID19,NOT_COLLECTED,NOT_COLLECTED,PW,-4444.000000000,-4444.000000000,-4444.000000000,,,,,,,,,,EJRF
UGA,2024,,ADMIN,COVID19,NOT_COLLECTED,NOT_COLLECTED,POLICY_RECOMMENDATION_HCW,-4444.000000000,-4444.000000000,-4444.000000000,,,,,,,,,,EJRF
UGA,2024,,ADMIN,COVID19,NOT_COLLECTED,NOT_COLLECTED,OTHER_GROUPS,0.000000000,0.000000000,0.000000000,,,,,,,,,,EJRF
UGA,2024,,ADMIN,COVID19,NOT_COLLECTED,NOT_COLLECTED,TOTAL,0.000000000,0.000000000,0.000000000,,,,,,,,,,EJRF
UGA,2024,,ADMIN,COVID19,NOT_COLLECTED,NOT_COLLECTED,FEMALE,0.000000000,0.000000000,0.000000000,,,,,,,,,,EJRF
UGA,2024,,ADMIN,COVID19,NOT_COLLECTED,NOT_COLLECTED,MALE,,,,,,,,,,,,,EJRF
UGA,2024,,ADMIN,COVID19,NOT_COLLECTED,NOT_COLLECTED,POLICY_RECOMMENDATION_ELDERLY,-4444.000000000,-4444.000000000,-4444.000000000,,,,,,,,,,EJRF
UGA,2024,,ADMIN,COVID19,NOT_COLLECTED,NOT_COLLECTED,POLICY_RECOMMENDATION_ADULTS_CHRONIC,-4444.000000000,-4444.000000000,,,,,,,,,,,EJRF
GBR,2024,,ADMIN,COVID19,NOT_COLLECTED,NOT_COLLECTED,PW,,,,,,,,,,,,,EJRF
GBR,2024,,ADMIN,COVID19,NOT_COLLECTED,NOT_COLLECTED,POLICY_RECOMMENDATION_HCW,,,,,,,,,,,,,EJRF
GBR,2024,,ADMIN,COVID19,NOT_COLLECTED,NOT_COLLECTED,POLICY_RECOMMENDATION_ADULTS_CHRONIC,-2222.000000000,-2222.000000000,-2222.000000000,,,,,,,,,,EJRF
GBR,2024,,ADMIN,COVID19,NOT_COLLECTED,NOT_COLLECTED,POLICY_RECOMMENDATION_ELDERLY,11010929.000000000,6724528.000000000,61.071395520,,,,,,,,,,EJRF
GBR,2024,,ADMIN,COVID19,NOT_COLLECTED,NOT_COLLECTED,OTHER_GROUPS,-2222.000000000,-2222.000000000,-2222.000000000,,,,,,,,,,EJRF
GBR,2024,,ADMIN,COVID19,NOT_COLLECTED,NOT_COLLECTED,TOTAL,-2222.000000000,-2222.000000000,-2222.000000000,,,,,,,,,,EJRF
TZA,2024,,ADMIN,COVID19,NOT_COLLECTED,NOT_COLLECTED,POLICY_RECOMMENDATION_ELDERLY,-2222.000000000,-2222.000000000,-2222.000000000,,,,,,,,,,EJRF
TZA,2024,,ADMIN,COVID19,NOT_COLLECTED,NOT_COLLECTED,POLICY_RECOMMENDATION_ADULTS_CHRONIC,-2222.000000000,-2222.000000000,-2222.000000000,,,,,,,,,,EJRF
TZA,2024,,ADMIN,COVID19,NOT_COLLECTED,NOT_COLLECTED,PW,-2222.000000000,-2222.000000000,-2222.000000000,,,,,,,,,,EJRF
TZA,2024,,ADMIN,COVID19,NOT_COLLECTED,NOT_COLLECTED,POLICY_RECOMMENDATION_HCW,-2222.000000000,-2222.000000000,-2222.000000000,,,,,,,,,,EJRF
TZA,2024,,ADMIN,COVID19,NOT_COLLECTED,NOT_COLLECTED,OTHER_GROUPS,-2222.000000000,-2222.000000000,-2222.000000000,,,,,,,,,,EJRF
TZA,2024,,ADMIN,COVID19,NOT_COLLECTED,NOT_COLLECTED,TOTAL,-2222.000000000,-2222.000000000,-2222.000000000,,,,,,,,,,EJRF
TZA,2024,,ADMIN,COVID19,NOT_COLLECTED,NOT_COLLECTED,FEMALE,-2222.000000000,-2222.000000000,-2222.000000000,,,,,,,,,,EJRF
TZA,2024,,ADMIN,COVID19,NOT_COLLECTED,NOT_COLLECTED,MALE,-2222.000000000,-2222.000000000,-2222.000000000,,,,,,,,,,EJRF
URY,2024,,ADMIN,COVID19,NOT_COLLECTED,NOT_COLLECTED,MALE,-2222.000000000,47299.000000000,-2222.000000000,,,,,,,,,,EJRF
URY,2024,,ADMIN,COVID19,NOT_COLLECTED,NOT_COLLECTED,POLICY_RECOMMENDATION_ADULTS_CHRONIC,-2222.000000000,39288.000000000,-2222.000000000,,,,,,,,,,EJRF
URY,2024,,ADMIN,COVID19,NOT_COLLECTED,NOT_COLLECTED,PW,18000.000000000,1710.000000000,9.500000000,,,,,,,,,,EJRF
URY,2024,,ADMIN,COVID19,NOT_COLLECTED,NOT_COLLECTED,POLICY_RECOMMENDATION_HCW,-2222.000000000,-2222.000000000,-2222.000000000,,,,,,,,,,EJRF
URY,2024,,ADMIN,COVID19,NOT_COLLECTED,NOT_COLLECTED,OTHER_GROUPS,-2222.000000000,110211.000000000,-2222.000000000,,,,,,,,,,EJRF
URY,2024,,ADMIN,COVID19,NOT_COLLECTED,NOT_COLLECTED,TOTAL,-2222.000000000,111929.000000000,-2222.000000000,,,,,,,,,,EJRF
URY,2024,,ADMIN,COVID19,NOT_COLLECTED,NOT_COLLECTED,FEMALE,-2222.000000000,64576.000000000,-2222.000000000,,,,,,,,,,EJRF
URY,2024,,ADMIN,COVID19,NOT_COLLECTED,NOT_COLLECTED,POLICY_RECOMMENDATION_ELDERLY,609991.000000000,84031.000000000,13.775777020,,,,,,,,,,EJRF
YEM,2024,,ADMIN,COVID19,NOT_COLLECTED,NOT_COLLECTED,POLICY_RECOMMENDATION_ELDERLY,10000.000000000,2044.000000000,20.000000000,,,,,,,,,,EJRF
YEM,2024,,ADMIN,COVID19,NOT_COLLECTED,NOT_COLLECTED,POLICY_RECOMMENDATION_ADULTS_CHRONIC,25000.000000000,3411.000000000,14.000000000,,,,,,,,,,EJRF
YEM,2024,,ADMIN,COVID19,NOT_COLLECTED,NOT_COLLECTED,PW,-4444.000000000,-4444.000000000,-4444.000000000,,,,,,,,,,EJRF
YEM,2024,,ADMIN,COVID19,NOT_COLLECTED,NOT_COLLECTED,POLICY_RECOMMENDATION_HCW,1528.000000000,1528.000000000,100.000000000,,,,,,,,,,EJRF
YEM,2024,,ADMIN,COVID19,NOT_COLLECTED,NOT_COLLECTED,OTHER_GROUPS,,,,,,,,,,,,,EJRF
YEM,2024,,ADMIN,COVID19,NOT_COLLECTED,NOT_COLLECTED,TOTAL,31528.000000000,6983.000000000,22.000000000,,,,,,,,,,EJRF
YEM,2024,,ADMIN,COVID19,NOT_COLLECTED,NOT_COLLECTED,FEMALE,-2222.000000000,-2222.000000000,-2222.000000000,,,,,,,,,,EJRF
YEM,2024,,ADMIN,COVID19,NOT_COLLECTED,NOT_COLLECTED,MALE,-2222.000000000,-2222.000000000,-2222.000000000,,,,,,,,,,EJRF
ZMB,2024,,ADMIN,COVID19,NOT_COLLECTED,NOT_COLLECTED,POLICY_RECOMMENDATION_ELDERLY,-2222.000000000,16731.000000000,-2222.000000000,,,,,,,,,,EJRF
ZMB,2024,,ADMIN,COVID19,NOT_COLLECTED,NOT_COLLECTED,POLICY_RECOMMENDATION_ADULTS_CHRONIC,-2222.000000000,188.000000000,-2222.000000000,,,,,,,,,,EJRF
ZMB,2024,,ADMIN,COVID19,NOT_COLLECTED,NOT_COLLECTED,PW,-2222.000000000,89.000000000,-2222.000000000,,,,,,,,,,EJRF
ZMB,2024,,ADMIN,COVID19,NOT_COLLECTED,NOT_COLLECTED,POLICY_RECOMMENDATION_HCW,-2222.000000000,220.000000000,-2222.000000000,,,,,,,,,,EJRF
ZMB,2024,,ADMIN,COVID19,NOT_COLLECTED,NOT_COLLECTED,OTHER_GROUPS,-4444.000000000,-4444.000000000,-2222.000000000,,,,,,,,,,EJRF
ZMB,2024,,ADMIN,COVID19,NOT_COLLECTED,NOT_COLLECTED,TOTAL,-2222.000000000,16731.000000000,-2222.000000000,,,,,,,,,,EJRF
ZMB,2024,,ADMIN,COVID19,NOT_COLLECTED,NOT_COLLECTED,FEMALE,-2222.000000000,9785.000000000,-2222.000000000,,,,,,,,,,EJRF
ZMB,2024,,ADMIN,COVID19,NOT_COLLECTED,NOT_COLLECTED,MALE,-2222.000000000,6946.000000000,-2222.000000000,,,,,,,,,,EJRF
KWT,2024,,ADMIN,COVID19,NOT_COLLECTED,NOT_COLLECTED,POLICY_RECOMMENDATION_ELDERLY,-2222.000000000,-2222.000000000,-2222.000000000,,,,,,,,,,EJRF
KWT,2024,,ADMIN,COVID19,NOT_COLLECTED,NOT_COLLECTED,POLICY_RECOMMENDATION_HCW,-2222.000000000,-2222.000000000,-2222.000000000,,,,,,,,,,EJRF
KWT,2024,,ADMIN,COVID19,NOT_COLLECTED,NOT_COLLECTED,PW,-2222.000000000,-2222.000000000,-2222.000000000,,,,,,,,,,EJRF
KWT,2024,,ADMIN,COVID19,NOT_COLLECTED,NOT_COLLECTED,OTHER_GROUPS,-2222.000000000,-2222.000000000,-2222.000000000,,,,,,,,,,EJRF
KWT,2024,,ADMIN,COVID19,NOT_COLLECTED,NOT_COLLECTED,TOTAL,-2222.000000000,-2222.000000000,-2222.000000000,,,,,,,,,,EJRF
KWT,2024,,ADMIN,COVID19,NOT_COLLECTED,NOT_COLLECTED,FEMALE,-2222.000000000,-2222.000000000,-2222.000000000,,,,,,,,,,EJRF
KWT,2024,,ADMIN,COVID19,NOT_COLLECTED,NOT_COLLECTED,MALE,-2222.000000000,-2222.000000000,-2222.000000000,,,,,,,,,,EJRF
KWT,2024,,ADMIN,COVID19,NOT_COLLECTED,NOT_COLLECTED,POLICY_RECOMMENDATION_ADULTS_CHRONIC,-2222.000000000,-2222.000000000,-2222.000000000,,,,,,,,,,EJRF
LBR,2024,,ADMIN,COVID19,NOT_COLLECTED,NOT_COLLECTED,POLICY_RECOMMENDATION_ADULTS_CHRONIC,-2222.000000000,-2222.000000000,-2222.000000000,,,,,,,,,,EJRF
LBR,2024,,ADMIN,COVID19,NOT_COLLECTED,NOT_COLLECTED,POLICY_RECOMMENDATION_ELDERLY,-2222.000000000,-2222.000000000,-2222.000000000,,,,,,,,,,EJRF
LBR,2024,,ADMIN,COVID19,NOT_COLLECTED,NOT_COLLECTED,PW,-2222.000000000,-2222.000000000,-2222.000000000,,,,,,,,,,EJRF
LBR,2024,,ADMIN,COVID19,NOT_COLLECTED,NOT_COLLECTED,POLICY_RECOMMENDATION_HCW,,-2222.000000000,,,,,,,,,,,EJRF
LBR,2024,,ADMIN,COVID19,NOT_COLLECTED,NOT_COLLECTED,OTHER_GROUPS,-2222.000000000,-2222.000000000,-2222.000000000,,,,,,,,,,EJRF
LBR,2024,,ADMIN,COVID19,NOT_COLLECTED,NOT_COLLECTED,TOTAL,,-2222.000000000,,,,,,,,,,,EJRF
LBR,2024,,ADMIN,COVID19,NOT_COLLECTED,NOT_COLLECTED,FEMALE,,-2222.000000000,,,,,,,,,,,EJRF
LBR,2024,,ADMIN,COVID19,NOT_COLLECTED,NOT_COLLECTED,MALE,,-2222.000000000,,,,,,,,,,,EJRF
LBY,2024,,ADMIN,COVID19,NOT_COLLECTED,NOT_COLLECTED,POLICY_RECOMMENDATION_ADULTS_CHRONIC,,,,,,,,,,,,,EJRF
LBY,2024,,ADMIN,COVID19,NOT_COLLECTED,NOT_COLLECTED,PW,,,,,,,,,,,,,EJRF
LBY,2024,,ADMIN,COVID19,NOT_COLLECTED,NOT_COLLECTED,POLICY_RECOMMENDATION_HCW,,,,,,,,,,,,,EJRF
LBY,2024,,ADMIN,COVID19,NOT_COLLECTED,NOT_COLLECTED,OTHER_GROUPS,,,,,,,,,,,,,EJRF
LBY,2024,,ADMIN,COVID19,NOT_COLLECTED,NOT_COLLECTED,TOTAL,-2222.000000000,-2222.000000000,-2222.000000000,,,,,,,,,,EJRF
LBY,2024,,ADMIN,COVID19,NOT_COLLECTED,NOT_COLLECTED,FEMALE,-2222.000000000,-2222.000000000,-2222.000000000,,,,,,,,,,EJRF
LBY,2024,,ADMIN,COVID19,NOT_COLLECTED,NOT_COLLECTED,MALE,-2222.000000000,-2222.000000000,-2222.000000000,,,,,,,,,,EJRF
LBY,2024,,ADMIN,COVID19,NOT_COLLECTED,NOT_COLLECTED,POLICY_RECOMMENDATION_ELDERLY,-2222.000000000,-2222.000000000,-2222.000000000,,,,,,,,,,EJRF
MRT,2024,,ADMIN,COVID19,NOT_COLLECTED,NOT_COLLECTED,POLICY_RECOMMENDATION_ADULTS_CHRONIC,,,,,,,,,,,,,EJRF
MRT,2024,,ADMIN,COVID19,NOT_COLLECTED,NOT_COLLECTED,PW,,,,,,,,,,,,,EJRF
MRT,2024,,ADMIN,COVID19,NOT_COLLECTED,NOT_COLLECTED,POLICY_RECOMMENDATION_HCW,,,,,,,,,,,,,EJRF
MRT,2024,,ADMIN,COVID19,NOT_COLLECTED,NOT_COLLECTED,OTHER_GROUPS,,,,,,,,,,,,,EJRF
MRT,2024,,ADMIN,COVID19,NOT_COLLECTED,NOT_COLLECTED,TOTAL,,,,,,,,,,,,,EJRF
MRT,2024,,ADMIN,COVID19,NOT_COLLECTED,NOT_COLLECTED,FEMALE,,,,,,,,,,,,,EJRF
MRT,2024,,ADMIN,COVID19,NOT_COLLECTED,NOT_COLLECTED,MALE,,,,,,,,,,,,,EJRF
MRT,2024,,ADMIN,COVID19,NOT_COLLECTED,NOT_COLLECTED,POLICY_RECOMMENDATION_ELDERLY,0.000000000,0.000000000,0.000000000,,,,,,,,,,EJRF
PER,2024,,ADMIN,COVID19,NOT_COLLECTED,NOT_COLLECTED,POLICY_RECOMMENDATION_HCW,,33479.000000000,,,,,,,,,,,EJRF
PER,2024,,ADMIN,COVID19,NOT_COLLECTED,NOT_COLLECTED,OTHER_GROUPS,,,,,,,,,,,,,EJRF
PER,2024,,ADMIN,COVID19,NOT_COLLECTED,NOT_COLLECTED,TOTAL,,1486222.000000000,,,,,,,,,,,EJRF
PER,2024,,ADMIN,COVID19,NOT_COLLECTED,NOT_COLLECTED,FEMALE,,809633.000000000,,,,,,,,,,,EJRF
PER,2024,,ADMIN,COVID19,NOT_COLLECTED,NOT_COLLECTED,MALE,,676589.000000000,,,,,,,,,,,EJRF
PER,2024,,ADMIN,COVID19,NOT_COLLECTED,NOT_COLLECTED,POLICY_RECOMMENDATION_ADULTS_CHRONIC,,46887.000000000,,,,,,,,,,,EJRF
PER,2024,,ADMIN,COVID19,NOT_COLLECTED,NOT_COLLECTED,PW,,7493.000000000,,,,,,,,,,,EJRF
PER,2024,,ADMIN,COVID19,NOT_COLLECTED,NOT_COLLECTED,POLICY_RECOMMENDATION_ELDERLY,,401563.000000000,,,,,,,,,,,EJRF
KOR,2024,,ADMIN,COVID19,NOT_COLLECTED,NOT_COLLECTED,POLICY_RECOMMENDATION_ADULTS_CHRONIC,-2222.000000000,10249.000000000,-2222.000000000,,,,,,,,,,EJRF
KOR,2024,,ADMIN,COVID19,NOT_COLLECTED,NOT_COLLECTED,PW,,,,,,,,,,,,,EJRF
KOR,2024,,ADMIN,COVID19,NOT_COLLECTED,NOT_COLLECTED,POLICY_RECOMMENDATION_HCW,,,,,,,,,,,,,EJRF
KOR,2024,,ADMIN,COVID19,NOT_COLLECTED,NOT_COLLECTED,OTHER_GROUPS,-2222.000000000,42181.000000000,-2222.000000000,,,,,,,,,,EJRF
KOR,2024,,ADMIN,COVID19,NOT_COLLECTED,NOT_COLLECTED,TOTAL,-4444.000000000,4892893.000000000,-4444.000000000,,,,,,,,,,EJRF
KOR,2024,,ADMIN,COVID19,NOT_COLLECTED,NOT_COLLECTED,FEMALE,-4444.000000000,2563594.000000000,-4444.000000000,,,,,,,,,,EJRF
KOR,2024,,ADMIN,COVID19,NOT_COLLECTED,NOT_COLLECTED,MALE,-4444.000000000,2329299.000000000,-4444.000000000,,,,,,,,,,EJRF
KOR,2024,,ADMIN,COVID19,NOT_COLLECTED,NOT_COLLECTED,POLICY_RECOMMENDATION_ELDERLY,10222713.000000000,4840463.000000000,47.350082116,,,,,,,,,,EJRF
RWA,2024,,ADMIN,COVID19,NOT_COLLECTED,NOT_COLLECTED,POLICY_RECOMMENDATION_ELDERLY,-4444.000000000,-4444.000000000,-4444.000000000,,,,,,,,,,EJRF
RWA,2024,,ADMIN,COVID19,NOT_COLLECTED,NOT_COLLECTED,POLICY_RECOMMENDATION_ADULTS_CHRONIC,-4444.000000000,-4444.000000000,-4444.000000000,,,,,,,,,,EJRF
RWA,2024,,ADMIN,COVID19,NOT_COLLECTED,NOT_COLLECTED,PW,-4444.000000000,-4444.000000000,-4444.000000000,,,,,,,,,,EJRF
RWA,2024,,ADMIN,COVID19,NOT_COLLECTED,NOT_COLLECTED,POLICY_RECOMMENDATION_HCW,-4444.000000000,-4444.000000000,-4444.000000000,,,,,,,,,,EJRF
RWA,2024,,ADMIN,COVID19,NOT_COLLECTED,NOT_COLLECTED,OTHER_GROUPS,-4444.000000000,-4444.000000000,-4444.000000000,,,,,,,,,,EJRF
RWA,2024,,ADMIN,COVID19,NOT_COLLECTED,NOT_COLLECTED,TOTAL,-4444.000000000,-4444.000000000,-4444.000000000,,,,,,,,,,EJRF
RWA,2024,,ADMIN,COVID19,NOT_COLLECTED,NOT_COLLECTED,FEMALE,-4444.000000000,-4444.000000000,-4444.000000000,,,,,,,,,,EJRF
RWA,2024,,ADMIN,COVID19,NOT_COLLECTED,NOT_COLLECTED,MALE,-4444.000000000,-4444.000000000,-4444.000000000,,,,,,,,,,EJRF
SOM,2024,,ADMIN,COVID19,NOT_COLLECTED,NOT_COLLECTED,MALE,,,,,,,,,,,,,EJRF
SOM,2024,,ADMIN,COVID19,NOT_COLLECTED,NOT_COLLECTED,POLICY_RECOMMENDATION_ELDERLY,-2222.000000000,-2222.000000000,-2222.000000000,,,,,,,,,,EJRF
SOM,2024,,ADMIN,COVID19,NOT_COLLECTED,NOT_COLLECTED,POLICY_RECOMMENDATION_ADULTS_CHRONIC,,-2222.000000000,,,,,,,,,,,EJRF
SOM,2024,,ADMIN,COVID19,NOT_COLLECTED,NOT_COLLECTED,PW,-2222.000000000,-2222.000000000,-2222.000000000,,,,,,,,,,EJRF
SOM,2024,,ADMIN,COVID19,NOT_COLLECTED,NOT_COLLECTED,POLICY_RECOMMENDATION_HCW,,-2222.000000000,,,,,,,,,,,EJRF
SOM,2024,,ADMIN,COVID19,NOT_COLLECTED,NOT_COLLECTED,OTHER_GROUPS,,,,,,,,,,,,,EJRF
SOM,2024,,ADMIN,COVID19,NOT_COLLECTED,NOT_COLLECTED,TOTAL,,,,,,,,,,,,,EJRF
SOM,2024,,ADMIN,COVID19,NOT_COLLECTED,NOT_COLLECTED,FEMALE,,,,,,,,,,,,,EJRF
TGO,2024,,ADMIN,COVID19,NOT_COLLECTED,NOT_COLLECTED,POLICY_RECOMMENDATION_ELDERLY,937870.000000000,126.000000000,0.013434698,,,,,,,,,,EJRF
TGO,2024,,ADMIN,COVID19,NOT_COLLECTED,NOT_COLLECTED,POLICY_RECOMMENDATION_ADULTS_CHRONIC,-2222.000000000,-2222.000000000,-2222.000000000,,,,,,,,,,EJRF
TGO,2024,,ADMIN,COVID19,NOT_COLLECTED,NOT_COLLECTED,PW,-2222.000000000,-2222.000000000,-2222.000000000,,,,,,,,,,EJRF
TGO,2024,,ADMIN,COVID19,NOT_COLLECTED,NOT_COLLECTED,POLICY_RECOMMENDATION_HCW,-2222.000000000,-2222.000000000,-2222.000000000,,,,,,,,,,EJRF
TGO,2024,,ADMIN,COVID19,NOT_COLLECTED,NOT_COLLECTED,OTHER_GROUPS,144027.000000000,126.000000000,0.087483597,,,,,,,,,,EJRF
TGO,2024,,ADMIN,COVID19,NOT_COLLECTED,NOT_COLLECTED,TOTAL,576108.000000000,1254.000000000,0.217667521,,,,,,,,,,EJRF
TGO,2024,,ADMIN,COVID19,NOT_COLLECTED,NOT_COLLECTED,FEMALE,-2222.000000000,-2222.000000000,-2222.000000000,,,,,,,,,,EJRF
TGO,2024,,ADMIN,COVID19,NOT_COLLECTED,NOT_COLLECTED,MALE,-2222.000000000,-2222.000000000,-2222.000000000,,,,,,,,,,EJRF
MHL,2024,,ADMIN,COVID19,NOT_COLLECTED,NOT_COLLECTED,POLICY_RECOMMENDATION_ELDERLY,-2222.000000000,-2222.000000000,-2222.000000000,,,,,,,,,,EJRF
MHL,2024,,ADMIN,COVID19,NOT_COLLECTED,NOT_COLLECTED,MALE,-2222.000000000,-2222.000000000,-2222.000000000,,,,,,,,,,EJRF
MHL,2024,,ADMIN,COVID19,NOT_COLLECTED,NOT_COLLECTED,POLICY_RECOMMENDATION_ADULTS_CHRONIC,-2222.000000000,-2222.000000000,-2222.000000000,,,,,,,,,,EJRF
MHL,2024,,ADMIN,COVID19,NOT_COLLECTED,NOT_COLLECTED,PW,-2222.000000000,-2222.000000000,-2222.000000000,,,,,,,,,,EJRF
MHL,2024,,ADMIN,COVID19,NOT_COLLECTED,NOT_COLLECTED,POLICY_RECOMMENDATION_HCW,-2222.000000000,-2222.000000000,-2222.000000000,,,,,,,,,,EJRF
MHL,2024,,ADMIN,COVID19,NOT_COLLECTED,NOT_COLLECTED,OTHER_GROUPS,-2222.000000000,-2222.000000000,-2222.000000000,,,,,,,,,,EJRF
MHL,2024,,ADMIN,COVID19,NOT_COLLECTED,NOT_COLLECTED,TOTAL,-2222.000000000,-2222.000000000,-2222.000000000,,,,,,,,,,EJRF
MHL,2024,,ADMIN,COVID19,NOT_COLLECTED,NOT_COLLECTED,FEMALE,-2222.000000000,-2222.000000000,-2222.000000000,,,,,,,,,,EJRF
CHL,2024,,ADMIN,COVID19,NOT_COLLECTED,NOT_COLLECTED,POLICY_RECOMMENDATION_ELDERLY,3127778.000000000,974543.000000000,31.157678071,,,,,,,,,,EJRF
CHL,2024,,ADMIN,COVID19,NOT_COLLECTED,NOT_COLLECTED,POLICY_RECOMMENDATION_ADULTS_CHRONIC,1900744.000000000,532951.000000000,28.039073121,,,,,,,,,,EJRF
CHL,2024,,ADMIN,COVID19,NOT_COLLECTED,NOT_COLLECTED,PW,170013.000000000,10843.000000000,6.377747584,,,,,,,,,,EJRF
CHL,2024,,ADMIN,COVID19,NOT_COLLECTED,NOT_COLLECTED,POLICY_RECOMMENDATION_HCW,452546.000000000,178628.000000000,39.471788503,,,,,,,,,,EJRF
CHL,2024,,ADMIN,COVID19,NOT_COLLECTED,NOT_COLLECTED,OTHER_GROUPS,-4444.000000000,213849.000000000,,,,,,,,,,,EJRF
CHL,2024,,ADMIN,COVID19,NOT_COLLECTED,NOT_COLLECTED,TOTAL,5651081.000000000,1910814.000000000,33.813247412,,,,,,,,,,EJRF
CHL,2024,,ADMIN,COVID19,NOT_COLLECTED,NOT_COLLECTED,FEMALE,-2222.000000000,1085319.000000000,-2222.000000000,,,,,,,,,,EJRF
CHL,2024,,ADMIN,COVID19,NOT_COLLECTED,NOT_COLLECTED,MALE,-2222.000000000,825495.000000000,-2222.000000000,,,,,,,,,,EJRF
CRI,2024,,ADMIN,COVID19,NOT_COLLECTED,NOT_COLLECTED,FEMALE,2572834.000000000,32521.000000000,1.264014701,,,,,,,,,,EJRF
CRI,2024,,ADMIN,COVID19,NOT_COLLECTED,NOT_COLLECTED,MALE,2552594.000000000,28731.000000000,1.125560900,,,,,,,,,,EJRF
CRI,2024,,ADMIN,COVID19,NOT_COLLECTED,NOT_COLLECTED,POLICY_RECOMMENDATION_ELDERLY,-2222.000000000,-2222.000000000,-2222.000000000,,,,,,,,,,EJRF
CRI,2024,,ADMIN,COVID19,NOT_COLLECTED,NOT_COLLECTED,POLICY_RECOMMENDATION_ADULTS_CHRONIC,-2222.000000000,-2222.000000000,-2222.000000000,,,,,,,,,,EJRF
CRI,2024,,ADMIN,COVID19,NOT_COLLECTED,NOT_COLLECTED,PW,-2222.000000000,-2222.000000000,-2222.000000000,,,,,,,,,,EJRF
CRI,2024,,ADMIN,COVID19,NOT_COLLECTED,NOT_COLLECTED,POLICY_RECOMMENDATION_HCW,-2222.000000000,-2222.000000000,-2222.000000000,,,,,,,,,,EJRF
CRI,2024,,ADMIN,COVID19,NOT_COLLECTED,NOT_COLLECTED,OTHER_GROUPS,-4444.000000000,-4444.000000000,-4444.000000000,,,,,,,,,,EJRF
CRI,2024,,ADMIN,COVID19,NOT_COLLECTED,NOT_COLLECTED,TOTAL,5139059.000000000,69672.000000000,1.355734581,,,,,,,,,,EJRF
PNG,2024,,ADMIN,COVID19,NOT_COLLECTED,NOT_COLLECTED,POLICY_RECOMMENDATION_ELDERLY,1218059.000000000,116498.000000000,9.564232931,,,,,,,,,,EJRF
PNG,2024,,ADMIN,COVID19,NOT_COLLECTED,NOT_COLLECTED,POLICY_RECOMMENDATION_ADULTS_CHRONIC,279000.000000000,8937.000000000,3.203225807,,,,,,,,,,EJRF
PNG,2024,,ADMIN,COVID19,NOT_COLLECTED,NOT_COLLECTED,PW,,,,,,,,,,,,,EJRF
PNG,2024,,ADMIN,COVID19,NOT_COLLECTED,NOT_COLLECTED,POLICY_RECOMMENDATION_HCW,28765.000000000,18254.000000000,63.459064836,,,,,,,,,,EJRF
PNG,2024,,ADMIN,COVID19,NOT_COLLECTED,NOT_COLLECTED,OTHER_GROUPS,,,,,,,,,,,,,EJRF
PNG,2024,,ADMIN,COVID19,NOT_COLLECTED,NOT_COLLECTED,TOTAL,5259351.000000000,380759.000000000,7.239657517,,,,,,,,,,EJRF
PNG,2024,,ADMIN,COVID19,NOT_COLLECTED,NOT_COLLECTED,FEMALE,2532009.000000000,145643.000000000,5.752072761,,,,,,,,,,EJRF
PNG,2024,,ADMIN,COVID19,NOT_COLLECTED,NOT_COLLECTED,MALE,2727342.000000000,235116.000000000,8.620701034,,,,,,,,,,EJRF
SLE,2024,,ADMIN,COVID19,NOT_COLLECTED,NOT_COLLECTED,PW,,,,,,,,,,,,,EJRF
SLE,2024,,ADMIN,COVID19,NOT_COLLECTED,NOT_COLLECTED,POLICY_RECOMMENDATION_HCW,,,,,,,,,,,,,EJRF
SLE,2024,,ADMIN,COVID19,NOT_COLLECTED,NOT_COLLECTED,OTHER_GROUPS,,,,,,,,,,,,,EJRF
SLE,2024,,ADMIN,COVID19,NOT_COLLECTED,NOT_COLLECTED,TOTAL,,,,,,,,,,,,,EJRF
SLE,2024,,ADMIN,COVID19,NOT_COLLECTED,NOT_COLLECTED,FEMALE,,,,,,,,,,,,,EJRF
SLE,2024,,ADMIN,COVID19,NOT_COLLECTED,NOT_COLLECTED,MALE,,,,,,,,,,,,,EJRF
SLE,2024,,ADMIN,COVID19,NOT_COLLECTED,NOT_COLLECTED,POLICY_RECOMMENDATION_ELDERLY,,,,,,,,,,,,,EJRF
SLE,2024,,ADMIN,COVID19,NOT_COLLECTED,NOT_COLLECTED,POLICY_RECOMMENDATION_ADULTS_CHRONIC,,,,,,,,,,,,,EJRF
FIN,2024,,ADMIN,COVID19,NOT_COLLECTED,NOT_COLLECTED,POLICY_RECOMMENDATION_ELDERLY,,,,,,,,,,,,,EJRF
FIN,2024,,ADMIN,COVID19,NOT_COLLECTED,NOT_COLLECTED,PW,,,,,,,,,,,,,EJRF
FIN,2024,,ADMIN,COVID19,NOT_COLLECTED,NOT_COLLECTED,POLICY_RECOMMENDATION_ADULTS_CHRONIC,,,,,,,,,,,,,EJRF
FIN,2024,,ADMIN,COVID19,NOT_COLLECTED,NOT_COLLECTED,POLICY_RECOMMENDATION_HCW,,,,,,,,,,,,,EJRF
FIN,2024,,ADMIN,COVID19,NOT_COLLECTED,NOT_COLLECTED,OTHER_GROUPS,,,,,,,,,,,,,EJRF
FIN,2024,,ADMIN,COVID19,NOT_COLLECTED,NOT_COLLECTED,TOTAL,,,,,,,,,,,,,EJRF
HUN,2024,,ADMIN,COVID19,NOT_COLLECTED,NOT_COLLECTED,OTHER_GROUPS,,,,,,,,,,,,,EJRF
HUN,2024,,ADMIN,COVID19,NOT_COLLECTED,NOT_COLLECTED,TOTAL,,,,,,,,,,,,,EJRF
HUN,2024,,ADMIN,COVID19,NOT_COLLECTED,NOT_COLLECTED,POLICY_RECOMMENDATION_ADULTS_CHRONIC,,,,,,,,,,,,,EJRF
HUN,2024,,ADMIN,COVID19,NOT_COLLECTED,NOT_COLLECTED,PW,,,,,,,,,,,,,EJRF
HUN,2024,,ADMIN,COVID19,NOT_COLLECTED,NOT_COLLECTED,POLICY_RECOMMENDATION_HCW,,,,,,,,,,,,,EJRF
HUN,2024,,ADMIN,COVID19,NOT_COLLECTED,NOT_COLLECTED,POLICY_RECOMMENDATION_ELDERLY,,,,,,,,,,,,,EJRF
MDV,2024,,ADMIN,COVID19,NOT_COLLECTED,NOT_COLLECTED,POLICY_RECOMMENDATION_ELDERLY,37431.000000000,2.000000000,0.005343165,,,,,,,,,,EJRF
MDV,2024,,ADMIN,COVID19,NOT_COLLECTED,NOT_COLLECTED,PW,-2222.000000000,-2222.000000000,-2222.000000000,,,,,,,,,,EJRF
MDV,2024,,ADMIN,COVID19,NOT_COLLECTED,NOT_COLLECTED,POLICY_RECOMMENDATION_HCW,-2222.000000000,-2222.000000000,-2222.000000000,,,,,,,,,,EJRF
MDV,2024,,ADMIN,COVID19,NOT_COLLECTED,NOT_COLLECTED,POLICY_RECOMMENDATION_ADULTS_CHRONIC,-2222.000000000,-2222.000000000,-2222.000000000,,,,,,,,,,EJRF
MDV,2024,,ADMIN,COVID19,NOT_COLLECTED,NOT_COLLECTED,OTHER_GROUPS,-2222.000000000,-2222.000000000,-2222.000000000,,,,,,,,,,EJRF
MDV,2024,,ADMIN,COVID19,NOT_COLLECTED,NOT_COLLECTED,TOTAL,562622.000000000,18.000000000,0.003199306,,,,,,,,,,EJRF
MDV,2024,,ADMIN,COVID19,NOT_COLLECTED,NOT_COLLECTED,FEMALE,177610.000000000,6.000000000,0.003378188,,,,,,,,,,EJRF
MDV,2024,,ADMIN,COVID19,NOT_COLLECTED,NOT_COLLECTED,MALE,346536.000000000,12.000000000,0.003462844,,,,,,,,,,EJRF
SLB,2024,,ADMIN,COVID19,NOT_COLLECTED,NOT_COLLECTED,POLICY_RECOMMENDATION_ELDERLY,,,,,,,,,,,,,EJRF
SLB,2024,,ADMIN,COVID19,NOT_COLLECTED,NOT_COLLECTED,POLICY_RECOMMENDATION_ADULTS_CHRONIC,,,,,,,,,,,,,EJRF
SLB,2024,,ADMIN,COVID19,NOT_COLLECTED,NOT_COLLECTED,PW,,,,,,,,,,,,,EJRF
SLB,2024,,ADMIN,COVID19,NOT_COLLECTED,NOT_COLLECTED,POLICY_RECOMMENDATION_HCW,,,,,,,,,,,,,EJRF
SLB,2024,,ADMIN,COVID19,NOT_COLLECTED,NOT_COLLECTED,OTHER_GROUPS,,,,,,,,,,,,,EJRF
SLB,2024,,ADMIN,COVID19,NOT_COLLECTED,NOT_COLLECTED,TOTAL,,,,,,,,,,,,,EJRF
SLB,2024,,ADMIN,COVID19,NOT_COLLECTED,NOT_COLLECTED,FEMALE,,,,,,,,,,,,,EJRF
SLB,2024,,ADMIN,COVID19,NOT_COLLECTED,NOT_COLLECTED,MALE,,,,,,,,,,,,,EJRF
BEN,2024,,ADMIN,COVID19,NOT_COLLECTED,NOT_COLLECTED,OTHER_GROUPS,-4444.000000000,-4444.000000000,-4444.000000000,,,,,,,,,,EJRF
BEN,2024,,ADMIN,COVID19,NOT_COLLECTED,NOT_COLLECTED,TOTAL,,,,,,,,,,,,,EJRF
BEN,2024,,ADMIN,COVID19,NOT_COLLECTED,NOT_COLLECTED,FEMALE,,,,,,,,,,,,,EJRF
BEN,2024,,ADMIN,COVID19,NOT_COLLECTED,NOT_COLLECTED,MALE,,,,,,,,,,,,,EJRF
BEN,2024,,ADMIN,COVID19,NOT_COLLECTED,NOT_COLLECTED,POLICY_RECOMMENDATION_ELDERLY,441129.000000000,24251.000000000,5.497484863,,,,,,,,,,EJRF
BEN,2024,,ADMIN,COVID19,NOT_COLLECTED,NOT_COLLECTED,PW,-4444.000000000,-4444.000000000,-4444.000000000,,,,,,,,,,EJRF
BEN,2024,,ADMIN,COVID19,NOT_COLLECTED,NOT_COLLECTED,POLICY_RECOMMENDATION_HCW,-2222.000000000,-2222.000000000,-2222.000000000,,,,,,,,,,EJRF
BEN,2024,,ADMIN,COVID19,NOT_COLLECTED,NOT_COLLECTED,POLICY_RECOMMENDATION_ADULTS_CHRONIC,3193248.000000000,4342.000000000,0.135974406,,,,,,,,,,EJRF
COL,2024,,ADMIN,COVID19,NOT_COLLECTED,NOT_COLLECTED,POLICY_RECOMMENDATION_ELDERLY,-4444.000000000,-4444.000000000,-2222.000000000,,,,,,,,,,EJRF
COL,2024,,ADMIN,COVID19,NOT_COLLECTED,NOT_COLLECTED,POLICY_RECOMMENDATION_HCW,-4444.000000000,-4444.000000000,-2222.000000000,,,,,,,,,,EJRF
COL,2024,,ADMIN,COVID19,NOT_COLLECTED,NOT_COLLECTED,POLICY_RECOMMENDATION_ADULTS_CHRONIC,-4444.000000000,-4444.000000000,-2222.000000000,,,,,,,,,,EJRF
COL,2024,,ADMIN,COVID19,NOT_COLLECTED,NOT_COLLECTED,OTHER_GROUPS,740358.000000000,740358.000000000,-2222.000000000,,,,,,,,,,EJRF
COL,2024,,ADMIN,COVID19,NOT_COLLECTED,NOT_COLLECTED,TOTAL,740358.000000000,740358.000000000,-2222.000000000,,,,,,,,,,EJRF
COL,2024,,ADMIN,COVID19,NOT_COLLECTED,NOT_COLLECTED,FEMALE,342728.000000000,342728.000000000,-2222.000000000,,,,,,,,,,EJRF
COL,2024,,ADMIN,COVID19,NOT_COLLECTED,NOT_COLLECTED,MALE,395667.000000000,395667.000000000,-2222.000000000,,,,,,,,,,EJRF
COL,2024,,ADMIN,COVID19,NOT_COLLECTED,NOT_COLLECTED,PW,-4444.000000000,-4444.000000000,-2222.000000000,,,,,,,,,,EJRF
PRK,2024,,ADMIN,COVID19,NOT_COLLECTED,NOT_COLLECTED,PW,,,,,,,,,,,,,EJRF
PRK,2024,,ADMIN,COVID19,NOT_COLLECTED,NOT_COLLECTED,POLICY_RECOMMENDATION_HCW,,,,,,,,,,,,,EJRF
PRK,2024,,ADMIN,COVID19,NOT_COLLECTED,NOT_COLLECTED,OTHER_GROUPS,,,,,,,,,,,,,EJRF
PRK,2024,,ADMIN,COVID19,NOT_COLLECTED,NOT_COLLECTED,TOTAL,,,,,,,,,,,,,EJRF
PRK,2024,,ADMIN,COVID19,NOT_COLLECTED,NOT_COLLECTED,FEMALE,,,,,,,,,,,,,EJRF
PRK,2024,,ADMIN,COVID19,NOT_COLLECTED,NOT_COLLECTED,MALE,,,,,,,,,,,,,EJRF
PRK,2024,,ADMIN,COVID19,NOT_COLLECTED,NOT_COLLECTED,POLICY_RECOMMENDATION_ELDERLY,,,,,,,,,,,,,EJRF
PRK,2024,,ADMIN,COVID19,NOT_COLLECTED,NOT_COLLECTED,POLICY_RECOMMENDATION_ADULTS_CHRONIC,,,,,,,,,,,,,EJRF
MOZ,2024,,ADMIN,COVID19,NOT_COLLECTED,NOT_COLLECTED,POLICY_RECOMMENDATION_ELDERLY,-4444.000000000,-4444.000000000,-4444.000000000,,,,,,,,,,EJRF
MOZ,2024,,ADMIN,COVID19,NOT_COLLECTED,NOT_COLLECTED,POLICY_RECOMMENDATION_ADULTS_CHRONIC,-4444.000000000,-4444.000000000,-4444.000000000,,,,,,,,,,EJRF
MOZ,2024,,ADMIN,COVID19,NOT_COLLECTED,NOT_COLLECTED,PW,-4444.000000000,-4444.000000000,-4444.000000000,,,,,,,,,,EJRF
MOZ,2024,,ADMIN,COVID19,NOT_COLLECTED,NOT_COLLECTED,POLICY_RECOMMENDATION_HCW,-4444.000000000,-4444.000000000,-4444.000000000,,,,,,,,,,EJRF
MOZ,2024,,ADMIN,COVID19,NOT_COLLECTED,NOT_COLLECTED,OTHER_GROUPS,-4444.000000000,,-4444.000000000,,,,,,,,,,EJRF
MOZ,2024,,ADMIN,COVID19,NOT_COLLECTED,NOT_COLLECTED,TOTAL,-4444.000000000,-4444.000000000,-4444.000000000,,,,,,,,,,EJRF
MOZ,2024,,ADMIN,COVID19,NOT_COLLECTED,NOT_COLLECTED,FEMALE,-4444.000000000,-4444.000000000,-4444.000000000,,,,,,,,,,EJRF
MOZ,2024,,ADMIN,COVID19,NOT_COLLECTED,NOT_COLLECTED,MALE,-4444.000000000,-4444.000000000,-4444.000000000,,,,,,,,,,EJRF
LCA,2024,,ADMIN,COVID19,NOT_COLLECTED,NOT_COLLECTED,POLICY_RECOMMENDATION_ELDERLY,-4444.000000000,0.000000000,-4444.000000000,,,,,,,,,,EJRF
LCA,2024,,ADMIN,COVID19,NOT_COLLECTED,NOT_COLLECTED,POLICY_RECOMMENDATION_ADULTS_CHRONIC,-4444.000000000,-4444.000000000,-4444.000000000,,,,,,,,,,EJRF
LCA,2024,,ADMIN,COVID19,NOT_COLLECTED,NOT_COLLECTED,PW,-4444.000000000,-4444.000000000,-4444.000000000,,,,,,,,,,EJRF
LCA,2024,,ADMIN,COVID19,NOT_COLLECTED,NOT_COLLECTED,POLICY_RECOMMENDATION_HCW,-4444.000000000,-4444.000000000,-4444.000000000,,,,,,,,,,EJRF
LCA,2024,,ADMIN,COVID19,NOT_COLLECTED,NOT_COLLECTED,OTHER_GROUPS,-4444.000000000,-4444.000000000,-4444.000000000,,,,,,,,,,EJRF
LCA,2024,,ADMIN,COVID19,NOT_COLLECTED,NOT_COLLECTED,TOTAL,-4444.000000000,-4444.000000000,-4444.000000000,,,,,,,,,,EJRF
LCA,2024,,ADMIN,COVID19,NOT_COLLECTED,NOT_COLLECTED,FEMALE,-4444.000000000,-4444.000000000,-4444.000000000,,,,,,,,,,EJRF
LCA,2024,,ADMIN,COVID19,NOT_COLLECTED,NOT_COLLECTED,MALE,-4444.000000000,-4444.000000000,-4444.000000000,,,,,,,,,,EJRF
KAZ,2024,,ADMIN,COVID19,NOT_COLLECTED,NOT_COLLECTED,POLICY_RECOMMENDATION_HCW,,,,,,,,,,,,,EJRF
KAZ,2024,,ADMIN,COVID19,NOT_COLLECTED,NOT_COLLECTED,OTHER_GROUPS,,,,,,,,,,,,,EJRF
KAZ,2024,,ADMIN,COVID19,NOT_COLLECTED,NOT_COLLECTED,TOTAL,,,,,,,,,,,,,EJRF
KAZ,2024,,ADMIN,COVID19,NOT_COLLECTED,NOT_COLLECTED,POLICY_RECOMMENDATION_ELDERLY,,,,,,,,,,,,,EJRF
KAZ,2024,,ADMIN,COVID19,NOT_COLLECTED,NOT_COLLECTED,POLICY_RECOMMENDATION_ADULTS_CHRONIC,,,,,,,,,,,,,EJRF
KAZ,2024,,ADMIN,COVID19,NOT_COLLECTED,NOT_COLLECTED,PW,,,,,,,,,,,,,EJRF
STP,2024,,ADMIN,COVID19,NOT_COLLECTED,NOT_COLLECTED,POLICY_RECOMMENDATION_ELDERLY,-4444.000000000,-4444.000000000,-4444.000000000,,,,,,,,,,EJRF
STP,2024,,ADMIN,COVID19,NOT_COLLECTED,NOT_COLLECTED,POLICY_RECOMMENDATION_ADULTS_CHRONIC,-4444.000000000,-4444.000000000,-4444.000000000,,,,,,,,,,EJRF
STP,2024,,ADMIN,COVID19,NOT_COLLECTED,NOT_COLLECTED,PW,-4444.000000000,-4444.000000000,-4444.000000000,,,,,,,,,,EJRF
STP,2024,,ADMIN,COVID19,NOT_COLLECTED,NOT_COLLECTED,POLICY_RECOMMENDATION_HCW,-4444.000000000,-4444.000000000,-4444.000000000,,,,,,,,,,EJRF
STP,2024,,ADMIN,COVID19,NOT_COLLECTED,NOT_COLLECTED,OTHER_GROUPS,-4444.000000000,-4444.000000000,-4444.000000000,,,,,,,,,,EJRF
STP,2024,,ADMIN,COVID19,NOT_COLLECTED,NOT_COLLECTED,TOTAL,-4444.000000000,-4444.000000000,-4444.000000000,,,,,,,,,,EJRF
STP,2024,,ADMIN,COVID19,NOT_COLLECTED,NOT_COLLECTED,FEMALE,-4444.000000000,-4444.000000000,-4444.000000000,,,,,,,,,,EJRF
STP,2024,,ADMIN,COVID19,NOT_COLLECTED,NOT_COLLECTED,MALE,-4444.000000000,-4444.000000000,-4444.000000000,,,,,,,,,,EJRF
TCA,2024,,ADMIN,COVID19,NOT_COLLECTED,NOT_COLLECTED,POLICY_RECOMMENDATION_ELDERLY,-4444.000000000,-2222.000000000,-2222.000000000,,,,,,,,,,EJRF
TCA,2024,,ADMIN,COVID19,NOT_COLLECTED,NOT_COLLECTED,POLICY_RECOMMENDATION_ADULTS_CHRONIC,-4444.000000000,-2222.000000000,-2222.000000000,,,,,,,,,,EJRF
TCA,2024,,ADMIN,COVID19,NOT_COLLECTED,NOT_COLLECTED,PW,-4444.000000000,-2222.000000000,-2222.000000000,,,,,,,,,,EJRF
TCA,2024,,ADMIN,COVID19,NOT_COLLECTED,NOT_COLLECTED,POLICY_RECOMMENDATION_HCW,-4444.000000000,-2222.000000000,-2222.000000000,,,,,,,,,,EJRF
TCA,2024,,ADMIN,COVID19,NOT_COLLECTED,NOT_COLLECTED,OTHER_GROUPS,-4444.000000000,-2222.000000000,-2222.000000000,,,,,,,,,,EJRF
TCA,2024,,ADMIN,COVID19,NOT_COLLECTED,NOT_COLLECTED,TOTAL,-4444.000000000,-2222.000000000,-2222.000000000,,,,,,,,,,EJRF
TCA,2024,,ADMIN,COVID19,NOT_COLLECTED,NOT_COLLECTED,FEMALE,-4444.000000000,-2222.000000000,-2222.000000000,,,,,,,,,,EJRF
TCA,2024,,ADMIN,COVID19,NOT_COLLECTED,NOT_COLLECTED,MALE,-4444.000000000,-2222.000000000,-2222.000000000,,,,,,,,,,EJRF
KHM,2024,,ADMIN,COVID19,NOT_COLLECTED,NOT_COLLECTED,PW,,,,,,,,,,,,,EJRF
KHM,2024,,ADMIN,COVID19,NOT_COLLECTED,NOT_COLLECTED,POLICY_RECOMMENDATION_ADULTS_CHRONIC,,,,,,,,,,,,,EJRF
KHM,2024,,ADMIN,COVID19,NOT_COLLECTED,NOT_COLLECTED,POLICY_RECOMMENDATION_ELDERLY,,,,,,,,,,,,,EJRF
KHM,2024,,ADMIN,COVID19,NOT_COLLECTED,NOT_COLLECTED,POLICY_RECOMMENDATION_HCW,,,,,,,,,,,,,EJRF
KHM,2024,,ADMIN,COVID19,NOT_COLLECTED,NOT_COLLECTED,OTHER_GROUPS,,,,,,,,,,,,,EJRF
KHM,2024,,ADMIN,COVID19,NOT_COLLECTED,NOT_COLLECTED,TOTAL,,,,,,,,,,,,,EJRF
KHM,2024,,ADMIN,COVID19,NOT_COLLECTED,NOT_COLLECTED,FEMALE,,,,,,,,,,,,,EJRF
KHM,2024,,ADMIN,COVID19,NOT_COLLECTED,NOT_COLLECTED,MALE,,,,,,,,,,,,,EJRF
ECU,2024,,ADMIN,COVID19,NOT_COLLECTED,NOT_COLLECTED,POLICY_RECOMMENDATION_ADULTS_CHRONIC,-2222.000000000,45032.000000000,-2222.000000000,,,,,,,,,,EJRF
ECU,2024,,ADMIN,COVID19,NOT_COLLECTED,NOT_COLLECTED,POLICY_RECOMMENDATION_ELDERLY,-2222.000000000,34566.000000000,-2222.000000000,,,,,,,,,,EJRF
ECU,2024,,ADMIN,COVID19,NOT_COLLECTED,NOT_COLLECTED,PW,-2222.000000000,5829.000000000,-2222.000000000,,,,,,,,,,EJRF
ECU,2024,,ADMIN,COVID19,NOT_COLLECTED,NOT_COLLECTED,POLICY_RECOMMENDATION_HCW,-2222.000000000,55727.000000000,-2222.000000000,,,,,,,,,,EJRF
ECU,2024,,ADMIN,COVID19,NOT_COLLECTED,NOT_COLLECTED,OTHER_GROUPS,-2222.000000000,7141.000000000,-2222.000000000,,,,,,,,,,EJRF
ECU,2024,,ADMIN,COVID19,NOT_COLLECTED,NOT_COLLECTED,TOTAL,-2222.000000000,-2222.000000000,-2222.000000000,,,,,,,,,,EJRF
ECU,2024,,ADMIN,COVID19,NOT_COLLECTED,NOT_COLLECTED,FEMALE,-2222.000000000,-2222.000000000,-2222.000000000,,,,,,,,,,EJRF
ECU,2024,,ADMIN,COVID19,NOT_COLLECTED,NOT_COLLECTED,MALE,-2222.000000000,-2222.000000000,-2222.000000000,,,,,,,,,,EJRF
WSM,2024,,ADMIN,COVID19,NOT_COLLECTED,NOT_COLLECTED,POLICY_RECOMMENDATION_ELDERLY,-2222.000000000,-2222.000000000,-2222.000000000,,,,,,,,,,EJRF
WSM,2024,,ADMIN,COVID19,NOT_COLLECTED,NOT_COLLECTED,POLICY_RECOMMENDATION_ADULTS_CHRONIC,-2222.000000000,-2222.000000000,-4444.000000000,,,,,,,,,,EJRF
WSM,2024,,ADMIN,COVID19,NOT_COLLECTED,NOT_COLLECTED,PW,-2222.000000000,-2222.000000000,-4444.000000000,,,,,,,,,,EJRF
WSM,2024,,ADMIN,COVID19,NOT_COLLECTED,NOT_COLLECTED,POLICY_RECOMMENDATION_HCW,-2222.000000000,-2222.000000000,-2222.000000000,,,,,,,,,,EJRF
WSM,2024,,ADMIN,COVID19,NOT_COLLECTED,NOT_COLLECTED,OTHER_GROUPS,-4444.000000000,-4444.000000000,-4444.000000000,,,,,,,,,,EJRF
WSM,2024,,ADMIN,COVID19,NOT_COLLECTED,NOT_COLLECTED,TOTAL,-4444.000000000,-4444.000000000,-4444.000000000,,,,,,,,,,EJRF
WSM,2024,,ADMIN,COVID19,NOT_COLLECTED,NOT_COLLECTED,FEMALE,-4444.000000000,-4444.000000000,-4444.000000000,,,,,,,,,,EJRF
WSM,2024,,ADMIN,COVID19,NOT_COLLECTED,NOT_COLLECTED,MALE,-4444.000000000,-4444.000000000,-4444.000000000,,,,,,,,,,EJRF
AUS,2024,,ADMIN,COVID19,NOT_COLLECTED,NOT_COLLECTED,POLICY_RECOMMENDATION_ELDERLY,2075667.000000000,915991.000000000,44.129959189,,,,,,,,,,EJRF
AUS,2024,,ADMIN,COVID19,NOT_COLLECTED,NOT_COLLECTED,POLICY_RECOMMENDATION_ADULTS_CHRONIC,-2222.000000000,-2222.000000000,-2222.000000000,,,,,,,,,,EJRF
AUS,2024,,ADMIN,COVID19,NOT_COLLECTED,NOT_COLLECTED,PW,-2222.000000000,-2222.000000000,-2222.000000000,,,,,,,,,,EJRF
AUS,2024,,ADMIN,COVID19,NOT_COLLECTED,NOT_COLLECTED,POLICY_RECOMMENDATION_HCW,901801.000000000,87671.000000000,9.721767885,,,,,,,,,,EJRF
AUS,2024,,ADMIN,COVID19,NOT_COLLECTED,NOT_COLLECTED,OTHER_GROUPS,-2222.000000000,-2222.000000000,-2222.000000000,,,,,,,,,,EJRF
AUS,2024,,ADMIN,COVID19,NOT_COLLECTED,NOT_COLLECTED,TOTAL,26648878.000000000,2498445.000000000,9.375422860,,,,,,,,,,EJRF
AUS,2024,,ADMIN,COVID19,NOT_COLLECTED,NOT_COLLECTED,FEMALE,13419094.000000000,1376755.000000000,10.259671778,,,,,,,,,,EJRF
AUS,2024,,ADMIN,COVID19,NOT_COLLECTED,NOT_COLLECTED,MALE,13229784.000000000,1117683.000000000,8.448233168,,,,,,,,,,EJRF
BLZ,2024,,ADMIN,COVID19,NOT_COLLECTED,NOT_COLLECTED,POLICY_RECOMMENDATION_ADULTS_CHRONIC,-2222.000000000,-2222.000000000,-2222.000000000,,,,,,,,,,EJRF
BLZ,2024,,ADMIN,COVID19,NOT_COLLECTED,NOT_COLLECTED,POLICY_RECOMMENDATION_ELDERLY,39228.000000000,3.000000000,0.007647599,,,,,,,,,,EJRF
BLZ,2024,,ADMIN,COVID19,NOT_COLLECTED,NOT_COLLECTED,POLICY_RECOMMENDATION_HCW,-2222.000000000,-2222.000000000,-2222.000000000,,,,,,,,,,EJRF
BLZ,2024,,ADMIN,COVID19,NOT_COLLECTED,NOT_COLLECTED,OTHER_GROUPS,-4444.000000000,-4444.000000000,-4444.000000000,,,,,,,,,,EJRF
BLZ,2024,,ADMIN,COVID19,NOT_COLLECTED,NOT_COLLECTED,TOTAL,-2222.000000000,1073.000000000,-2222.000000000,,,,,,,,,,EJRF
BLZ,2024,,ADMIN,COVID19,NOT_COLLECTED,NOT_COLLECTED,PW,6229.000000000,0.000000000,0.000000000,,,,,,,,,,EJRF
BLZ,2024,,ADMIN,COVID19,NOT_COLLECTED,NOT_COLLECTED,FEMALE,-2222.000000000,-2222.000000000,-2222.000000000,,,,,,,,,,EJRF
BLZ,2024,,ADMIN,COVID19,NOT_COLLECTED,NOT_COLLECTED,MALE,-2222.000000000,-2222.000000000,-2222.000000000,,,,,,,,,,EJRF
CAF,2024,,ADMIN,COVID19,NOT_COLLECTED,NOT_COLLECTED,TOTAL,-4444.000000000,266609.000000000,-4444.000000000,,,,,,,,,,EJRF
CAF,2024,,ADMIN,COVID19,NOT_COLLECTED,NOT_COLLECTED,FEMALE,-4444.000000000,-4444.000000000,-4444.000000000,,,,,,,,,,EJRF
CAF,2024,,ADMIN,COVID19,NOT_COLLECTED,NOT_COLLECTED,MALE,-4444.000000000,-4444.000000000,-4444.000000000,,,,,,,,,,EJRF
CAF,2024,,ADMIN,COVID19,NOT_COLLECTED,NOT_COLLECTED,POLICY_RECOMMENDATION_ELDERLY,-2222.000000000,189570.000000000,-2222.000000000,,,,,,,,,,EJRF
CAF,2024,,ADMIN,COVID19,NOT_COLLECTED,NOT_COLLECTED,POLICY_RECOMMENDATION_ADULTS_CHRONIC,-2222.000000000,41123.000000000,-2222.000000000,,,,,,,,,,EJRF
CAF,2024,,ADMIN,COVID19,NOT_COLLECTED,NOT_COLLECTED,PW,-4444.000000000,-4444.000000000,-4444.000000000,,,,,,,,,,EJRF
CAF,2024,,ADMIN,COVID19,NOT_COLLECTED,NOT_COLLECTED,POLICY_RECOMMENDATION_HCW,-2222.000000000,35916.000000000,-2222.000000000,,,,,,,,,,EJRF
CAF,2024,,ADMIN,COVID19,NOT_COLLECTED,NOT_COLLECTED,OTHER_GROUPS,-4444.000000000,-4444.000000000,-4444.000000000,,,,,,,,,,EJRF
ERI,2024,,ADMIN,COVID19,NOT_COLLECTED,NOT_COLLECTED,POLICY_RECOMMENDATION_ELDERLY,-4444.000000000,-4444.000000000,,,,,,,,,,,EJRF
ERI,2024,,ADMIN,COVID19,NOT_COLLECTED,NOT_COLLECTED,POLICY_RECOMMENDATION_ADULTS_CHRONIC,-4444.000000000,-4444.000000000,,,,,,,,,,,EJRF
ERI,2024,,ADMIN,COVID19,NOT_COLLECTED,NOT_COLLECTED,PW,-4444.000000000,-4444.000000000,,,,,,,,,,,EJRF
ERI,2024,,ADMIN,COVID19,NOT_COLLECTED,NOT_COLLECTED,POLICY_RECOMMENDATION_HCW,-4444.000000000,-4444.000000000,,,,,,,,,,,EJRF
ERI,2024,,ADMIN,COVID19,NOT_COLLECTED,NOT_COLLECTED,OTHER_GROUPS,-4444.000000000,-4444.000000000,,,,,,,,,,,EJRF
ERI,2024,,ADMIN,COVID19,NOT_COLLECTED,NOT_COLLECTED,TOTAL,-4444.000000000,-4444.000000000,-4444.000000000,,,,,,,,,,EJRF
ERI,2024,,ADMIN,COVID19,NOT_COLLECTED,NOT_COLLECTED,FEMALE,-4444.000000000,-4444.000000000,-4444.000000000,,,,,,,,,,EJRF
ERI,2024,,ADMIN,COVID19,NOT_COLLECTED,NOT_COLLECTED,MALE,-4444.000000000,-4444.000000000,-4444.000000000,,,,,,,,,,EJRF
VEN,2024,,ADMIN,COVID19,NOT_COLLECTED,NOT_COLLECTED,POLICY_RECOMMENDATION_ELDERLY,,,,,,,,,,,,,EJRF
VEN,2024,,ADMIN,COVID19,NOT_COLLECTED,NOT_COLLECTED,POLICY_RECOMMENDATION_ADULTS_CHRONIC,,,,,,,,,,,,,EJRF
VEN,2024,,ADMIN,COVID19,NOT_COLLECTED,NOT_COLLECTED,PW,,,,,,,,,,,,,EJRF
VEN,2024,,ADMIN,COVID19,NOT_COLLECTED,NOT_COLLECTED,POLICY_RECOMMENDATION_HCW,,,,,,,,,,,,,EJRF
VEN,2024,,ADMIN,COVID19,NOT_COLLECTED,NOT_COLLECTED,OTHER_GROUPS,,,,,,,,,,,,,EJRF
VEN,2024,,ADMIN,COVID19,NOT_COLLECTED,NOT_COLLECTED,TOTAL,-2222.000000000,-2222.000000000,-2222.000000000,,,,,,,,,,EJRF
VEN,2024,,ADMIN,COVID19,NOT_COLLECTED,NOT_COLLECTED,FEMALE,-2222.000000000,-2222.000000000,-2222.000000000,,,,,,,,,,EJRF
VEN,2024,,ADMIN,COVID19,NOT_COLLECTED,NOT_COLLECTED,MALE,-2222.000000000,-2222.000000000,-2222.000000000,,,,,,,,,,EJRF
CHN,2024,,ADMIN,COVID19,NOT_COLLECTED,NOT_COLLECTED,PW,,,,,,,,,,,,,EJRF
CHN,2024,,ADMIN,COVID19,NOT_COLLECTED,NOT_COLLECTED,POLICY_RECOMMENDATION_HCW,,,,,,,,,,,,,EJRF
CHN,2024,,ADMIN,COVID19,NOT_COLLECTED,NOT_COLLECTED,OTHER_GROUPS,,,,,,,,,,,,,EJRF
CHN,2024,,ADMIN,COVID19,NOT_COLLECTED,NOT_COLLECTED,TOTAL,,,,,,,,,,,,,EJRF
CHN,2024,,ADMIN,COVID19,NOT_COLLECTED,NOT_COLLECTED,FEMALE,,,,,,,,,,,,,EJRF
CHN,2024,,ADMIN,COVID19,NOT_COLLECTED,NOT_COLLECTED,MALE,,,,,,,,,,,,,EJRF
CHN,2024,,ADMIN,COVID19,NOT_COLLECTED,NOT_COLLECTED,POLICY_RECOMMENDATION_ELDERLY,,,,,,,,,,,,,EJRF
CHN,2024,,ADMIN,COVID19,NOT_COLLECTED,NOT_COLLECTED,POLICY_RECOMMENDATION_ADULTS_CHRONIC,,,,,,,,,,,,,EJRF
ETH,2024,,ADMIN,COVID19,NOT_COLLECTED,NOT_COLLECTED,POLICY_RECOMMENDATION_ADULTS_CHRONIC,3773000.000000000,6414.000000000,0.169997350,,,,,,,,,,EJRF
ETH,2024,,ADMIN,COVID19,NOT_COLLECTED,NOT_COLLECTED,PW,3766123.000000000,-2222.000000000,,,,,,,,,,,EJRF
ETH,2024,,ADMIN,COVID19,NOT_COLLECTED,NOT_COLLECTED,POLICY_RECOMMENDATION_HCW,550000.000000000,15974.000000000,2.904363636,,,,,,,,,,EJRF
ETH,2024,,ADMIN,COVID19,NOT_COLLECTED,NOT_COLLECTED,OTHER_GROUPS,2475090.000000000,15106.000000000,0.610321241,,,,,,,,,,EJRF
ETH,2024,,ADMIN,COVID19,NOT_COLLECTED,NOT_COLLECTED,TOTAL,-2222.000000000,714596.000000000,,,,,,,,,,,EJRF
ETH,2024,,ADMIN,COVID19,NOT_COLLECTED,NOT_COLLECTED,FEMALE,,,,,,,,,,,,,EJRF
ETH,2024,,ADMIN,COVID19,NOT_COLLECTED,NOT_COLLECTED,MALE,,,,,,,,,,,,,EJRF
ETH,2024,,ADMIN,COVID19,NOT_COLLECTED,NOT_COLLECTED,POLICY_RECOMMENDATION_ELDERLY,3283117.000000000,-2222.000000000,,,,,,,,,,,EJRF
JPN,2024,,ADMIN,COVID19,NOT_COLLECTED,NOT_COLLECTED,POLICY_RECOMMENDATION_ELDERLY,,-2222.000000000,,,,,,,,,,,EJRF
JPN,2024,,ADMIN,COVID19,NOT_COLLECTED,NOT_COLLECTED,POLICY_RECOMMENDATION_ADULTS_CHRONIC,,,,,,,,,,,,,EJRF
JPN,2024,,ADMIN,COVID19,NOT_COLLECTED,NOT_COLLECTED,PW,,,,,,,,,,,,,EJRF
JPN,2024,,ADMIN,COVID19,NOT_COLLECTED,NOT_COLLECTED,POLICY_RECOMMENDATION_HCW,,-2222.000000000,,,,,,,,,,,EJRF
JPN,2024,,ADMIN,COVID19,NOT_COLLECTED,NOT_COLLECTED,OTHER_GROUPS,,,,,,,,,,,,,EJRF
JPN,2024,,ADMIN,COVID19,NOT_COLLECTED,NOT_COLLECTED,TOTAL,,-2222.000000000,,,,,,,,,,,EJRF
JPN,2024,,ADMIN,COVID19,NOT_COLLECTED,NOT_COLLECTED,FEMALE,,,,,,,,,,,,,EJRF
JPN,2024,,ADMIN,COVID19,NOT_COLLECTED,NOT_COLLECTED,MALE,,,,,,,,,,,,,EJRF
NCL,2024,,ADMIN,COVID19,NOT_COLLECTED,NOT_COLLECTED,POLICY_RECOMMENDATION_ELDERLY,,,,,,,,,,,,,EJRF
NCL,2024,,ADMIN,COVID19,NOT_COLLECTED,NOT_COLLECTED,POLICY_RECOMMENDATION_ADULTS_CHRONIC,,,,,,,,,,,,,EJRF
NCL,2024,,ADMIN,COVID19,NOT_COLLECTED,NOT_COLLECTED,PW,,,,,,,,,,,,,EJRF
NCL,2024,,ADMIN,COVID19,NOT_COLLECTED,NOT_COLLECTED,POLICY_RECOMMENDATION_HCW,,,,,,,,,,,,,EJRF
NCL,2024,,ADMIN,COVID19,NOT_COLLECTED,NOT_COLLECTED,OTHER_GROUPS,,,,,,,,,,,,,EJRF
NCL,2024,,ADMIN,COVID19,NOT_COLLECTED,NOT_COLLECTED,TOTAL,,,,,,,,,,,,,EJRF
NCL,2024,,ADMIN,COVID19,NOT_COLLECTED,NOT_COLLECTED,FEMALE,,,,,,,,,,,,,EJRF
NCL,2024,,ADMIN,COVID19,NOT_COLLECTED,NOT_COLLECTED,MALE,,,,,,,,,,,,,EJRF
ARE,2024,,ADMIN,COVID19,NOT_COLLECTED,NOT_COLLECTED,POLICY_RECOMMENDATION_ADULTS_CHRONIC,,,,,,,,,,,,,EJRF
ARE,2024,,ADMIN,COVID19,NOT_COLLECTED,NOT_COLLECTED,PW,-4444.000000000,-4444.000000000,-4444.000000000,,,,,,,,,,EJRF
ARE,2024,,ADMIN,COVID19,NOT_COLLECTED,NOT_COLLECTED,POLICY_RECOMMENDATION_HCW,-4444.000000000,-4444.000000000,-4444.000000000,,,,,,,,,,EJRF
ARE,2024,,ADMIN,COVID19,NOT_COLLECTED,NOT_COLLECTED,OTHER_GROUPS,,,,,,,,,,,,,EJRF
ARE,2024,,ADMIN,COVID19,NOT_COLLECTED,NOT_COLLECTED,TOTAL,-4444.000000000,-4444.000000000,-4444.000000000,,,,,,,,,,EJRF
ARE,2024,,ADMIN,COVID19,NOT_COLLECTED,NOT_COLLECTED,FEMALE,-4444.000000000,-4444.000000000,-4444.000000000,,,,,,,,,,EJRF
ARE,2024,,ADMIN,COVID19,NOT_COLLECTED,NOT_COLLECTED,MALE,-4444.000000000,-4444.000000000,-4444.000000000,,,,,,,,,,EJRF
ARE,2024,,ADMIN,COVID19,NOT_COLLECTED,NOT_COLLECTED,POLICY_RECOMMENDATION_ELDERLY,-4444.000000000,-4444.000000000,-4444.000000000,,,,,,,,,,EJRF
LAO,2024,,ADMIN,COVID19,NOT_COLLECTED,NOT_COLLECTED,POLICY_RECOMMENDATION_ADULTS_CHRONIC,260000.000000000,228711.000000000,88.000000000,,,,,,,,,,EJRF
LAO,2024,,ADMIN,COVID19,NOT_COLLECTED,NOT_COLLECTED,PW,157894.000000000,-2222.000000000,-2222.000000000,,,,,,,,,,EJRF
LAO,2024,,ADMIN,COVID19,NOT_COLLECTED,NOT_COLLECTED,POLICY_RECOMMENDATION_HCW,47353.000000000,47018.000000000,99.300000000,,,,,,,,,,EJRF
LAO,2024,,ADMIN,COVID19,NOT_COLLECTED,NOT_COLLECTED,OTHER_GROUPS,,,,,,,,,,,,,EJRF
LAO,2024,,ADMIN,COVID19,NOT_COLLECTED,NOT_COLLECTED,TOTAL,7337714.000000000,6344700.000000000,86.500000000,,,,,,,,,,EJRF
LAO,2024,,ADMIN,COVID19,NOT_COLLECTED,NOT_COLLECTED,FEMALE,3661561.000000000,3107276.000000000,84.900000000,,,,,,,,,,EJRF
LAO,2024,,ADMIN,COVID19,NOT_COLLECTED,NOT_COLLECTED,MALE,3676153.000000000,3237424.000000000,88.100000000,,,,,,,,,,EJRF
LAO,2024,,ADMIN,COVID19,NOT_COLLECTED,NOT_COLLECTED,POLICY_RECOMMENDATION_ELDERLY,529787.000000000,401997.000000000,75.900000000,,,,,,,,,,EJRF
MWI,2024,,ADMIN,COVID19,NOT_COLLECTED,NOT_COLLECTED,POLICY_RECOMMENDATION_ADULTS_CHRONIC,520244.000000000,28804.000000000,5.536632811,,,,,,,,,,EJRF
MWI,2024,,ADMIN,COVID19,NOT_COLLECTED,NOT_COLLECTED,PW,1010922.000000000,37809.000000000,3.740051161,,,,,,,,,,EJRF
MWI,2024,,ADMIN,COVID19,NOT_COLLECTED,NOT_COLLECTED,POLICY_RECOMMENDATION_HCW,57700.000000000,1381.000000000,2.393414211,,,,,,,,,,EJRF
MWI,2024,,ADMIN,COVID19,NOT_COLLECTED,NOT_COLLECTED,OTHER_GROUPS,10142206.000000000,824463.000000000,8.129030312,,,,,,,,,,EJRF
MWI,2024,,ADMIN,COVID19,NOT_COLLECTED,NOT_COLLECTED,TOTAL,13546324.000000000,947521.000000000,6.994672503,,,,,,,,,,EJRF
MWI,2024,,ADMIN,COVID19,NOT_COLLECTED,NOT_COLLECTED,FEMALE,7099038.000000000,492711.000000000,6.940531943,,,,,,,,,,EJRF
MWI,2024,,ADMIN,COVID19,NOT_COLLECTED,NOT_COLLECTED,MALE,6447286.000000000,454810.000000000,7.054286098,,,,,,,,,,EJRF
MWI,2024,,ADMIN,COVID19,NOT_COLLECTED,NOT_COLLECTED,POLICY_RECOMMENDATION_ELDERLY,958938.000000000,92873.000000000,9.684984848,,,,,,,,,,EJRF
VUT,2024,,ADMIN,COVID19,NOT_COLLECTED,NOT_COLLECTED,POLICY_RECOMMENDATION_ELDERLY,-4444.000000000,-4444.000000000,-4444.000000000,,,,,,,,,,EJRF
VUT,2024,,ADMIN,COVID19,NOT_COLLECTED,NOT_COLLECTED,POLICY_RECOMMENDATION_ADULTS_CHRONIC,-4444.000000000,-4444.000000000,-4444.000000000,,,,,,,,,,EJRF
VUT,2024,,ADMIN,COVID19,NOT_COLLECTED,NOT_COLLECTED,PW,-4444.000000000,-4444.000000000,-4444.000000000,,,,,,,,,,EJRF
VUT,2024,,ADMIN,COVID19,NOT_COLLECTED,NOT_COLLECTED,POLICY_RECOMMENDATION_HCW,-4444.000000000,-4444.000000000,-4444.000000000,,,,,,,,,,EJRF
VUT,2024,,ADMIN,COVID19,NOT_COLLECTED,NOT_COLLECTED,OTHER_GROUPS,-4444.000000000,-4444.000000000,-4444.000000000,,,,,,,,,,EJRF
VUT,2024,,ADMIN,COVID19,NOT_COLLECTED,NOT_COLLECTED,TOTAL,-4444.000000000,-4444.000000000,-4444.000000000,,,,,,,,,,EJRF
VUT,2024,,ADMIN,COVID19,NOT_COLLECTED,NOT_COLLECTED,FEMALE,-4444.000000000,-4444.000000000,-4444.000000000,,,,,,,,,,EJRF
VUT,2024,,ADMIN,COVID19,NOT_COLLECTED,NOT_COLLECTED,MALE,-4444.000000000,-4444.000000000,-4444.000000000,,,,,,,,,,EJRF
MKD,2024,,ADMIN,COVID19,NOT_COLLECTED,NOT_COLLECTED,POLICY_RECOMMENDATION_ADULTS_CHRONIC,-4444.000000000,-2222.000000000,-4444.000000000,,,,,,,,,,EJRF
MKD,2024,,ADMIN,COVID19,NOT_COLLECTED,NOT_COLLECTED,PW,-4444.000000000,-2222.000000000,-4444.000000000,,,,,,,,,,EJRF
MKD,2024,,ADMIN,COVID19,NOT_COLLECTED,NOT_COLLECTED,POLICY_RECOMMENDATION_HCW,-4444.000000000,-2222.000000000,-4444.000000000,,,,,,,,,,EJRF
MKD,2024,,ADMIN,COVID19,NOT_COLLECTED,NOT_COLLECTED,OTHER_GROUPS,-4444.000000000,-4444.000000000,,,,,,,,,,,EJRF
MKD,2024,,ADMIN,COVID19,NOT_COLLECTED,NOT_COLLECTED,TOTAL,-4444.000000000,156.000000000,-4444.000000000,,,,,,,,,,EJRF
MKD,2024,,ADMIN,COVID19,NOT_COLLECTED,NOT_COLLECTED,POLICY_RECOMMENDATION_ELDERLY,315331.000000000,43.000000000,0.013636465,,,,,,,,,,EJRF
MAR,2024,,ADMIN,COVID19,NOT_COLLECTED,NOT_COLLECTED,POLICY_RECOMMENDATION_ADULTS_CHRONIC,,,,,,,,,,,,,EJRF
MAR,2024,,ADMIN,COVID19,NOT_COLLECTED,NOT_COLLECTED,POLICY_RECOMMENDATION_ELDERLY,,,,,,,,,,,,,EJRF
MAR,2024,,ADMIN,COVID19,NOT_COLLECTED,NOT_COLLECTED,PW,,,,,,,,,,,,,EJRF
MAR,2024,,ADMIN,COVID19,NOT_COLLECTED,NOT_COLLECTED,POLICY_RECOMMENDATION_HCW,,,,,,,,,,,,,EJRF
MAR,2024,,ADMIN,COVID19,NOT_COLLECTED,NOT_COLLECTED,OTHER_GROUPS,,,,,,,,,,,,,EJRF
MAR,2024,,ADMIN,COVID19,NOT_COLLECTED,NOT_COLLECTED,TOTAL,,,,,,,,,,,,,EJRF
MAR,2024,,ADMIN,COVID19,NOT_COLLECTED,NOT_COLLECTED,FEMALE,,,,,,,,,,,,,EJRF
MAR,2024,,ADMIN,COVID19,NOT_COLLECTED,NOT_COLLECTED,MALE,,,,,,,,,,,,,EJRF
TUN,2024,,ADMIN,COVID19,NOT_COLLECTED,NOT_COLLECTED,POLICY_RECOMMENDATION_ADULTS_CHRONIC,,,,,,,,,,,,,EJRF
TUN,2024,,ADMIN,COVID19,NOT_COLLECTED,NOT_COLLECTED,PW,,,,,,,,,,,,,EJRF
TUN,2024,,ADMIN,COVID19,NOT_COLLECTED,NOT_COLLECTED,POLICY_RECOMMENDATION_HCW,,,,,,,,,,,,,EJRF
TUN,2024,,ADMIN,COVID19,NOT_COLLECTED,NOT_COLLECTED,OTHER_GROUPS,,,,,,,,,,,,,EJRF
TUN,2024,,ADMIN,COVID19,NOT_COLLECTED,NOT_COLLECTED,TOTAL,-2222.000000000,-2222.000000000,-2222.000000000,,,,,,,,,,EJRF
TUN,2024,,ADMIN,COVID19,NOT_COLLECTED,NOT_COLLECTED,FEMALE,-2222.000000000,-2222.000000000,-2222.000000000,,,,,,,,,,EJRF
TUN,2024,,ADMIN,COVID19,NOT_COLLECTED,NOT_COLLECTED,MALE,-2222.000000000,-2222.000000000,-2222.000000000,,,,,,,,,,EJRF
TUN,2024,,ADMIN,COVID19,NOT_COLLECTED,NOT_COLLECTED,POLICY_RECOMMENDATION_ELDERLY,,,,,,,,,,,,,EJRF
GNQ,2024,,ADMIN,COVID19,NOT_COLLECTED,NOT_COLLECTED,POLICY_RECOMMENDATION_HCW,-4444.000000000,-4444.000000000,-4444.000000000,,,,,,,,,,EJRF
GNQ,2024,,ADMIN,COVID19,NOT_COLLECTED,NOT_COLLECTED,OTHER_GROUPS,-4444.000000000,-4444.000000000,-4444.000000000,,,,,,,,,,EJRF
GNQ,2024,,ADMIN,COVID19,NOT_COLLECTED,NOT_COLLECTED,TOTAL,-4444.000000000,-4444.000000000,-4444.000000000,,,,,,,,,,EJRF
GNQ,2024,,ADMIN,COVID19,NOT_COLLECTED,NOT_COLLECTED,FEMALE,-4444.000000000,-4444.000000000,-4444.000000000,,,,,,,,,,EJRF
GNQ,2024,,ADMIN,COVID19,NOT_COLLECTED,NOT_COLLECTED,MALE,-4444.000000000,-4444.000000000,-4444.000000000,,,,,,,,,,EJRF
GNQ,2024,,ADMIN,COVID19,NOT_COLLECTED,NOT_COLLECTED,POLICY_RECOMMENDATION_ELDERLY,-4444.000000000,-4444.000000000,-4444.000000000,,,,,,,,,,EJRF
GNQ,2024,,ADMIN,COVID19,NOT_COLLECTED,NOT_COLLECTED,POLICY_RECOMMENDATION_ADULTS_CHRONIC,-4444.000000000,-4444.000000000,-4444.000000000,,,,,,,,,,EJRF
GNQ,2024,,ADMIN,COVID19,NOT_COLLECTED,NOT_COLLECTED,PW,-4444.000000000,-4444.000000000,-4444.000000000,,,,,,,,,,EJRF
MYS,2024,,ADMIN,COVID19,NOT_COLLECTED,NOT_COLLECTED,POLICY_RECOMMENDATION_ELDERLY,-2222.000000000,-2222.000000000,-2222.000000000,,,,,,,,,,EJRF
MYS,2024,,ADMIN,COVID19,NOT_COLLECTED,NOT_COLLECTED,POLICY_RECOMMENDATION_ADULTS_CHRONIC,-2222.000000000,-2222.000000000,-2222.000000000,,,,,,,,,,EJRF
MYS,2024,,ADMIN,COVID19,NOT_COLLECTED,NOT_COLLECTED,PW,-2222.000000000,-2222.000000000,-2222.000000000,,,,,,,,,,EJRF
MYS,2024,,ADMIN,COVID19,NOT_COLLECTED,NOT_COLLECTED,POLICY_RECOMMENDATION_HCW,-2222.000000000,-2222.000000000,-2222.000000000,,,,,,,,,,EJRF
MYS,2024,,ADMIN,COVID19,NOT_COLLECTED,NOT_COLLECTED,OTHER_GROUPS,-4444.000000000,,-4444.000000000,,,,,,,,,,EJRF
MYS,2024,,ADMIN,COVID19,NOT_COLLECTED,NOT_COLLECTED,TOTAL,-4444.000000000,-2222.000000000,-4444.000000000,,,,,,,,,,EJRF
MYS,2024,,ADMIN,COVID19,NOT_COLLECTED,NOT_COLLECTED,FEMALE,-4444.000000000,-2222.000000000,-2222.000000000,,,,,,,,,,EJRF
MYS,2024,,ADMIN,COVID19,NOT_COLLECTED,NOT_COLLECTED,MALE,-2222.000000000,-2222.000000000,-2222.000000000,,,,,,,,,,EJRF
CHE,2024,,ADMIN,COVID19,NOT_COLLECTED,NOT_COLLECTED,TOTAL,-2222.000000000,-2222.000000000,-2222.000000000,,,,,,,,,,EJRF
CHE,2024,,ADMIN,COVID19,NOT_COLLECTED,NOT_COLLECTED,POLICY_RECOMMENDATION_ELDERLY,-2222.000000000,-2222.000000000,-2222.000000000,,,,,,,,,,EJRF
CHE,2024,,ADMIN,COVID19,NOT_COLLECTED,NOT_COLLECTED,POLICY_RECOMMENDATION_ADULTS_CHRONIC,-2222.000000000,-2222.000000000,-2222.000000000,,,,,,,,,,EJRF
CHE,2024,,ADMIN,COVID19,NOT_COLLECTED,NOT_COLLECTED,PW,-2222.000000000,-2222.000000000,-2222.000000000,,,,,,,,,,EJRF
CHE,2024,,ADMIN,COVID19,NOT_COLLECTED,NOT_COLLECTED,POLICY_RECOMMENDATION_HCW,-2222.000000000,-2222.000000000,-2222.000000000,,,,,,,,,,EJRF
CHE,2024,,ADMIN,COVID19,NOT_COLLECTED,NOT_COLLECTED,OTHER_GROUPS,-2222.000000000,-2222.000000000,-2222.000000000,,,,,,,,,,EJRF
BRN,2024,,ADMIN,COVID19,NOT_COLLECTED,NOT_COLLECTED,POLICY_RECOMMENDATION_ELDERLY,-2222.000000000,-2222.000000000,-2222.000000000,,,,,,,,,,EJRF
BRN,2024,,ADMIN,COVID19,NOT_COLLECTED,NOT_COLLECTED,POLICY_RECOMMENDATION_ADULTS_CHRONIC,-2222.000000000,-2222.000000000,-2222.000000000,,,,,,,,,,EJRF
BRN,2024,,ADMIN,COVID19,NOT_COLLECTED,NOT_COLLECTED,PW,-2222.000000000,-2222.000000000,-2222.000000000,,,,,,,,,,EJRF
BRN,2024,,ADMIN,COVID19,NOT_COLLECTED,NOT_COLLECTED,POLICY_RECOMMENDATION_HCW,-2222.000000000,-2222.000000000,-2222.000000000,,,,,,,,,,EJRF
BRN,2024,,ADMIN,COVID19,NOT_COLLECTED,NOT_COLLECTED,OTHER_GROUPS,-2222.000000000,-2222.000000000,-2222.000000000,,,,,,,,,,EJRF
BRN,2024,,ADMIN,COVID19,NOT_COLLECTED,NOT_COLLECTED,TOTAL,-2222.000000000,-2222.000000000,-2222.000000000,,,,,,,,,,EJRF
BRN,2024,,ADMIN,COVID19,NOT_COLLECTED,NOT_COLLECTED,FEMALE,-2222.000000000,-2222.000000000,-2222.000000000,,,,,,,,,,EJRF
BRN,2024,,ADMIN,COVID19,NOT_COLLECTED,NOT_COLLECTED,MALE,-2222.000000000,-2222.000000000,-2222.000000000,,,,,,,,,,EJRF
KIR,2024,,ADMIN,COVID19,NOT_COLLECTED,NOT_COLLECTED,TOTAL,,,,,,,,,,,,,EJRF
KIR,2024,,ADMIN,COVID19,NOT_COLLECTED,NOT_COLLECTED,FEMALE,,,,,,,,,,,,,EJRF
KIR,2024,,ADMIN,COVID19,NOT_COLLECTED,NOT_COLLECTED,MALE,,,,,,,,,,,,,EJRF
KIR,2024,,ADMIN,COVID19,NOT_COLLECTED,NOT_COLLECTED,POLICY_RECOMMENDATION_ELDERLY,,,,,,,,,,,,,EJRF
KIR,2024,,ADMIN,COVID19,NOT_COLLECTED,NOT_COLLECTED,POLICY_RECOMMENDATION_ADULTS_CHRONIC,,,,,,,,,,,,,EJRF
KIR,2024,,ADMIN,COVID19,NOT_COLLECTED,NOT_COLLECTED,PW,,,,,,,,,,,,,EJRF
KIR,2024,,ADMIN,COVID19,NOT_COLLECTED,NOT_COLLECTED,POLICY_RECOMMENDATION_HCW,,,,,,,,,,,,,EJRF
KIR,2024,,ADMIN,COVID19,NOT_COLLECTED,NOT_COLLECTED,OTHER_GROUPS,,,,,,,,,,,,,EJRF
KEN,2024,,ADMIN,COVID19,NOT_COLLECTED,NOT_COLLECTED,POLICY_RECOMMENDATION_ELDERLY,2847433.000000000,45443.000000000,1.595928684,,,,,,,,,,EJRF
KEN,2024,,ADMIN,COVID19,NOT_COLLECTED,NOT_COLLECTED,POLICY_RECOMMENDATION_ADULTS_CHRONIC,-4444.000000000,-4444.000000000,-4444.000000000,,,,,,,,,,EJRF
KEN,2024,,ADMIN,COVID19,NOT_COLLECTED,NOT_COLLECTED,PW,-4444.000000000,-4444.000000000,-4444.000000000,,,,,,,,,,EJRF
KEN,2024,,ADMIN,COVID19,NOT_COLLECTED,NOT_COLLECTED,POLICY_RECOMMENDATION_HCW,-4444.000000000,-4444.000000000,,,,,,,,,,,EJRF
KEN,2024,,ADMIN,COVID19,NOT_COLLECTED,NOT_COLLECTED,OTHER_GROUPS,52322327.000000000,490196.000000000,0.936877291,,,,,,,,,,EJRF
KEN,2024,,ADMIN,COVID19,NOT_COLLECTED,NOT_COLLECTED,TOTAL,55169760.000000000,535639.000000000,0.970892387,,,,,,,,,,EJRF
KEN,2024,,ADMIN,COVID19,NOT_COLLECTED,NOT_COLLECTED,FEMALE,-4444.000000000,-4444.000000000,-4444.000000000,,,,,,,,,,EJRF
KEN,2024,,ADMIN,COVID19,NOT_COLLECTED,NOT_COLLECTED,MALE,-4444.000000000,-4444.000000000,-4444.000000000,,,,,,,,,,EJRF
MNP,2024,,ADMIN,COVID19,NOT_COLLECTED,NOT_COLLECTED,OTHER_GROUPS,-2222.000000000,-2222.000000000,-2222.000000000,,,,,,,,,,EJRF
MNP,2024,,ADMIN,COVID19,NOT_COLLECTED,NOT_COLLECTED,TOTAL,-2222.000000000,-2222.000000000,-2222.000000000,,,,,,,,,,EJRF
MNP,2024,,ADMIN,COVID19,NOT_COLLECTED,NOT_COLLECTED,FEMALE,-2222.000000000,-2222.000000000,-2222.000000000,,,,,,,,,,EJRF
MNP,2024,,ADMIN,COVID19,NOT_COLLECTED,NOT_COLLECTED,MALE,-2222.000000000,-2222.000000000,-2222.000000000,,,,,,,,,,EJRF
MNP,2024,,ADMIN,COVID19,NOT_COLLECTED,NOT_COLLECTED,POLICY_RECOMMENDATION_ELDERLY,-2222.000000000,-2222.000000000,-2222.000000000,,,,,,,,,,EJRF
MNP,2024,,ADMIN,COVID19,NOT_COLLECTED,NOT_COLLECTED,POLICY_RECOMMENDATION_ADULTS_CHRONIC,-2222.000000000,-2222.000000000,-2222.000000000,,,,,,,,,,EJRF
MNP,2024,,ADMIN,COVID19,NOT_COLLECTED,NOT_COLLECTED,PW,-2222.000000000,-2222.000000000,-2222.000000000,,,,,,,,,,EJRF
MNP,2024,,ADMIN,COVID19,NOT_COLLECTED,NOT_COLLECTED,POLICY_RECOMMENDATION_HCW,-2222.000000000,-2222.000000000,-2222.000000000,,,,,,,,,,EJRF
ZAF,2024,,ADMIN,COVID19,NOT_COLLECTED,NOT_COLLECTED,POLICY_RECOMMENDATION_ELDERLY,-4444.000000000,-4444.000000000,-4444.000000000,,,,,,,,,,EJRF
ZAF,2024,,ADMIN,COVID19,NOT_COLLECTED,NOT_COLLECTED,POLICY_RECOMMENDATION_ADULTS_CHRONIC,-4444.000000000,-4444.000000000,-4444.000000000,,,,,,,,,,EJRF
ZAF,2024,,ADMIN,COVID19,NOT_COLLECTED,NOT_COLLECTED,PW,-4444.000000000,-4444.000000000,-4444.000000000,,,,,,,,,,EJRF
ZAF,2024,,ADMIN,COVID19,NOT_COLLECTED,NOT_COLLECTED,POLICY_RECOMMENDATION_HCW,-4444.000000000,-4444.000000000,-4444.000000000,,,,,,,,,,EJRF
ZAF,2024,,ADMIN,COVID19,NOT_COLLECTED,NOT_COLLECTED,OTHER_GROUPS,-4444.000000000,-4444.000000000,-4444.000000000,,,,,,,,,,EJRF
ZAF,2024,,ADMIN,COVID19,NOT_COLLECTED,NOT_COLLECTED,TOTAL,-4444.000000000,-4444.000000000,-4444.000000000,,,,,,,,,,EJRF
ZAF,2024,,ADMIN,COVID19,NOT_COLLECTED,NOT_COLLECTED,FEMALE,-4444.000000000,-4444.000000000,-4444.000000000,,,,,,,,,,EJRF
ZAF,2024,,ADMIN,COVID19,NOT_COLLECTED,NOT_COLLECTED,MALE,-4444.000000000,-4444.000000000,-4444.000000000,,,,,,,,,,EJRF
COM,2024,,ADMIN,COVID19,NOT_COLLECTED,NOT_COLLECTED,FEMALE,-4444.000000000,-4444.000000000,-4444.000000000,,,,,,,,,,EJRF
COM,2024,,ADMIN,COVID19,NOT_COLLECTED,NOT_COLLECTED,MALE,-4444.000000000,-4444.000000000,-4444.000000000,,,,,,,,,,EJRF
COM,2024,,ADMIN,COVID19,NOT_COLLECTED,NOT_COLLECTED,POLICY_RECOMMENDATION_ADULTS_CHRONIC,-2222.000000000,-2222.000000000,-2222.000000000,,,,,,,,,,EJRF
COM,2024,,ADMIN,COVID19,NOT_COLLECTED,NOT_COLLECTED,PW,-2222.000000000,-2222.000000000,-2222.000000000,,,,,,,,,,EJRF
COM,2024,,ADMIN,COVID19,NOT_COLLECTED,NOT_COLLECTED,POLICY_RECOMMENDATION_HCW,-2222.000000000,-4444.000000000,-2222.000000000,,,,,,,,,,EJRF
COM,2024,,ADMIN,COVID19,NOT_COLLECTED,NOT_COLLECTED,OTHER_GROUPS,-4444.000000000,-4444.000000000,-4444.000000000,,,,,,,,,,EJRF
COM,2024,,ADMIN,COVID19,NOT_COLLECTED,NOT_COLLECTED,TOTAL,-4444.000000000,-4444.000000000,-4444.000000000,,,,,,,,,,EJRF
COM,2024,,ADMIN,COVID19,NOT_COLLECTED,NOT_COLLECTED,POLICY_RECOMMENDATION_ELDERLY,-2222.000000000,-2222.000000000,-2222.000000000,,,,,,,,,,EJRF
JAM,2024,,ADMIN,COVID19,NOT_COLLECTED,NOT_COLLECTED,POLICY_RECOMMENDATION_ELDERLY,1057.000000000,561.000000000,53.074739830,,,,,,,,,,EJRF
JAM,2024,,ADMIN,COVID19,NOT_COLLECTED,NOT_COLLECTED,POLICY_RECOMMENDATION_ADULTS_CHRONIC,-2222.000000000,-2222.000000000,-2222.000000000,,,,,,,,,,EJRF
JAM,2024,,ADMIN,COVID19,NOT_COLLECTED,NOT_COLLECTED,PW,-2222.000000000,-2222.000000000,-2222.000000000,,,,,,,,,,EJRF
JAM,2024,,ADMIN,COVID19,NOT_COLLECTED,NOT_COLLECTED,POLICY_RECOMMENDATION_HCW,192.000000000,65.000000000,33.850000000,,,,,,,,,,EJRF
JAM,2024,,ADMIN,COVID19,NOT_COLLECTED,NOT_COLLECTED,OTHER_GROUPS,7754.000000000,4477.000000000,57.530000000,,,,,,,,,,EJRF
JAM,2024,,ADMIN,COVID19,NOT_COLLECTED,NOT_COLLECTED,TOTAL,8811.000000000,5037.000000000,57.170000000,,,,,,,,,,EJRF
JAM,2024,,ADMIN,COVID19,NOT_COLLECTED,NOT_COLLECTED,FEMALE,4624.000000000,2479.000000000,53.610000000,,,,,,,,,,EJRF
JAM,2024,,ADMIN,COVID19,NOT_COLLECTED,NOT_COLLECTED,MALE,4186.000000000,2558.000000000,-2222.000000000,,,,,,,,,,EJRF
LKA,2024,,ADMIN,COVID19,NOT_COLLECTED,NOT_COLLECTED,POLICY_RECOMMENDATION_ELDERLY,,,,,,,,,,,,,EJRF
LKA,2024,,ADMIN,COVID19,NOT_COLLECTED,NOT_COLLECTED,POLICY_RECOMMENDATION_ADULTS_CHRONIC,,,,,,,,,,,,,EJRF
LKA,2024,,ADMIN,COVID19,NOT_COLLECTED,NOT_COLLECTED,POLICY_RECOMMENDATION_HCW,,,,,,,,,,,,,EJRF
LKA,2024,,ADMIN,COVID19,NOT_COLLECTED,NOT_COLLECTED,OTHER_GROUPS,,,,,,,,,,,,,EJRF
LKA,2024,,ADMIN,COVID19,NOT_COLLECTED,NOT_COLLECTED,TOTAL,-4444.000000000,-4444.000000000,-4444.000000000,,,,,,,,,,EJRF
LKA,2024,,ADMIN,COVID19,NOT_COLLECTED,NOT_COLLECTED,FEMALE,-4444.000000000,-4444.000000000,-4444.000000000,,,,,,,,,,EJRF
LKA,2024,,ADMIN,COVID19,NOT_COLLECTED,NOT_COLLECTED,MALE,-4444.000000000,-4444.000000000,-4444.000000000,,,,,,,,,,EJRF
LKA,2024,,ADMIN,COVID19,NOT_COLLECTED,NOT_COLLECTED,PW,,,,,,,,,,,,,EJRF
CAN,2024,,ADMIN,COVID19,NOT_COLLECTED,NOT_COLLECTED,POLICY_RECOMMENDATION_HCW,,,,,,,,,,,,,EJRF
CAN,2024,,ADMIN,COVID19,NOT_COLLECTED,NOT_COLLECTED,POLICY_RECOMMENDATION_ADULTS_CHRONIC,,,,,,,,,,,,,EJRF
CAN,2024,,ADMIN,COVID19,NOT_COLLECTED,NOT_COLLECTED,POLICY_RECOMMENDATION_ELDERLY,,,,,,,,,,,,,EJRF
CAN,2024,,ADMIN,COVID19,NOT_COLLECTED,NOT_COLLECTED,PW,,,,,,,,,,,,,EJRF
CAN,2024,,ADMIN,COVID19,NOT_COLLECTED,NOT_COLLECTED,OTHER_GROUPS,,,,,,,,,,,,,EJRF
CAN,2024,,ADMIN,COVID19,NOT_COLLECTED,NOT_COLLECTED,TOTAL,,,,,,,,,,,,,EJRF
CAN,2024,,ADMIN,COVID19,NOT_COLLECTED,NOT_COLLECTED,FEMALE,,,,,,,,,,,,,EJRF
CAN,2024,,ADMIN,COVID19,NOT_COLLECTED,NOT_COLLECTED,MALE,,,,,,,,,,,,,EJRF
PYF,2024,,ADMIN,COVID19,NOT_COLLECTED,NOT_COLLECTED,POLICY_RECOMMENDATION_ADULTS_CHRONIC,,,,,,,,,,,,,EJRF
PYF,2024,,ADMIN,COVID19,NOT_COLLECTED,NOT_COLLECTED,PW,,,,,,,,,,,,,EJRF
PYF,2024,,ADMIN,COVID19,NOT_COLLECTED,NOT_COLLECTED,POLICY_RECOMMENDATION_HCW,,,,,,,,,,,,,EJRF
PYF,2024,,ADMIN,COVID19,NOT_COLLECTED,NOT_COLLECTED,OTHER_GROUPS,,-2222.000000000,,,,,,,,,,,EJRF
PYF,2024,,ADMIN,COVID19,NOT_COLLECTED,NOT_COLLECTED,TOTAL,,-2222.000000000,,,,,,,,,,,EJRF
PYF,2024,,ADMIN,COVID19,NOT_COLLECTED,NOT_COLLECTED,FEMALE,,-2222.000000000,,,,,,,,,,,EJRF
PYF,2024,,ADMIN,COVID19,NOT_COLLECTED,NOT_COLLECTED,MALE,,-2222.000000000,,,,,,,,,,,EJRF
PYF,2024,,ADMIN,COVID19,NOT_COLLECTED,NOT_COLLECTED,POLICY_RECOMMENDATION_ELDERLY,,,,,,,,,,,,,EJRF
BLR,2024,,ADMIN,COVID19,NOT_COLLECTED,NOT_COLLECTED,OTHER_GROUPS,31257.000000000,12791.000000000,40.922033465,,,,,,,,,,EJRF
BLR,2024,,ADMIN,COVID19,NOT_COLLECTED,NOT_COLLECTED,TOTAL,-2222.000000000,-2222.000000000,-2222.000000000,,,,,,,,,,EJRF
BLR,2024,,ADMIN,COVID19,NOT_COLLECTED,NOT_COLLECTED,POLICY_RECOMMENDATION_ADULTS_CHRONIC,871518.000000000,22092.000000000,2.534887403,,,,,,,,,,EJRF
BLR,2024,,ADMIN,COVID19,NOT_COLLECTED,NOT_COLLECTED,PW,-4444.000000000,-4444.000000000,-4444.000000000,,,,,,,,,,EJRF
BLR,2024,,ADMIN,COVID19,NOT_COLLECTED,NOT_COLLECTED,POLICY_RECOMMENDATION_HCW,193289.000000000,22728.000000000,11.758558428,,,,,,,,,,EJRF
BLR,2024,,ADMIN,COVID19,NOT_COLLECTED,NOT_COLLECTED,POLICY_RECOMMENDATION_ELDERLY,753877.000000000,21459.000000000,2.846485567,,,,,,,,,,EJRF
EST,2024,,ADMIN,COVID19,NOT_COLLECTED,NOT_COLLECTED,OTHER_GROUPS,,,,,,,,,,,,,EJRF
EST,2024,,ADMIN,COVID19,NOT_COLLECTED,NOT_COLLECTED,TOTAL,,,,,,,,,,,,,EJRF
EST,2024,,ADMIN,COVID19,NOT_COLLECTED,NOT_COLLECTED,POLICY_RECOMMENDATION_ELDERLY,,,,,,,,,,,,,EJRF
EST,2024,,ADMIN,COVID19,NOT_COLLECTED,NOT_COLLECTED,POLICY_RECOMMENDATION_ADULTS_CHRONIC,,,,,,,,,,,,,EJRF
EST,2024,,ADMIN,COVID19,NOT_COLLECTED,NOT_COLLECTED,PW,,,,,,,,,,,,,EJRF
EST,2024,,ADMIN,COVID19,NOT_COLLECTED,NOT_COLLECTED,POLICY_RECOMMENDATION_HCW,,,,,,,,,,,,,EJRF
NPL,2024,,ADMIN,COVID19,NOT_COLLECTED,NOT_COLLECTED,POLICY_RECOMMENDATION_ADULTS_CHRONIC,,-2222.000000000,,,,,,,,,,,EJRF
NPL,2024,,ADMIN,COVID19,NOT_COLLECTED,NOT_COLLECTED,PW,,-2222.000000000,,,,,,,,,,,EJRF
NPL,2024,,ADMIN,COVID19,NOT_COLLECTED,NOT_COLLECTED,POLICY_RECOMMENDATION_HCW,,-2222.000000000,,,,,,,,,,,EJRF
NPL,2024,,ADMIN,COVID19,NOT_COLLECTED,NOT_COLLECTED,OTHER_GROUPS,,-2222.000000000,,,,,,,,,,,EJRF
NPL,2024,,ADMIN,COVID19,NOT_COLLECTED,NOT_COLLECTED,TOTAL,-2222.000000000,-2222.000000000,,,,,,,,,,,EJRF
NPL,2024,,ADMIN,COVID19,NOT_COLLECTED,NOT_COLLECTED,FEMALE,-2222.000000000,-2222.000000000,-2222.000000000,,,,,,,,,,EJRF
NPL,2024,,ADMIN,COVID19,NOT_COLLECTED,NOT_COLLECTED,MALE,-2222.000000000,-2222.000000000,-2222.000000000,,,,,,,,,,EJRF
NPL,2024,,ADMIN,COVID19,NOT_COLLECTED,NOT_COLLECTED,POLICY_RECOMMENDATION_ELDERLY,,-2222.000000000,,,,,,,,,,,EJRF
PAN,2024,,ADMIN,COVID19,NOT_COLLECTED,NOT_COLLECTED,POLICY_RECOMMENDATION_ELDERLY,626360.000000000,2454.000000000,0.391787471,,,,,,,,,,EJRF
PAN,2024,,ADMIN,COVID19,NOT_COLLECTED,NOT_COLLECTED,POLICY_RECOMMENDATION_ADULTS_CHRONIC,-2222.000000000,1393.000000000,-4444.000000000,,,,,,,,,,EJRF
PAN,2024,,ADMIN,COVID19,NOT_COLLECTED,NOT_COLLECTED,PW,53963.000000000,306.000000000,0.567055205,,,,,,,,,,EJRF
PAN,2024,,ADMIN,COVID19,NOT_COLLECTED,NOT_COLLECTED,POLICY_RECOMMENDATION_HCW,50000.000000000,1542.000000000,3.084000000,,,,,,,,,,EJRF
PAN,2024,,ADMIN,COVID19,NOT_COLLECTED,NOT_COLLECTED,OTHER_GROUPS,-4444.000000000,9750.000000000,-4444.000000000,,,,,,,,,,EJRF
PAN,2024,,ADMIN,COVID19,NOT_COLLECTED,NOT_COLLECTED,TOTAL,730323.000000000,15445.000000000,2.114817690,,,,,,,,,,EJRF
PAN,2024,,ADMIN,COVID19,NOT_COLLECTED,NOT_COLLECTED,FEMALE,-2222.000000000,-2222.000000000,-2222.000000000,,,,,,,,,,EJRF
PAN,2024,,ADMIN,COVID19,NOT_COLLECTED,NOT_COLLECTED,MALE,-2222.000000000,-2222.000000000,-2222.000000000,,,,,,,,,,EJRF
BIH,2024,,ADMIN,COVID19,NOT_COLLECTED,NOT_COLLECTED,POLICY_RECOMMENDATION_ADULTS_CHRONIC,,,,,,,,,,,,,EJRF
BIH,2024,,ADMIN,COVID19,NOT_COLLECTED,NOT_COLLECTED,PW,,,,,,,,,,,,,EJRF
BIH,2024,,ADMIN,COVID19,NOT_COLLECTED,NOT_COLLECTED,POLICY_RECOMMENDATION_HCW,,,,,,,,,,,,,EJRF
BIH,2024,,ADMIN,COVID19,NOT_COLLECTED,NOT_COLLECTED,OTHER_GROUPS,,,,,,,,,,,,,EJRF
BIH,2024,,ADMIN,COVID19,NOT_COLLECTED,NOT_COLLECTED,TOTAL,,,,,,,,,,,,,EJRF
BIH,2024,,ADMIN,COVID19,NOT_COLLECTED,NOT_COLLECTED,POLICY_RECOMMENDATION_ELDERLY,,,,,,,,,,,,,EJRF
MEX,2024,,ADMIN,COVID19,NOT_COLLECTED,NOT_COLLECTED,POLICY_RECOMMENDATION_ADULTS_CHRONIC,5302668.000000000,1978345.000000000,37.308483201,,,,,,,,,,EJRF
MEX,2024,,ADMIN,COVID19,NOT_COLLECTED,NOT_COLLECTED,PW,1002097.000000000,180673.000000000,18.029492155,,,,,,,,,,EJRF
MEX,2024,,ADMIN,COVID19,NOT_COLLECTED,NOT_COLLECTED,POLICY_RECOMMENDATION_ELDERLY,17121580.000000000,2783909.000000000,16.259650102,,,,,,,,,,EJRF
MEX,2024,,ADMIN,COVID19,NOT_COLLECTED,NOT_COLLECTED,POLICY_RECOMMENDATION_HCW,1070712.000000000,316498.000000000,29.559582782,,,,,,,,,,EJRF
MEX,2024,,ADMIN,COVID19,NOT_COLLECTED,NOT_COLLECTED,OTHER_GROUPS,-2222.000000000,1182654.000000000,-2222.000000000,,,,,,,,,,EJRF
MEX,2024,,ADMIN,COVID19,NOT_COLLECTED,NOT_COLLECTED,TOTAL,29675372.000000000,6628601.000000000,22.337044334,,,,,,,,,,EJRF
MEX,2024,,ADMIN,COVID19,NOT_COLLECTED,NOT_COLLECTED,FEMALE,-2222.000000000,-2222.000000000,-2222.000000000,,,,,,,,,,EJRF
MEX,2024,,ADMIN,COVID19,NOT_COLLECTED,NOT_COLLECTED,MALE,-2222.000000000,-2222.000000000,-2222.000000000,,,,,,,,,,EJRF
NIU,2024,,ADMIN,COVID19,NOT_COLLECTED,NOT_COLLECTED,POLICY_RECOMMENDATION_ELDERLY,,,,,,,,,,,,,EJRF
NIU,2024,,ADMIN,COVID19,NOT_COLLECTED,NOT_COLLECTED,PW,,,,,,,,,,,,,EJRF
NIU,2024,,ADMIN,COVID19,NOT_COLLECTED,NOT_COLLECTED,POLICY_RECOMMENDATION_HCW,,,,,,,,,,,,,EJRF
NIU,2024,,ADMIN,COVID19,NOT_COLLECTED,NOT_COLLECTED,OTHER_GROUPS,,,,,,,,,,,,,EJRF
NIU,2024,,ADMIN,COVID19,NOT_COLLECTED,NOT_COLLECTED,TOTAL,,,,,,,,,,,,,EJRF
NIU,2024,,ADMIN,COVID19,NOT_COLLECTED,NOT_COLLECTED,FEMALE,,,,,,,,,,,,,EJRF
NIU,2024,,ADMIN,COVID19,NOT_COLLECTED,NOT_COLLECTED,MALE,,,,,,,,,,,,,EJRF
NIU,2024,,ADMIN,COVID19,NOT_COLLECTED,NOT_COLLECTED,POLICY_RECOMMENDATION_ADULTS_CHRONIC,,,,,,,,,,,,,EJRF
TKL,2024,,ADMIN,COVID19,NOT_COLLECTED,NOT_COLLECTED,POLICY_RECOMMENDATION_ADULTS_CHRONIC,,,,,,,,,,,,,EJRF
TKL,2024,,ADMIN,COVID19,NOT_COLLECTED,NOT_COLLECTED,PW,,,,,,,,,,,,,EJRF
TKL,2024,,ADMIN,COVID19,NOT_COLLECTED,NOT_COLLECTED,POLICY_RECOMMENDATION_HCW,,,,,,,,,,,,,EJRF
TKL,2024,,ADMIN,COVID19,NOT_COLLECTED,NOT_COLLECTED,OTHER_GROUPS,,,,,,,,,,,,,EJRF
TKL,2024,,ADMIN,COVID19,NOT_COLLECTED,NOT_COLLECTED,TOTAL,,,,,,,,,,,,,EJRF
TKL,2024,,ADMIN,COVID19,NOT_COLLECTED,NOT_COLLECTED,FEMALE,,,,,,,,,,,,,EJRF
TKL,2024,,ADMIN,COVID19,NOT_COLLECTED,NOT_COLLECTED,MALE,,,,,,,,,,,,,EJRF
TKL,2024,,ADMIN,COVID19,NOT_COLLECTED,NOT_COLLECTED,POLICY_RECOMMENDATION_ELDERLY,,,,,,,,,,,,,EJRF
ATG,2024,,ADMIN,COVID19,NOT_COLLECTED,NOT_COLLECTED,TOTAL,,,,,,,,,,,,,EJRF
ATG,2024,,ADMIN,COVID19,NOT_COLLECTED,NOT_COLLECTED,FEMALE,,,,,,,,,,,,,EJRF
ATG,2024,,ADMIN,COVID19,NOT_COLLECTED,NOT_COLLECTED,MALE,,,,,,,,,,,,,EJRF
ATG,2024,,ADMIN,COVID19,NOT_COLLECTED,NOT_COLLECTED,POLICY_RECOMMENDATION_ELDERLY,,,,,,,,,,,,,EJRF
ATG,2024,,ADMIN,COVID19,NOT_COLLECTED,NOT_COLLECTED,POLICY_RECOMMENDATION_ADULTS_CHRONIC,,,,,,,,,,,,,EJRF
ATG,2024,,ADMIN,COVID19,NOT_COLLECTED,NOT_COLLECTED,PW,,,,,,,,,,,,,EJRF
ATG,2024,,ADMIN,COVID19,NOT_COLLECTED,NOT_COLLECTED,POLICY_RECOMMENDATION_HCW,,,,,,,,,,,,,EJRF
ATG,2024,,ADMIN,COVID19,NOT_COLLECTED,NOT_COLLECTED,OTHER_GROUPS,,,,,,,,,,,,,EJRF
ARG,2024,,ADMIN,COVID19,NOT_COLLECTED,NOT_COLLECTED,OTHER_GROUPS,,1162470.000000000,,,,,,,,,,,EJRF
ARG,2024,,ADMIN,COVID19,NOT_COLLECTED,NOT_COLLECTED,TOTAL,,1692401.000000000,,,,,,,,,,,EJRF
ARG,2024,,ADMIN,COVID19,NOT_COLLECTED,NOT_COLLECTED,FEMALE,23583467.000000000,945902.000000000,4.010869140,,,,,,,,,,EJRF
ARG,2024,,ADMIN,COVID19,NOT_COLLECTED,NOT_COLLECTED,MALE,220589093.000000000,744457.000000000,0.337485861,,,,,,,,,,EJRF
ARG,2024,,ADMIN,COVID19,NOT_COLLECTED,NOT_COLLECTED,POLICY_RECOMMENDATION_ELDERLY,5464057.000000000,677725.000000000,12.403329614,,,,,,,,,,EJRF
ARG,2024,,ADMIN,COVID19,NOT_COLLECTED,NOT_COLLECTED,POLICY_RECOMMENDATION_ADULTS_CHRONIC,,421675.000000000,,,,,,,,,,,EJRF
ARG,2024,,ADMIN,COVID19,NOT_COLLECTED,NOT_COLLECTED,PW,,5902.000000000,,,,,,,,,,,EJRF
ARG,2024,,ADMIN,COVID19,NOT_COLLECTED,NOT_COLLECTED,POLICY_RECOMMENDATION_HCW,,88939.000000000,,,,,,,,,,,EJRF
NAM,2024,,ADMIN,COVID19,NOT_COLLECTED,NOT_COLLECTED,POLICY_RECOMMENDATION_ELDERLY,-4444.000000000,-4444.000000000,-4444.000000000,,,,,,,,,,EJRF
NAM,2024,,ADMIN,COVID19,NOT_COLLECTED,NOT_COLLECTED,PW,-4444.000000000,-4444.000000000,-4444.000000000,,,,,,,,,,EJRF
NAM,2024,,ADMIN,COVID19,NOT_COLLECTED,NOT_COLLECTED,POLICY_RECOMMENDATION_HCW,-4444.000000000,-4444.000000000,-4444.000000000,,,,,,,,,,EJRF
NAM,2024,,ADMIN,COVID19,NOT_COLLECTED,NOT_COLLECTED,OTHER_GROUPS,-4444.000000000,-4444.000000000,-4444.000000000,,,,,,,,,,EJRF
NAM,2024,,ADMIN,COVID19,NOT_COLLECTED,NOT_COLLECTED,TOTAL,-4444.000000000,-4444.000000000,-4444.000000000,,,,,,,,,,EJRF
NAM,2024,,ADMIN,COVID19,NOT_COLLECTED,NOT_COLLECTED,FEMALE,-4444.000000000,-4444.000000000,-4444.000000000,,,,,,,,,,EJRF
NAM,2024,,ADMIN,COVID19,NOT_COLLECTED,NOT_COLLECTED,MALE,-4444.000000000,-4444.000000000,-4444.000000000,,,,,,,,,,EJRF
NAM,2024,,ADMIN,COVID19,NOT_COLLECTED,NOT_COLLECTED,POLICY_RECOMMENDATION_ADULTS_CHRONIC,-4444.000000000,-4444.000000000,-4444.000000000,,,,,,,,,,EJRF
COK,2024,,ADMIN,COVID19,NOT_COLLECTED,NOT_COLLECTED,PW,,,,,,,,,,,,,EJRF
COK,2024,,ADMIN,COVID19,NOT_COLLECTED,NOT_COLLECTED,POLICY_RECOMMENDATION_HCW,,,,,,,,,,,,,EJRF
COK,2024,,ADMIN,COVID19,NOT_COLLECTED,NOT_COLLECTED,POLICY_RECOMMENDATION_ELDERLY,,-4444.000000000,,,,,,,,,,,EJRF
COK,2024,,ADMIN,COVID19,NOT_COLLECTED,NOT_COLLECTED,POLICY_RECOMMENDATION_ADULTS_CHRONIC,,,,,,,,,,,,,EJRF
COK,2024,,ADMIN,COVID19,NOT_COLLECTED,NOT_COLLECTED,OTHER_GROUPS,,,,,,,,,,,,,EJRF
COK,2024,,ADMIN,COVID19,NOT_COLLECTED,NOT_COLLECTED,TOTAL,,,,,,,,,,,,,EJRF
COK,2024,,ADMIN,COVID19,NOT_COLLECTED,NOT_COLLECTED,FEMALE,,,,,,,,,,,,,EJRF
COK,2024,,ADMIN,COVID19,NOT_COLLECTED,NOT_COLLECTED,MALE,,,,,,,,,,,,,EJRF
BMU,2024,,ADMIN,COVID19,NOT_COLLECTED,NOT_COLLECTED,POLICY_RECOMMENDATION_ELDERLY,14680.000000000,649.000000000,4.420980926,,,,,,,,,,EJRF
BMU,2024,,ADMIN,COVID19,NOT_COLLECTED,NOT_COLLECTED,POLICY_RECOMMENDATION_ADULTS_CHRONIC,-2222.000000000,978.000000000,-2222.000000000,,,,,,,,,,EJRF
BMU,2024,,ADMIN,COVID19,NOT_COLLECTED,NOT_COLLECTED,PW,-2222.000000000,-2222.000000000,-2222.000000000,,,,,,,,,,EJRF
BMU,2024,,ADMIN,COVID19,NOT_COLLECTED,NOT_COLLECTED,POLICY_RECOMMENDATION_HCW,-2222.000000000,145.000000000,-2222.000000000,,,,,,,,,,EJRF
BMU,2024,,ADMIN,COVID19,NOT_COLLECTED,NOT_COLLECTED,OTHER_GROUPS,-2222.000000000,-2222.000000000,-2222.000000000,,,,,,,,,,EJRF
BMU,2024,,ADMIN,COVID19,NOT_COLLECTED,NOT_COLLECTED,TOTAL,63905.000000000,2051.000000000,3.209451530,,,,,,,,,,EJRF
BMU,2024,,ADMIN,COVID19,NOT_COLLECTED,NOT_COLLECTED,FEMALE,33216.000000000,1179.000000000,3.549494220,,,,,,,,,,EJRF
BMU,2024,,ADMIN,COVID19,NOT_COLLECTED,NOT_COLLECTED,MALE,30689.000000000,872.000000000,2.841408974,,,,,,,,,,EJRF
NRU,2024,,ADMIN,COVID19,NOT_COLLECTED,NOT_COLLECTED,OTHER_GROUPS,,,,,,,,,,,,,EJRF
NRU,2024,,ADMIN,COVID19,NOT_COLLECTED,NOT_COLLECTED,TOTAL,,,,,,,,,,,,,EJRF
NRU,2024,,ADMIN,COVID19,NOT_COLLECTED,NOT_COLLECTED,FEMALE,,,,,,,,,,,,,EJRF
NRU,2024,,ADMIN,COVID19,NOT_COLLECTED,NOT_COLLECTED,MALE,,,,,,,,,,,,,EJRF
NRU,2024,,ADMIN,COVID19,NOT_COLLECTED,NOT_COLLECTED,POLICY_RECOMMENDATION_ELDERLY,,,,,,,,,,,,,EJRF
NRU,2024,,ADMIN,COVID19,NOT_COLLECTED,NOT_COLLECTED,POLICY_RECOMMENDATION_ADULTS_CHRONIC,,,,,,,,,,,,,EJRF
NRU,2024,,ADMIN,COVID19,NOT_COLLECTED,NOT_COLLECTED,PW,,,,,,,,,,,,,EJRF
NRU,2024,,ADMIN,COVID19,NOT_COLLECTED,NOT_COLLECTED,POLICY_RECOMMENDATION_HCW,,,,,,,,,,,,,EJRF
SGP,2024,,ADMIN,COVID19,NOT_COLLECTED,NOT_COLLECTED,POLICY_RECOMMENDATION_ELDERLY,-4444.000000000,-4444.000000000,8.700000000,,,,,,,,,,EJRF
SGP,2024,,ADMIN,COVID19,NOT_COLLECTED,NOT_COLLECTED,POLICY_RECOMMENDATION_ADULTS_CHRONIC,-4444.000000000,-4444.000000000,-4444.000000000,,,,,,,,,,EJRF
SGP,2024,,ADMIN,COVID19,NOT_COLLECTED,NOT_COLLECTED,PW,-4444.000000000,-4444.000000000,-4444.000000000,,,,,,,,,,EJRF
SGP,2024,,ADMIN,COVID19,NOT_COLLECTED,NOT_COLLECTED,POLICY_RECOMMENDATION_HCW,-4444.000000000,-4444.000000000,,,,,,,,,,,EJRF
SGP,2024,,ADMIN,COVID19,NOT_COLLECTED,NOT_COLLECTED,OTHER_GROUPS,-4444.000000000,-4444.000000000,-4444.000000000,,,,,,,,,,EJRF
SGP,2024,,ADMIN,COVID19,NOT_COLLECTED,NOT_COLLECTED,TOTAL,-4444.000000000,-4444.000000000,-4444.000000000,,,,,,,,,,EJRF
SGP,2024,,ADMIN,COVID19,NOT_COLLECTED,NOT_COLLECTED,FEMALE,-4444.000000000,-4444.000000000,-4444.000000000,,,,,,,,,,EJRF
SGP,2024,,ADMIN,COVID19,NOT_COLLECTED,NOT_COLLECTED,MALE,-4444.000000000,-4444.000000000,-4444.000000000,,,,,,,,,,EJRF
KGZ,2024,,ADMIN,COVID19,NOT_COLLECTED,NOT_COLLECTED,POLICY_RECOMMENDATION_ELDERLY,,,,,,,,,,,,,EJRF
KGZ,2024,,ADMIN,COVID19,NOT_COLLECTED,NOT_COLLECTED,POLICY_RECOMMENDATION_ADULTS_CHRONIC,,,,,,,,,,,,,EJRF
KGZ,2024,,ADMIN,COVID19,NOT_COLLECTED,NOT_COLLECTED,PW,,,,,,,,,,,,,EJRF
KGZ,2024,,ADMIN,COVID19,NOT_COLLECTED,NOT_COLLECTED,POLICY_RECOMMENDATION_HCW,,,,,,,,,,,,,EJRF
KGZ,2024,,ADMIN,COVID19,NOT_COLLECTED,NOT_COLLECTED,OTHER_GROUPS,,,,,,,,,,,,,EJRF
KGZ,2024,,ADMIN,COVID19,NOT_COLLECTED,NOT_COLLECTED,TOTAL,,,,,,,,,,,,,EJRF
UZB,2024,,ADMIN,COVID19,NOT_COLLECTED,NOT_COLLECTED,OTHER_GROUPS,,,,,,,,,,,,,EJRF
UZB,2024,,ADMIN,COVID19,NOT_COLLECTED,NOT_COLLECTED,TOTAL,,,,,,,,,,,,,EJRF
UZB,2024,,ADMIN,COVID19,NOT_COLLECTED,NOT_COLLECTED,POLICY_RECOMMENDATION_ELDERLY,,,,,,,,,,,,,EJRF
UZB,2024,,ADMIN,COVID19,NOT_COLLECTED,NOT_COLLECTED,POLICY_RECOMMENDATION_ADULTS_CHRONIC,,,,,,,,,,,,,EJRF
UZB,2024,,ADMIN,COVID19,NOT_COLLECTED,NOT_COLLECTED,PW,,,,,,,,,,,,,EJRF
UZB,2024,,ADMIN,COVID19,NOT_COLLECTED,NOT_COLLECTED,POLICY_RECOMMENDATION_HCW,,,,,,,,,,,,,EJRF
GRD,2024,,ADMIN,COVID19,NOT_COLLECTED,NOT_COLLECTED,TOTAL,,,,,,,,,,,,,EJRF
GRD,2024,,ADMIN,COVID19,NOT_COLLECTED,NOT_COLLECTED,FEMALE,,,,,,,,,,,,,EJRF
GRD,2024,,ADMIN,COVID19,NOT_COLLECTED,NOT_COLLECTED,MALE,,,,,,,,,,,,,EJRF
GRD,2024,,ADMIN,COVID19,NOT_COLLECTED,NOT_COLLECTED,POLICY_RECOMMENDATION_ADULTS_CHRONIC,,,,,,,,,,,,,EJRF
GRD,2024,,ADMIN,COVID19,NOT_COLLECTED,NOT_COLLECTED,PW,1085.000000000,575.000000000,52.995391705,,,,,,,,,,EJRF
GRD,2024,,ADMIN,COVID19,NOT_COLLECTED,NOT_COLLECTED,POLICY_RECOMMENDATION_ELDERLY,,,,,,,,,,,,,EJRF
GRD,2024,,ADMIN,COVID19,NOT_COLLECTED,NOT_COLLECTED,OTHER_GROUPS,,,,,,,,,,,,,EJRF
GRD,2024,,ADMIN,COVID19,NOT_COLLECTED,NOT_COLLECTED,POLICY_RECOMMENDATION_HCW,,,,,,,,,,,,,EJRF
BON,2024,,ADMIN,COVID19,NOT_COLLECTED,NOT_COLLECTED,POLICY_RECOMMENDATION_ELDERLY,5844.000000000,646.000000000,11.054072553,,,,,,,,,,EJRF
BON,2024,,ADMIN,COVID19,NOT_COLLECTED,NOT_COLLECTED,POLICY_RECOMMENDATION_ADULTS_CHRONIC,2000.000000000,229.000000000,11.450000000,,,,,,,,,,EJRF
BON,2024,,ADMIN,COVID19,NOT_COLLECTED,NOT_COLLECTED,PW,,,,,,,,,,,,,EJRF
BON,2024,,ADMIN,COVID19,NOT_COLLECTED,NOT_COLLECTED,POLICY_RECOMMENDATION_HCW,,,,,,,,,,,,,EJRF
BON,2024,,ADMIN,COVID19,NOT_COLLECTED,NOT_COLLECTED,OTHER_GROUPS,,,,,,,,,,,,,EJRF
BON,2024,,ADMIN,COVID19,NOT_COLLECTED,NOT_COLLECTED,TOTAL,8000.000000000,875.000000000,10.937500000,,,,,,,,,,EJRF
BON,2024,,ADMIN,COVID19,NOT_COLLECTED,NOT_COLLECTED,FEMALE,,,,,,,,,,,,,EJRF
BON,2024,,ADMIN,COVID19,NOT_COLLECTED,NOT_COLLECTED,MALE,,,,,,,,,,,,,EJRF
PRT,2024,,ADMIN,COVID19,NOT_COLLECTED,NOT_COLLECTED,POLICY_RECOMMENDATION_ELDERLY,,,,,,,,,,,,,EJRF
PRT,2024,,ADMIN,COVID19,NOT_COLLECTED,NOT_COLLECTED,POLICY_RECOMMENDATION_ADULTS_CHRONIC,,,,,,,,,,,,,EJRF
PRT,2024,,ADMIN,COVID19,NOT_COLLECTED,NOT_COLLECTED,PW,,,,,,,,,,,,,EJRF
PRT,2024,,ADMIN,COVID19,NOT_COLLECTED,NOT_COLLECTED,POLICY_RECOMMENDATION_HCW,,,,,,,,,,,,,EJRF
PRT,2024,,ADMIN,COVID19,NOT_COLLECTED,NOT_COLLECTED,OTHER_GROUPS,,,,,,,,,,,,,EJRF
PRT,2024,,ADMIN,COVID19,NOT_COLLECTED,NOT_COLLECTED,TOTAL,,,,,,,,,,,,,EJRF
GUM,2024,,ADMIN,COVID19,NOT_COLLECTED,NOT_COLLECTED,POLICY_RECOMMENDATION_ELDERLY,,,,,,,,,,,,,EJRF
GUM,2024,,ADMIN,COVID19,NOT_COLLECTED,NOT_COLLECTED,POLICY_RECOMMENDATION_ADULTS_CHRONIC,,,,,,,,,,,,,EJRF
GUM,2024,,ADMIN,COVID19,NOT_COLLECTED,NOT_COLLECTED,PW,,,,,,,,,,,,,EJRF
GUM,2024,,ADMIN,COVID19,NOT_COLLECTED,NOT_COLLECTED,POLICY_RECOMMENDATION_HCW,,,,,,,,,,,,,EJRF
GUM,2024,,ADMIN,COVID19,NOT_COLLECTED,NOT_COLLECTED,OTHER_GROUPS,,,,,,,,,,,,,EJRF
GUM,2024,,ADMIN,COVID19,NOT_COLLECTED,NOT_COLLECTED,TOTAL,,,,,,,,,,,,,EJRF
GUM,2024,,ADMIN,COVID19,NOT_COLLECTED,NOT_COLLECTED,FEMALE,,,,,,,,,,,,,EJRF
GUM,2024,,ADMIN,COVID19,NOT_COLLECTED,NOT_COLLECTED,MALE,,,,,,,,,,,,,EJRF
SAB,2024,,ADMIN,COVID19,NOT_COLLECTED,NOT_COLLECTED,PW,-2222.000000000,-2222.000000000,-2222.000000000,,,,,,,,,,EJRF
SAB,2024,,ADMIN,COVID19,NOT_COLLECTED,NOT_COLLECTED,POLICY_RECOMMENDATION_HCW,-2222.000000000,-2222.000000000,-2222.000000000,,,,,,,,,,EJRF
SAB,2024,,ADMIN,COVID19,NOT_COLLECTED,NOT_COLLECTED,OTHER_GROUPS,-2222.000000000,-2222.000000000,-2222.000000000,,,,,,,,,,EJRF
SAB,2024,,ADMIN,COVID19,NOT_COLLECTED,NOT_COLLECTED,TOTAL,-2222.000000000,-2222.000000000,-2222.000000000,,,,,,,,,,EJRF
SAB,2024,,ADMIN,COVID19,NOT_COLLECTED,NOT_COLLECTED,FEMALE,-2222.000000000,-2222.000000000,-2222.000000000,,,,,,,,,,EJRF
SAB,2024,,ADMIN,COVID19,NOT_COLLECTED,NOT_COLLECTED,MALE,-2222.000000000,-2222.000000000,-2222.000000000,,,,,,,,,,EJRF
SAB,2024,,ADMIN,COVID19,NOT_COLLECTED,NOT_COLLECTED,POLICY_RECOMMENDATION_ELDERLY,-2222.000000000,-2222.000000000,,,,,,,,,,,EJRF
SAB,2024,,ADMIN,COVID19,NOT_COLLECTED,NOT_COLLECTED,POLICY_RECOMMENDATION_ADULTS_CHRONIC,-2222.000000000,-2222.000000000,-2222.000000000,,,,,,,,,,EJRF
STA,2024,,ADMIN,COVID19,NOT_COLLECTED,NOT_COLLECTED,POLICY_RECOMMENDATION_ELDERLY,,,,,,,,,,,,,EJRF
STA,2024,,ADMIN,COVID19,NOT_COLLECTED,NOT_COLLECTED,POLICY_RECOMMENDATION_ADULTS_CHRONIC,,,,,,,,,,,,,EJRF
STA,2024,,ADMIN,COVID19,NOT_COLLECTED,NOT_COLLECTED,PW,,,,,,,,,,,,,EJRF
STA,2024,,ADMIN,COVID19,NOT_COLLECTED,NOT_COLLECTED,POLICY_RECOMMENDATION_HCW,,,,,,,,,,,,,EJRF
STA,2024,,ADMIN,COVID19,NOT_COLLECTED,NOT_COLLECTED,OTHER_GROUPS,,,,,,,,,,,,,EJRF
STA,2024,,ADMIN,COVID19,NOT_COLLECTED,NOT_COLLECTED,TOTAL,-4444.000000000,-4444.000000000,-4444.000000000,,,,,,,,,,EJRF
STA,2024,,ADMIN,COVID19,NOT_COLLECTED,NOT_COLLECTED,FEMALE,-4444.000000000,-4444.000000000,-4444.000000000,,,,,,,,,,EJRF
STA,2024,,ADMIN,COVID19,NOT_COLLECTED,NOT_COLLECTED,MALE,-4444.000000000,-4444.000000000,-4444.000000000,,,,,,,,,,EJRF
ITA,2024,,ADMIN,COVID19,NOT_COLLECTED,NOT_COLLECTED,POLICY_RECOMMENDATION_ELDERLY,,,,,,,,,,,,,EJRF
ITA,2024,,ADMIN,COVID19,NOT_COLLECTED,NOT_COLLECTED,POLICY_RECOMMENDATION_ADULTS_CHRONIC,,,,,,,,,,,,,EJRF
ITA,2024,,ADMIN,COVID19,NOT_COLLECTED,NOT_COLLECTED,PW,,,,,,,,,,,,,EJRF
ITA,2024,,ADMIN,COVID19,NOT_COLLECTED,NOT_COLLECTED,POLICY_RECOMMENDATION_HCW,,,,,,,,,,,,,EJRF
ITA,2024,,ADMIN,COVID19,NOT_COLLECTED,NOT_COLLECTED,OTHER_GROUPS,,,,,,,,,,,,,EJRF
ITA,2024,,ADMIN,COVID19,NOT_COLLECTED,NOT_COLLECTED,TOTAL,,,,,,,,,,,,,EJRF
VNM,2024,,ADMIN,COVID19,NOT_COLLECTED,NOT_COLLECTED,POLICY_RECOMMENDATION_ELDERLY,,-2222.000000000,,,,,,,,,,,EJRF
VNM,2024,,ADMIN,COVID19,NOT_COLLECTED,NOT_COLLECTED,POLICY_RECOMMENDATION_ADULTS_CHRONIC,,,,,,,,,,,,,EJRF
VNM,2024,,ADMIN,COVID19,NOT_COLLECTED,NOT_COLLECTED,PW,,,,,,,,,,,,,EJRF
VNM,2024,,ADMIN,COVID19,NOT_COLLECTED,NOT_COLLECTED,POLICY_RECOMMENDATION_HCW,,,,,,,,,,,,,EJRF
VNM,2024,,ADMIN,COVID19,NOT_COLLECTED,NOT_COLLECTED,OTHER_GROUPS,,,,,,,,,,,,,EJRF
VNM,2024,,ADMIN,COVID19,NOT_COLLECTED,NOT_COLLECTED,TOTAL,,,,,,,,,,,,,EJRF
VNM,2024,,ADMIN,COVID19,NOT_COLLECTED,NOT_COLLECTED,FEMALE,,,,,,,,,,,,,EJRF
VNM,2024,,ADMIN,COVID19,NOT_COLLECTED,NOT_COLLECTED,MALE,,,,,,,,,,,,,EJRF
AND,2024,,ADMIN,COVID19,NOT_COLLECTED,NOT_COLLECTED,POLICY_RECOMMENDATION_ELDERLY,-2222.000000000,-2222.000000000,-2222.000000000,,,,,,,,,,EJRF
AND,2024,,ADMIN,COVID19,NOT_COLLECTED,NOT_COLLECTED,POLICY_RECOMMENDATION_ADULTS_CHRONIC,-2222.000000000,-2222.000000000,-2222.000000000,,,,,,,,,,EJRF
AND,2024,,ADMIN,COVID19,NOT_COLLECTED,NOT_COLLECTED,PW,-2222.000000000,-2222.000000000,-2222.000000000,,,,,,,,,,EJRF
AND,2024,,ADMIN,COVID19,NOT_COLLECTED,NOT_COLLECTED,POLICY_RECOMMENDATION_HCW,-2222.000000000,-2222.000000000,-2222.000000000,,,,,,,,,,EJRF
AND,2024,,ADMIN,COVID19,NOT_COLLECTED,NOT_COLLECTED,OTHER_GROUPS,,,,,,,,,,,,,EJRF
AND,2024,,ADMIN,COVID19,NOT_COLLECTED,NOT_COLLECTED,TOTAL,-2222.000000000,-2222.000000000,-2222.000000000,,,,,,,,,,EJRF
POL,2024,,ADMIN,COVID19,NOT_COLLECTED,NOT_COLLECTED,POLICY_RECOMMENDATION_ELDERLY,,,,,,,,,,,,,EJRF
POL,2024,,ADMIN,COVID19,NOT_COLLECTED,NOT_COLLECTED,POLICY_RECOMMENDATION_ADULTS_CHRONIC,,,,,,,,,,,,,EJRF
POL,2024,,ADMIN,COVID19,NOT_COLLECTED,NOT_COLLECTED,PW,,,,,,,,,,,,,EJRF
POL,2024,,ADMIN,COVID19,NOT_COLLECTED,NOT_COLLECTED,POLICY_RECOMMENDATION_HCW,,,,,,,,,,,,,EJRF
POL,2024,,ADMIN,COVID19,NOT_COLLECTED,NOT_COLLECTED,OTHER_GROUPS,,,,,,,,,,,,,EJRF
POL,2024,,ADMIN,COVID19,NOT_COLLECTED,NOT_COLLECTED,TOTAL,,,,,,,,,,,,,EJRF
THA,2024,,ADMIN,COVID19,NOT_COLLECTED,NOT_COLLECTED,POLICY_RECOMMENDATION_ADULTS_CHRONIC,,,,,,,,,,,,,EJRF
THA,2024,,ADMIN,COVID19,NOT_COLLECTED,NOT_COLLECTED,PW,,,,,,,,,,,,,EJRF
THA,2024,,ADMIN,COVID19,NOT_COLLECTED,NOT_COLLECTED,POLICY_RECOMMENDATION_HCW,,,,,,,,,,,,,EJRF
THA,2024,,ADMIN,COVID19,NOT_COLLECTED,NOT_COLLECTED,OTHER_GROUPS,,,,,,,,,,,,,EJRF
THA,2024,,ADMIN,COVID19,NOT_COLLECTED,NOT_COLLECTED,TOTAL,,,,,,,,,,,,,EJRF
THA,2024,,ADMIN,COVID19,NOT_COLLECTED,NOT_COLLECTED,FEMALE,,,,,,,,,,,,,EJRF
THA,2024,,ADMIN,COVID19,NOT_COLLECTED,NOT_COLLECTED,MALE,,,,,,,,,,,,,EJRF
THA,2024,,ADMIN,COVID19,NOT_COLLECTED,NOT_COLLECTED,POLICY_RECOMMENDATION_ELDERLY,,,,,,,,,,,,,EJRF
IND,2024,,ADMIN,COVID19,NOT_COLLECTED,NOT_COLLECTED,PW,-4444.000000000,-4444.000000000,-4444.000000000,,,,,,,,,,EJRF
IND,2024,,ADMIN,COVID19,NOT_COLLECTED,NOT_COLLECTED,POLICY_RECOMMENDATION_HCW,-4444.000000000,-4444.000000000,-4444.000000000,,,,,,,,,,EJRF
IND,2024,,ADMIN,COVID19,NOT_COLLECTED,NOT_COLLECTED,OTHER_GROUPS,-4444.000000000,-4444.000000000,-4444.000000000,,,,,,,,,,EJRF
IND,2024,,ADMIN,COVID19,NOT_COLLECTED,NOT_COLLECTED,TOTAL,-4444.000000000,-4444.000000000,-4444.000000000,,,,,,,,,,EJRF
IND,2024,,ADMIN,COVID19,NOT_COLLECTED,NOT_COLLECTED,FEMALE,-4444.000000000,-4444.000000000,-4444.000000000,,,,,,,,,,EJRF
IND,2024,,ADMIN,COVID19,NOT_COLLECTED,NOT_COLLECTED,MALE,-4444.000000000,-4444.000000000,-4444.000000000,,,,,,,,,,EJRF
IND,2024,,ADMIN,COVID19,NOT_COLLECTED,NOT_COLLECTED,POLICY_RECOMMENDATION_ADULTS_CHRONIC,-4444.000000000,-4444.000000000,-4444.000000000,,,,,,,,,,EJRF
IND,2024,,ADMIN,COVID19,NOT_COLLECTED,NOT_COLLECTED,POLICY_RECOMMENDATION_ELDERLY,-4444.000000000,-4444.000000000,-4444.000000000,,,,,,,,,,EJRF
