ID_NUMBER,COUNTRY,YEAR,CONTRACTYEAR,VACCINECODE,PRESENTATION,DOSAGENUMBER,SWITCH_VACCINE,SWITCH_WHEN,MANUFACTURER,COMMERCIALNAME,PROCUR_NUMBER,PROCUR_AUTHORITY,PROCUR_MECHANISM,CONTRACTLENGTH,OTHER_REGISTERED,PRICE_PER_DOSE,CURRENCY,VAT,VATPERCENT,FINALCOMMENT,COUNTRYSOURCE,INCOTERM,FUNDINGSOURCE,GVT_FINANCED,LEG_COMMENT,LEG_CREATEDBY,LEG_MODIFIEDBY,LEG_DATESTAMP,SOURCE
,BRB,2023,2023,COVID19,-4444,1.000000000,,,PFIZER,Pfizer BioNTech - Comirnaty,5040.000000000,NATIONAL_AUTHORITY,DONATION,-2222,,-2222.000000000,-2222,-4444,,,NOT_COLLECTED,NOT_COLLECTED,-9999,-9999.000000000,,,,,EJRF
,SEN,2023,2022,COVID19,-4444,1.000000000,,,ASTRAZENACA,AstraZeneca - Vaxzevria,,OTHER,COVAX,-2222,,,,,,,NOT_COLLECTED,NOT_COLLECTED,-9999,-9999.000000000,,,,,EJRF
,SEN,2023,2022,COVID19,-4444,1.000000000,,,BBIBP,Beijing CNBG - BBIBP-CorV,,,-4444,-2222,,,,,,,NOT_COLLECTED,NOT_COLLECTED,-9999,-9999.000000000,,,,,EJRF
,SEN,2023,2022,COVID19,-4444,1.000000000,,,JVC,Janssen - Ad26.COV 2-S,811000.000000000,OTHER,COVAX,-2222,,7.500000000,USD,NO,-4444.000000000,,NOT_COLLECTED,NOT_COLLECTED,-9999,-9999.000000000,,,,,EJRF
,SEN,2023,2022,COVID19,-4444,1.000000000,,,PFIZER,Pfizer BioNTech - Comirnaty,,,-4444,-2222,,,,,,,NOT_COLLECTED,NOT_COLLECTED,-9999,-9999.000000000,,,,,EJRF
,COD,2023,2022,COVID19,-4444,5.000000000,-4444,-4444,JVC,-4444,3656650.000000000,NATIONAL_AUTHORITY,COVAX,-2222,NON,7.500000000,USD,-4444,-4444.000000000,,NOT_COLLECTED,NOT_COLLECTED,-9999,-9999.000000000,,,,,EJRF
,COD,2023,2022,COVID19,-4444,6.000000000,-4444,-4444,PFIZER,-4444,2998080.000000000,NATIONAL_AUTHORITY,COVAX,-2222,NON,7.500000000,USD,-4444,-4444.000000000,,NOT_COLLECTED,NOT_COLLECTED,-9999,-9999.000000000,,,,,EJRF
,KNA,2023,2022,COVID19,-4444,1.000000000,-4444,-4444,ASTRAZENACA,AstraZeneca - Vaxzevria,0.000000000,-4444,OTHER,-4444,-4444,-4444.000000000,-4444,-4444,-4444.000000000,-4444,NOT_COLLECTED,NOT_COLLECTED,-9999,-9999.000000000,,,,,EJRF
,KNA,2023,2022,COVID19,-4444,1.000000000,-4444,-4444,PFIZER,Pfizer BioNTech - Comirnaty,0.000000000,-4444,DONATION,-4444,,-4444.000000000,-4444,-4444,-4444.000000000,-4444,NOT_COLLECTED,NOT_COLLECTED,-9999,-9999.000000000,,,,,EJRF
,KNA,2023,2022,COVID19,-4444,1.000000000,-4444,-4444,SII,SII - Covishield,0.000000000,-4444,COVAX,-2222,-4444,-4444.000000000,-4444,-4444,-4444.000000000,-4444,NOT_COLLECTED,NOT_COLLECTED,-9999,-9999.000000000,,,,,EJRF
,KNA,2023,2022,COVID19,-4444,1.000000000,-4444,-4444,SII,SII - Covishield,0.000000000,-4444,DONATION,-2222,-4444,-4444.000000000,-4444,-4444,-4444.000000000,-4444,NOT_COLLECTED,NOT_COLLECTED,-9999,-9999.000000000,,,,,EJRF
,KNA,2023,2022,COVID19,-4444,1.000000000,-4444,-4444,SII,SII - Covishield,0.000000000,-4444,-4444,-4444,-4444,-4444.000000000,-4444,-4444,-4444.000000000,-4444,NOT_COLLECTED,NOT_COLLECTED,-9999,-9999.000000000,,,,,EJRF
,CIV,2023,2023,COVID19,-4444,10.000000000,,,ASTRAZENACA,AstraZeneca - Vaxzevria,-2222.000000000,-4444,-2222,FIVEPLUS_YEAR,,-2222.000000000,-2222,,,PAS D'ACHAT,NOT_COLLECTED,NOT_COLLECTED,-9999,-9999.000000000,,,,,EJRF
,CIV,2023,2023,COVID19,-4444,1.000000000,,,BBIBP,Beijing CNBG - BBIBP-CorV,300000.000000000,NATIONAL_AUTHORITY,UNICEF_SD,FIVEPLUS_YEAR,,2.600000000,USD,NO,,,NOT_COLLECTED,NOT_COLLECTED,-9999,-9999.000000000,,,,,EJRF
,CIV,2023,2023,COVID19,-4444,5.000000000,-4444,-4444,JVC,Janssen - Ad26.COV 2-S,2371200.000000000,NATIONAL_AUTHORITY,UNICEF_SD,ONE_YEAR,-4444,7.500000000,USD,NO,,,NOT_COLLECTED,NOT_COLLECTED,-9999,-9999.000000000,,,,,EJRF
,CIV,2023,2022,COVID19,-4444,1.000000000,,,ND,Unknown Vaccine,-2222.000000000,-2222,-4444,-2222,,-2222.000000000,-2222,-2222,,,NOT_COLLECTED,NOT_COLLECTED,-9999,-9999.000000000,,,,,EJRF
,CIV,2023,2022,COVID19,-4444,1.000000000,,,ND,Unknown Vaccine,-2222.000000000,-2222,COVAX,-2222,,-2222.000000000,-2222,-2222,,,NOT_COLLECTED,NOT_COLLECTED,-9999,-9999.000000000,,,,,EJRF
,CIV,2023,2022,COVID19,-4444,1.000000000,,,ND,-2222,-2222.000000000,-2222,-2222,-2222,,-2222.000000000,-2222,-2222,,,NOT_COLLECTED,NOT_COLLECTED,-9999,-9999.000000000,,,,,EJRF
,CIV,2023,2023,COVID19,-4444,6.000000000,-4444,,PFIZER,Pfizer BioNTech - Comirnaty,1679040.000000000,NATIONAL_AUTHORITY,UNICEF_SD,ONE_YEAR,-4444,6.750000000,USD,NO,,,NOT_COLLECTED,NOT_COLLECTED,-9999,-9999.000000000,,,,,EJRF
,CIV,2023,2022,COVID19,-4444,1.000000000,,,SII,SII - Covishield,-2222.000000000,-2222,-4444,-2222,-2222,-2222.000000000,-2222,-2222,,,NOT_COLLECTED,NOT_COLLECTED,-9999,-9999.000000000,,,,,EJRF
,GNB,2023,2023,COVID19,VIAL,5.000000000,-4444,-4444,JVC,Janssen - Ad26.COV 2-S,292000.000000000,SERVICE_PROVIDERS,UNICEF_SD,ONE_YEAR,-4444,7.500000000,USD,YES,0.200000000,20% Custo de transporte e taxa alfandegaria ,NOT_COLLECTED,NOT_COLLECTED,-9999,-9999.000000000,,,,,EJRF
,UGA,2023,2023,COVID19,-4444,1.000000000,-2222,-4444,ND,-4444,0.000000000,NATIONAL_AUTHORITY,UNICEF_SD,-2222,-2222,-4444.000000000,AUD,NO,-4444.000000000,-4444,NOT_COLLECTED,NOT_COLLECTED,-9999,-9999.000000000,,,,,EJRF
,UGA,2023,2023,COVID19,-4444,1.000000000,-4444,-4444,NR,-4444,0.000000000,NATIONAL_AUTHORITY,UNICEF_SD,-2222,-4444,-4444.000000000,-4444,NO,-4444.000000000,-4444,NOT_COLLECTED,NOT_COLLECTED,-9999,-9999.000000000,,,,,EJRF
,UGA,2023,2023,COVID19,-4444,1.000000000,-4444,-4444,NR,-2222,-4444.000000000,NATIONAL_AUTHORITY,UNICEF_SD,-4444,-4444,-4444.000000000,-4444,-4444,-4444.000000000,-4444,NOT_COLLECTED,NOT_COLLECTED,-9999,-9999.000000000,,,,,EJRF
,UGA,2023,2023,COVID19,VIAL,1.000000000,-4444,-2222,NR,-4444,-4444.000000000,-4444,-2222,-2222,-2222,-4444.000000000,-4444,-4444,-4444.000000000,-4444,NOT_COLLECTED,NOT_COLLECTED,-9999,-9999.000000000,,,,,EJRF
,UGA,2023,2023,COVID19,VIAL,1.000000000,-2222,-4444,SII,-4444,0.000000000,NATIONAL_AUTHORITY,UNICEF_SD,-4444,-2222,-4444.000000000,AUD,NO,-4444.000000000,-4444,NOT_COLLECTED,NOT_COLLECTED,-9999,-9999.000000000,,,,,EJRF
,UGA,2023,2023,COVID19,-4444,1.000000000,-4444,-4444,NR,-4444,-4444.000000000,-4444,-4444,-2222,-4444,-4444.000000000,-4444,-4444,-4444.000000000,-4444,NOT_COLLECTED,NOT_COLLECTED,-9999,-9999.000000000,,,,,EJRF
,UGA,2023,2023,COVID19,-4444,1.000000000,-4444,-4444,NR,-4444,-4444.000000000,-4444,-4444,-4444,,-2222.000000000,-4444,-4444,-4444.000000000,-4444,NOT_COLLECTED,NOT_COLLECTED,-9999,-9999.000000000,,,,,EJRF
,UGA,2023,2023,COVID19,VIAL,1.000000000,-2222,-2222,NR,-4444,0.000000000,NATIONAL_AUTHORITY,UNICEF_SD,-4444,-2222,-4444.000000000,AUD,NO,-4444.000000000,-4444,NOT_COLLECTED,NOT_COLLECTED,-9999,-9999.000000000,,,,,EJRF
,MCO,2023,2022,COVID19,-4444,1.000000000,,,PFIZER,Pfizer BioNTech - Comirnaty,,,-4444,-2222,,,,,,,NOT_COLLECTED,,,-9999.000000000,,,,,EJRF
,TJK,2023,2023,COVID19,-4444,6.000000000,-4444,-4444,PFIZER,Pfizer BioNTech - Comirnaty,100800.000000000,NATIONAL_AUTHORITY,COVAX,-2222,Jenssen-Jenssen,20.000000000,USD,-4444,-4444.000000000,-4444,NOT_COLLECTED,CIF,DONOR,-9999.000000000,,,,,EJRF
,TJK,2023,2023,COVID19,VIAL,10.000000000,-4444,-4444,SII,SII - Covishield,2917140.000000000,-4444,COVAX,-2222,-4444,-4444.000000000,-4444,-4444,-4444.000000000,-4444,NOT_COLLECTED,NR,-4444,-9999.000000000,,,,,EJRF
,TJK,2023,2023,COVID19,VIAL,2.000000000,-4444,-4444,SINOVAC,Sinovac - CoronaVac,11908800.000000000,-4444,COVAX,-2222,-4444,-4444.000000000,-4444,-4444,-4444.000000000,-4444,NOT_COLLECTED,NR,-4444,-9999.000000000,,,,,EJRF
,SVN,2023,2013,COVID19,-4444,1.000000000,,,PFIZER,"COMIRNATY Omicron XBB.1.5, 30 mikrogramov/odmerek disperzija za injiciranje",77760.000000000,NATIONAL_AUTHORITY,OTHER,-2222,,,,,-4444.000000000,"Contracting year 2020, it gives red warnings for duplication of data entry for contracting year.",NOT_COLLECTED,EXW,CENTRAL_GOVERNMENT,-9999.000000000,,,,,EJRF
,SVN,2023,2020,COVID19,-4444,1.000000000,,,MOD,Spikevax bivalent Original/Omicron BA.4-5 (50 mikrogramov/50 mikrogramov)/ml disperzija za injiciran,270400.000000000,NATIONAL_AUTHORITY,OTHER,-2222,,,,,-4444.000000000,Contracting year 2020,NOT_COLLECTED,EXW,CENTRAL_GOVERNMENT,-9999.000000000,,,,,EJRF
,SVN,2023,2019,COVID19,-4444,1.000000000,,,SPSA,VidPrevtyn Beta,115200.000000000,NATIONAL_AUTHORITY,OTHER,-2222,,,,,-4444.000000000,Contracting year 2020,NOT_COLLECTED,EXW,CENTRAL_GOVERNMENT,-9999.000000000,,,,,EJRF
,AZE,2023,2023,COVID19,-4444,0.000000000,-4444,-4444,ASTRAZENACA,AstraZeneca - Vaxzevria,0.000000000,-4444,-2222,-2222,-4444,-4444.000000000,-4444,-4444,,,NOT_COLLECTED,NR,-4444,-9999.000000000,,,,,EJRF
,AZE,2023,2023,COVID19,-4444,0.000000000,-4444,-4444,GRI,Gamaleya - Gam-Covid-Vac,0.000000000,-4444,-2222,-2222,-4444,-4444.000000000,-4444,-4444,,,NOT_COLLECTED,NR,-4444,-9999.000000000,,,,,EJRF
,AZE,2023,2023,COVID19,-4444,0.000000000,-4444,-4444,PFIZER,Pfizer BioNTech - Comirnaty,0.000000000,-4444,-2222,-2222,-4444,-4444.000000000,-4444,-4444,,,NOT_COLLECTED,NR,-4444,-9999.000000000,,,,,EJRF
,AZE,2023,2023,COVID19,-4444,1.000000000,-4444,-4444,SINOVAC,Sinovac - CoronaVac,50000.000000000,NATIONAL_AUTHORITY,SELF_PROCUREMENT,SINGLE_DELIVERY,Нет,-2222.000000000,-2222,-2222,,,NOT_COLLECTED,CIP,CENTRAL_GOVERNMENT,-9999.000000000,,,,,EJRF
,HND,2023,2023,COVID19,VIAL,6.000000000,-2222,-4444,PFIZER,Vacuna COVID 19 SARS-COV19,303660.000000000,NATIONAL_AUTHORITY,PAHO_RF,ONE_YEAR,No,-4444.000000000,-4444,-4444,-4444.000000000,Donación COVAX,NOT_COLLECTED,NOT_COLLECTED,-9999,-9999.000000000,,,,,EJRF
,HND,2023,2023,COVID19,VIAL,6.000000000,-2222,-4444,PFIZER,Vacuna COVID 19 SARS-COV19,1500480.000000000,NATIONAL_AUTHORITY,DONATION,ONE_YEAR,-4444,-4444.000000000,-4444,NO,-4444.000000000,Donación COVAX,NOT_COLLECTED,NOT_COLLECTED,-9999,-9999.000000000,,,,,EJRF
,COG,2023,2023,COVID19,VIAL,5.000000000,-4444,-4444,JVC,AD26.COV2-S,302400.000000000,NATIONAL_AUTHORITY,REGIONAL-POOL_PROCUREMENT,-4444,,2.000000000,USD,NO,,,NOT_COLLECTED,NOT_COLLECTED,-9999,-9999.000000000,,,,,EJRF
,VGB,2023,2022,COVID19,-4444,1.000000000,-4444,-4444,ASTRAZENACA,AstraZeneca - Vaxzevria,-2222.000000000,NATIONAL_AUTHORITY,-4444,-2222,-2222,-2222.000000000,-2222,-2222,-2222.000000000,-2222,NOT_COLLECTED,NOT_COLLECTED,-9999,-9999.000000000,,,,,EJRF
,SVN,2023,2014,COVID19,-4444,1.000000000,,,PFIZER,"COMIRNATY Omicron XBB.1.5, 10 mikrogramov/odmerek koncentrat za disperzijo za injiciranje",4800.000000000,NATIONAL_AUTHORITY,OTHER,-2222,,,,,-4444.000000000,Contracting year 2020,NOT_COLLECTED,EXW,CENTRAL_GOVERNMENT,-9999.000000000,,,,,EJRF
,SVN,2023,2015,COVID19,-4444,1.000000000,,,PFIZER,"COMIRNATY Omicron XBB.1.5, 3 mikrogrami/odmerek koncentrat za disperzijo za injiciranje",4800.000000000,NATIONAL_AUTHORITY,OTHER,-2222,,,,,-4444.000000000,Contracting year 2020,NOT_COLLECTED,EXW,CENTRAL_GOVERNMENT,-9999.000000000,,,,,EJRF
,SVN,2023,2017,COVID19,-4444,1.000000000,,,NOV,NUVAXOVID disperzija za injiciranje,5000.000000000,NATIONAL_AUTHORITY,OTHER,-2222,,,,,-4444.000000000,Contracting year 2020,NOT_COLLECTED,EXW,CENTRAL_GOVERNMENT,-9999.000000000,,,,,EJRF
,SVN,2023,2018,COVID19,-4444,1.000000000,,,NOV,NUVAXOVID XBB.1.5 disperzija za injiciranje,40000.000000000,NATIONAL_AUTHORITY,OTHER,-2222,,,,,-4444.000000000,Contracting year 2020,NOT_COLLECTED,EXW,CENTRAL_GOVERNMENT,-9999.000000000,,,,,EJRF
,HND,2023,2023,COVID19,VIAL,10.000000000,-2222,-4444,PFIZER,Vacuna COVID 19 SARS-COV19,543900.000000000,NATIONAL_AUTHORITY,DONATION,-2222,,-4444.000000000,-4444,-4444,-4444.000000000,Fueron adquiridas por donación ,NOT_COLLECTED,NOT_COLLECTED,-9999,-9999.000000000,,,,,EJRF
,SAU,2023,2023,COVID19,AMPOULE,5.000000000,-4444,-4444,MOD,XBB1.5SPIKEVAX,540000.000000000,NATIONAL_AUTHORITY,SELF_PROCUREMENT,ONE_YEAR,yes,-2222.000000000,-2222,-2222,,,NOT_COLLECTED,NOT_COLLECTED,-9999,-9999.000000000,,,,,EJRF
,SAU,2023,2023,COVID19,AMPOULE,4.000000000,-4444,-4444,PFIZER,XBB1.5PFIZER,100000.000000000,NATIONAL_AUTHORITY,SELF_PROCUREMENT,ONE_YEAR,yes,-2222.000000000,-2222,NO,,,NOT_COLLECTED,NOT_COLLECTED,-9999,-9999.000000000,,,,,EJRF
,SMR,2023,2023,COVID19,PREFILLED_SERYNGE,1.000000000,,,PFIZER,Comirnaty OMIC XBB1.5*IM 1 DOSE,1440.000000000,NATIONAL_AUTHORITY,SELF_PROCUREMENT,SINGLE_DELIVERY,,15.930000000,EUR,NO,,"For covid 19, another Pfizer vaccine type 'cominarty orig omic BA4-5* 1 dose' was also purchased in 2023 for 2880 doses at a unit price of EUR 19.65",NOT_COLLECTED,EXW,CENTRAL_GOVERNMENT,-9999.000000000,,,,,EJRF
,COL,2023,2022,COVID19,-4444,5.000000000,-4444,-4444,MOD,Moderna - Spikevax,1201800.000000000,THIRD_PARTY,COVAX,-2222,-4444,-2222.000000000,,,,,NOT_COLLECTED,NOT_COLLECTED,-9999,-9999.000000000,,,,,EJRF
,COL,2023,2022,COVID19,-4444,5.000000000,-4444,-4444,MOD,Moderna - Spikevax,751140.000000000,NATIONAL_AUTHORITY,OTHER,-2222,-4444,-2222.000000000,,,,,NOT_COLLECTED,NOT_COLLECTED,-9999,-9999.000000000,,,,,EJRF
,COL,2023,2022,COVID19,-4444,2.000000000,-4444,-4444,PFIZER,Pfizer BioNTech - Comirnaty,751140.000000000,THIRD_PARTY,COVAX,-2222,-4444,-2222.000000000,,,,,NOT_COLLECTED,NOT_COLLECTED,-9999,-9999.000000000,,,,,EJRF
,COL,2023,2021,COVID19,-4444,2.000000000,-4444,-4444,SINOVAC,Sinovac - CoronaVac,-4444.000000000,THIRD_PARTY,COVAX,-2222,-4444,-2222.000000000,,,,,NOT_COLLECTED,NOT_COLLECTED,-9999,-9999.000000000,,,,,EJRF
,TZA,2023,2022,COVID19,-4444,1.000000000,-4444,-4444,BBIBP,-4444,-4444.000000000,-4444,-4444,-4444,,-4444.000000000,-4444,-4444,-4444.000000000,-4444,NOT_COLLECTED,NOT_COLLECTED,-9999,-9999.000000000,,,,,EJRF
,TZA,2023,2022,COVID19,-4444,1.000000000,-4444,-4444,JVC,-4444,-4444.000000000,-4444,-4444,-4444,-4444,-4444.000000000,-4444,-4444,-4444.000000000,-4444,NOT_COLLECTED,NOT_COLLECTED,-9999,-9999.000000000,,,,,EJRF
,TZA,2023,2022,COVID19,-4444,1.000000000,-4444,-4444,MOD,-4444,-4444.000000000,-4444,-4444,-4444,-4444,-4444.000000000,-4444,-4444,-4444.000000000,-4444,NOT_COLLECTED,NOT_COLLECTED,-9999,-9999.000000000,,,,,EJRF
,TZA,2023,2022,COVID19,-4444,1.000000000,-4444,-4444,NR,-4444,-4444.000000000,-4444,COVAX,-4444,-4444,-4444.000000000,-4444,-4444,-4444.000000000,-4444,NOT_COLLECTED,NOT_COLLECTED,-9999,-9999.000000000,,,,,EJRF
,TZA,2023,2022,COVID19,-4444,1.000000000,-4444,-4444,NR,-4444,-4444.000000000,-4444,SELF_PROCUREMENT,-4444,,-4444.000000000,-4444,-4444,-4444.000000000,-4444,NOT_COLLECTED,NOT_COLLECTED,-9999,-9999.000000000,,,,,EJRF
,TZA,2023,2023,COVID19,VIAL,1.000000000,-4444,-4444,PFIZER,Pfizer BioNTech - Comirnaty,446400.000000000,OTHER,UNICEF_SD,FIVEPLUS_YEAR,-4444,40.500000000,USD,NO,,,NOT_COLLECTED,NOT_COLLECTED,-9999,-9999.000000000,,,,,EJRF
,TZA,2023,2022,COVID19,-4444,1.000000000,,,SINOVAC,Sinovac - CoronaVac,-4444.000000000,,-4444,-2222,,-4444.000000000,,,,,NOT_COLLECTED,NOT_COLLECTED,-9999,-9999.000000000,,,,,EJRF
,JOR,2023,2022,COVID19,-4444,1.000000000,,,ASTRAZENACA,AstraZeneca - Vaxzevria,,,COVAX,-2222,,,,,,,NOT_COLLECTED,NOT_COLLECTED,-9999,-9999.000000000,,,,,EJRF
,JOR,2023,2022,COVID19,-4444,1.000000000,,,ASTRAZENACA,AstraZeneca - Vaxzevria,,,SELF_PROCUREMENT,-2222,,,,,,,NOT_COLLECTED,NOT_COLLECTED,-9999,-9999.000000000,,,,,EJRF
,JOR,2023,2022,COVID19,-4444,1.000000000,,,BBIBP,Beijing CNBG - BBIBP-CorV,,,SELF_PROCUREMENT,-2222,,,,,,,NOT_COLLECTED,NOT_COLLECTED,-9999,-9999.000000000,,,,,EJRF
,JOR,2023,2022,COVID19,-4444,1.000000000,,,GRI,Gamaleya - Gam-Covid-Vac,,,SELF_PROCUREMENT,-2222,,,,,,,NOT_COLLECTED,NOT_COLLECTED,-9999,-9999.000000000,,,,,EJRF
,JOR,2023,2022,COVID19,-4444,1.000000000,,,PFIZER,Pfizer BioNTech - Comirnaty,,,COVAX,-2222,,,,,,,NOT_COLLECTED,NOT_COLLECTED,-9999,-9999.000000000,,,,,EJRF
,JOR,2023,2022,COVID19,-4444,1.000000000,,,PFIZER,Pfizer BioNTech - Comirnaty,,,SELF_PROCUREMENT,-2222,,,,,,,NOT_COLLECTED,NOT_COLLECTED,-9999,-9999.000000000,,,,,EJRF
,LBY,2023,2022,COVID19,-4444,1.000000000,,,ASTRAZENACA,AstraZeneca - Vaxzevria,,,COVAX,-2222,-2222,-2222.000000000,,-2222,-2222.000000000,,NOT_COLLECTED,NOT_COLLECTED,-9999,-9999.000000000,,,,,EJRF
,LBY,2023,2022,COVID19,-4444,1.000000000,,,GRI,,,,SELF_PROCUREMENT,-2222,-2222,-2222.000000000,,-2222,-2222.000000000,,NOT_COLLECTED,NOT_COLLECTED,-9999,-9999.000000000,,,,,EJRF
,LBY,2023,2022,COVID19,-4444,1.000000000,,,PFIZER,Pfizer BioNTech - Comirnaty,,,COVAX,-2222,-2222,-2222.000000000,,-2222,-2222.000000000,,NOT_COLLECTED,NOT_COLLECTED,-9999,-9999.000000000,,,,,EJRF
,LBY,2023,2022,COVID19,-4444,1.000000000,,,SII,SII - Covishield,,,SELF_PROCUREMENT,-2222,-2222,-2222.000000000,,-2222,-2222.000000000,,NOT_COLLECTED,NOT_COLLECTED,-9999,-9999.000000000,,,,,EJRF
,LBY,2023,2022,COVID19,-4444,1.000000000,,,SINOVAC,Sinovac - CoronaVac,,,SELF_PROCUREMENT,-2222,-2222,-2222.000000000,,-2222,-2222.000000000,,NOT_COLLECTED,NOT_COLLECTED,-9999,-9999.000000000,,,,,EJRF
,OMN,2023,2023,COVID19,-4444,1.000000000,,,PFIZER,Pfizer BioNTech - Comirnaty,250000.000000000,,COVAX,-2222,,9.240000000,OMR,,,,NOT_COLLECTED,NOT_COLLECTED,-9999,-9999.000000000,,,,,EJRF
,PAK,2023,2023,COVID19,-4444,1.000000000,-4444,-4444,PFIZER,Pfizer Bio NTech-Comirnaty,600000.000000000,NATIONAL_AUTHORITY,DONATION,-2222,No,6.000000000,USD,NO,-4444.000000000,-4444,NOT_COLLECTED,NOT_COLLECTED,-9999,-9999.000000000,,,,,EJRF
,CMR,2023,2023,COVID19,VIAL,1.000000000,-4444,-4444,JVC,JANSSEN PHARMACEUTICA NV,1209600.000000000,OTHER,COVAX,-4444,-4444,-4444.000000000,USD,YES,-4444.000000000,-4444,NOT_COLLECTED,NOT_COLLECTED,-9999,-9999.000000000,,,,,EJRF
,CMR,2023,2023,COVID19,AMPOULE,2.000000000,-4444,-4444,BBIBP,C19-Sinopharm VeroCell,-4444.000000000,OTHER,COVAX,-4444,-4444,-4444.000000000,USD,YES,-4444.000000000,RAS,NOT_COLLECTED,NOT_COLLECTED,-9999,-9999.000000000,,,,,EJRF
,CMR,2023,2023,COVID19,VIAL,1.000000000,-4444,-4444,PFIZER,Pfizer BioNTech - Comirnaty,-4444.000000000,OTHER,COVAX,-4444,-4444,-4444.000000000,USD,YES,-4444.000000000,RAS,NOT_COLLECTED,NOT_COLLECTED,-9999,-9999.000000000,,,,,EJRF
,GEO,2023,2023,COVID19,-4444,1.000000000,-4444,-4444,ASTRAZENACA,AstraZeneca - Vaxzevria,-4444.000000000,-4444,COVAX,-2222,-4444,-4444.000000000,-4444,-4444,-4444.000000000,-4444,NOT_COLLECTED,NR,-4444,-9999.000000000,,,,,EJRF
,GEO,2023,2023,COVID19,-4444,1.000000000,-4444,-4444,ASTRAZENACA,AstraZeneca - Vaxzevria,-4444.000000000,-4444,-2222,-2222,-4444,-4444.000000000,-4444,-4444,-4444.000000000,-4444,NOT_COLLECTED,NR,-4444,-9999.000000000,,,,,EJRF
,GEO,2023,2023,COVID19,-4444,1.000000000,-4444,-4444,NR,-4444,-4444.000000000,-4444,-2222,-2222,-4444,-4444.000000000,-4444,-4444,-4444.000000000,-4444,NOT_COLLECTED,NR,,-9999.000000000,,,,,EJRF
,GEO,2023,2023,COVID19,-4444,1.000000000,-4444,-4444,PFIZER,Pfizer BioNTech - Comirnaty,-4444.000000000,-4444,COVAX,-2222,-4444,-4444.000000000,-4444,-4444,-4444.000000000,-4444,NOT_COLLECTED,NR,-4444,-9999.000000000,,,,,EJRF
,GEO,2023,2023,COVID19,-4444,1.000000000,-4444,-4444,PFIZER,Pfizer BioNTech - Comirnaty,-4444.000000000,-4444,-2222,-2222,-4444,-4444.000000000,-4444,-4444,-4444.000000000,-4444,NOT_COLLECTED,NR,-4444,-9999.000000000,,,,,EJRF
,GEO,2023,2023,COVID19,-4444,1.000000000,-4444,-4444,PFIZER,Pfizer BioNTech - Comirnaty,-4444.000000000,-4444,SELF_PROCUREMENT,-2222,-4444,-4444.000000000,-4444,,-4444.000000000,-4444,NOT_COLLECTED,NR,-4444,-9999.000000000,,,,,EJRF
,GEO,2023,2023,COVID19,-4444,1.000000000,-4444,-4444,SINOVAC,-4444,-4444.000000000,-4444,-2222,-2222,-4444,-4444.000000000,-4444,-4444,-4444.000000000,-4444,NOT_COLLECTED,NR,-4444,-9999.000000000,,,,,EJRF
,GEO,2023,2023,COVID19,-4444,1.000000000,-4444,-4444,SINOVAC,-4444,-4444.000000000,-4444,SELF_PROCUREMENT,-2222,-4444,-4444.000000000,-4444,-4444,-4444.000000000,-4444,NOT_COLLECTED,NR,-4444,-9999.000000000,,,,,EJRF
,DNK,2023,2023,COVID19,-4444,1.000000000,-4444,-4444,MOD,Spikevax XBB. 1.5,80000.000000000,NATIONAL_AUTHORITY,-4444,SINGLE_DELIVERY,-4444,-4444.000000000,DKK,NO,-4444.000000000,Only for private market,NOT_COLLECTED,CIP,OTHER,-9999.000000000,,,,,EJRF
,DNK,2023,2020,COVID19,-4444,6.000000000,-4444,-4444,PFIZER,Comirnaty XBB. 1.5,2600000.000000000,NATIONAL_AUTHORITY,OTHER,FIVEPLUS_YEAR,-4444,-4444.000000000,DKK,NO,-4444.000000000,Through EU covid tender,NOT_COLLECTED,DDP,CENTRAL_GOVERNMENT,-9999.000000000,,,,,EJRF
,TCD,2023,2023,COVID19,VIAL,5.000000000,COVID19,-2222,JVC,Janssen - Ad26.COV 2-S,1101600.000000000,NATIONAL_AUTHORITY,UNICEF_SD,SINGLE_DELIVERY,Non,7.500000000,USD,NO,-4444.000000000,-4444,NOT_COLLECTED,NOT_COLLECTED,-9999,-9999.000000000,,,,,EJRF
,AFG,2023,2023,COVID19,-2222,10.000000000,,,ASTRAZENACA,AstraZeneca - Vaxzevria,-2222.000000000,,COVAX,-2222,-4444,-2222.000000000,-2222,,,,NOT_COLLECTED,NOT_COLLECTED,-9999,-9999.000000000,,,,,EJRF
,AFG,2023,2023,COVID19,-4444,1.000000000,,,BBI,Bharat - Covaxin,-2222.000000000,,SELF_PROCUREMENT,-2222,-4444,-2222.000000000,-2222,,,,NOT_COLLECTED,NOT_COLLECTED,-9999,-9999.000000000,,,,,EJRF
,AFG,2023,2023,COVID19,-4444,1.000000000,,,BBIBP,Beijing CNBG - BBIBP-CorV,-2222.000000000,,SELF_PROCUREMENT,-2222,-4444,-2222.000000000,-2222,,,,NOT_COLLECTED,NOT_COLLECTED,-9999,-9999.000000000,,,,,EJRF
,AFG,2023,2023,COVID19,VIAL,5.000000000,,,JVC,Janssen - Ad26.COV 2-S,4555200.000000000,,COVAX,ONE_YEAR,-2222,7.500000000,USD,,,,NOT_COLLECTED,NOT_COLLECTED,-9999,-9999.000000000,,,,,EJRF
,AFG,2023,2023,COVID19,-4444,1.000000000,,,SII,SII - Covishield,-2222.000000000,,COVAX,-2222,-4444,-2222.000000000,-2222,,,,NOT_COLLECTED,NOT_COLLECTED,-9999,-9999.000000000,,,,,EJRF
,AFG,2023,2023,COVID19,-4444,1.000000000,,,SII,SII - Covishield,-2222.000000000,,SELF_PROCUREMENT,-2222,-4444,-2222.000000000,-2222,,,,NOT_COLLECTED,NOT_COLLECTED,-9999,-9999.000000000,,,,,EJRF
,BHR,2023,2023,COVID19,VIAL,6.000000000,-2222,-2222,PFIZER,Pfizer BioNTech - Comirnaty XBB 1.5,57600.000000000,NATIONAL_AUTHORITY,SELF_PROCUREMENT,-2222,"Emergency authorization for many COVID-19 vaccines (Sinopharm, AstraZeneca-Covshield, Valneva, Sputnik)",30.000000000,USD,NO,,,NOT_COLLECTED,NOT_COLLECTED,-9999,-9999.000000000,,,,,EJRF
,BFA,2023,2023,COVID19,VIAL,5.000000000,-4444,-4444,JVC,Janssen - Ad26.COV 2-S,2832000.000000000,NATIONAL_AUTHORITY,UNICEF_SD,FIVEPLUS_YEAR,-4444,7.500000000,USD,NO,-4444.000000000,-4444,NOT_COLLECTED,NOT_COLLECTED,-9999,-9999.000000000,,,,,EJRF
,GUY,2023,2022,COVID19,-4444,1.000000000,-2222,-4444,BBIBP,Beijing CNBG - BBIBP-CorV,0.000000000,NATIONAL_AUTHORITY,SELF_PROCUREMENT,-2222,0,-4444.000000000,USD,-2222,-2222.000000000,-4444,NOT_COLLECTED,NOT_COLLECTED,-9999,-9999.000000000,,,,,EJRF
,GUY,2023,2022,COVID19,-4444,1.000000000,-2222,-4444,GRI,Gamaleya - Sputnik-Light,0.000000000,NATIONAL_AUTHORITY,SELF_PROCUREMENT,-2222,0,-4444.000000000,USD,NO,-2222.000000000,-2222,NOT_COLLECTED,NOT_COLLECTED,-9999,-9999.000000000,,,,,EJRF
,GUY,2023,2022,COVID19,-4444,1.000000000,-4444,-4444,JVC,Janssen - Ad26.COV 2-S,11000.000000000,NATIONAL_AUTHORITY,SELF_PROCUREMENT,-2222,0,-4444.000000000,USD,NO,-2222.000000000,-2222,NOT_COLLECTED,NOT_COLLECTED,-9999,-9999.000000000,,,,,EJRF
,GUY,2023,2022,COVID19,-4444,1.000000000,-2222,-4444,MOD,Moderna - Spikevax,0.000000000,NATIONAL_AUTHORITY,SELF_PROCUREMENT,-2222,0,-4444.000000000,USD,NO,-2222.000000000,-2222,NOT_COLLECTED,NOT_COLLECTED,-9999,-9999.000000000,,,,,EJRF
,GUY,2023,2022,COVID19,-4444,1.000000000,-4444,-2222,PFIZER,Pfizer BioNTech - Comirnaty,60000.000000000,NATIONAL_AUTHORITY,COVAX,-2222,0,-4444.000000000,USD,NO,-2222.000000000,-2222,NOT_COLLECTED,NOT_COLLECTED,-9999,-9999.000000000,,,,,EJRF
,GUY,2023,2022,COVID19,-4444,1.000000000,-4444,-4444,SII,SII - Covishield,0.000000000,NATIONAL_AUTHORITY,COVAX,-2222,0,-4444.000000000,USD,NO,-2222.000000000,-2222,NOT_COLLECTED,NOT_COLLECTED,-9999,-9999.000000000,,,,,EJRF
,AND,2023,2022,COVID19,VIAL,7.000000000,,,PFIZER,Cominarty,-2222.000000000,NATIONAL_AUTHORITY,SELF_PROCUREMENT,-2222,,-2222.000000000,-2222,-2222,-2222.000000000,,NOT_COLLECTED,ND,CENTRAL_GOVERNMENT,-9999.000000000,,,,,EJRF
,GUM,2023,2023,COVID19,VIAL,10.000000000,-4444,-4444,NOV,Novavax COVID-19 Vaccine,500.000000000,OTHER,OTHER,ONE_YEAR,-4444,-2222.000000000,-2222,-2222,-2222.000000000,"vaccine provided by US Federal Government, based on allocation",NOT_COLLECTED,NOT_COLLECTED,-9999,-9999.000000000,,,,,EJRF
,MAC,2023,2023,COVID19,VIAL,6.000000000,-4444,-4444,PFIZER,COMIRNATY,37440.000000000,NATIONAL_AUTHORITY,SELF_PROCUREMENT,ONE_YEAR,-4444,-2222.000000000,-4444,-4444,-4444.000000000,The price is confidential. We purchased 37440 dose Omicron XBB.1.5 monovalent mRNA vaccine.,NOT_COLLECTED,NOT_COLLECTED,-9999,-9999.000000000,,,,,EJRF
,AND,2023,2023,COVID19,VIAL,10.000000000,,,HIP,Bimervax,500.000000000,NATIONAL_AUTHORITY,SELF_PROCUREMENT,SINGLE_DELIVERY,,-2222.000000000,-2222,-2222,-2222.000000000,,NOT_COLLECTED,ND,CENTRAL_GOVERNMENT,-9999.000000000,,,,,EJRF
,TGO,2023,2022,COVID19,-4444,1.000000000,-4444,-4444,ASTRAZENACA,AstraZeneca - Vaxzevria,-4444.000000000,NATIONAL_AUTHORITY,-4444,-2222,Non ,-4444.000000000,-4444,-4444,-4444.000000000,,NOT_COLLECTED,NOT_COLLECTED,-9999,-9999.000000000,,,,,EJRF
,TGO,2023,2022,COVID19,-4444,1.000000000,-4444,-4444,BBIBP,Beijing CNBG - BBIBP-CorV,-4444.000000000,NATIONAL_AUTHORITY,-4444,-2222,Non ,-4444.000000000,-4444,-4444,-4444.000000000,,NOT_COLLECTED,NOT_COLLECTED,-9999,-9999.000000000,,,,,EJRF
,TGO,2023,2022,COVID19,-4444,1.000000000,-4444,-4444,JVC,Janssen - Ad26.COV 2-S,-4444.000000000,NATIONAL_AUTHORITY,-4444,-2222,Non ,-4444.000000000,-4444,-4444,-4444.000000000,,NOT_COLLECTED,NOT_COLLECTED,-9999,-9999.000000000,,,,,EJRF
,TGO,2023,2022,COVID19,-4444,1.000000000,-4444,-4444,ND,Unknown Vaccine,-4444.000000000,NATIONAL_AUTHORITY,COVAX,-2222,Non ,-4444.000000000,-4444,-4444,-4444.000000000,,NOT_COLLECTED,NOT_COLLECTED,-9999,-9999.000000000,,,,,EJRF
,TGO,2023,2022,COVID19,-4444,1.000000000,-4444,-4444,ND,Unknown Vaccine,-4444.000000000,NATIONAL_AUTHORITY,OTHER,-2222,Non ,-4444.000000000,-4444,-4444,-4444.000000000,,NOT_COLLECTED,NOT_COLLECTED,-9999,-9999.000000000,,,,,EJRF
,TGO,2023,2022,COVID19,-4444,1.000000000,-4444,-4444,ND,Unknown Vaccine,-4444.000000000,NATIONAL_AUTHORITY,SELF_PROCUREMENT,-2222,Non ,-4444.000000000,-4444,-4444,-4444.000000000,,NOT_COLLECTED,NOT_COLLECTED,-9999,-9999.000000000,,,,,EJRF
,TGO,2023,2022,COVID19,-4444,1.000000000,-4444,-4444,PFIZER,Pfizer BioNTech - Comirnaty,149760.000000000,NATIONAL_AUTHORITY,-4444,-2222,Non ,-4444.000000000,-4444,-4444,-4444.000000000,,NOT_COLLECTED,NOT_COLLECTED,-9999,-9999.000000000,,,,,EJRF
,TGO,2023,2022,COVID19,-4444,1.000000000,-4444,-4444,SII,SII - Covishield,-4444.000000000,NATIONAL_AUTHORITY,-4444,-2222,Non,-4444.000000000,-4444,-4444,-4444.000000000,,NOT_COLLECTED,NOT_COLLECTED,-9999,-9999.000000000,,,,,EJRF
,TGO,2023,2022,COVID19,-4444,1.000000000,-4444,-4444,SINOVAC,Sinovac - CoronaVac,-4444.000000000,NATIONAL_AUTHORITY,-4444,-2222,Non ,-4444.000000000,-4444,-4444,-4444.000000000,,NOT_COLLECTED,NOT_COLLECTED,-9999,-9999.000000000,,,,,EJRF
,GUM,2023,2023,COVID19,VIAL,10.000000000,-4444,-4444,PFIZER,Pfizer Bio-NTech COVID-19,5600.000000000,OTHER,OTHER,ONE_YEAR,-4444,-2222.000000000,-4444,-2222,-2222.000000000,"vaccine provided by US Federal Government, based on allocation",NOT_COLLECTED,NOT_COLLECTED,-9999,-9999.000000000,,,,,EJRF
,GUM,2023,2023,COVID19,VIAL,10.000000000,-4444,-4444,MOD,Moderna COVID-19,5800.000000000,OTHER,OTHER,ONE_YEAR,-4444,-4444.000000000,-2222,-2222,-2222.000000000,"vaccine provided by US Federal Government, based on allocation",NOT_COLLECTED,NOT_COLLECTED,-9999,-9999.000000000,,,,,EJRF
,GUM,2023,2023,COVID19,VIAL,10.000000000,-4444,-4444,JVC,Janssen COVID-19 Vaccine,400.000000000,OTHER,OTHER,ONE_YEAR,-4444,-2222.000000000,-2222,-2222,-2222.000000000,"vaccine provided by US Federal Government, based on allocation",NOT_COLLECTED,NOT_COLLECTED,-9999,-9999.000000000,,,,,EJRF
,MAC,2023,2023,COVID19,VIAL,10.000000000,-4444,-4444,PFIZER,COMIRNATY,24000.000000000,NATIONAL_AUTHORITY,SELF_PROCUREMENT,ONE_YEAR,-4444,-2222.000000000,-4444,-4444,-4444.000000000,The price is confidential. We purchased 14400 dose Original monovalent mRNA vaccine and 9600 dose Omicron XBB.1.5 monovalent mRNA vaccine.,NOT_COLLECTED,NOT_COLLECTED,-9999,-9999.000000000,,,,,EJRF
,MNG,2023,2023,COVID19,VIAL,6.000000000,,,PFIZER,Pfizer BioNTech - Comirnaty,11520.000000000,THIRD_PARTY,COVAX,FIVE_YEAR,,6.700000000,USD,NO,0.000000000,,NOT_COLLECTED,NOT_COLLECTED,-9999,-9999.000000000,,,,,EJRF
,GUM,2023,2023,COVID19,VIAL,6.000000000,-4444,-4444,PFIZER,Pfizer Bio-NTech COVID-19,6060.000000000,OTHER,OTHER,ONE_YEAR,-4444,-4444.000000000,-4444,-2222,-2222.000000000,"vaccine provided by US Federal Government, based on allocation",NOT_COLLECTED,NOT_COLLECTED,-9999,-9999.000000000,,,,,EJRF
,HKG,2023,2023,COVID19,OTHER,10.000000000,,,OTHER,Comirnaty 10mcg/dose (ancestral strain),9600.000000000,NATIONAL_AUTHORITY,SELF_PROCUREMENT,-4444,No,-2222.000000000,-2222,-2222,,The presentation of this vaccine is supplied as multidose vials. The manufacturer is BioNTech/Fosun Pharma.,NOT_COLLECTED,NOT_COLLECTED,-9999,-9999.000000000,,,,,EJRF
,HKG,2023,2023,COVID19,OTHER,5.000000000,,,MOD,Spikevax XBB.1.5,100000.000000000,NATIONAL_AUTHORITY,SELF_PROCUREMENT,-4444,Comirnaty 30mcg/dose (XBB.1.5),-2222.000000000,-2222,-2222,,The presentation of this vaccine is supplied as multidose vials. ,NOT_COLLECTED,NOT_COLLECTED,-9999,-9999.000000000,,,,,EJRF
,CAF,2023,2022,COVID19,-4444,1.000000000,-4444,-4444,ASTRAZENACA,AstraZeneca - Vaxzevria,-4444.000000000,-4444,-4444,-2222,-4444,-4444.000000000,-4444,-4444,-4444.000000000,-4444,NOT_COLLECTED,NOT_COLLECTED,-9999,-9999.000000000,,,,,EJRF
,CAF,2023,2022,COVID19,-4444,1.000000000,-4444,-4444,JVC,Janssen - Ad26.COV 2-S,-4444.000000000,-4444,-4444,-2222,-4444,-4444.000000000,-4444,-4444,-4444.000000000,-4444,NOT_COLLECTED,NOT_COLLECTED,-9999,-9999.000000000,,,,,EJRF
,CAF,2023,2022,COVID19,-4444,1.000000000,-4444,-4444,MOD,Moderna - Spikevax,-4444.000000000,-4444,-4444,-2222,-4444,-4444.000000000,-4444,-4444,-4444.000000000,-4444,NOT_COLLECTED,NOT_COLLECTED,-9999,-9999.000000000,,,,,EJRF
,CAF,2023,2022,COVID19,-4444,1.000000000,-4444,-4444,ND,Unknown Vaccine,-4444.000000000,-4444,-4444,-2222,-4444,-4444.000000000,-4444,-4444,-4444.000000000,-4444,NOT_COLLECTED,NOT_COLLECTED,-9999,-9999.000000000,,,,,EJRF
,CAF,2023,2022,COVID19,-4444,1.000000000,-4444,-4444,ND,Unknown Vaccine,-4444.000000000,-4444,COVAX,-2222,-4444,-4444.000000000,-4444,-4444,-4444.000000000,-4444,NOT_COLLECTED,NOT_COLLECTED,-9999,-9999.000000000,,,,,EJRF
,CAF,2023,2022,COVID19,-4444,1.000000000,-4444,-4444,ND,-4444,-4444.000000000,-4444,OTHER,-2222,-4444,-4444.000000000,-4444,-4444,-4444.000000000,-4444,NOT_COLLECTED,NOT_COLLECTED,-9999,-9999.000000000,,,,,EJRF
,CAF,2023,2022,COVID19,-4444,1.000000000,-4444,-4444,ND,Unknown Vaccine,-4444.000000000,-4444,SELF_PROCUREMENT,-2222,-4444,-4444.000000000,-4444,-4444,-4444.000000000,-4444,NOT_COLLECTED,NOT_COLLECTED,-9999,-9999.000000000,,,,,EJRF
,CAF,2023,2022,COVID19,-4444,1.000000000,-4444,-4444,PFIZER,Pfizer BioNTech - Comirnaty,-4444.000000000,-4444,-4444,-2222,-4444,-4444.000000000,-4444,-4444,-4444.000000000,-4444,NOT_COLLECTED,NOT_COLLECTED,-9999,-9999.000000000,,,,,EJRF
,CAF,2023,2022,COVID19,-4444,1.000000000,-4444,-4444,SII,SII - Covishield,-4444.000000000,-4444,-4444,-2222,-4444,-4444.000000000,-4444,-4444,-4444.000000000,-4444,NOT_COLLECTED,NOT_COLLECTED,-9999,-9999.000000000,,,,,EJRF
,CAF,2023,2022,COVID19,-4444,1.000000000,-4444,-4444,SINOVAC,Sinovac - CoronaVac,-4444.000000000,-4444,-4444,-2222,-4444,-4444.000000000,-4444,-4444,-4444.000000000,-4444,NOT_COLLECTED,NOT_COLLECTED,-9999,-9999.000000000,,,,,EJRF
,LBR,2023,2023,COVID19,-4444,1.000000000,-2222,-2222,ASTRAZENACA,AstraZeneca - Vaxzevria,-2222.000000000,-2222,-4444,-2222,-4444,-4444.000000000,-4444,-4444,-4444.000000000,-2222,NOT_COLLECTED,NOT_COLLECTED,-9999,-9999.000000000,,,,,EJRF
,LBR,2023,2023,COVID19,VIAL,5.000000000,OTHER,-2222,JVC,Janssen - Ad26.COV 2-S,60000.000000000,OTHER,COVAX,ONE_YEAR,-2222,1.250000000,USD,NO,-4444.000000000,-2222,NOT_COLLECTED,NOT_COLLECTED,-9999,-9999.000000000,,,,,EJRF
,LBR,2023,2023,COVID19,-4444,1.000000000,-2222,-4444,ND,Unknown Vaccine,-4444.000000000,-2222,COVAX,-2222,-2222,-4444.000000000,-2222,NO,-4444.000000000,-2222,NOT_COLLECTED,NOT_COLLECTED,-9999,-9999.000000000,,,,,EJRF
,LBR,2023,2023,COVID19,-4444,1.000000000,-2222,-4444,ND,Unknown Vaccine,-4444.000000000,-2222,OTHER,-2222,-4444,-4444.000000000,-2222,NO,-4444.000000000,-2222,NOT_COLLECTED,NOT_COLLECTED,-9999,-9999.000000000,,,,,EJRF
,LBR,2023,2023,COVID19,-4444,1.000000000,-2222,-4444,ND,Unknown Vaccine,-4444.000000000,-2222,SELF_PROCUREMENT,-2222,-4444,-4444.000000000,-2222,NO,-4444.000000000,-2222,NOT_COLLECTED,NOT_COLLECTED,-9999,-9999.000000000,,,,,EJRF
,LBR,2023,2023,COVID19,VIAL,6.000000000,OTHER,-2222,PFIZER,Pfizer BioNTech - Comirnaty,223500.000000000,OTHER,UNICEF_SD,ONE_YEAR,-2222,6.750000000,USD,NO,-4444.000000000,-2222,NOT_COLLECTED,NOT_COLLECTED,-9999,-9999.000000000,,,,,EJRF
,EST,2023,2022,COVID19,VIAL,5.000000000,,,MOD,SPIKEVAX BIVALENT ORIGINAL/OMICRON BA.4-5,118800.000000000,NATIONAL_AUTHORITY,OTHER,-2222,"SPIKEVAX XBB.1.5 (Moderna), NUVAXOVID XBB.1.5 (Novavax CZ a.s), VAXZEVRIA (Astrazeneca AB), JCOVDEN (Janssen - Cilag International)",-2222.000000000,,NO,,,NOT_COLLECTED,DDP,HEALTH_INSURANCE_AGENCY,-9999.000000000,,,,,EJRF
,EST,2023,2022,COVID19,VIAL,6.000000000,,,PFIZER,COMIRNATY OMICRON XBB.1.5 ,120000.000000000,NATIONAL_AUTHORITY,OTHER,-2222,"SPIKEVAX XBB.1.5 (Moderna), NUVAXOVID XBB.1.5 (Novavax CZ a.s), VAXZEVRIA (Astrazeneca AB), JCOVDEN (Janssen - Cilag International)",-2222.000000000,,NO,,Children + adults,NOT_COLLECTED,DDP,HEALTH_INSURANCE_AGENCY,-9999.000000000,,,,,EJRF
,HKG,2023,2023,COVID19,OTHER,6.000000000,,,OTHER,Comirnaty 30mcg/dose (XBB.1.5),100000.000000000,NATIONAL_AUTHORITY,SELF_PROCUREMENT,-4444,Spikevax XBB.1.5,-2222.000000000,-2222,-2222,,The presentation of this vaccine is supplied as multidose vials. The manufacturer is BioNTech/Fosun Pharma.,NOT_COLLECTED,NOT_COLLECTED,-9999,-9999.000000000,,,,,EJRF
,ATG,2023,2023,COVID19,-4444,0.000000000,-2222,-4444,ASTRAZENACA,-2222,-4444.000000000,NATIONAL_AUTHORITY,DONATION,-2222,-2222,-2222.000000000,-2222,-2222,-4444.000000000,-2222,NOT_COLLECTED,NOT_COLLECTED,-9999,-9999.000000000,,,,,EJRF
,ATG,2023,2023,COVID19,-4444,1.000000000,-2222,-4444,GRI,Gamaleya - Sputnik-Light,-4444.000000000,NATIONAL_AUTHORITY,DONATION,-2222,-2222,-2222.000000000,-2222,-2222,-4444.000000000,-2222,NOT_COLLECTED,NOT_COLLECTED,-9999,-9999.000000000,,,,,EJRF
,ATG,2023,2022,COVID19,-4444,1.000000000,-2222,-4444,JVC,Janssen - Ad26.COV 2-S,-4444.000000000,NATIONAL_AUTHORITY,DONATION,-2222,-2222,-2222.000000000,-2222,-2222,-4444.000000000,-2222,NOT_COLLECTED,NOT_COLLECTED,-9999,-9999.000000000,,,,,EJRF
,ATG,2023,2023,COVID19,-4444,1.000000000,-2222,,PFIZER,Pfizer BioNTech - Comirnaty,-4444.000000000,NATIONAL_AUTHORITY,DONATION,-2222,-4444,-2222.000000000,-2222,-2222,-4444.000000000,-2222,NOT_COLLECTED,NOT_COLLECTED,-9999,-9999.000000000,,,,,EJRF
,DJI,2023,2022,COVID19,VIAL,5.000000000,,,JVC,Janssen - Ad26.COV 2-S,172800.000000000,,COVAX,-2222,,7.500000000,USD,,,,NOT_COLLECTED,NOT_COLLECTED,-9999,-9999.000000000,,,,,EJRF
,DJI,2023,2022,COVID19,-4444,6.000000000,,,PFIZER,Pfizer BioNTech - Comirnaty,5850.000000000,,COVAX,-2222,,3.700000000,USD,,,,NOT_COLLECTED,NOT_COLLECTED,-9999,-9999.000000000,,,,,EJRF
,QAT,2023,2023,COVID19,VIAL,1.000000000,-4444,-4444,ASTRAZENACA,AstraZeneca - Vaxzevria,0.000000000,NATIONAL_AUTHORITY,SELF_PROCUREMENT,ONE_YEAR,No,0.000000000,QAR,NO,-4444.000000000,-4444,NOT_COLLECTED,NOT_COLLECTED,-9999,-9999.000000000,,,,,EJRF
,QAT,2023,2023,COVID19,VIAL,1.000000000,-4444,-4444,MOD,Moderna - Spikevax,0.000000000,NATIONAL_AUTHORITY,SELF_PROCUREMENT,ONE_YEAR,No,0.000000000,QAR,NO,-4444.000000000,-4444,NOT_COLLECTED,NOT_COLLECTED,-9999,-9999.000000000,,,,,EJRF
,QAT,2023,2023,COVID19,VIAL,1.000000000,-4444,-4444,PFIZER,Pfizer BioNTech - Comirnaty,0.000000000,NATIONAL_AUTHORITY,SELF_PROCUREMENT,ONE_YEAR,No,0.000000000,QAR,NO,-4444.000000000,-4444,NOT_COLLECTED,NOT_COLLECTED,-9999,-9999.000000000,,,,,EJRF
,ESP,2023,2022,COVID19,-4444,1.000000000,-2222,-2222,ASTRAZENACA,AstraZeneca - Vaxzevria,-2222.000000000,-2222,OTHER,-2222,-2222,-2222.000000000,-2222,-2222,-2222.000000000,-2222,NOT_COLLECTED,ND,-2222,-9999.000000000,,,,,EJRF
,ESP,2023,2022,COVID19,-4444,1.000000000,-2222,-2222,JVC,Janssen - Ad26.COV 2-S,-2222.000000000,-2222,OTHER,-2222,-2222,-2222.000000000,-2222,-2222,-2222.000000000,-2222,NOT_COLLECTED,ND,-2222,-9999.000000000,,,,,EJRF
,ESP,2023,2022,COVID19,-4444,1.000000000,-2222,-2222,MOD,Spikevax,-2222.000000000,-2222,OTHER,-2222,-2222,-2222.000000000,-2222,-2222,-2222.000000000,-2222,NOT_COLLECTED,ND,-2222,-9999.000000000,,,,,EJRF
,ESP,2023,2022,COVID19,-4444,1.000000000,-2222,-2222,NOV,Novavax-NUVAXOVID,-2222.000000000,-2222,OTHER,-2222,-2222,-2222.000000000,-2222,-2222,-2222.000000000,-2222,NOT_COLLECTED,ND,-2222,-9999.000000000,,,,,EJRF
,ESP,2023,2022,COVID19,-4444,1.000000000,-2222,-2222,PFIZER,Comirnaty,63863959.000000000,-2222,OTHER,-2222,-2222,-2222.000000000,-2222,-2222,-2222.000000000,-2222,NOT_COLLECTED,ND,-2222,-9999.000000000,,,,,EJRF
,ESP,2023,2022,COVID19,-4444,1.000000000,-2222,-2222,SPSA,Sanofi GSK - Vidprevtyn,-2222.000000000,-2222,OTHER,-2222,-2222,-2222.000000000,-2222,-2222,-2222.000000000,-2222,NOT_COLLECTED,ND,-2222,-9999.000000000,,,,,EJRF
,LSO,2023,2022,COVID19,-2222,1.000000000,-2222,-2222,ND,-2222,-2222.000000000,-2222,-2222,-2222,-2222,-2222.000000000,-2222,-2222,-2222.000000000,,NOT_COLLECTED,NOT_COLLECTED,-9999,-9999.000000000,,,,,EJRF
,LSO,2023,2022,COVID19,VIAL,6.000000000,-2222,-2222,PFIZER,Pfizer BioNTech - Comirnaty,237120.000000000,NATIONAL_AUTHORITY,UNICEF_SD,FIVEPLUS_YEAR,NO,6.750000000,USD,NO,-2222.000000000,,NOT_COLLECTED,NOT_COLLECTED,-9999,-9999.000000000,,,,,EJRF
,LSO,2023,2022,COVID19,-4444,1.000000000,-2222,-2222,SINOVAC,Sinovac - CoronaVac,-2222.000000000,-2222,-4444,-2222,-2222,-2222.000000000,-2222,-2222,-2222.000000000,,NOT_COLLECTED,NOT_COLLECTED,-9999,-9999.000000000,,,,,EJRF
,LSO,2023,2022,COVID19,-4444,1.000000000,-2222,-2222,WIBP,Wuhan CNBG - Inactivated,-2222.000000000,-2222,-2222,-2222,-2222,-2222.000000000,-2222,-2222,-2222.000000000,,NOT_COLLECTED,NOT_COLLECTED,-9999,-9999.000000000,,,,,EJRF
,BGD,2023,2022,COVID19,-4444,1.000000000,,,ASTRAZENACA,AstraZeneca - Vaxzevria,,,COVAX,-2222,,,,,,,NOT_COLLECTED,NOT_COLLECTED,-9999,-9999.000000000,,,,,EJRF
,BGD,2023,2022,COVID19,-4444,1.000000000,,,ASTRAZENACA,AstraZeneca - Vaxzevria,,,DONATION,-2222,,,,,,,NOT_COLLECTED,NOT_COLLECTED,-9999,-9999.000000000,,,,,EJRF
,BGD,2023,2022,COVID19,-4444,1.000000000,,,BBIBP,Beijing CNBG - BBIBP-CorV,,,COVAX,-2222,,,,,,,NOT_COLLECTED,NOT_COLLECTED,-9999,-9999.000000000,,,,,EJRF
,BGD,2023,2022,COVID19,-4444,1.000000000,,,BBIBP,Beijing CNBG - BBIBP-CorV,,,DONATION,-2222,,,,,,,NOT_COLLECTED,NOT_COLLECTED,-9999,-9999.000000000,,,,,EJRF
,BGD,2023,2022,COVID19,-4444,1.000000000,,,BBIBP,Beijing CNBG - BBIBP-CorV,,,SELF_PROCUREMENT,-2222,,,,,,,NOT_COLLECTED,NOT_COLLECTED,-9999,-9999.000000000,,,,,EJRF
,BGD,2023,2022,COVID19,-4444,1.000000000,,,JVC,Janssen - Ad26.COV 2-S,,,COVAX,-2222,,,,,,,NOT_COLLECTED,NOT_COLLECTED,-9999,-9999.000000000,,,,,EJRF
,BGD,2023,2022,COVID19,-4444,1.000000000,,,MOD,Moderna - Spikevax,,,COVAX,-2222,,,,,,,NOT_COLLECTED,NOT_COLLECTED,-9999,-9999.000000000,,,,,EJRF
,BGD,2023,2022,COVID19,-4444,1.000000000,,,PFIZER,Pfizer BioNTech - Comirnaty,,,COVAX,-2222,,,,,,,NOT_COLLECTED,NOT_COLLECTED,-9999,-9999.000000000,,,,,EJRF
,BGD,2023,2022,COVID19,-4444,1.000000000,,,SII,SII - Covishield,,,DONATION,-2222,,,,,,,NOT_COLLECTED,NOT_COLLECTED,-9999,-9999.000000000,,,,,EJRF
,BGD,2023,2022,COVID19,-4444,1.000000000,,,SII,SII - Covishield,,,OTHER,-2222,,,,,,,NOT_COLLECTED,NOT_COLLECTED,-9999,-9999.000000000,,,,,EJRF
,BGD,2023,2022,COVID19,-4444,1.000000000,,,SINOVAC,Sinovac - CoronaVac,,,COVAX,-2222,,,,,,,NOT_COLLECTED,NOT_COLLECTED,-9999,-9999.000000000,,,,,EJRF
,BGD,2023,2022,COVID19,-4444,1.000000000,,,SINOVAC,Sinovac - CoronaVac,,,DONATION,-2222,,,,,,,NOT_COLLECTED,NOT_COLLECTED,-9999,-9999.000000000,,,,,EJRF
,MEX,2023,2022,COVID19,-4444,1.000000000,,,ASTRAZENACA,AstraZeneca - Vaxzevria,,,COVAX,-2222,,,,,,,NOT_COLLECTED,NOT_COLLECTED,-9999,-9999.000000000,,,,,EJRF
,MEX,2023,2022,COVID19,-4444,1.000000000,,,ASTRAZENACA,AstraZeneca - Vaxzevria,,,DONATION,-2222,,,,,,,NOT_COLLECTED,NOT_COLLECTED,-9999,-9999.000000000,,,,,EJRF
,MEX,2023,2022,COVID19,-4444,1.000000000,,,ASTRAZENACA,,,,SELF_PROCUREMENT,-2222,,,,,,,NOT_COLLECTED,NOT_COLLECTED,-9999,-9999.000000000,,,,,EJRF
,MEX,2023,2022,COVID19,-4444,1.000000000,,,CAB,,,,SELF_PROCUREMENT,-2222,,,,,,,NOT_COLLECTED,NOT_COLLECTED,-9999,-9999.000000000,,,,,EJRF
,MEX,2023,2022,COVID19,-4444,1.000000000,,,CIGB,CIGB - CIGB-66,,,SELF_PROCUREMENT,-2222,,,,,,,NOT_COLLECTED,NOT_COLLECTED,-9999,-9999.000000000,,,,,EJRF
,MEX,2023,2022,COVID19,-4444,1.000000000,,,GRI,Gamaleya - Gam-Covid-Vac,,,SELF_PROCUREMENT,-2222,,,,,,,NOT_COLLECTED,NOT_COLLECTED,-9999,-9999.000000000,,,,,EJRF
,MEX,2023,2022,COVID19,-4444,1.000000000,,,JVC,Janssen - Ad26.COV 2-S,,,DONATION,-2222,,,,,,,NOT_COLLECTED,NOT_COLLECTED,-9999,-9999.000000000,,,,,EJRF
,MEX,2023,2022,COVID19,-4444,1.000000000,,,MOD,Moderna - Spikevax,,,DONATION,-2222,,,,,,,NOT_COLLECTED,NOT_COLLECTED,-9999,-9999.000000000,,,,,EJRF
,MEX,2023,2022,COVID19,-4444,1.000000000,,,PFIZER,Pfizer BioNTech - Comirnaty,,,COVAX,-2222,,,,,,,NOT_COLLECTED,NOT_COLLECTED,-9999,-9999.000000000,,,,,EJRF
,MEX,2023,2022,COVID19,-4444,1.000000000,,,PFIZER,Pfizer BioNTech - Comirnaty,,,DONATION,-2222,,,,,,,NOT_COLLECTED,NOT_COLLECTED,-9999,-9999.000000000,,,,,EJRF
,MEX,2023,2022,COVID19,-4444,1.000000000,,,PFIZER,Pfizer BioNTech - Comirnaty,,,SELF_PROCUREMENT,-2222,,,,,,,NOT_COLLECTED,NOT_COLLECTED,-9999,-9999.000000000,,,,,EJRF
,MEX,2023,2022,COVID19,-4444,1.000000000,,,SINOVAC,Sinovac - CoronaVac,,,SELF_PROCUREMENT,-2222,,,,,,,NOT_COLLECTED,NOT_COLLECTED,-9999,-9999.000000000,,,,,EJRF
,NIC,2023,2022,COVID19,-4444,10.000000000,-4444,-4444,ASTRAZENACA,-4444,3740850.000000000,NATIONAL_AUTHORITY,DONATION,-2222,-4444,-4444.000000000,-4444,-4444,-4444.000000000,,NOT_COLLECTED,NOT_COLLECTED,-9999,-9999.000000000,,,,,EJRF
,NIC,2023,2022,COVID19,-4444,10.000000000,-4444,-4444,ASTRAZENACA,AstraZeneca - Vaxzevria,1252800.000000000,NATIONAL_AUTHORITY,SELF_PROCUREMENT,-2222,No,-2222.000000000,USD,-4444,-4444.000000000,,NOT_COLLECTED,NOT_COLLECTED,-9999,-9999.000000000,,,,,EJRF
,NIC,2023,2022,COVID19,VIAL,1.000000000,-4444,-4444,BBIBP,Beijing CNBG - BBIBP-CorV,3138000.000000000,NATIONAL_AUTHORITY,COVAX,-2222,No,-4444.000000000,-2222,-4444,-4444.000000000,El país tambien recibio donación de esta vacuna del gobierno de India,NOT_COLLECTED,NOT_COLLECTED,-9999,-9999.000000000,,,,,EJRF
,NIC,2023,2022,COVID19,VIAL,10.000000000,-4444,-4444,CIGB,CIGB - CIGB-66,3700000.000000000,NATIONAL_AUTHORITY,SELF_PROCUREMENT,-2222,No,-2222.000000000,USD,-2222,-4444.000000000,,NOT_COLLECTED,NOT_COLLECTED,-9999,-9999.000000000,,,,,EJRF
,NIC,2023,2022,COVID19,VIAL,1.000000000,-4444,-4444,GRI,Gamaleya - Gam-Covid-Vac,546000.000000000,NATIONAL_AUTHORITY,SELF_PROCUREMENT,-2222,No,-2222.000000000,USD,-2222,-4444.000000000,El país tambien recibió donación de esta vacuna del Gobierno de Rusia,NOT_COLLECTED,NOT_COLLECTED,-9999,-9999.000000000,,,,,EJRF
,NIC,2023,2022,COVID19,VIAL,5.000000000,-4444,-4444,GRI,Sputnik light,3686315.000000000,NATIONAL_AUTHORITY,SELF_PROCUREMENT,-2222,No,-2222.000000000,USD,-2222,-4444.000000000,,NOT_COLLECTED,NOT_COLLECTED,-9999,-9999.000000000,,,,,EJRF
,NIC,2023,2022,COVID19,-4444,10.000000000,-4444,-4444,IFV,Soberana 2  y Soberana Pluss,3300000.000000000,NATIONAL_AUTHORITY,SELF_PROCUREMENT,-2222,No,-2222.000000000,USD,-2222,-2222.000000000,-4444,NOT_COLLECTED,NOT_COLLECTED,-9999,-9999.000000000,,,,,EJRF
,NIC,2023,2022,COVID19,VIAL,1.000000000,-4444,-4444,JVC,Janssen - Ad26.COV 2-S,994350.000000000,NATIONAL_AUTHORITY,COVAX,-2222,-4444,-2222.000000000,USD,-2222,-2222.000000000,,NOT_COLLECTED,NOT_COLLECTED,-9999,-9999.000000000,,,,,EJRF
,NIC,2023,2022,COVID19,VIAL,10.000000000,-4444,-4444,SII,COVOVAX,200000.000000000,NATIONAL_AUTHORITY,DONATION,-2222,,-4444.000000000,-4444,-4444,-4444.000000000,,NOT_COLLECTED,NOT_COLLECTED,-9999,-9999.000000000,,,,,EJRF
,NIC,2023,2022,COVID19,VIAL,6.000000000,-4444,-4444,PFIZER,Pfizer BioNTech - Comirnaty,5411520.000000000,NATIONAL_AUTHORITY,COVAX,-2222,-4444,-4444.000000000,USD,-4444,-4444.000000000,El país tambien recibió en presentación pediatrica de esta vacuna.,NOT_COLLECTED,NOT_COLLECTED,-9999,-9999.000000000,,,,,EJRF
,NIC,2023,2022,COVID19,-4444,10.000000000,-4444,-4444,SHP,Shifa - COVIran Barakat,200000.000000000,NATIONAL_AUTHORITY,DONATION,-2222,No,-2222.000000000,USD,-4444,-4444.000000000,Donación del Gobierno de Iran,NOT_COLLECTED,NOT_COLLECTED,-9999,-9999.000000000,,,,,EJRF
,NIC,2023,2022,COVID19,VIAL,10.000000000,-4444,-4444,SII,SII - Covishield,335000.000000000,NATIONAL_AUTHORITY,COVAX,-2222,-4444,-4444.000000000,USD,-4444,-4444.000000000,El país también recibió donación del Gobierno de India.,NOT_COLLECTED,NOT_COLLECTED,-9999,-9999.000000000,,,,,EJRF
,BLR,2023,2023,COVID19,AMPOULE,1.000000000,-4444,-4444,GRI,"Вакцина комбинированная векторная для профилактики инфекции, вызванной коронавирусом SARS-CoV-2 (Гам-КОВИД-Вак, Спутник Лайт)",1579970.000000000,NATIONAL_AUTHORITY,SELF_PROCUREMENT,ONE_YEAR,"Вакцина векторная для профилактики инфекции, вызванной коронавирусом SARS-CoV-2 (Спутник Лайт))",9.950000000,USD,NO,-4444.000000000,-2222,NOT_COLLECTED,CIP,CENTRAL_GOVERNMENT,-9999.000000000,,,,,EJRF
,MLI,2023,2022,COVID19,-4444,1.000000000,-2222,-2222,PFIZER,Pfizer BioNTech - Comirnaty,668160.000000000,,-4444,-2222,-2222,,,,,,NOT_COLLECTED,NOT_COLLECTED,-9999,-9999.000000000,,,,,EJRF
,MRT,2023,2022,COVID19,-4444,1.000000000,-4444,-4444,ASTRAZENACA,AstraZeneca - Vaxzevria,-2222.000000000,-2222,-4444,-2222,NON,-2222.000000000,-2222,,,,NOT_COLLECTED,NOT_COLLECTED,-9999,-9999.000000000,,,,,EJRF
,MRT,2023,2022,COVID19,-4444,1.000000000,-2222,-2222,ND,-2222,-2222.000000000,-2222,-2222,-2222,-2222,-2222.000000000,-2222,-2222,-2222.000000000,-2222,NOT_COLLECTED,NOT_COLLECTED,-9999,-9999.000000000,,,,,EJRF
,MRT,2023,2022,COVID19,-4444,1.000000000,-4444,-4444,JVC,Janssen - Ad26.COV 2-S,480000.000000000,NATIONAL_AUTHORITY,COVAX,-2222,NON,7.500000000,USD,NO,,,NOT_COLLECTED,NOT_COLLECTED,-9999,-9999.000000000,,,,,EJRF
,MRT,2023,2022,COVID19,-2222,1.000000000,,,ND,-2222,-2222.000000000,,-2222,-2222,-2222,-2222.000000000,-2222,-2222,-2222.000000000,-2222,NOT_COLLECTED,NOT_COLLECTED,-9999,-9999.000000000,,,,,EJRF
,MRT,2023,2022,COVID19,-4444,1.000000000,-2222,-4444,PFIZER,Pfizer BioNTech - Comirnaty,-4444.000000000,,-4444,-2222,NON,-2222.000000000,,NO,,,NOT_COLLECTED,NOT_COLLECTED,-9999,-9999.000000000,,,,,EJRF
,MWI,2023,2022,COVID19,-4444,1.000000000,,,ASTRAZENACA,AstraZeneca - Vaxzevria,-4444.000000000,,-4444,-2222,,-4444.000000000,,,,,NOT_COLLECTED,NOT_COLLECTED,-9999,-9999.000000000,,,,,EJRF
,MWI,2023,2022,COVID19,-4444,1.000000000,,,BBIBP,Beijing CNBG - BBIBP-CorV,-4444.000000000,,-4444,-2222,,-4444.000000000,,,,,NOT_COLLECTED,NOT_COLLECTED,-9999,-9999.000000000,,,,,EJRF
,MWI,2023,2022,COVID19,-4444,1.000000000,,,JVC,Janssen - Ad26.COV 2-S,-4444.000000000,,-4444,-2222,,-4444.000000000,,,,,NOT_COLLECTED,NOT_COLLECTED,-9999,-9999.000000000,,,,,EJRF
,MWI,2023,2022,COVID19,-4444,1.000000000,,,ND,Unknown Vaccine,-4444.000000000,,COVAX,-2222,,-4444.000000000,,,,,NOT_COLLECTED,NOT_COLLECTED,-9999,-9999.000000000,,,,,EJRF
,MWI,2023,2022,COVID19,-4444,1.000000000,,,ND,Unknown Vaccine,-4444.000000000,,OTHER,-2222,,-4444.000000000,,,,,NOT_COLLECTED,NOT_COLLECTED,-9999,-9999.000000000,,,,,EJRF
,MWI,2023,2022,COVID19,-4444,1.000000000,,,ND,Unknown Vaccine,-4444.000000000,,SELF_PROCUREMENT,-2222,,-4444.000000000,,,,,NOT_COLLECTED,NOT_COLLECTED,-9999,-9999.000000000,,,,,EJRF
,MWI,2023,2022,COVID19,-4444,1.000000000,,,PFIZER,Pfizer BioNTech - Comirnaty,-4444.000000000,,-4444,-2222,,-4444.000000000,,,,,NOT_COLLECTED,NOT_COLLECTED,-9999,-9999.000000000,,,,,EJRF
,NAM,2023,2022,COVID19,-4444,1.000000000,,,ASTRAZENACA,AstraZeneca - Vaxzevria,,,-4444,-2222,,,,,,,NOT_COLLECTED,NOT_COLLECTED,-9999,-9999.000000000,,,,,EJRF
,NAM,2023,2022,COVID19,-4444,1.000000000,,,BBIBP,Beijing CNBG - BBIBP-CorV,,,-4444,-2222,,,,,,,NOT_COLLECTED,NOT_COLLECTED,-9999,-9999.000000000,,,,,EJRF
,NAM,2023,2022,COVID19,-4444,1.000000000,,,JVC,Janssen - Ad26.COV 2-S,,,-4444,-2222,,,,,,,NOT_COLLECTED,NOT_COLLECTED,-9999,-9999.000000000,,,,,EJRF
,NAM,2023,2022,COVID19,-4444,1.000000000,,,ND,Unknown Vaccine,,,OTHER,-2222,,,,,,,NOT_COLLECTED,NOT_COLLECTED,-9999,-9999.000000000,,,,,EJRF
,NAM,2023,2022,COVID19,-4444,1.000000000,,,ND,,,,SELF_PROCUREMENT,-2222,,,,,,,NOT_COLLECTED,NOT_COLLECTED,-9999,-9999.000000000,,,,,EJRF
,NAM,2023,2022,COVID19,-4444,1.000000000,,,PFIZER,Pfizer BioNTech - Comirnaty,,,-4444,-2222,,,,,,,NOT_COLLECTED,NOT_COLLECTED,-9999,-9999.000000000,,,,,EJRF
,NAM,2023,2022,COVID19,-4444,1.000000000,,,SII,SII - Covishield,,,-4444,-2222,,,,,,,NOT_COLLECTED,NOT_COLLECTED,-9999,-9999.000000000,,,,,EJRF
,NER,2023,2023,COVID19,VIAL,5.000000000,-4444,-4444,JVC,JOHSON & JANSSEN,2200800.000000000,NATIONAL_AUTHORITY,COVAX,TWO_YEAR,Non,7.390000000,USD,-4444,-4444.000000000,,NOT_COLLECTED,NOT_COLLECTED,-9999,-9999.000000000,,,,,EJRF
,NGA,2023,2022,COVID19,-4444,1.000000000,,,ASTRAZENACA,AstraZeneca - Vaxzevria,,,-4444,-2222,,,,,,,NOT_COLLECTED,NOT_COLLECTED,-9999,-9999.000000000,,,,,EJRF
,NGA,2023,2022,COVID19,-4444,1.000000000,,,JVC,Janssen - Ad26.COV 2-S,,,-4444,-2222,,,,,,,NOT_COLLECTED,NOT_COLLECTED,-9999,-9999.000000000,,,,,EJRF
,NGA,2023,2022,COVID19,-4444,1.000000000,,,MOD,Moderna - Spikevax,,,-4444,-2222,,,,,,,NOT_COLLECTED,NOT_COLLECTED,-9999,-9999.000000000,,,,,EJRF
,NGA,2023,2022,COVID19,-4444,1.000000000,,,ND,Unknown Vaccine,,,COVAX,-2222,,,,,,,NOT_COLLECTED,NOT_COLLECTED,-9999,-9999.000000000,,,,,EJRF
,NGA,2023,2022,COVID19,-4444,1.000000000,,,ND,Unknown Vaccine,,,OTHER,-2222,,,,,,,NOT_COLLECTED,NOT_COLLECTED,-9999,-9999.000000000,,,,,EJRF
,NGA,2023,2022,COVID19,-4444,1.000000000,,,ND,Unknown Vaccine,,,SELF_PROCUREMENT,-2222,,,,,,,NOT_COLLECTED,NOT_COLLECTED,-9999,-9999.000000000,,,,,EJRF
,NGA,2023,2022,COVID19,-4444,1.000000000,,,PFIZER,Pfizer BioNTech - Comirnaty,,,-4444,-2222,,,,,,,NOT_COLLECTED,NOT_COLLECTED,-9999,-9999.000000000,,,,,EJRF
,NGA,2023,2022,COVID19,-4444,1.000000000,,,SII,SII - Covishield,,,-4444,-2222,,,,,,,NOT_COLLECTED,NOT_COLLECTED,-9999,-9999.000000000,,,,,EJRF
,RWA,2023,2023,COVID19,AMPOULE,1.000000000,-4444,-4444,ASTRAZENACA,AstraZeneca - Vaxzevria,-4444.000000000,-4444,-4444,-2222,-4444,-4444.000000000,-4444,-4444,-4444.000000000,,NOT_COLLECTED,NOT_COLLECTED,-9999,-9999.000000000,,,,,EJRF
,RWA,2023,2023,COVID19,-4444,1.000000000,-4444,-4444,BBIBP,Beijing CNBG - BBIBP-CorV,-4444.000000000,-4444,-4444,-2222,-4444,-4444.000000000,-4444,-4444,-4444.000000000,,NOT_COLLECTED,NOT_COLLECTED,-9999,-9999.000000000,,,,,EJRF
,RWA,2023,2023,COVID19,-4444,1.000000000,-4444,-4444,GRI,Gamaleya - Gam-Covid-Vac,-4444.000000000,-4444,-4444,-2222,-4444,-4444.000000000,-4444,-4444,-4444.000000000,,NOT_COLLECTED,NOT_COLLECTED,-9999,-9999.000000000,,,,,EJRF
,RWA,2023,2023,COVID19,-4444,1.000000000,-4444,-4444,JVC,Janssen - Ad26.COV 2-S,-4444.000000000,-4444,-4444,-2222,-4444,-4444.000000000,-4444,-4444,-4444.000000000,,NOT_COLLECTED,NOT_COLLECTED,-9999,-9999.000000000,,,,,EJRF
,RWA,2023,2023,COVID19,-4444,1.000000000,-4444,-4444,MOD,Moderna - Spikevax,-4444.000000000,-4444,-4444,-2222,-4444,-4444.000000000,-4444,-4444,-4444.000000000,,NOT_COLLECTED,NOT_COLLECTED,-9999,-9999.000000000,,,,,EJRF
,RWA,2023,2023,COVID19,-4444,1.000000000,-4444,-4444,PFIZER,-4444,-4444.000000000,-4444,-4444,-2222,-4444,-4444.000000000,-4444,-4444,-4444.000000000,,NOT_COLLECTED,NOT_COLLECTED,-9999,-9999.000000000,,,,,EJRF
,RWA,2023,2023,COVID19,-4444,1.000000000,-4444,-4444,SINOVAC,-4444,-4444.000000000,-4444,-4444,-2222,-4444,-4444.000000000,-4444,-4444,-4444.000000000,,NOT_COLLECTED,NOT_COLLECTED,-9999,-9999.000000000,,,,,EJRF
,SLE,2023,2023,COVID19,-4444,1.000000000,-4444,-4444,ASTRAZENACA,AstraZeneca - Vaxzevria,-4444.000000000,,UNICEF_SD,-2222,No,-4444.000000000,-4444,-4444,-4444.000000000,-4444,NOT_COLLECTED,NOT_COLLECTED,-9999,-9999.000000000,,,,,EJRF
,SLE,2023,2023,COVID19,-4444,1.000000000,-4444,-4444,BBIBP,Beijing CNBG - BBIBP-CorV,-4444.000000000,-4444,-4444,-2222,-4444,-4444.000000000,-4444,-4444,-4444.000000000,-4444,NOT_COLLECTED,NOT_COLLECTED,-9999,-9999.000000000,,,,,EJRF
,SLE,2023,2023,COVID19,-4444,1.000000000,-4444,-4444,JVC,Janssen - Ad26.COV 2-S,1663200.000000000,,UNICEF_SD,-2222,No,7.500000000,USD,NO,-4444.000000000,-4444,NOT_COLLECTED,NOT_COLLECTED,-9999,-9999.000000000,,,,,EJRF
,SLE,2023,2022,COVID19,-4444,1.000000000,-4444,-4444,ND,Unknown Vaccine,-4444.000000000,-4444,COVAX,-2222,-4444,-4444.000000000,-4444,-4444,-4444.000000000,-4444,NOT_COLLECTED,NOT_COLLECTED,-9999,-9999.000000000,,,,,EJRF
,SLE,2023,2022,COVID19,-4444,1.000000000,-4444,-4444,ND,Unknown Vaccine,-4444.000000000,-4444,OTHER,-2222,-4444,-4444.000000000,-4444,-4444,,-4444,NOT_COLLECTED,NOT_COLLECTED,-9999,-9999.000000000,,,,,EJRF
,SLE,2023,2023,COVID19,-4444,1.000000000,,,ND,,,,SELF_PROCUREMENT,-2222,,,,,,,NOT_COLLECTED,NOT_COLLECTED,-9999,-9999.000000000,,,,,EJRF
,SLE,2023,2023,COVID19,-4444,1.000000000,-4444,-4444,PFIZER,Pfizer BioNTech - Comirnaty,2378880.000000000,,UNICEF_SD,-2222,No,12.150000000,USD,NO,-4444.000000000,-4444,NOT_COLLECTED,NOT_COLLECTED,-9999,-9999.000000000,,,,,EJRF
,SLE,2023,2023,COVID19,-4444,1.000000000,-4444,-4444,SII,SII - Covishield,-4444.000000000,-4444,-4444,-2222,-4444,-4444.000000000,-4444,-4444,-4444.000000000,-4444,NOT_COLLECTED,NOT_COLLECTED,-9999,-9999.000000000,,,,,EJRF
,SLE,2023,2023,COVID19,-4444,1.000000000,-4444,-4444,SINOVAC,Sinovac - CoronaVac,-4444.000000000,-4444,-4444,-2222,-4444,-4444.000000000,-4444,-4444,-4444.000000000,-4444,NOT_COLLECTED,NOT_COLLECTED,-9999,-9999.000000000,,,,,EJRF
,ZWE,2023,2022,COVID19,-4444,1.000000000,,,BBI,Bharat - Covaxin,,,-4444,-2222,,,,,,,NOT_COLLECTED,NOT_COLLECTED,-9999,-9999.000000000,,,,,EJRF
,ZWE,2023,2022,COVID19,-4444,1.000000000,,,BBIBP,Beijing CNBG - BBIBP-CorV,,,-4444,-2222,,,,,,,NOT_COLLECTED,NOT_COLLECTED,-9999,-9999.000000000,,,,,EJRF
,ZWE,2023,2022,COVID19,-4444,1.000000000,,,ND,Unknown Vaccine,,,-4444,-2222,,,,,,,NOT_COLLECTED,NOT_COLLECTED,-9999,-9999.000000000,,,,,EJRF
,ZWE,2023,2022,COVID19,-4444,1.000000000,,,ND,Unknown Vaccine,,,COVAX,-2222,,,,,,,NOT_COLLECTED,NOT_COLLECTED,-9999,-9999.000000000,,,,,EJRF
,ZWE,2023,2022,COVID19,-4444,1.000000000,,,ND,Unknown Vaccine,,,SELF_PROCUREMENT,-2222,,,,,,,NOT_COLLECTED,NOT_COLLECTED,-9999,-9999.000000000,,,,,EJRF
,ZWE,2023,2022,COVID19,-4444,1.000000000,,,SINOVAC,Sinovac - CoronaVac,,,-4444,-2222,,,,,,,NOT_COLLECTED,NOT_COLLECTED,-9999,-9999.000000000,,,,,EJRF
,KGZ,2023,2023,COVID19,VIAL,6.000000000,-4444,-4444,PFIZER,Comirnaty,20160.000000000,NATIONAL_AUTHORITY,UNICEF_SD,SINGLE_DELIVERY,-4444,7.600000000,USD,NO,,,NOT_COLLECTED,FCA,DONOR,-9999.000000000,,,,,EJRF
,NZL,2023,2022,COVID19,-4444,1.000000000,,,ASTRAZENACA,AstraZeneca - Vaxzevria,,,SELF_PROCUREMENT,-2222,,,,,,,NOT_COLLECTED,NOT_COLLECTED,-9999,-9999.000000000,,,,,EJRF
,NZL,2023,2022,COVID19,-4444,1.000000000,,,JVC,Janssen - Ad26.COV 2-S,,,SELF_PROCUREMENT,-2222,,,,,,,NOT_COLLECTED,NOT_COLLECTED,-9999,-9999.000000000,,,,,EJRF
,NZL,2023,2022,COVID19,-4444,1.000000000,,,NOV,Novavax-NUVAXOVID,,,SELF_PROCUREMENT,-2222,,,,,,,NOT_COLLECTED,NOT_COLLECTED,-9999,-9999.000000000,,,,,EJRF
,NZL,2023,2022,COVID19,-4444,1.000000000,,,PFIZER,Pfizer BioNTech - Comirnaty,,,SELF_PROCUREMENT,-2222,,,,,,,NOT_COLLECTED,NOT_COLLECTED,-9999,-9999.000000000,,,,,EJRF
,YEM,2023,2022,COVID19,-4444,1.000000000,-4444,-4444,ASTRAZENACA,AstraZeneca - Vaxzevria,-4444.000000000,-4444,-4444,-4444,-4444,-4444.000000000,-4444,-4444,-4444.000000000,,NOT_COLLECTED,NOT_COLLECTED,-9999,-9999.000000000,,,,,EJRF
,YEM,2023,2022,COVID19,-4444,1.000000000,-4444,-4444,JVC,Janssen - Ad26.COV 2-S,-4444.000000000,-4444,COVAX,-4444,,-4444.000000000,-4444,-4444,-4444.000000000,,NOT_COLLECTED,NOT_COLLECTED,-9999,-9999.000000000,,,,,EJRF
,YEM,2023,2022,COVID19,-4444,1.000000000,-4444,-4444,SII,SII - Covishield,-4444.000000000,-4444,COVAX,-4444,,-4444.000000000,-4444,-4444,-4444.000000000,-4444,NOT_COLLECTED,NOT_COLLECTED,-9999,-9999.000000000,,,,,EJRF
,YEM,2023,2022,COVID19,-4444,1.000000000,-4444,-4444,SINOVAC,Sinovac - CoronaVac,-4444.000000000,-4444,COVAX,-4444,-4444,-4444.000000000,-4444,-4444,-4444.000000000,-4444,NOT_COLLECTED,NOT_COLLECTED,-9999,-9999.000000000,,,,,EJRF
,CRI,2023,2023,COVID19,VIAL,10.000000000,-4444,-4444,PFIZER,Monovalente ,307200.000000000,SUBNATIONAL_AUTHORITIES,SELF_PROCUREMENT,-2222,,-2222.000000000,-2222,,,,NOT_COLLECTED,NOT_COLLECTED,-9999,-9999.000000000,,,,,EJRF
,BEN,2023,2023,COVID19,-4444,10.000000000,-4444,-4444,ASTRAZENACA,AstraZeneca - Vaxzevria,0.000000000,NATIONAL_AUTHORITY,UNICEF_SD,-2222,Non,-2222.000000000,USD,-4444,-4444.000000000,-4444,NOT_COLLECTED,NOT_COLLECTED,-9999,-9999.000000000,,,,,EJRF
,BEN,2023,2023,COVID19,-4444,5.000000000,-4444,-4444,JVC,Janssen - Ad26.COV 2-S,0.000000000,NATIONAL_AUTHORITY,UNICEF_SD,-2222,NON,-2222.000000000,-4444,-4444,-4444.000000000,-4444,NOT_COLLECTED,NOT_COLLECTED,-9999,-9999.000000000,,,,,EJRF
,BEN,2023,2023,COVID19,VIAL,10.000000000,-4444,-4444,MOD,Moderna - Spikevax,0.000000000,NATIONAL_AUTHORITY,UNICEF_SD,-2222,Non,-2222.000000000,-4444,-4444,-4444.000000000,-4444,NOT_COLLECTED,NOT_COLLECTED,-9999,-9999.000000000,,,,,EJRF
,BEN,2023,2023,COVID19,-4444,1.000000000,,,ND,Unknown Vaccine,,,COVAX,-2222,,,,,,,NOT_COLLECTED,NOT_COLLECTED,-9999,-9999.000000000,,,,,EJRF
,BEN,2023,2023,COVID19,-4444,1.000000000,,,ND,Unknown Vaccine,,,OTHER,-2222,,,,,,,NOT_COLLECTED,NOT_COLLECTED,-9999,-9999.000000000,,,,,EJRF
,BEN,2023,2023,COVID19,-4444,1.000000000,,,ND,Unknown Vaccine,,,SELF_PROCUREMENT,-2222,,,,,,,NOT_COLLECTED,NOT_COLLECTED,-9999,-9999.000000000,,,,,EJRF
,BEN,2023,2023,COVID19,VIAL,6.000000000,-4444,-4444,PFIZER,Pfizer BioNTech - Comirnaty,103680.000000000,NATIONAL_AUTHORITY,UNICEF_SD,-2222,-4444,4.050000000,USD,-4444,-4444.000000000,-4444,NOT_COLLECTED,NOT_COLLECTED,-9999,-9999.000000000,,,,,EJRF
,BEN,2023,2023,COVID19,VIAL,2.000000000,-4444,-4444,SINOVAC,Sinovac - CoronaVac,0.000000000,NATIONAL_AUTHORITY,UNICEF_SD,-2222,Non,-2222.000000000,USD,-4444,-4444.000000000,-4444,NOT_COLLECTED,NOT_COLLECTED,-9999,-9999.000000000,,,,,EJRF
,COM,2023,2023,COVID19,-4444,1.000000000,,,ASTRAZENACA,AstraZeneca - Vaxzevria,,,-4444,-2222,,,,,,,NOT_COLLECTED,NOT_COLLECTED,-9999,-9999.000000000,,,,,EJRF
,COM,2023,2023,COVID19,-4444,1.000000000,,,BBIBP,Beijing CNBG - BBIBP-CorV,,,-4444,-2222,,,,,,,NOT_COLLECTED,NOT_COLLECTED,-9999,-9999.000000000,,,,,EJRF
,COM,2023,2023,COVID19,-4444,1.000000000,,,ND,Unknown Vaccine,,,COVAX,-2222,,,,,,,NOT_COLLECTED,NOT_COLLECTED,-9999,-9999.000000000,,,,,EJRF
,COM,2023,2023,COVID19,-4444,1.000000000,,,ND,Unknown Vaccine,,,OTHER,-2222,,,,,,,NOT_COLLECTED,NOT_COLLECTED,-9999,-9999.000000000,,,,,EJRF
,COM,2023,2023,COVID19,-4444,1.000000000,,,ND,,,,SELF_PROCUREMENT,-2222,,,,,,,NOT_COLLECTED,NOT_COLLECTED,-9999,-9999.000000000,,,,,EJRF
,COM,2023,2023,COVID19,-4444,1.000000000,,,PFIZER,Pfizer BioNTech - Comirnaty,,,-4444,-2222,,,,,,,NOT_COLLECTED,NOT_COLLECTED,-9999,-9999.000000000,,,,,EJRF
,COM,2023,2023,COVID19,-4444,1.000000000,,,SII,SII - Covishield,,,-4444,-2222,,,,,,,NOT_COLLECTED,NOT_COLLECTED,-9999,-9999.000000000,,,,,EJRF
,GHA,2023,2023,COVID19,-4444,0.000000000,-4444,-4444,ASTRAZENACA,-4444,-4444.000000000,-4444,-4444,-2222,-4444,-4444.000000000,-4444,-4444,-4444.000000000,-4444,NOT_COLLECTED,NOT_COLLECTED,-9999,-9999.000000000,,,,,EJRF
,GHA,2023,2023,COVID19,-4444,0.000000000,-4444,-4444,GRI,Gamaleya - Gam-Covid-Vac,-4444.000000000,-4444,-4444,-2222,-4444,-4444.000000000,-4444,-4444,-4444.000000000,-4444,NOT_COLLECTED,NOT_COLLECTED,-9999,-9999.000000000,,,,,EJRF
,GHA,2023,2023,COVID19,-4444,5.000000000,-4444,-4444,JVC,Janssen - Ad26.COV 2-S,2872800.000000000,NATIONAL_AUTHORITY,UNICEF_SD,-2222,-4444,7.500000000,USD,-4444,-4444.000000000,-4444,NOT_COLLECTED,NOT_COLLECTED,-9999,-9999.000000000,,,,,EJRF
,GHA,2023,2023,COVID19,-4444,1.000000000,-4444,-4444,MOD,Moderna - Spikevax,-4444.000000000,-4444,-4444,-2222,-4444,-4444.000000000,-4444,-4444,-4444.000000000,-4444,NOT_COLLECTED,NOT_COLLECTED,-9999,-9999.000000000,,,,,EJRF
,GHA,2023,2023,COVID19,-4444,1.000000000,-4444,-4444,ND,-4444,-4444.000000000,-4444,COVAX,-2222,-4444,-4444.000000000,-4444,-4444,-4444.000000000,,NOT_COLLECTED,NOT_COLLECTED,-9999,-9999.000000000,,,,,EJRF
,GHA,2023,2023,COVID19,-4444,1.000000000,-4444,-4444,ND,Unknown Vaccine,-4444.000000000,-4444,OTHER,-2222,-4444,-4444.000000000,-4444,-4444,-4444.000000000,-4444,NOT_COLLECTED,NOT_COLLECTED,-9999,-9999.000000000,,,,,EJRF
,GHA,2023,2023,COVID19,-4444,1.000000000,-4444,-4444,ND,-4444,-4444.000000000,-4444,UNICEF_SD,-2222,-4444,-4444.000000000,-4444,-4444,-4444.000000000,-4444,NOT_COLLECTED,NOT_COLLECTED,-9999,-9999.000000000,,,,,EJRF
,GHA,2023,2023,COVID19,-4444,6.000000000,-4444,-4444,PFIZER,Pfizer BioNTech - Comirnaty,-4444.000000000,-4444,-4444,-2222,-4444,-4444.000000000,-4444,-4444,-4444.000000000,-4444,NOT_COLLECTED,NOT_COLLECTED,-9999,-9999.000000000,,,,,EJRF
,GHA,2023,2023,COVID19,-4444,10.000000000,-4444,-4444,SII,SII - Covishield,-4444.000000000,-4444,-4444,-2222,-4444,-4444.000000000,-4444,-4444,-4444.000000000,-4444,NOT_COLLECTED,NOT_COLLECTED,-9999,-9999.000000000,,,,,EJRF
,GIN,2023,2022,COVID19,-4444,1.000000000,,,ASTRAZENACA,AstraZeneca - Vaxzevria,,,-4444,-2222,,,,,,,NOT_COLLECTED,NOT_COLLECTED,-9999,-9999.000000000,,,,,EJRF
,GIN,2023,2022,COVID19,-4444,1.000000000,,,BBIBP,Beijing CNBG - BBIBP-CorV,,,-4444,-2222,,,,,,,NOT_COLLECTED,NOT_COLLECTED,-9999,-9999.000000000,,,,,EJRF
,GIN,2023,2022,COVID19,-4444,1.000000000,,,GRI,Gamaleya - Gam-Covid-Vac,,,-4444,-2222,,,,,,,NOT_COLLECTED,NOT_COLLECTED,-9999,-9999.000000000,,,,,EJRF
,GIN,2023,2022,COVID19,-4444,1.000000000,,,JVC,Janssen - Ad26.COV 2-S,,,-4444,-2222,,,,,,,NOT_COLLECTED,NOT_COLLECTED,-9999,-9999.000000000,,,,,EJRF
,GIN,2023,2022,COVID19,-4444,1.000000000,,,MOD,Moderna - Spikevax,,,-4444,-2222,,,,,,,NOT_COLLECTED,NOT_COLLECTED,-9999,-9999.000000000,,,,,EJRF
,GIN,2023,2022,COVID19,-4444,1.000000000,,,ND,Unknown Vaccine,,,-4444,-2222,,,,,,,NOT_COLLECTED,NOT_COLLECTED,-9999,-9999.000000000,,,,,EJRF
,GIN,2023,2022,COVID19,-4444,1.000000000,,,ND,Unknown Vaccine,,,COVAX,-2222,,,,,,,NOT_COLLECTED,NOT_COLLECTED,-9999,-9999.000000000,,,,,EJRF
,GIN,2023,2022,COVID19,-4444,1.000000000,,,ND,Unknown Vaccine,,,SELF_PROCUREMENT,-2222,,,,,,,NOT_COLLECTED,NOT_COLLECTED,-9999,-9999.000000000,,,,,EJRF
,GIN,2023,2022,COVID19,-4444,1.000000000,,,PFIZER,Pfizer BioNTech - Comirnaty,,,-4444,-2222,,,,,,,NOT_COLLECTED,NOT_COLLECTED,-9999,-9999.000000000,,,,,EJRF
,GIN,2023,2022,COVID19,-4444,1.000000000,,,SII,SII - Covishield,,,-4444,-2222,,,,,,,NOT_COLLECTED,NOT_COLLECTED,-9999,-9999.000000000,,,,,EJRF
,GIN,2023,2022,COVID19,-4444,1.000000000,,,SINOVAC,Sinovac - CoronaVac,,,-4444,-2222,,,,,,,NOT_COLLECTED,NOT_COLLECTED,-9999,-9999.000000000,,,,,EJRF
,LSO,2023,2022,COVID19,-4444,1.000000000,-2222,-2222,ASTRAZENACA,AstraZeneca - Vaxzevria,-2222.000000000,NATIONAL_AUTHORITY,-4444,-2222,-4444,-2222.000000000,USD,NO,-2222.000000000,,NOT_COLLECTED,NOT_COLLECTED,-9999,-9999.000000000,,,,,EJRF
,LSO,2023,2022,COVID19,-4444,1.000000000,-2222,-2222,BBIBP,Beijing CNBG - BBIBP-CorV,-2222.000000000,-2222,-4444,-2222,-2222,-2222.000000000,-2222,-2222,-2222.000000000,,NOT_COLLECTED,NOT_COLLECTED,-9999,-9999.000000000,,,,,EJRF
,LSO,2023,2022,COVID19,-4444,1.000000000,-2222,-2222,GRI,Gamaleya - Gam-Covid-Vac,-2222.000000000,-2222,-2222,-2222,-2222,-2222.000000000,-2222,-2222,-2222.000000000,,NOT_COLLECTED,NOT_COLLECTED,-9999,-9999.000000000,,,,,EJRF
,LSO,2023,2022,COVID19,-4444,1.000000000,-2222,-2222,JVC,Janssen - Ad26.COV 2-S,81600.000000000,NATIONAL_AUTHORITY,UNICEF_SD,TWO_YEAR,YES,75.000000000,USD,NO,-4444.000000000,,NOT_COLLECTED,NOT_COLLECTED,-9999,-9999.000000000,,,,,EJRF
,LSO,2023,2022,COVID19,-4444,1.000000000,-2222,-2222,MOD,Moderna - Spikevax,-2222.000000000,-2222,-2222,-2222,-2222,-2222.000000000,-2222,-2222,-2222.000000000,,NOT_COLLECTED,NOT_COLLECTED,-9999,-9999.000000000,,,,,EJRF
,LSO,2023,2023,COVID19,VIAL,1.000000000,-2222,-2222,ND,-2222,-2222.000000000,-2222,-2222,-2222,-2222,-2222.000000000,-2222,-2222,-2222.000000000,,NOT_COLLECTED,NOT_COLLECTED,-9999,-9999.000000000,,,,,EJRF
,LSO,2023,2022,COVID19,VIAL,1.000000000,-2222,-2222,ND,-2222,-2222.000000000,-2222,-2222,-2222,-2222,-2222.000000000,-2222,-2222,-2222.000000000,,NOT_COLLECTED,NOT_COLLECTED,-9999,-9999.000000000,,,,,EJRF
,URY,2023,2023,COVID19,-4444,1.000000000,,2024-01-01T00:00:00Z,PFIZER,Pfizer BioNTech - Comirnaty,-2222.000000000,NATIONAL_AUTHORITY,SELF_PROCUREMENT,-2222,-2222,-2222.000000000,-2222,-2222,-2222.000000000,,NOT_COLLECTED,NOT_COLLECTED,-9999,-9999.000000000,,,,,EJRF
,BHS,2023,2023,COVID19,VIAL,6.000000000,,,PFIZER,Pfizer BioNTech - Comirnaty  BA.4/5,12000.000000000,NATIONAL_AUTHORITY,DONATION,-2222,,-4444.000000000,-4444,-4444,,,NOT_COLLECTED,NOT_COLLECTED,-9999,-9999.000000000,,,,,EJRF
,CRI,2023,2023,COVID19,VIAL,6.000000000,-4444,-4444,PFIZER,Bivalente,507600.000000000,SUBNATIONAL_AUTHORITIES,SELF_PROCUREMENT,-2222,,-2222.000000000,-2222,,,,NOT_COLLECTED,NOT_COLLECTED,-9999,-9999.000000000,,,,,EJRF
,ECU,2023,2023,COVID19,VIAL,6.000000000,,,PFIZER,Pfizer BioNTech - Comirnaty,262080.000000000,NATIONAL_AUTHORITY,PAHO_RF,-2222,,12.000000000,USD,,,,NOT_COLLECTED,NOT_COLLECTED,-9999,-9999.000000000,,,,,EJRF
,GTM,2023,2023,COVID19,-4444,1.000000000,-4444,-4444,GRI,-4444,-4444.000000000,-4444,-4444,-4444,-4444,-4444.000000000,-4444,-4444,-4444.000000000,-4444,NOT_COLLECTED,NOT_COLLECTED,-9999,-9999.000000000,,,,,EJRF
,GTM,2023,2023,COVID19,-4444,1.000000000,-4444,-4444,PFIZER,-4444,-4444.000000000,-4444,-4444,-2222,-4444,-4444.000000000,-4444,-4444,-4444.000000000,-4444,NOT_COLLECTED,NOT_COLLECTED,-9999,-9999.000000000,,,,,EJRF
,GTM,2023,2023,COVID19,-4444,1.000000000,-4444,-4444,SII,-4444,-4444.000000000,-4444,-4444,-2222,-4444,-4444.000000000,-4444,-4444,-4444.000000000,-4444,NOT_COLLECTED,NOT_COLLECTED,-9999,-9999.000000000,,,,,EJRF
,HTI,2023,2023,COVID19,VIAL,5.000000000,,,JVC,Johnson & Jonhson,585600.000000000,NATIONAL_AUTHORITY,PAHO_RF,ONE_YEAR,,,,NO,0.000000000,,NOT_COLLECTED,NOT_COLLECTED,-9999,-9999.000000000,,,,,EJRF
,HTI,2023,2023,COVID19,VIAL,6.000000000,,,PFIZER,COMIRNATY 30 µg BIONTECH-PFIZER,20160.000000000,NATIONAL_AUTHORITY,PAHO_RF,ONE_YEAR,,,,NO,0.000000000,,NOT_COLLECTED,NOT_COLLECTED,-9999,-9999.000000000,,,,,EJRF
,MDV,2023,2023,COVID19,-4444,1.000000000,,,PFIZER,Pfizer BioNTech - Comirnaty,-4444.000000000,,COVAX,-2222,,-4444.000000000,,,,,NOT_COLLECTED,NOT_COLLECTED,-9999,-9999.000000000,,,,,EJRF
,WSM,2023,2022,COVID19,VIAL,6.000000000,-4444,-4444,PFIZER,Pfizer BioNTech - Comirnaty,14400.000000000,NATIONAL_AUTHORITY,UNICEF_SD,FIVE_YEAR,-4444,-4444.000000000,-4444,-4444,-4444.000000000,-4444,NOT_COLLECTED,NOT_COLLECTED,-9999,-9999.000000000,,,,,EJRF
,BLZ,2023,2023,COVID19,VIAL,10.000000000,-4444,-4444,SII,COVOVAX,10000.000000000,NATIONAL_AUTHORITY,DONATION,SINGLE_DELIVERY,-4444,-2222.000000000,-2222,-4444,-4444.000000000,Donation from India,NOT_COLLECTED,NOT_COLLECTED,-9999,-9999.000000000,,,,,EJRF
,FRA,2023,2022,COVID19,-4444,1.000000000,,,ASTRAZENACA,AstraZeneca - Vaxzevria,,,OTHER,-2222,,,,,,,NOT_COLLECTED,,,-9999.000000000,,,,,EJRF
,FRA,2023,2022,COVID19,-4444,1.000000000,,,JVC,Janssen - Ad26.COV 2-S,,,OTHER,-2222,,,,,,,NOT_COLLECTED,,,-9999.000000000,,,,,EJRF
,FRA,2023,2022,COVID19,-4444,1.000000000,,,MOD,Moderna - Spikevax,,,OTHER,-2222,,,,,,,NOT_COLLECTED,,,-9999.000000000,,,,,EJRF
,FRA,2023,2022,COVID19,-4444,1.000000000,,,PFIZER,Pfizer BioNTech - Comirnaty,,,OTHER,-2222,,,,,,,NOT_COLLECTED,,,-9999.000000000,,,,,EJRF
,HUN,2023,2023,COVID19,-4444,1.000000000,-4444,,MOD,Moderna - Spikevax XBB 1.5,100800.000000000,NATIONAL_AUTHORITY,OTHER,ONE_YEAR,,15184.340000000,HUF,YES,5.000000000,,NOT_COLLECTED,DDP,CENTRAL_GOVERNMENT,-9999.000000000,,,,,EJRF
,BLZ,2023,2023,COVID19,VIAL,6.000000000,-4444,-4444,PFIZER,COMIRNATY Adult,25020.000000000,NATIONAL_AUTHORITY,DONATION,SINGLE_DELIVERY,-4444,-2222.000000000,-2222,-4444,-4444.000000000,Donation  Lithuania,NOT_COLLECTED,NOT_COLLECTED,-9999,-9999.000000000,,,,,EJRF
,BLZ,2023,2023,COVID19,VIAL,10.000000000,-4444,-4444,PFIZER,Pfizer BioNTech - Comirnaty Paediatric,10000.000000000,NATIONAL_AUTHORITY,DONATION,-2222,-4444,-2222.000000000,-2222,-4444,-4444.000000000,Donation Netherlands Paediatric ,NOT_COLLECTED,NOT_COLLECTED,-9999,-9999.000000000,,,,,EJRF
,ZAF,2023,2023,COVID19,-4444,5.000000000,-4444,-4444,JVC,Janssen - Ad26.COV 2-S,-2222.000000000,NATIONAL_AUTHORITY,-4444,-2222,-4444,-4444.000000000,USD,YES,15.000000000,,NOT_COLLECTED,NOT_COLLECTED,-9999,-9999.000000000,,,,,EJRF
,ZAF,2023,2023,COVID19,-4444,6.000000000,-4444,-4444,PFIZER,Pfizer BioNTech - Comirnaty,-2222.000000000,NATIONAL_AUTHORITY,-4444,-2222,-4444,-4444.000000000,USD,YES,15.000000000,,NOT_COLLECTED,NOT_COLLECTED,-9999,-9999.000000000,,,,,EJRF
,SDN,2023,2022,COVID19,-4444,1.000000000,,,ASTRAZENACA,AstraZeneca - Vaxzevria,,,COVAX,-2222,,,,,,,NOT_COLLECTED,NOT_COLLECTED,-9999,-9999.000000000,,,,,EJRF
,SDN,2023,2022,COVID19,-4444,1.000000000,,,BBIBP,Beijing CNBG - BBIBP-CorV,,,COVAX,-2222,,,,,,,NOT_COLLECTED,NOT_COLLECTED,-9999,-9999.000000000,,,,,EJRF
,SDN,2023,2022,COVID19,-4444,1.000000000,,,BBIBP,Beijing CNBG - BBIBP-CorV,,,SELF_PROCUREMENT,-2222,,,,,,,NOT_COLLECTED,NOT_COLLECTED,-9999,-9999.000000000,,,,,EJRF
,SDN,2023,2022,COVID19,-4444,1.000000000,,,JVC,Janssen - Ad26.COV 2-S,,,COVAX,-2222,,,,,,,NOT_COLLECTED,NOT_COLLECTED,-9999,-9999.000000000,,,,,EJRF
,SDN,2023,2022,COVID19,-4444,1.000000000,,,JVC,Janssen - Ad26.COV 2-S,,,SELF_PROCUREMENT,-2222,,,,,,,NOT_COLLECTED,NOT_COLLECTED,-9999,-9999.000000000,,,,,EJRF
,SDN,2023,2022,COVID19,-4444,1.000000000,,,PFIZER,Pfizer BioNTech - Comirnaty,,,COVAX,-2222,,,,,,,NOT_COLLECTED,NOT_COLLECTED,-9999,-9999.000000000,,,,,EJRF
,SDN,2023,2022,COVID19,-4444,1.000000000,,,SII,SII - Covishield,,,COVAX,-2222,,,,,,,NOT_COLLECTED,NOT_COLLECTED,-9999,-9999.000000000,,,,,EJRF
,VCT,2023,2022,COVID19,-4444,1.000000000,,,ASTRAZENACA,AstraZeneca - Vaxzevria,,,-4444,-2222,,,,,,,NOT_COLLECTED,NOT_COLLECTED,-9999,-9999.000000000,,,,,EJRF
,VCT,2023,2022,COVID19,-4444,1.000000000,,,ASTRAZENACA,AstraZeneca - Vaxzevria,,,COVAX,-2222,,,,,,,NOT_COLLECTED,NOT_COLLECTED,-9999,-9999.000000000,,,,,EJRF
,VCT,2023,2022,COVID19,-4444,1.000000000,,,GRI,Gamaleya - Gam-Covid-Vac,,,DONATION,-2222,,,,,,,NOT_COLLECTED,NOT_COLLECTED,-9999,-9999.000000000,,,,,EJRF
,VCT,2023,2022,COVID19,-4444,1.000000000,,,GRI,Gamaleya - Gam-Covid-Vac,,,OTHER,-2222,,,,,,,NOT_COLLECTED,NOT_COLLECTED,-9999,-9999.000000000,,,,,EJRF
,VCT,2023,2022,COVID19,-4444,1.000000000,,,SII,SII - Covishield,,,DONATION,-2222,,,,,,,NOT_COLLECTED,NOT_COLLECTED,-9999,-9999.000000000,,,,,EJRF
,JPN,2023,2022,COVID19,-4444,1.000000000,,,ASTRAZENACA,AstraZeneca - Vaxzevria,,,-4444,-2222,,,,,,,NOT_COLLECTED,NOT_COLLECTED,-9999,-9999.000000000,,,,,EJRF
,JPN,2023,2022,COVID19,-4444,1.000000000,,,MOD,Moderna - Spikevax,,,-4444,-2222,,,,,,,NOT_COLLECTED,NOT_COLLECTED,-9999,-9999.000000000,,,,,EJRF
,JPN,2023,2022,COVID19,-4444,1.000000000,,,NOV,Novavax-NUVAXOVID,,,-4444,-2222,,,,,,,NOT_COLLECTED,NOT_COLLECTED,-9999,-9999.000000000,,,,,EJRF
,SOM,2023,2022,COVID19,-4444,1.000000000,,,ASTRAZENACA,AstraZeneca - Vaxzevria,,,COVAX,-2222,,,,,,,NOT_COLLECTED,NOT_COLLECTED,-9999,-9999.000000000,,,,,EJRF
,SOM,2023,2022,COVID19,-4444,1.000000000,,,BBIBP,Beijing CNBG - BBIBP-CorV,,,SELF_PROCUREMENT,-2222,,,,,,,NOT_COLLECTED,NOT_COLLECTED,-9999,-9999.000000000,,,,,EJRF
,SOM,2023,2022,COVID19,-4444,1.000000000,,,JVC,Janssen - Ad26.COV 2-S,,,COVAX,-2222,,,,,,,NOT_COLLECTED,NOT_COLLECTED,-9999,-9999.000000000,,,,,EJRF
,SOM,2023,2022,COVID19,-4444,1.000000000,,,PFIZER,Pfizer BioNTech - Comirnaty,,,COVAX,-2222,,,,,,,NOT_COLLECTED,NOT_COLLECTED,-9999,-9999.000000000,,,,,EJRF
,SOM,2023,2022,COVID19,-4444,1.000000000,,,SII,SII - Covishield,,,COVAX,-2222,,,,,,,NOT_COLLECTED,NOT_COLLECTED,-9999,-9999.000000000,,,,,EJRF
,SOM,2023,2022,COVID19,-4444,1.000000000,,,SINOVAC,Sinovac - CoronaVac,,,SELF_PROCUREMENT,-2222,,,,,,,NOT_COLLECTED,NOT_COLLECTED,-9999,-9999.000000000,,,,,EJRF
,LCA,2023,2022,COVID19,-4444,1.000000000,-4444,-4444,ASTRAZENACA,-4444,26660.000000000,NATIONAL_AUTHORITY,-4444,-2222,-4444,-2222.000000000,USD,-4444,-4444.000000000,-4444,NOT_COLLECTED,NOT_COLLECTED,-9999,-9999.000000000,,,,,EJRF
,LCA,2023,2022,COVID19,-4444,1.000000000,-4444,-4444,SII,SII - Covishield,-2222.000000000,NATIONAL_AUTHORITY,-4444,-2222,-4444,-2222.000000000,USD,-4444,-4444.000000000,-4444,NOT_COLLECTED,NOT_COLLECTED,-9999,-9999.000000000,,,,,EJRF
,BRN,2023,2023,COVID19,-4444,1.000000000,-4444,-4444,ASTRAZENACA,AstraZeneca - Vaxzevria,-4444.000000000,-4444,COVAX,-2222,-4444,-4444.000000000,-4444,-4444,-4444.000000000,-4444,NOT_COLLECTED,NOT_COLLECTED,-9999,-9999.000000000,,,,,EJRF
,BRN,2023,2022,COVID19,-4444,1.000000000,-4444,-4444,ASTRAZENACA,AstraZeneca - Vaxzevria,-4444.000000000,-4444,DONATION,-2222,-4444,-4444.000000000,-4444,-4444,-4444.000000000,-4444,NOT_COLLECTED,NOT_COLLECTED,-9999,-9999.000000000,,,,,EJRF
,BRN,2023,2022,COVID19,-4444,1.000000000,-4444,-4444,ASTRAZENACA,-4444,-4444.000000000,-4444,SELF_PROCUREMENT,-2222,-4444,-4444.000000000,-4444,-4444,-4444.000000000,-4444,NOT_COLLECTED,NOT_COLLECTED,-9999,-9999.000000000,,,,,EJRF
,BRN,2023,2022,COVID19,-4444,1.000000000,-4444,-4444,BBIBP,Beijing CNBG - BBIBP-CorV,-4444.000000000,-4444,DONATION,-2222,-4444,-4444.000000000,-4444,-4444,-4444.000000000,-4444,NOT_COLLECTED,NOT_COLLECTED,-9999,-9999.000000000,,,,,EJRF
,BRN,2023,2023,COVID19,VIAL,10.000000000,-4444,-4444,MOD,Moderna - Spikevax (Bivalent),-2222.000000000,NATIONAL_AUTHORITY,SELF_PROCUREMENT,-2222,-4444,40.000000000,USD,-4444,-4444.000000000,Did not procure in 2023,NOT_COLLECTED,NOT_COLLECTED,-9999,-9999.000000000,,,,,EJRF
,BRN,2023,2022,COVID19,-4444,1.000000000,-4444,-4444,MOD,-4444,-4444.000000000,-4444,SELF_PROCUREMENT,-2222,-4444,-4444.000000000,-4444,-4444,-4444.000000000,-4444,NOT_COLLECTED,NOT_COLLECTED,-9999,-9999.000000000,,,,,EJRF
,BRN,2023,2023,COVID19,VIAL,6.000000000,-4444,-4444,PFIZER,Pfizer BioNTech - Comirnaty (Bivalent),86400.000000000,NATIONAL_AUTHORITY,SELF_PROCUREMENT,-2222,-2222,30.000000000,USD,-4444,-4444.000000000,-4444,NOT_COLLECTED,NOT_COLLECTED,-9999,-9999.000000000,,,,,EJRF
,BRN,2023,2022,COVID19,-4444,1.000000000,-4444,-4444,PFIZER,Pfizer BioNTech - Comirnaty,-4444.000000000,-4444,SELF_PROCUREMENT,-2222,-4444,-4444.000000000,-4444,-4444,-4444.000000000,-4444,NOT_COLLECTED,NOT_COLLECTED,-9999,-9999.000000000,,,,,EJRF
,NOR,2023,2022,COVID19,-4444,1.000000000,-4444,-4444,MOD,Moderna - Spikevax,10978000.000000000,,OTHER,-2222,,-4444.000000000,,,,,NOT_COLLECTED,,,-9999.000000000,,,,,EJRF
,NOR,2023,2022,COVID19,-4444,1.000000000,-4444,-4444,PFIZER,Pfizer BioNTech - Comirnaty,1861440.000000000,NATIONAL_AUTHORITY,OTHER,-2222,-4444,-4444.000000000,,,,,NOT_COLLECTED,,CENTRAL_GOVERNMENT,-9999.000000000,,,,,EJRF
,ETH,2023,2023,COVID19,-4444,10.000000000,-4444,-4444,ASTRAZENACA,AstraZeneca - Vaxzevria,,,-4444,-2222,,,,,,,NOT_COLLECTED,NOT_COLLECTED,-9999,-9999.000000000,,,,,EJRF
,ETH,2023,2023,COVID19,-4444,5.000000000,-4444,-4444,BBIBP,Beijing CNBG - BBIBP-CorV,,,-4444,-2222,,,,,,,NOT_COLLECTED,NOT_COLLECTED,-9999,-9999.000000000,,,,,EJRF
,ETH,2023,2023,COVID19,VIAL,5.000000000,-4444,-4444,JVC,Janssen - Ad26.COV 2-S,1634400.000000000,,-4444,-2222,-4444,7.740000000,USD,NO,-4444.000000000,,NOT_COLLECTED,NOT_COLLECTED,-9999,-9999.000000000,,,,,EJRF
,BTN,2023,2023,COVID19,-4444,0.000000000,-4444,-4444,ASTRAZENACA,AstraZeneca - Vaxzevria,,NATIONAL_AUTHORITY,SELF_PROCUREMENT,-4444,-4444,-4444.000000000,-4444,NO,,,NOT_COLLECTED,NOT_COLLECTED,-9999,-9999.000000000,,,,,EJRF
,BTN,2023,2023,COVID19,-4444,0.000000000,-4444,-4444,BBIBP,Beijing CNBG - BBIBP-CorV,,NATIONAL_AUTHORITY,DONATION,-4444,-4444,-4444.000000000,-4444,-4444,,,NOT_COLLECTED,NOT_COLLECTED,-9999,-9999.000000000,,,,,EJRF
,BTN,2023,2023,COVID19,-4444,0.000000000,-4444,-4444,MOD,Moderna - Spikevax,,NATIONAL_AUTHORITY,COVAX,-4444,-4444,-4444.000000000,-4444,-4444,,,NOT_COLLECTED,NOT_COLLECTED,-9999,-9999.000000000,,,,,EJRF
,BTN,2023,2023,COVID19,-4444,0.000000000,-4444,-4444,MOD,Moderna - Spikevax,,NATIONAL_AUTHORITY,SELF_PROCUREMENT,-4444,-4444,-4444.000000000,-4444,-4444,,,NOT_COLLECTED,NOT_COLLECTED,-9999,-9999.000000000,,,,,EJRF
,SWZ,2023,2023,COVID19,-4444,6.000000000,-4444,-4444,PFIZER,Pfizer,56840.000000000,NATIONAL_AUTHORITY,COVAX,-2222,Yes,-2222.000000000,USD,-2222,-2222.000000000,-2222,NOT_COLLECTED,NOT_COLLECTED,-9999,-9999.000000000,,,,,EJRF
,BTN,2023,2023,COVID19,VIAL,6.000000000,-4444,-4444,PFIZER,Pfizer BioNTech - Comirnaty,100000.000000000,NATIONAL_AUTHORITY,COVAX,ONE_YEAR,-4444,-4444.000000000,-4444,-4444,,,NOT_COLLECTED,NOT_COLLECTED,-9999,-9999.000000000,,,,,EJRF
,BTN,2023,2023,COVID19,-4444,0.000000000,-4444,-4444,PFIZER,Pfizer BioNTech - Comirnaty,-4444.000000000,NATIONAL_AUTHORITY,SELF_PROCUREMENT,-4444,-4444,-4444.000000000,-4444,-4444,,,NOT_COLLECTED,NOT_COLLECTED,-9999,-9999.000000000,,,,,EJRF
,BTN,2023,2023,COVID19,-4444,0.000000000,-4444,-4444,SII,SII - Covishield,-4444.000000000,NATIONAL_AUTHORITY,DONATION,-4444,-4444,-4444.000000000,-4444,-4444,,,NOT_COLLECTED,NOT_COLLECTED,-9999,-9999.000000000,,,,,EJRF
,AIA,2023,2023,COVID19,-4444,1.000000000,-2222,-2222,ASTRAZENACA,AstraZeneca - Vaxzevria,-4444.000000000,OTHER,OTHER,-2222,-4444,-4444.000000000,-4444,-4444,-4444.000000000,-4444,NOT_COLLECTED,NOT_COLLECTED,-9999,-9999.000000000,,,,,EJRF
,AIA,2023,2023,COVID19,-4444,1.000000000,-2222,-2222,PFIZER,Pfizer BioNTech - Comirnaty,-2222.000000000,-4444,OTHER,-2222,-4444,-4444.000000000,-4444,-4444,-4444.000000000,-4444,NOT_COLLECTED,NOT_COLLECTED,-9999,-9999.000000000,,,,,EJRF
,NPL,2023,2023,COVID19,VIAL,6.000000000,,,PFIZER,Coimirnaty,4458240.000000000,OTHER,COVAX,ONE_YEAR,Yes,6.750000000,USD,NO,,,NOT_COLLECTED,NOT_COLLECTED,-9999,-9999.000000000,,,,,EJRF
,SLV,2023,2023,COVID19,VIAL,6.000000000,-2222,-2222,PFIZER,Pfizer Bivalente adulto,301620.000000000,THIRD_PARTY,DONATION,-2222,No,0.000000000,USD,-2222,-2222.000000000,Toda la vacuna COVID se adquirió mediante donaciones ,NOT_COLLECTED,NOT_COLLECTED,-9999,-9999.000000000,,,,,EJRF
,SLV,2023,2023,COVID19,VIAL,10.000000000,-2222,-2222,PFIZER,Pfizer bivalente pediátrica ,10000.000000000,THIRD_PARTY,DONATION,-2222,no,0.000000000,USD,-2222,-2222.000000000,Toda la vacuna COVID pediátrica se adquirió mediante donación ,NOT_COLLECTED,NOT_COLLECTED,-9999,-9999.000000000,,,,,EJRF
,VNM,2023,2023,COVID19,VIAL,10.000000000,-4444,,ASTRAZENACA,AstraZeneca - Vaxzevria,2359700.000000000,NATIONAL_AUTHORITY,SELF_PROCUREMENT,SINGLE_DELIVERY,Yes,-4444.000000000,,YES,5.000000000,,NOT_COLLECTED,NOT_COLLECTED,-9999,-9999.000000000,,,,,EJRF
,VNM,2023,2023,COVID19,VIAL,6.000000000,-4444,,PFIZER,Pfizer BioNTech - Comirnaty,432000.000000000,OTHER,DONATION,-4444,Yes,6.750000000,USD,NO,,No tax with donation vaccine,NOT_COLLECTED,NOT_COLLECTED,-9999,-9999.000000000,,,,,EJRF
,KEN,2023,2023,COVID19,VIAL,1.000000000,-4444,-4444,JVC,Janssen-Ad26.COV2-S,513600.000000000,NATIONAL_AUTHORITY,COVAX,-2222,-4444,0.200000000,USD,-2222,-2222.000000000,-4444,NOT_COLLECTED,NOT_COLLECTED,-9999,-9999.000000000,,,,,EJRF
,KEN,2023,2023,COVID19,VIAL,6.000000000,-4444,-4444,PFIZER,Pfizer BioNTech-Comirnaty,2295360.000000000,NATIONAL_AUTHORITY,COVAX,-2222,,5.625000000,USD,-2222,-2222.000000000,-2222,NOT_COLLECTED,NOT_COLLECTED,-9999,-9999.000000000,,,,,EJRF
,TKM,2023,2022,COVID19,-4444,1.000000000,,,ASTRAZENACA,AstraZeneca - Vaxzevria,-4444.000000000,,OTHER,-2222,-4444,-4444.000000000,-4444,,,,NOT_COLLECTED,,,-9999.000000000,,,,,EJRF
,TKM,2023,2022,COVID19,-4444,1.000000000,,,BBIBP,Beijing CNBG - BBIBP-CorV,-4444.000000000,,DONATION,-2222,-4444,-4444.000000000,-4444,,,,NOT_COLLECTED,,,-9999.000000000,,,,,EJRF
,TKM,2023,2022,COVID19,-4444,1.000000000,,,GRI,Gamaleya - Gam-Covid-Vac,-4444.000000000,,OTHER,-2222,-4444,-4444.000000000,-4444,,,,NOT_COLLECTED,,,-9999.000000000,,,,,EJRF
,TKM,2023,2022,COVID19,-4444,1.000000000,,,MOD,Moderna - Spikevax,-4444.000000000,,DONATION,-2222,-4444,-4444.000000000,-4444,,,,NOT_COLLECTED,,,-9999.000000000,,,,,EJRF
,TKM,2023,2022,COVID19,-4444,1.000000000,,,SINOVAC,Sinovac - CoronaVac,-4444.000000000,,DONATION,-2222,-4444,-4444.000000000,-4444,,,,NOT_COLLECTED,,,-9999.000000000,,,,,EJRF
,TKM,2023,2022,COVID19,-4444,1.000000000,,,VECTOR,SRCVB - EpiVacCorona,-4444.000000000,,OTHER,-2222,-4444,-4444.000000000,-4444,,,,NOT_COLLECTED,,,-9999.000000000,,,,,EJRF
,GMB,2023,2023,COVID19,-4444,1.000000000,-4444,-4444,ASTRAZENACA,AstraZeneca - Vaxzevria,0.000000000,OTHER,DONATION,-2222,-4444,-4444.000000000,-4444,,,,NOT_COLLECTED,NOT_COLLECTED,-9999,-9999.000000000,,,,,EJRF
,GMB,2023,2023,COVID19,-4444,1.000000000,-4444,-4444,BBIBP,Beijing CNBG - BBIBP-CorV,0.000000000,OTHER,DONATION,-2222,,,,,,,NOT_COLLECTED,NOT_COLLECTED,-9999,-9999.000000000,,,,,EJRF
,GMB,2023,2023,COVID19,-4444,5.000000000,-4444,-4444,JVC,Janssen - Ad26.COV 2-S,79200.000000000,OTHER,-4444,-2222,-4444,,,,,,NOT_COLLECTED,NOT_COLLECTED,-9999,-9999.000000000,,,,,EJRF
,GMB,2023,2023,COVID19,-4444,6.000000000,-4444,-4444,PFIZER,Pfizer BioNTech - Comirnaty,,OTHER,-4444,-2222,,,,,,,NOT_COLLECTED,NOT_COLLECTED,-9999,-9999.000000000,,,,,EJRF
,GMB,2023,2023,COVID19,-4444,5.000000000,-4444,-4444,SII,SII - Covishield,0.000000000,THIRD_PARTY,-4444,-2222,-4444,,,,,,NOT_COLLECTED,NOT_COLLECTED,-9999,-9999.000000000,,,,,EJRF
,TJK,2023,2023,COVID19,VIAL,5.000000000,-4444,-4444,JVC,Janssen COVID-19 vaccine. (Johnson$Johnson),451200.000000000,-4444,COVAX,-2222,да,-4444.000000000,USD,-2222,-2222.000000000,-4444,NOT_COLLECTED,CIF,-4444,-9999.000000000,,,,,EJRF
,TJK,2023,2023,COVID19,-4444,1.000000000,-4444,-4444,GRI,Sputnik V,100000.000000000,-4444,COVAX,-2222,-4444,-4444.000000000,-4444,-4444,-4444.000000000,-4444,NOT_COLLECTED,NR,-4444,-9999.000000000,,,,,EJRF
,TJK,2023,2023,COVID19,-4444,10.000000000,-4444,-4444,MOD,Moderna - Spikevax,3609940.000000000,-4444,COVAX,-2222,-4444,-4444.000000000,-4444,-4444,-4444.000000000,-4444,NOT_COLLECTED,NR,-4444,-9999.000000000,,,,,EJRF
,CHL,2023,2022,COVID19,-4444,1.000000000,,,ASTRAZENACA,AstraZeneca - Vaxzevria,,,COVAX,-2222,,,,,,,NOT_COLLECTED,NOT_COLLECTED,-9999,-9999.000000000,,,,,EJRF
,CHL,2023,2022,COVID19,-4444,1.000000000,,,ASTRAZENACA,AstraZeneca - Vaxzevria,,,SELF_PROCUREMENT,-2222,,,,,,,NOT_COLLECTED,NOT_COLLECTED,-9999,-9999.000000000,,,,,EJRF
,CHL,2023,2022,COVID19,-4444,1.000000000,,,CAB,CanSino - Convidecia,,,SELF_PROCUREMENT,-2222,,,,,,,NOT_COLLECTED,NOT_COLLECTED,-9999,-9999.000000000,,,,,EJRF
,CHL,2023,2022,COVID19,-4444,1.000000000,,,MOD,Moderna - Spikevax,,,SELF_PROCUREMENT,-2222,,,,,,,NOT_COLLECTED,NOT_COLLECTED,-9999,-9999.000000000,,,,,EJRF
,CHL,2023,2022,COVID19,-4444,1.000000000,,,PFIZER,,,,SELF_PROCUREMENT,-2222,,,,,,,NOT_COLLECTED,NOT_COLLECTED,-9999,-9999.000000000,,,,,EJRF
,CHL,2023,2022,COVID19,-4444,1.000000000,,,SINOVAC,Sinovac - CoronaVac,,,OTHER,-2222,,,,,,,NOT_COLLECTED,NOT_COLLECTED,-9999,-9999.000000000,,,,,EJRF
,MYS,2023,2022,COVID19,-4444,1.000000000,,,ASTRAZENACA,AstraZeneca - Vaxzevria,,,-4444,-2222,,,,,,,NOT_COLLECTED,NOT_COLLECTED,-9999,-9999.000000000,,,,,EJRF
,MYS,2023,2022,COVID19,-4444,1.000000000,,,ASTRAZENACA,AstraZeneca - Vaxzevria,,,COVAX,-2222,,,,,,,NOT_COLLECTED,NOT_COLLECTED,-9999,-9999.000000000,,,,,EJRF
,MYS,2023,2022,COVID19,-4444,1.000000000,,,ASTRAZENACA,AstraZeneca - Vaxzevria,,,DONATION,-2222,,,,,,,NOT_COLLECTED,NOT_COLLECTED,-9999,-9999.000000000,,,,,EJRF
,MYS,2023,2022,COVID19,-4444,1.000000000,,,ASTRAZENACA,AstraZeneca - Vaxzevria,,,SELF_PROCUREMENT,-2222,,,,,,,NOT_COLLECTED,NOT_COLLECTED,-9999,-9999.000000000,,,,,EJRF
,MYS,2023,2022,COVID19,-4444,1.000000000,,,BBIBP,Beijing CNBG - BBIBP-CorV,,,DONATION,-2222,,,,,,,NOT_COLLECTED,NOT_COLLECTED,-9999,-9999.000000000,,,,,EJRF
,MYS,2023,2022,COVID19,-4444,1.000000000,,,CAB,CanSino - Convidecia,,,SELF_PROCUREMENT,-2222,,,,,,,NOT_COLLECTED,NOT_COLLECTED,-9999,-9999.000000000,,,,,EJRF
,MYS,2023,2022,COVID19,-4444,1.000000000,,,PFIZER,Pfizer BioNTech - Comirnaty,,,DONATION,-2222,,,,,,,NOT_COLLECTED,NOT_COLLECTED,-9999,-9999.000000000,,,,,EJRF
,MYS,2023,2022,COVID19,-4444,1.000000000,,,PFIZER,Pfizer BioNTech - Comirnaty,,,SELF_PROCUREMENT,-2222,,,,,,,NOT_COLLECTED,NOT_COLLECTED,-9999,-9999.000000000,,,,,EJRF
,MYS,2023,2022,COVID19,-4444,1.000000000,,,SINOVAC,Sinovac - CoronaVac,,,-4444,-2222,,,,,,,NOT_COLLECTED,NOT_COLLECTED,-9999,-9999.000000000,,,,,EJRF
,MYS,2023,2022,COVID19,-4444,1.000000000,,,SINOVAC,Sinovac - CoronaVac,,,DONATION,-2222,,,,,,,NOT_COLLECTED,NOT_COLLECTED,-9999,-9999.000000000,,,,,EJRF
,MYS,2023,2022,COVID19,-4444,1.000000000,,,SINOVAC,Sinovac - CoronaVac,,,SELF_PROCUREMENT,-2222,,,,,,,NOT_COLLECTED,NOT_COLLECTED,-9999,-9999.000000000,,,,,EJRF
,ISL,2023,2020,COVID19,VIAL,6.000000000,,,PFIZER,Comirnaty,-2222.000000000,THIRD_PARTY,OTHER,-2222,Yes but none available in country after 31.12.2022,-2222.000000000,,,,"EU procurement via HERA, date of current contract unclear. Sweden contracts on behalf of Iceland, newest formulation available at time of delivery. Terminal delivery will be in 2025. Delivery for 2023 was approx. 127.000 doses (Comirnaty XBB.1.5).",NOT_COLLECTED,,CENTRAL_GOVERNMENT,-9999.000000000,,,,,EJRF
,STP,2023,2022,COVID19,-4444,1.000000000,,,ASTRAZENACA,AstraZeneca - Vaxzevria,-4444.000000000,,-4444,-2222,,-4444.000000000,,-4444,-4444.000000000,-4444,NOT_COLLECTED,NOT_COLLECTED,-9999,-9999.000000000,,,,,EJRF
,STP,2023,2022,COVID19,-4444,1.000000000,,,BBIBP,Beijing CNBG - BBIBP-CorV,-4444.000000000,,-4444,-2222,,-4444.000000000,,-4444,-4444.000000000,-4444,NOT_COLLECTED,NOT_COLLECTED,-9999,-9999.000000000,,,,,EJRF
,STP,2023,2022,COVID19,-4444,1.000000000,,,JVC,Janssen - Ad26.COV 2-S,-4444.000000000,,-4444,-2222,,-4444.000000000,,-4444,-4444.000000000,-4444,NOT_COLLECTED,NOT_COLLECTED,-9999,-9999.000000000,,,,,EJRF
,STP,2023,2022,COVID19,-4444,1.000000000,,,MOD,Moderna - Spikevax,-4444.000000000,,-4444,-2222,,-4444.000000000,,-4444,-4444.000000000,-4444,NOT_COLLECTED,NOT_COLLECTED,-9999,-9999.000000000,,,,,EJRF
,STP,2023,2022,COVID19,-4444,1.000000000,,,ND,Unknown Vaccine,-4444.000000000,,COVAX,-2222,,-4444.000000000,,-4444,-4444.000000000,-4444,NOT_COLLECTED,NOT_COLLECTED,-9999,-9999.000000000,,,,,EJRF
,STP,2023,2022,COVID19,-4444,1.000000000,,,ND,Unknown Vaccine,-4444.000000000,,OTHER,-2222,,-4444.000000000,,-4444,-4444.000000000,-4444,NOT_COLLECTED,NOT_COLLECTED,-9999,-9999.000000000,,,,,EJRF
,STP,2023,2022,COVID19,-4444,1.000000000,,,ND,Unknown Vaccine,-4444.000000000,,SELF_PROCUREMENT,-2222,,-4444.000000000,,-4444,-4444.000000000,-4444,NOT_COLLECTED,NOT_COLLECTED,-9999,-9999.000000000,,,,,EJRF
,STP,2023,2022,COVID19,-4444,1.000000000,,,PFIZER,Pfizer BioNTech - Comirnaty,-4444.000000000,,-4444,-2222,,-4444.000000000,,-4444,-4444.000000000,-4444,NOT_COLLECTED,NOT_COLLECTED,-9999,-9999.000000000,,,,,EJRF
,STP,2023,2022,COVID19,-4444,1.000000000,,,SII,SII - Covishield,-4444.000000000,,-4444,-2222,,-4444.000000000,,-4444,-4444.000000000,-4444,NOT_COLLECTED,NOT_COLLECTED,-9999,-9999.000000000,,,,,EJRF
,CYM,2023,2023,COVID19,VIAL,5.000000000,,,MOD,Spikevax XBB.1.5,500.000000000,NATIONAL_AUTHORITY,DONATION,-2222,No,-2222.000000000,,-4444,-4444.000000000,,NOT_COLLECTED,NOT_COLLECTED,-9999,-9999.000000000,,,,,EJRF
,CYM,2023,2023,COVID19,VIAL,5.000000000,,,PFIZER,Comirnaty Omicron XBB.1.5 ,2000.000000000,NATIONAL_AUTHORITY,DONATION,-2222,No,-2222.000000000,,-4444,-4444.000000000,,NOT_COLLECTED,NOT_COLLECTED,-9999,-9999.000000000,,,,,EJRF
,TLS,2023,2023,COVID19,VIAL,6.000000000,-4444,-4444,PFIZER,Pfizer BioNTech - Comirnaty,167040.000000000,NATIONAL_AUTHORITY,COVAX,-4444,-4444,-4444.000000000,USD,NO,-4444.000000000,,NOT_COLLECTED,NOT_COLLECTED,-9999,-9999.000000000,,,,,EJRF
,PNG,2023,2023,COVID19,-4444,1.000000000,-4444,,JVC,Janssen - Ad26.COV 2-S,252000.000000000,NATIONAL_AUTHORITY,COVAX,-2222,,7.500000000,USD,NO,0.000000000,,NOT_COLLECTED,NOT_COLLECTED,-9999,-9999.000000000,,,,,EJRF
,USA,2023,2023,COVID19,VIAL,10.000000000,-4444,,PFIZER,COVID-19 Vaccine,1768780.000000000,NATIONAL_AUTHORITY,SELF_PROCUREMENT,ONE_YEAR,,68.610000000,USD,NO,,,NOT_COLLECTED,NOT_COLLECTED,-9999,-9999.000000000,,,,,EJRF
,USA,2023,2023,COVID19,VIAL,2.000000000,-4444,,NOV,COVID-19 Vaccine,137740.000000000,NATIONAL_AUTHORITY,SELF_PROCUREMENT,ONE_YEAR,,58.000000000,USD,NO,,,NOT_COLLECTED,NOT_COLLECTED,-9999,-9999.000000000,,,,,EJRF
,USA,2023,2023,COVID19,VIAL,10.000000000,-4444,,MOD,Moderna - Spikevax,2782430.000000000,NATIONAL_AUTHORITY,SELF_PROCUREMENT,ONE_YEAR,,84.760000000,USD,NO,,,NOT_COLLECTED,NOT_COLLECTED,-9999,-9999.000000000,,,,,EJRF
,USA,2023,2023,COVID19,PREFILLED_SERYNGE,10.000000000,-4444,,PFIZER,Comirnaty,184310.000000000,NATIONAL_AUTHORITY,SELF_PROCUREMENT,ONE_YEAR,,93.540000000,USD,NO,,,NOT_COLLECTED,NOT_COLLECTED,-9999,-9999.000000000,,,,,EJRF
,PYF,2023,2023,COVID19,VIAL,20.000000000,,,PFIZER,COMIRNATY OMICRON XBB.1.5 INJ 3µG BORDEAUX,200.000000000,OTHER,OTHER,-2222,,-2222.000000000,,,,,NOT_COLLECTED,NOT_COLLECTED,-9999,-9999.000000000,,,,,EJRF
,PYF,2023,2022,COVID19,VIAL,10.000000000,,,NOV,Novavax-NUVAXOVID,1000.000000000,OTHER,OTHER,-2222,,-2222.000000000,XPF,,,,NOT_COLLECTED,NOT_COLLECTED,-9999,-9999.000000000,,,,,EJRF
,PYF,2023,2022,COVID19,VIAL,6.000000000,,,PFIZER,"COMIRNATY 30µG DISPERSION INJECTABLE 0,3 ML/DOSE FL/6 DOSES 2.25ML -GRIS",3000.000000000,OTHER,OTHER,-2222,,-2222.000000000,XPF,,,,NOT_COLLECTED,NOT_COLLECTED,-9999,-9999.000000000,,,,,EJRF
,TUN,2023,2021,COVID19,-4444,1.000000000,-2222,-2222,ASTRAZENACA,AstraZeneca - Vaxzevria,-2222.000000000,-2222,COVAX,-2222,-2222,-2222.000000000,,,,,NOT_COLLECTED,NOT_COLLECTED,-9999,-9999.000000000,,,,,EJRF
,TUN,2023,2021,COVID19,-4444,1.000000000,-2222,-2222,ASTRAZENACA,AstraZeneca - Vaxzevria,-2222.000000000,-2222,SELF_PROCUREMENT,-2222,-2222,-2222.000000000,,,,,NOT_COLLECTED,NOT_COLLECTED,-9999,-9999.000000000,,,,,EJRF
,TUN,2023,2021,COVID19,-4444,1.000000000,-2222,-2222,BBIBP,Beijing CNBG - BBIBP-CorV,-2222.000000000,-2222,SELF_PROCUREMENT,-2222,-2222,-2222.000000000,,,,,NOT_COLLECTED,NOT_COLLECTED,-9999,-9999.000000000,,,,,EJRF
,TUN,2023,2021,COVID19,-4444,1.000000000,-2222,-2222,GRI,,-2222.000000000,-2222,SELF_PROCUREMENT,-2222,-2222,-2222.000000000,,,,,NOT_COLLECTED,NOT_COLLECTED,-9999,-9999.000000000,,,,,EJRF
,TUN,2023,2021,COVID19,-4444,1.000000000,-2222,-2222,MOD,Moderna - Spikevax,-2222.000000000,-2222,COVAX,-2222,-2222,-2222.000000000,,,,,NOT_COLLECTED,NOT_COLLECTED,-9999,-9999.000000000,,,,,EJRF
,TUN,2023,2021,COVID19,-4444,1.000000000,-2222,-2222,PFIZER,Pfizer BioNTech - Comirnaty,-2222.000000000,-2222,COVAX,-2222,-2222,-2222.000000000,,,,,NOT_COLLECTED,NOT_COLLECTED,-9999,-9999.000000000,,,,,EJRF
,TUN,2023,2021,COVID19,-4444,1.000000000,-2222,-2222,SII,SII - Covishield,-2222.000000000,-2222,SELF_PROCUREMENT,-2222,-2222,-2222.000000000,,,,,NOT_COLLECTED,NOT_COLLECTED,-9999,-9999.000000000,,,,,EJRF
,TUN,2023,2021,COVID19,-4444,1.000000000,-2222,-2222,SINOVAC,Sinovac - CoronaVac,-2222.000000000,-2222,SELF_PROCUREMENT,-2222,-2222,-2222.000000000,,,,,NOT_COLLECTED,NOT_COLLECTED,-9999,-9999.000000000,,,,,EJRF
,MLI,2023,2022,COVID19,-4444,1.000000000,-2222,-2222,OTHER,Janssen - Ad26.COV 2-S,3477600.000000000,,-4444,-2222,-2222,,,,,,NOT_COLLECTED,NOT_COLLECTED,-9999,-9999.000000000,,,,,EJRF
,KOR,2023,2023,COVID19,VIAL,1.000000000,-4444,,MOD,,7128480.000000000,NATIONAL_AUTHORITY,SELF_PROCUREMENT,ONE_YEAR,,,,,,,NOT_COLLECTED,NOT_COLLECTED,-9999,-9999.000000000,,,,,EJRF
,KOR,2023,2023,COVID19,VIAL,5.000000000,-4444,,NOV,,504000.000000000,NATIONAL_AUTHORITY,SELF_PROCUREMENT,ONE_YEAR,,,,,,,NOT_COLLECTED,NOT_COLLECTED,-9999,-9999.000000000,,,,,EJRF
,KOR,2023,2023,COVID19,VIAL,6.000000000,-4444,,PFIZER,,11412480.000000000,NATIONAL_AUTHORITY,SELF_PROCUREMENT,ONE_YEAR,,,,,,,NOT_COLLECTED,NOT_COLLECTED,-9999,-9999.000000000,,,,,EJRF
,JAM,2023,2023,COVID19,VIAL,1.000000000,-4444,-4444,PFIZER,Cominarty,45000.000000000,NATIONAL_AUTHORITY,PAHO_RF,ONE_YEAR,-4444,,USD,NO,-4444.000000000,Donation from US Government,NOT_COLLECTED,NOT_COLLECTED,-9999,-9999.000000000,,,,,EJRF
,SWE,2023,2023,COVID19,PREFILLED_SERYNGE,1.000000000,,,NOV,Nuvaxovid,280000.000000000,OTHER,OTHER,-2222,,-2222.000000000,,,,,NOT_COLLECTED,,,-9999.000000000,,,,,EJRF
,SWE,2023,2022,COVID19,-4444,1.000000000,,,MOD,Moderna - Spikevax,976850.000000000,OTHER,OTHER,-2222,,-2222.000000000,,,,,NOT_COLLECTED,,,-9999.000000000,,,,,EJRF
,SWE,2023,2022,COVID19,-4444,1.000000000,,,PFIZER,Pfizer BioNTech - Comirnaty,4090560.000000000,OTHER,OTHER,-2222,,-2222.000000000,,,,,NOT_COLLECTED,,,-9999.000000000,,,,,EJRF
,NLD,2023,2023,COVID19,VIAL,6.000000000,-4444,-2222,PFIZER,Comirnaty XBB 1.5 strain,3779520.000000000,NATIONAL_AUTHORITY,OTHER,FOUR_YEAR,-4444,-2222.000000000,,,,,NOT_COLLECTED,,,-9999.000000000,,,,,EJRF
,NLD,2023,2023,COVID19,VIAL,10.000000000,-4444,-2222,NOV,Nuvaxovid,6000.000000000,NATIONAL_AUTHORITY,OTHER,TWO_YEAR,,-2222.000000000,EUR,YES,9.000000000,,NOT_COLLECTED,DAP,CENTRAL_GOVERNMENT,-9999.000000000,,,,,EJRF
,BEL,2023,2021,COVID19,VIAL,10.000000000,-4444,-4444,MOD,Spikevax,793200.000000000,NATIONAL_AUTHORITY,OTHER,TWO_YEAR,-4444,-2222.000000000,EUR,YES,6.000000000,Procurement via APA European Commission. Contract ended in 2022 but there were still deliveries beginning of 2023,NOT_COLLECTED,ND,CENTRAL_GOVERNMENT,-9999.000000000,,,,,EJRF
,BEL,2023,2021,COVID19,VIAL,6.000000000,-4444,-4444,PFIZER,Comirnaty XBB 1.5 ,3851520.000000000,NATIONAL_AUTHORITY,OTHER,FIVE_YEAR,yes,-2222.000000000,EUR,YES,6.000000000,"Comirnaty XBB 1,5 (for fall vacination 2023); Comirnaty, Comirnaty Original/Omicron BA.1 , Comirnaty Original/Omicron BA.4-5 not available anymore since September 2023. Procurement via APA European Commission. ",NOT_COLLECTED,ND,CENTRAL_GOVERNMENT,-9999.000000000,,,,,EJRF
,BEL,2023,2022,COVID19,VIAL,10.000000000,-4444,-4444,HIP,Bimervax,10000.000000000,NATIONAL_AUTHORITY,OTHER,TWO_YEAR,yes,-2222.000000000,EUR,YES,6.000000000,Procurement via APA European Commission.,NOT_COLLECTED,ND,CENTRAL_GOVERNMENT,-9999.000000000,,,,,EJRF
,BEL,2023,2020,COVID19,TWO_VIAL_SET,10.000000000,-4444,-4444,SPSA,Vidprevtyn Beta,117600.000000000,NATIONAL_AUTHORITY,OTHER,TWO_YEAR,-4444,-2222.000000000,EUR,YES,6.000000000,Manufacturer is GSK-Sanofi. Procurement via APA European Commission.  Contract ended in 2022 but there were still deliveries beginning of 2023. ,NOT_COLLECTED,ND,CENTRAL_GOVERNMENT,-9999.000000000,,,,,EJRF
,AGO,2023,2023,COVID19,VIAL,6.000000000,,,PFIZER,Pfizer,11400000.000000000,OTHER,UNICEF_SD,ONE_YEAR,,1.840000000,USD,NO,,,NOT_COLLECTED,NOT_COLLECTED,-9999,-9999.000000000,,,,,EJRF
,IND,2023,2023,COVID19,-4444,1.000000000,-4444,-4444,BBI,Bharat - Covaxin,-2222.000000000,-4444,-4444,-2222,-4444,-2222.000000000,-4444,,,,NOT_COLLECTED,NOT_COLLECTED,-9999,-9999.000000000,,,,,EJRF
,IND,2023,2023,COVID19,-4444,1.000000000,-4444,-4444,SII,SII - Covishield,-2222.000000000,-4444,-4444,-2222,-4444,-2222.000000000,-4444,,,,NOT_COLLECTED,NOT_COLLECTED,-9999,-9999.000000000,,,,,EJRF
,BRA,2023,2023,COVID19,-4444,1.000000000,-4444,-4444,ASTRAZENACA,-4444,-2222.000000000,-4444,COVAX,-2222,-4444,-4444.000000000,-4444,-4444,-4444.000000000,-4444,NOT_COLLECTED,NOT_COLLECTED,-9999,-9999.000000000,,,,,EJRF
,BRA,2023,2023,COVID19,-4444,1.000000000,,,PFIZER,Pfizer BioNTech - Comirnaty,12000000.000000000,NATIONAL_AUTHORITY,COVAX,-2222,Sim,-4444.000000000,-4444,-4444,-4444.000000000,-4444,NOT_COLLECTED,NOT_COLLECTED,-9999,-9999.000000000,,,,,EJRF
,GRD,2023,2022,COVID19,-4444,1.000000000,-4444,-4444,JVC,Janssen - Ad26.COV 2-S,2400.000000000,NATIONAL_AUTHORITY,PAHO_RF,-2222,-4444,7.500000000,USD,-4444,-4444.000000000,-4444,NOT_COLLECTED,NOT_COLLECTED,-9999,-9999.000000000,,,,,EJRF
,GTM,2023,2023,COVID19,VIAL,1.000000000,-4444,-4444,MOD,VACUNA COVID-19,103680.000000000,-4444,DONATION,SINGLE_DELIVERY,-4444,124.460000000,GTQ,-4444,-4444.000000000,-4444,NOT_COLLECTED,NOT_COLLECTED,-9999,-9999.000000000,,,,,EJRF
,GTM,2023,2023,COVID19,VIAL,1.000000000,-4444,-4444,PFIZER,-4444,0.000000000,-2222,-4444,-2222,-2222,-4444.000000000,-4444,-4444,-4444.000000000,-4444,NOT_COLLECTED,NOT_COLLECTED,-9999,-9999.000000000,,,,,EJRF
,BDI,2023,2021,COVID19,VIAL,5.000000000,-2222,-2222,JVC,Janssen Vaccines ,151200.000000000,OTHER,UNICEF_SD,FIVEPLUS_YEAR,-2222,75.000000000,USD,NO,-4444.000000000,-2222,NOT_COLLECTED,NOT_COLLECTED,-9999,-9999.000000000,,,,,EJRF
,MDG,2023,2023,COVID19,-4444,1.000000000,-2222,-4444,ASTRAZENACA,AstraZeneca - Vaxzevria,0.000000000,-4444,-4444,-2222,-4444,4.000000000,USD,-4444,-4444.000000000,-4444,NOT_COLLECTED,NOT_COLLECTED,-9999,-9999.000000000,,,,,EJRF
,MDG,2023,2023,COVID19,-4444,1.000000000,-2222,-2222,BBIBP,Beijing CNBG - BBIBP-CorV,0.000000000,-2222,-4444,-2222,-2222,5.500000000,USD,-2222,-2222.000000000,-2222,NOT_COLLECTED,NOT_COLLECTED,-9999,-9999.000000000,,,,,EJRF
,MDG,2023,2023,COVID19,-4444,1.000000000,-2222,-2222,JVC,Janssen - Ad26.COV 2-S,2419200.000000000,-2222,-4444,-2222,-2222,7.500000000,USD,-2222,-2222.000000000,-2222,NOT_COLLECTED,NOT_COLLECTED,-9999,-9999.000000000,,,,,EJRF
,MDG,2023,2023,COVID19,-4444,1.000000000,-2222,-2222,ND,Unknown Vaccine,-2222.000000000,-2222,COVAX,-2222,,-2222.000000000,-2222,-2222,,-2222,NOT_COLLECTED,NOT_COLLECTED,-9999,-9999.000000000,,,,,EJRF
,MDG,2023,2023,COVID19,-4444,1.000000000,-2222,-2222,ND,Unknown Vaccine,-2222.000000000,-2222,OTHER,-2222,-2222,-2222.000000000,-2222,-2222,-2222.000000000,-2222,NOT_COLLECTED,NOT_COLLECTED,-9999,-9999.000000000,,,,,EJRF
,MDG,2023,2023,COVID19,-4444,1.000000000,-2222,-2222,ND,Unknown Vaccine,-2222.000000000,-2222,SELF_PROCUREMENT,-2222,-4444,-4444.000000000,-4444,-2222,-2222.000000000,-4444,NOT_COLLECTED,NOT_COLLECTED,-9999,-9999.000000000,,,,,EJRF
,MDG,2023,2023,COVID19,-4444,1.000000000,-4444,-4444,PFIZER,Pfizer BioNTech - Comirnaty,126720.000000000,-4444,-4444,-2222,-4444,8.330000000,USD,-4444,-4444.000000000,-4444,NOT_COLLECTED,NOT_COLLECTED,-9999,-9999.000000000,,,,,EJRF
,MDG,2023,2023,COVID19,-4444,1.000000000,-2222,-2222,SII,SII - Covishield,0.000000000,-2222,-4444,-2222,-2222,3.000000000,USD,-2222,-2222.000000000,-4444,NOT_COLLECTED,NOT_COLLECTED,-9999,-9999.000000000,,,,,EJRF
,AUS,2023,2023,COVID19,-4444,1.000000000,-4444,-4444,MOD,Moderna - Spikevax,-4444.000000000,-4444,OTHER,-4444,-4444,-4444.000000000,-4444,-4444,-4444.000000000,"Purchase agreement direct with company, information is commercial in confidence - donation clause available as Australia is committed to supporting the region with excess doses.",NOT_COLLECTED,NOT_COLLECTED,-9999,-9999.000000000,,,,,EJRF
,AUS,2023,2023,COVID19,-4444,1.000000000,-4444,-4444,PFIZER,Pfizer BioNTech- Comirnaty,-4444.000000000,-4444,OTHER,-4444,-4444,-4444.000000000,-4444,-4444,-4444.000000000,"Purchase agreement direct with company, information is commercial in confidence - donation clause available as Australia is committed to supporting the region with excess doses",NOT_COLLECTED,NOT_COLLECTED,-9999,-9999.000000000,,,,,EJRF
,AUS,2023,2023,COVID19,-4444,1.000000000,-4444,-4444,ASTRAZENACA,AstraZeneca - Vaxzevria,-4444.000000000,-4444,OTHER,-4444,-4444,-4444.000000000,-4444,-4444,-4444.000000000,"Purchase agreement direct with company, information is commercial in confidence - donation clause available as Australia is committed to supporting the region with excess doses.",NOT_COLLECTED,NOT_COLLECTED,-9999,-9999.000000000,,,,,EJRF
,AUS,2023,2023,COVID19,-4444,1.000000000,-4444,-4444,NOV,Novarax - NUVAXOVID,-4444.000000000,-4444,OTHER,-4444,-4444,-4444.000000000,-4444,-4444,-4444.000000000,"Purchase agreement direct with company, information is commercial in confidence - donation clause available as Australia is committed to supporting the region with excess doses.",NOT_COLLECTED,NOT_COLLECTED,-9999,-9999.000000000,,,,,EJRF
,CAN,2023,2022,COVID19,-4444,1.000000000,-2222,,ASTRAZENACA,AstraZeneca - Vaxzevria,-2222.000000000,NATIONAL_AUTHORITY,COVAX,-2222,-2222,-2222.000000000,CAD,-2222,,,NOT_COLLECTED,NOT_COLLECTED,-9999,-9999.000000000,,,,,EJRF
,CAN,2023,2022,COVID19,-4444,1.000000000,-2222,,ASTRAZENACA,,-2222.000000000,NATIONAL_AUTHORITY,SELF_PROCUREMENT,-2222,-2222,-2222.000000000,CAD,-2222,,,NOT_COLLECTED,NOT_COLLECTED,-9999,-9999.000000000,,,,,EJRF
,CAN,2023,2022,COVID19,-4444,1.000000000,-2222,,JVC,Janssen - Ad26.COV 2-S,-2222.000000000,NATIONAL_AUTHORITY,SELF_PROCUREMENT,-2222,-2222,-2222.000000000,CAD,-2222,,,NOT_COLLECTED,NOT_COLLECTED,-9999,-9999.000000000,,,,,EJRF
,CAN,2023,2022,COVID19,-4444,1.000000000,-2222,,MEI,Medicago - Covifenz,-2222.000000000,NATIONAL_AUTHORITY,SELF_PROCUREMENT,-2222,-2222,-2222.000000000,CAD,-2222,,,NOT_COLLECTED,NOT_COLLECTED,-9999,-9999.000000000,,,,,EJRF
,CAN,2023,2022,COVID19,-4444,1.000000000,-2222,,MOD,Moderna - Spikevax,-2222.000000000,NATIONAL_AUTHORITY,SELF_PROCUREMENT,-2222,-2222,-2222.000000000,CAD,-2222,,,NOT_COLLECTED,NOT_COLLECTED,-9999,-9999.000000000,,,,,EJRF
,CAN,2023,2022,COVID19,-4444,1.000000000,-2222,,NOV,Novavax-NUVAXOVID,-2222.000000000,NATIONAL_AUTHORITY,SELF_PROCUREMENT,-2222,-2222,-2222.000000000,CAD,-2222,,,NOT_COLLECTED,NOT_COLLECTED,-9999,-9999.000000000,,,,,EJRF
,CAN,2023,2022,COVID19,-4444,1.000000000,-2222,,PFIZER,Pfizer BioNTech - Comirnaty,-2222.000000000,NATIONAL_AUTHORITY,SELF_PROCUREMENT,-2222,,-2222.000000000,CAD,-2222,,,NOT_COLLECTED,NOT_COLLECTED,-9999,-9999.000000000,,,,,EJRF
,CAN,2023,2022,COVID19,-4444,1.000000000,,,SPSA,Sanofi GSK - Vidprevtyn,-2222.000000000,,SELF_PROCUREMENT,-2222,,-2222.000000000,,,,,NOT_COLLECTED,NOT_COLLECTED,-9999,-9999.000000000,,,,,EJRF
,PRT,2023,2023,COVID19,AMPOULE,6.000000000,,,PFIZER,,2645787.000000000,NATIONAL_AUTHORITY,SELF_PROCUREMENT,ONE_YEAR,,19.500000000,EUR,NO,,,NOT_COLLECTED,,CENTRAL_GOVERNMENT,-9999.000000000,,,,,EJRF
,LUX,2023,2023,COVID19,VIAL,5.000000000,,,MOD,Spikevax,81900.000000000,NATIONAL_AUTHORITY,OTHER,ONE_YEAR,,22.800000000,EUR,,,,NOT_COLLECTED,,CENTRAL_GOVERNMENT,-9999.000000000,,,,,EJRF
,LUX,2023,2023,COVID19,VIAL,10.000000000,,,NOV,Nuvaxovid,34000.000000000,NATIONAL_AUTHORITY,OTHER,ONE_YEAR,,17.500000000,EUR,,,,NOT_COLLECTED,,CENTRAL_GOVERNMENT,-9999.000000000,,,,,EJRF
,LUX,2023,2023,COVID19,VIAL,6.000000000,,,PFIZER,Comirnaty,85440.000000000,NATIONAL_AUTHORITY,OTHER,THREE_YEAR,,19.500000000,EUR,,,,NOT_COLLECTED,,CENTRAL_GOVERNMENT,-9999.000000000,,,,,EJRF
,PAN,2023,2022,COVID19,-4444,1.000000000,-4444,-4444,ASTRAZENACA,AstraZeneca - Vaxzevria,184800.000000000,NATIONAL_AUTHORITY,COVAX,-2222,-4444,4.000000000,USD,-4444,-4444.000000000,-4444,NOT_COLLECTED,NOT_COLLECTED,-9999,-9999.000000000,,,,,EJRF
,PAN,2023,2022,COVID19,-4444,1.000000000,-4444,-4444,ASTRAZENACA,AstraZeneca - Vaxzevria,1101600.000000000,NATIONAL_AUTHORITY,SELF_PROCUREMENT,-2222,-4444,4.000000000,USD,-4444,-4444.000000000,-4444,NOT_COLLECTED,NOT_COLLECTED,-9999,-9999.000000000,,,,,EJRF
,PAN,2023,2022,COVID19,-4444,1.000000000,-4444,-4444,PFIZER,Pfizer BioNTech - Comirnaty,400140.000000000,NATIONAL_AUTHORITY,COVAX,-2222,-4444,12.000000000,USD,-4444,-4444.000000000,-4444,NOT_COLLECTED,NOT_COLLECTED,-9999,-9999.000000000,,,,,EJRF
,PAN,2023,2022,COVID19,-4444,1.000000000,-4444,-4444,PFIZER,Pfizer BioNTech - Comirnaty,503100.000000000,NATIONAL_AUTHORITY,DONATION,-2222,-4444,12.000000000,USD,-4444,-4444.000000000,-4444,NOT_COLLECTED,NOT_COLLECTED,-9999,-9999.000000000,,,,,EJRF
,PAN,2023,2022,COVID19,-4444,1.000000000,-4444,-4444,PFIZER,Pfizer BioNTech - Comirnaty,8376210.000000000,NATIONAL_AUTHORITY,SELF_PROCUREMENT,-2222,-4444,15.000000000,USD,-4444,-4444.000000000,-4444,NOT_COLLECTED,NOT_COLLECTED,-9999,-9999.000000000,,,,,EJRF
,PAN,2023,2022,COVID19,VIAL,1.000000000,-4444,-4444,PFIZER,Bivalente Original/Omicron BA4/BA5,1004880.000000000,NATIONAL_AUTHORITY,SELF_PROCUREMENT,-2222,-4444,15.000000000,USD,NO,-4444.000000000,-4444,NOT_COLLECTED,NOT_COLLECTED,-9999,-9999.000000000,,,,,EJRF
,TTO,2023,2021,COVID19,-4444,10.000000000,-4444,-2222,ASTRAZENACA,AstraZeneca,176920.000000000,NATIONAL_AUTHORITY,DONATION,-2222,-2222,-2222.000000000,-4444,-2222,-2222.000000000,,NOT_COLLECTED,NOT_COLLECTED,-9999,-9999.000000000,,,,,EJRF
,TTO,2023,2021,COVID19,-4444,1.000000000,,-4444,BBIBP,Beijing CNBG - BBIBP-CorV,84000.000000000,NATIONAL_AUTHORITY,COVAX,-2222,-2222,-2222.000000000,USD,YES,-2222.000000000,,NOT_COLLECTED,NOT_COLLECTED,-9999,-9999.000000000,,,,,EJRF
,TTO,2023,2021,COVID19,-4444,1.000000000,,-4444,JVC,Janssen - Ad26.COV 2-S,259220.000000000,NATIONAL_AUTHORITY,DONATION,-2222,-2222,-2222.000000000,-4444,-2222,-2222.000000000,,NOT_COLLECTED,NOT_COLLECTED,-9999,-9999.000000000,,,,,EJRF
,TTO,2023,2021,COVID19,-4444,1.000000000,,-4444,PFIZER,Pfizer BioNTech - Comirnaty,728170.000000000,NATIONAL_AUTHORITY,DONATION,-2222,-2222,-2222.000000000,-4444,-4444,-2222.000000000,,NOT_COLLECTED,NOT_COLLECTED,-9999,-9999.000000000,,,,,EJRF
,TTO,2023,2021,COVID19,-4444,1.000000000,,,SII,SII - Covishield,43000.000000000,NATIONAL_AUTHORITY,DONATION,-2222,-2222,-2222.000000000,-4444,-4444,-2222.000000000,,NOT_COLLECTED,NOT_COLLECTED,-9999,-9999.000000000,,,,,EJRF
,CHE,2023,2022,COVID19,-4444,1.000000000,,,JVC,Janssen - Ad26.COV 2-S,-2222.000000000,,-4444,-2222,,-4444.000000000,,,,,NOT_COLLECTED,,,-9999.000000000,,,,,EJRF
,CHE,2023,2022,COVID19,-4444,1.000000000,,,MOD,Moderna - Spikevax,-2222.000000000,,-4444,-2222,,-4444.000000000,,,,,NOT_COLLECTED,,,-9999.000000000,,,,,EJRF
,CHE,2023,2022,COVID19,-4444,1.000000000,,,NOV,Novavax-NUVAXOVID,-2222.000000000,,-4444,-2222,,-4444.000000000,,,,,NOT_COLLECTED,,,-9999.000000000,,,,,EJRF
,CHE,2023,2022,COVID19,-4444,1.000000000,,,PFIZER,Pfizer BioNTech - Comirnaty,-2222.000000000,,-4444,-2222,,-4444.000000000,,,,,NOT_COLLECTED,,,-9999.000000000,,,,,EJRF
,ITA,2023,2022,COVID19,-4444,1.000000000,,,ASTRAZENACA,AstraZeneca - Vaxzevria,-2222.000000000,,OTHER,-2222,,-4444.000000000,,,,,NOT_COLLECTED,,,-9999.000000000,,,,,EJRF
,ITA,2023,2022,COVID19,-4444,1.000000000,,,JVC,Janssen - Ad26.COV 2-S,-2222.000000000,,OTHER,-2222,,-4444.000000000,,,,,NOT_COLLECTED,,,-9999.000000000,,,,,EJRF
,ITA,2023,2022,COVID19,-4444,1.000000000,,,MOD,Moderna - Spikevax,-2222.000000000,,OTHER,-2222,,-4444.000000000,,,,,NOT_COLLECTED,,,-9999.000000000,,,,,EJRF
,ITA,2023,2022,COVID19,-4444,1.000000000,,,NOV,Novavax-NUVAXOVID,-2222.000000000,,OTHER,-2222,,-4444.000000000,,,,,NOT_COLLECTED,,,-9999.000000000,,,,,EJRF
,ITA,2023,2022,COVID19,-4444,1.000000000,,,PFIZER,Pfizer BioNTech - Comirnaty,-2222.000000000,,OTHER,-2222,,-4444.000000000,,,,,NOT_COLLECTED,,,-9999.000000000,,,,,EJRF
,KNA,2024,2023,COVID19,-4444,1.000000000,-2222,-2222,PFIZER,Pfizer BioNTech - Comirnaty,-2222.000000000,NATIONAL_AUTHORITY,DONATION,-2222,-2222,-2222.000000000,USD,-2222,-2222.000000000,-2222,NOT_COLLECTED,NOT_COLLECTED,-9999,-9999.000000000,,,,,EJRF
,KNA,2024,2023,COVID19,-4444,10.000000000,-2222,-2222,ASTRAZENACA,-2222,-2222.000000000,NATIONAL_AUTHORITY,OTHER,-2222,-2222,-2222.000000000,USD,-2222,-2222.000000000,-2222,NOT_COLLECTED,NOT_COLLECTED,-9999,-9999.000000000,,,,,EJRF
,KNA,2024,2023,COVID19,-4444,10.000000000,-2222,-2222,SII,-2222,-2222.000000000,NATIONAL_AUTHORITY,-4444,-2222,-2222,-2222.000000000,USD,-2222,-2222.000000000,-2222,NOT_COLLECTED,NOT_COLLECTED,-9999,-9999.000000000,,,,,EJRF
,KNA,2024,2023,COVID19,-4444,10.000000000,-2222,-2222,SII,-2222,-2222.000000000,NATIONAL_AUTHORITY,COVAX,-2222,-2222,-2222.000000000,USD,-2222,-2222.000000000,-2222,NOT_COLLECTED,NOT_COLLECTED,-9999,-9999.000000000,,,,,EJRF
,KNA,2024,2023,COVID19,-4444,10.000000000,-2222,-2222,SII,-2222,-2222.000000000,NATIONAL_AUTHORITY,DONATION,-2222,-2222,-2222.000000000,USD,-2222,-2222.000000000,-2222,NOT_COLLECTED,NOT_COLLECTED,-9999,-9999.000000000,,,,,EJRF
,MCO,2024,2024,COVID19,VIAL,6.000000000,-4444,-4444,PFIZER,Automne hiver 2023/2024 : COMIRNATY omicron XBB.1.5. ADULTE Automne hiver 2024/2025 : COMIRNATY JN1 adulte,2880.000000000,NATIONAL_AUTHORITY,REGIONAL-POOL_PROCUREMENT,ONE_YEAR,-4444,19.000000000,EUR,YES,-4444.000000000,,NOT_COLLECTED,ND,CENTRAL_GOVERNMENT,-9999.000000000,,,,,EJRF
,NIC,2024,2024,COVID19,VIAL,6.000000000,-4444,-4444,PFIZER,Pfizer Cormirnaty,600000.000000000,NATIONAL_AUTHORITY,DONATION,-2222,-4444,-4444.000000000,USD,NO,-4444.000000000,,NOT_COLLECTED,NOT_COLLECTED,-9999,-9999.000000000,,,,,EJRF
,SMR,2024,2024,COVID19,PREFILLED_SERYNGE,1.000000000,,,PFIZER,Comirnaty JN.1*IM 1 DOSE,600.000000000,NATIONAL_AUTHORITY,SELF_PROCUREMENT,SINGLE_DELIVERY,,19.690000000,EUR,NO,,,NOT_COLLECTED,EXW,CENTRAL_GOVERNMENT,-9999.000000000,,,,,EJRF
,CYM,2024,2024,COVID19,VIAL,5.000000000,-4444,-4444,MOD,Spikevax,500.000000000,NATIONAL_AUTHORITY,DONATION,-2222,-4444,-4444.000000000,USD,NO,-4444.000000000,-4444,NOT_COLLECTED,NOT_COLLECTED,-9999,-9999.000000000,,,,,EJRF
,CYM,2024,2024,COVID19,VIAL,6.000000000,-4444,-4444,PFIZER,Comirnaty Omicron (XBB.15 10/dose),2880.000000000,NATIONAL_AUTHORITY,DONATION,-2222,-4444,-4444.000000000,USD,NO,-4444.000000000,-4444,NOT_COLLECTED,NOT_COLLECTED,-9999,-9999.000000000,,,,,EJRF
,BDI,2024,2023,COVID19,VIAL,5.000000000,-4444,-4444,JVC,Janssen Vaccines,-4444.000000000,-4444,UNICEF_SD,FIVEPLUS_YEAR,-4444,-4444.000000000,-4444,-4444,-4444.000000000,-4444,NOT_COLLECTED,NOT_COLLECTED,-9999,-9999.000000000,,,,,EJRF
,MDG,2024,2023,COVID19,-4444,1.000000000,-4444,-4444,PFIZER,Pfizer BioNTech - Comirnaty,43200.000000000,NATIONAL_AUTHORITY,-4444,-2222,Non,8.330000000,USD,NO,-4444.000000000,The country has received these vaccines from gavi Covax in 2024,NOT_COLLECTED,NOT_COLLECTED,-9999,-9999.000000000,,,,,EJRF
,BTN,2024,2024,COVID19,VIAL,6.000000000,-4444,-4444,PFIZER,Pfizer BioNTech - Comirnaty,70000.000000000,NATIONAL_AUTHORITY,COVAX,ONE_YEAR,,-2222.000000000,USD,NO,,,NOT_COLLECTED,NOT_COLLECTED,-9999,-9999.000000000,,,,,EJRF
,HKG,2024,2024,COVID19,PREFILLED_SERYNGE,1.000000000,-2222,-2222,MOD,Spikevax JN.1,110000.000000000,NATIONAL_AUTHORITY,SELF_PROCUREMENT,-2222,"Yes, Comirnaty JN.1 30mcg/dose",-2222.000000000,-2222,NO,,,NOT_COLLECTED,NOT_COLLECTED,-9999,-9999.000000000,,,,,EJRF
,SAU,2024,2024,COVID19,AMPOULE,5.000000000,-4444,-4444,MOD,XBB1.5SPIKEVAX,540000.000000000,NATIONAL_AUTHORITY,SELF_PROCUREMENT,ONE_YEAR,Yes,37.000000000,SAR,NO,,,NOT_COLLECTED,NOT_COLLECTED,-9999,-9999.000000000,,,,,EJRF
,ESP,2024,2021,COVID19,-4444,1.000000000,-2222,-2222,PFIZER,"Comirnaty, JN.1 y KP.2",9000000.000000000,NATIONAL_AUTHORITY,SELF_PROCUREMENT,FIVEPLUS_YEAR,-2222,-2222.000000000,-2222,-2222,-2222.000000000,There is a procurement contract through the EU JPA until 2026,NOT_COLLECTED,ND,CENTRAL_GOVERNMENT,-9999.000000000,,,,,EJRF
,CIV,2024,2024,COVID19,VIAL,6.000000000,-4444,-4444,PFIZER,Pfizer BioNTech - Comirnaty,28800.000000000,NATIONAL_AUTHORITY,UNICEF_SD,ONE_YEAR,-4444,6.750000000,USD,NO,-4444.000000000,-4444,NOT_COLLECTED,NOT_COLLECTED,-9999,-9999.000000000,,,,,EJRF
,BHR,2024,2024,COVID19,VIAL,6.000000000,-4444,-4444,PFIZER,Pfizer BioNTech - Comirnaty XBB 1.5,102774.000000000,NATIONAL_AUTHORITY,SELF_PROCUREMENT,-2222,-4444,30.000000000,USD,NO,-4444.000000000,,NOT_COLLECTED,NOT_COLLECTED,-9999,-9999.000000000,,,,,EJRF
,DNK,2024,2024,COVID19,-4444,1.000000000,-4444,-4444,MOD,Spikevax XBB. 1.5,152000.000000000,NATIONAL_AUTHORITY,OTHER,SINGLE_DELIVERY,-4444,-4444.000000000,DKK,NO,,-4444,NOT_COLLECTED,DDP,OTHER,-9999.000000000,,,,,EJRF
,DNK,2024,2023,COVID19,VIAL,6.000000000,-4444,-4444,PFIZER,Comirnaty JN. 1,1029600.000000000,NATIONAL_AUTHORITY,OTHER,FIVEPLUS_YEAR,-4444,-4444.000000000,-4444,-4444,-4444.000000000,"The number of doses is the amount delivered to vaccination sites for vaccination, not number of doses procured",NOT_COLLECTED,DDP,CENTRAL_GOVERNMENT,-9999.000000000,,,,,EJRF
,MAC,2024,2024,COVID19,VIAL,6.000000000,-4444,-4444,PFIZER,Comirnaty JN.1,23040.000000000,NATIONAL_AUTHORITY,SELF_PROCUREMENT,SINGLE_DELIVERY,-4444,-2222.000000000,-4444,-4444,-4444.000000000,"The price is confidential. We purchased 20,160 dose JN.1 monovalent mRNA vaccine for persons aged 12 years and older and 2,880 dose JN.1 monovalent mRNA for children 5 to 11 years.",NOT_COLLECTED,NOT_COLLECTED,-9999,-9999.000000000,,,,,EJRF
,TLS,2024,2023,COVID19,VIAL,6.000000000,-4444,-4444,PFIZER,Pfizer BioNTech - Comirnaty,2880.000000000,NATIONAL_AUTHORITY,COVAX,-2222,No,6.750000000,USD,NO,0.000000000,none,NOT_COLLECTED,NOT_COLLECTED,-9999,-9999.000000000,,,,,EJRF
,DJI,2024,2023,COVID19,-4444,6.000000000,,,PFIZER,Pfizer BioNTech - Comirnaty,17280.000000000,THIRD_PARTY,COVAX,-2222,,6.750000000,USD,,,,NOT_COLLECTED,NOT_COLLECTED,-9999,-9999.000000000,,,,,EJRF
,GUY,2024,2023,COVID19,-4444,6.000000000,-4444,-4444,PFIZER,Pfizer BioNTech - Comirnaty,0.000000000,NATIONAL_AUTHORITY,COVAX,TWO_YEAR,0,11.000000000,USD,NO,-4444.000000000,-4444,NOT_COLLECTED,NOT_COLLECTED,-9999,-9999.000000000,,,,,EJRF
,BEL,2024,2023,COVID19,VIAL,10.000000000,-4444,-4444,HIP,Bimervax,0.000000000,NATIONAL_AUTHORITY,OTHER,TWO_YEAR,Yes,-2222.000000000,EUR,YES,6.000000000,"Procurement via European Commission. Contract lasted until June 2024, however no more doses were delivered in 2024. ",NOT_COLLECTED,ND,CENTRAL_GOVERNMENT,-9999.000000000,,,,,EJRF
,BEL,2024,2021,COVID19,VIAL,6.000000000,-4444,-4444,PFIZER,Comirnaty JN.1,2472480.000000000,NATIONAL_AUTHORITY,OTHER,FIVE_YEAR,Yes,-2222.000000000,EUR,YES,6.000000000,Procurement via European Commission.,NOT_COLLECTED,ND,CENTRAL_GOVERNMENT,-9999.000000000,,,,,EJRF
,ISL,2024,2020,COVID19,VIAL,6.000000000,,,PFIZER,Comirnaty,120960.000000000,THIRD_PARTY,REGIONAL-POOL_PROCUREMENT,-2222,Yes - see https://www.lyfjastofnun.is/verd-og-greidsluthatttaka/lyfjaverdskra/,-2222.000000000,-2222,NO,,Still EU/HERA contracts,NOT_COLLECTED,DAP,CENTRAL_GOVERNMENT,-9999.000000000,,,,,EJRF
,NLD,2024,2023,COVID19,VIAL,6.000000000,-4444,-2222,PFIZER,Comirnaty JN1,3060000.000000000,NATIONAL_AUTHORITY,OTHER,FIVE_YEAR,,-2222.000000000,EUR,YES,9.000000000,,NOT_COLLECTED,DAP,CENTRAL_GOVERNMENT,-9999.000000000,,,,,EJRF
,NOR,2024,2020,COVID19,VIAL,6.000000000,-4444,-4444,PFIZER,Pfizer BioNTech - Comirnaty,1304640.000000000,NATIONAL_AUTHORITY,OTHER,FIVEPLUS_YEAR,Spikevax,-4444.000000000,-4444,-4444,-4444.000000000,,NOT_COLLECTED,DAP,CENTRAL_GOVERNMENT,-9999.000000000,,,,,EJRF
,COG,2024,2024,COVID19,VIAL,6.000000000,-4444,-4444,PFIZER,AD26.COV2-S,20000.000000000,OTHER,COVAX,-2222,-4444,-4444.000000000,-4444,NO,,,NOT_COLLECTED,NOT_COLLECTED,-9999,-9999.000000000,,,,,EJRF
,MAC,2024,2024,COVID19,VIAL,3.000000000,-4444,-4444,PFIZER,COMIRNATY JN.1,1440.000000000,NATIONAL_AUTHORITY,SELF_PROCUREMENT,SINGLE_DELIVERY,-4444,-2222.000000000,-4444,-4444,-4444.000000000,"The price is confidential. We purchased 1,440 dose JN.1 monovalent mRNA vaccine for infants and children 6 months to 4 years.",NOT_COLLECTED,NOT_COLLECTED,-9999,-9999.000000000,,,,,EJRF
,SYR,2024,2024,COVID19,VIAL,5.000000000,,,JVC,Janssen,91200.000000000,NATIONAL_AUTHORITY,UNICEF_SD,SINGLE_DELIVERY,,7.500000000,USD,NO,,,NOT_COLLECTED,NOT_COLLECTED,-9999,-9999.000000000,,,,,EJRF
,AFG,2024,2024,COVID19,VIAL,5.000000000,-4444,-4444,BIOLOGICAL,Janseen,1012080.000000000,NATIONAL_AUTHORITY,UNICEF_SD,ONE_YEAR,-4444,0.690000000,USD,NO,-4444.000000000,,NOT_COLLECTED,NOT_COLLECTED,-9999,-9999.000000000,,,,,EJRF
,OMN,2024,2024,COVID19,-4444,1.000000000,,,PFIZER,Pfizer BioNTech - Comirnaty,2800.000000000,NATIONAL_AUTHORITY,COVAX,TWO_YEAR,,-4444.000000000,OMR,NO,,,NOT_COLLECTED,NOT_COLLECTED,-9999,-9999.000000000,,,,,EJRF
,BHS,2024,2024,COVID19,VIAL,6.000000000,-2222,-2222,PFIZER,Comirnaty,2000.000000000,NATIONAL_AUTHORITY,DONATION,-2222,-2222,-2222.000000000,-2222,NO,-2222.000000000,-2222,NOT_COLLECTED,NOT_COLLECTED,-9999,-9999.000000000,,,,,EJRF
,GTM,2024,2023,COVID19,VIAL,0.000000000,-4444,-4444,ND,-4444,-4444.000000000,-4444,-4444,-4444,-4444,-4444.000000000,-4444,-4444,-4444.000000000,,NOT_COLLECTED,NOT_COLLECTED,-9999,-9999.000000000,,,,,EJRF
,HND,2024,2024,COVID19,VIAL,6.000000000,-2222,-2222,PFIZER,Vacuna COVID 19 COMIRNATY JN.1,201600.000000000,NATIONAL_AUTHORITY,COVAX,ONE_YEAR,-2222,160.060000000,HNL,NO,-4444.000000000,-4444,NOT_COLLECTED,NOT_COLLECTED,-9999,-9999.000000000,,,,,EJRF
,GMB,2024,2024,COVID19,VIAL,6.000000000,,,PFIZER,-4444,250560.000000000,NATIONAL_AUTHORITY,UNICEF_SD,ONE_YEAR,,81.940000000,USD,NO,,,NOT_COLLECTED,NOT_COLLECTED,-9999,-9999.000000000,,,,,EJRF
,NIC,2024,2024,COVID19,VIAL,1.000000000,-4444,-4444,GRI,CONVACELL,3000000.000000000,NATIONAL_AUTHORITY,SELF_PROCUREMENT,-2222,-4444,-2222.000000000,-2222,NO,-2222.000000000,,NOT_COLLECTED,NOT_COLLECTED,-9999,-9999.000000000,,,,,EJRF
,URY,2024,2023,COVID19,-4444,1.000000000,COVID19,2025-01-13T00:00:00Z,PFIZER,Pfizer BioNTech - Comirnaty,538560.000000000,NATIONAL_AUTHORITY,SELF_PROCUREMENT,-2222,-4444,-2222.000000000,USD,-2222,,,NOT_COLLECTED,NOT_COLLECTED,-9999,-9999.000000000,,,,,EJRF
,VGB,2024,2024,COVID19,-4444,10.000000000,-4444,-4444,ASTRAZENACA,AstraZeneca - Vaxzevria,0.000000000,NATIONAL_AUTHORITY,-4444,-2222,,-2222.000000000,-4444,-2222,-2222.000000000,,NOT_COLLECTED,NOT_COLLECTED,-9999,-9999.000000000,,,,,EJRF
,LUX,2024,2024,COVID19,VIAL,10.000000000,,,NOV,Nuvaxovid XBB.1.5,10.000000000,OTHER,OTHER,ONE_YEAR,,0.000000000,EUR,NO,,,NOT_COLLECTED,ND,CENTRAL_GOVERNMENT,-9999.000000000,,,,,EJRF
,LUX,2024,2021,COVID19,VIAL,6.000000000,,,PFIZER,Comirnaty JN1,13732.000000000,OTHER,REGIONAL-POOL_PROCUREMENT,FIVE_YEAR,,19.500000000,EUR,NO,,,NOT_COLLECTED,ND,CENTRAL_GOVERNMENT,-9999.000000000,,,,,EJRF
,SVN,2024,2020,COVID19,VIAL,10.000000000,-4444,-4444,PFIZER,Comirnaty JN.1 10 mikrogramov/odmerek koncentrat za disperzijo za injiciranje,4800.000000000,NATIONAL_AUTHORITY,OTHER,-2222,-4444,-2222.000000000,-4444,NO,-4444.000000000,,NOT_COLLECTED,DAP,CENTRAL_GOVERNMENT,-9999.000000000,,,,,EJRF
,SVN,2024,2020,COVID19,VIAL,3.000000000,-4444,-4444,PFIZER,Comirnaty KP.2 3 mikrogrami/odmerek koncentrat za disperzijo za injiciranje,1440.000000000,NATIONAL_AUTHORITY,OTHER,-2222,-4444,-2222.000000000,-4444,NO,-4444.000000000,,NOT_COLLECTED,DAP,CENTRAL_GOVERNMENT,-9999.000000000,,,,,EJRF
,SWE,2024,2023,COVID19,-4444,1.000000000,,,PFIZER,Pfizer BioNTech - Comirnaty JN.1,,,-4444,-2222,,,,,,,NOT_COLLECTED,,,-9999.000000000,,,,,EJRF
,SWE,2024,2023,COVID19,-4444,1.000000000,,,PFIZER,Pfizer BioNTech - Comirnaty KP.2,,,OTHER,-2222,,,,,,,NOT_COLLECTED,,,-9999.000000000,,,,,EJRF
,SWE,2024,2023,COVID19,PREFILLED_SERYNGE,1.000000000,,,PFIZER,Comirnaty XBB.1.5,,,-4444,-2222,,,,,,,NOT_COLLECTED,,,-9999.000000000,,,,,EJRF
,SWE,2024,2023,COVID19,PREFILLED_SERYNGE,1.000000000,,,NOV,Nuvaxovid XBB.1.5,,,OTHER,-2222,,,,,,,NOT_COLLECTED,,,-9999.000000000,,,,,EJRF
,TJK,2024,2023,COVID19,-4444,1.000000000,-4444,-4444,GRI,Sputnik V,-4444.000000000,-4444,COVAX,-2222,-4444,-4444.000000000,-4444,-4444,-4444.000000000,-4444,NOT_COLLECTED,NR,-4444,-9999.000000000,,,,,EJRF
,TJK,2024,2023,COVID19,-4444,10.000000000,-4444,-4444,MOD,Moderna - Spikevax,-4444.000000000,-4444,COVAX,-2222,-4444,-4444.000000000,-4444,-4444,-4444.000000000,-4444,NOT_COLLECTED,NR,-4444,-9999.000000000,,,,,EJRF
,TJK,2024,2023,COVID19,-4444,6.000000000,-4444,-4444,PFIZER,Pfizer BioNTech - Comirnaty,-4444.000000000,-4444,COVAX,-2222,-4444,-4444.000000000,-4444,-4444,-4444.000000000,-4444,NOT_COLLECTED,NR,-4444,-9999.000000000,,,,,EJRF
,TJK,2024,2023,COVID19,VIAL,1.000000000,-4444,-4444,SINOVAC,Sinovac - CoronaVac,-4444.000000000,-4444,COVAX,-2222,-4444,-4444.000000000,-4444,-4444,-4444.000000000,-4444,NOT_COLLECTED,NR,-4444,-9999.000000000,,,,,EJRF
,TJK,2024,2023,COVID19,VIAL,10.000000000,-4444,-4444,SII,SII - Covishield,-4444.000000000,-4444,COVAX,-2222,-4444,-4444.000000000,-4444,NO,-4444.000000000,-4444,NOT_COLLECTED,NR,-4444,-9999.000000000,,,,,EJRF
,TJK,2024,2023,COVID19,VIAL,5.000000000,-4444,-4444,JVC,Janssen COVID-19 vaccine. (Johnson$Johnson),-4444.000000000,-4444,COVAX,-2222,-4444,-4444.000000000,-4444,-4444,-4444.000000000,-4444,NOT_COLLECTED,NR,-4444,-9999.000000000,,,,,EJRF
,CMR,2024,2023,COVID19,VIAL,5.000000000,,,JVC,JANSSEN PHARMACEUTICA NV,,,COVAX,-2222,,,,YES,,,NOT_COLLECTED,NOT_COLLECTED,-9999,-9999.000000000,,,,,EJRF
,COD,2024,2024,COVID19,-4444,5.000000000,-4444,-4444,JVC,Janssen Vaccines Corp.,0.000000000,NATIONAL_AUTHORITY,COVAX,-2222,NON,-4444.000000000,-4444,-4444,-4444.000000000,Rien à signaler ,NOT_COLLECTED,NOT_COLLECTED,-9999,-9999.000000000,,,,,EJRF
,COD,2024,2024,COVID19,-4444,6.000000000,-4444,-4444,PFIZER,Pfiser,0.000000000,NATIONAL_AUTHORITY,COVAX,-2222,NON,-4444.000000000,-4444,NO,-4444.000000000,Rien à signaler,NOT_COLLECTED,NOT_COLLECTED,-9999,-9999.000000000,,,,,EJRF
,GHA,2024,2024,COVID19,-4444,5.000000000,-4444,-4444,JVC,Janssen - Ad26.COV 2-S,8179200.000000000,NATIONAL_AUTHORITY,UNICEF_SD,-2222,-4444,7.500000000,USD,NO,-4444.000000000,-4444,NOT_COLLECTED,NOT_COLLECTED,-9999,-9999.000000000,,,,,EJRF
,LSO,2024,2023,COVID19,-4444,5.000000000,,,JVC,Janssen - Ad26.COV 2-S,,,UNICEF_SD,TWO_YEAR,,7.500000000,USD,,,,NOT_COLLECTED,NOT_COLLECTED,-9999,-9999.000000000,,,,,EJRF
,LSO,2024,2024,COVID19,VIAL,6.000000000,,,PFIZER,Pfizer BioNTech - Comirnaty,,,UNICEF_SD,FIVEPLUS_YEAR,,8.330000000,USD,,,,NOT_COLLECTED,NOT_COLLECTED,-9999,-9999.000000000,,,,,EJRF
,MLI,2024,2023,COVID19,-4444,6.000000000,-4444,-4444,PFIZER,Pfizer BioNTech - Comirnaty,100800.000000000,SERVICE_PROVIDERS,UNICEF_SD,-2222,NON,6.750000000,USD,NO,-4444.000000000,-4444,NOT_COLLECTED,NOT_COLLECTED,-9999,-9999.000000000,,,,,EJRF
,NER,2024,2023,COVID19,VIAL,5.000000000,-4444,-4444,JVC,JOHSON & JANSSEN,-4444.000000000,-4444,COVAX,TWO_YEAR,-4444,-4444.000000000,-4444,NO,-4444.000000000,,NOT_COLLECTED,NOT_COLLECTED,-9999,-9999.000000000,,,,,EJRF
,SWZ,2024,2021,COVID19,VIAL,6.000000000,-4444,-4444,PFIZER,Pfizer-BioNTech COVID-19 vaccine,54600.000000000,NATIONAL_AUTHORITY,COVAX,-2222,No,-2222.000000000,-2222,NO,-4444.000000000,-2222,NOT_COLLECTED,NOT_COLLECTED,-9999,-9999.000000000,,,,,EJRF
,TZA,2024,2023,COVID19,VIAL,6.000000000,-4444,-4444,PFIZER,Pfizer BioNTech - Comirnaty,-2222.000000000,NATIONAL_AUTHORITY,UNICEF_SD,FIVEPLUS_YEAR,-4444,6.750000000,USD,NO,-4444.000000000,COVID-19 vaccination depends on National deployment and respons plan ,NOT_COLLECTED,NOT_COLLECTED,-9999,-9999.000000000,,,,,EJRF
,IRL,2024,2020,COVID19,VIAL,7.000000000,,,PFIZER,Comirnaty for 12 years & older,1249920.000000000,,SELF_PROCUREMENT,FIVEPLUS_YEAR,,-2222.000000000,-2222,-2222,-2222.000000000,Vaccine price is commercially sensitive information,NOT_COLLECTED,ND,CENTRAL_GOVERNMENT,-9999.000000000,,,,,EJRF
,IRL,2024,2020,COVID19,VIAL,3.000000000,,,PFIZER,Comirnaty for 6 months to 4 years,7680.000000000,,SELF_PROCUREMENT,FIVEPLUS_YEAR,,-2222.000000000,-2222,-2222,-2222.000000000,Vaccine price is commercially sensitive information,NOT_COLLECTED,ND,CENTRAL_GOVERNMENT,-9999.000000000,,,,,EJRF
,IRL,2024,2020,COVID19,VIAL,6.000000000,,,PFIZER,Comirnaty for 5 to 11 years,11520.000000000,,SELF_PROCUREMENT,FIVEPLUS_YEAR,,-2222.000000000,-2222,-2222,-2222.000000000,Vaccine price is commercially sensitive information,NOT_COLLECTED,ND,CENTRAL_GOVERNMENT,-9999.000000000,,,,,EJRF
,YEM,2024,2024,COVID19,VIAL,20.000000000,-4444,-4444,BIOLOGICAL,CORBEVAX,10800.000000000,OTHER,UNICEF_SD,-2222,No,-2222.000000000,-2222,-2222,-2222.000000000,No comment,NOT_COLLECTED,NOT_COLLECTED,-9999,-9999.000000000,,,,,EJRF
,NZL,2024,2020,COVID19,VIAL,1.000000000,-4444,-4444,PFIZER,Comirnaty Omicron,1305000.000000000,NATIONAL_AUTHORITY,OTHER,FOUR_YEAR,-4444,-2222.000000000,NZD,NO,-4444.000000000,Vaccine is Covid-19 - Adult. Procurement mechanism is via National Authority,NOT_COLLECTED,NOT_COLLECTED,-9999,-9999.000000000,,,,,EJRF
,NZL,2024,2020,COVID19,VIAL,10.000000000,-4444,-4444,PFIZER,Comirnaty Omicron,4800.000000000,NATIONAL_AUTHORITY,OTHER,FOUR_YEAR,-4444,-2222.000000000,NZD,NO,-4444.000000000,"Vaccine is Covid-19, Infant. Procurement mechanism is via National Authority",NOT_COLLECTED,NOT_COLLECTED,-9999,-9999.000000000,,,,,EJRF
,NZL,2024,2020,COVID19,VIAL,0.000000000,-4444,-4444,PFIZER,Comirnaty Omicron,9600.000000000,NATIONAL_AUTHORITY,OTHER,FOUR_YEAR,-4444,-2222.000000000,NZD,NO,-4444.000000000,"Vaccine is Covid-19, Paediatric. Procurement mechanism is via National Authority",NOT_COLLECTED,NOT_COLLECTED,-9999,-9999.000000000,,,,,EJRF
,BRA,2024,2024,COVID19,VIAL,6.000000000,-2222,-4444,PFIZER,-4444,17496800.000000000,NATIONAL_AUTHORITY,SELF_PROCUREMENT,TWO_YEAR,Covid JN1 - Moderna / Covid XBB - Serum,47.000000000,BRL,-2222,-4444.000000000,,NOT_COLLECTED,NOT_COLLECTED,-9999,-9999.000000000,,,,,EJRF
,LBR,2024,2024,COVID19,VIAL,6.000000000,-4444,-4444,PFIZER,Pfizer BioNTech - Comirnaty,305280.000000000,OTHER,UNICEF_SD,ONE_YEAR,No,6.750000000,USD,NO,,"For English speaking Country, please make the comma as point for between figures",NOT_COLLECTED,NOT_COLLECTED,-9999,-9999.000000000,,,,,EJRF
,MRT,2024,2023,COVID19,-4444,5.000000000,,,JVC,Janssen - Ad26.COV 2-S,-4444.000000000,NATIONAL_AUTHORITY,COVAX,-2222,-4444,-4444.000000000,-4444,-4444,-4444.000000000,,NOT_COLLECTED,NOT_COLLECTED,-9999,-9999.000000000,,,,,EJRF
,TGO,2024,2023,COVID19,VIAL,6.000000000,-4444,-4444,PFIZER,Pfizer BioNTech - Comirnaty GVL PFE EU,17280.000000000,NATIONAL_AUTHORITY,-4444,-2222,-4444,12.150000000,USD,NO,-4444.000000000,-4444,NOT_COLLECTED,NOT_COLLECTED,-9999,-9999.000000000,,,,,EJRF
,SOM,2024,2023,COVID19,VIAL,3.000000000,-2222,-2222,PFIZER,,1313900.000000000,NATIONAL_AUTHORITY,UNICEF_SD,FIVEPLUS_YEAR,-2222,-4444.000000000,-4444,-2222,-2222.000000000,This is a donation,NOT_COLLECTED,NOT_COLLECTED,-9999,-9999.000000000,,,,,EJRF
,PNG,2024,2024,COVID19,VIAL,5.000000000,,,JVC,Janssen - Ad26.COV 2-S,50400.000000000,OTHER,COVAX,-2222,,7.500000000,USD,NO,,,NOT_COLLECTED,NOT_COLLECTED,-9999,-9999.000000000,,,,,EJRF
,CRI,2024,2023,COVID19,VIAL,6.000000000,-4444,-2222,PFIZER,Bivalente,-2222.000000000,OTHER,PAHO_RF,-2222,Moderna,-2222.000000000,USD,-2222,-2222.000000000,-2222,NOT_COLLECTED,NOT_COLLECTED,-9999,-9999.000000000,,,,,EJRF
,SVN,2024,2020,COVID19,VIAL,6.000000000,-4444,-4444,PFIZER,Comirnaty JN.1 30 mikrogramov/odmerek disperzija za injiciranje,92160.000000000,NATIONAL_AUTHORITY,OTHER,-2222,-4444,-4444.000000000,-4444,NO,-4444.000000000,,NOT_COLLECTED,DAP,CENTRAL_GOVERNMENT,-9999.000000000,,,,,EJRF
,SLE,2024,2024,COVID19,VIAL,6.000000000,-4444,-4444,PFIZER,Pfizer BioNTech - Comirnaty,100800.000000000,THIRD_PARTY,UNICEF_SD,-4444,-4444,6.750000000,USD,NO,-4444.000000000,-4444,NOT_COLLECTED,NOT_COLLECTED,-9999,-9999.000000000,,,,,EJRF
,SLE,2024,2024,COVID19,-4444,5.000000000,-4444,-4444,JVC,Janssen - Ad26.COV 2-S,151200.000000000,THIRD_PARTY,UNICEF_SD,-4444,-4444,7.500000000,USD,NO,-4444.000000000,-4444,NOT_COLLECTED,NOT_COLLECTED,-9999,-9999.000000000,,,,,EJRF
,HUN,2024,2024,COVID19,PREFILLED_SERYNGE,1.000000000,-4444,,MOD,Spikevax JN.1. 50 microgram,250000.000000000,NATIONAL_AUTHORITY,SELF_PROCUREMENT,ONE_YEAR,,18405.000000000,HUF,YES,5.000000000,,NOT_COLLECTED,DDP,CENTRAL_GOVERNMENT,-9999.000000000,,,,,EJRF
,HUN,2024,2024,COVID19,AMPOULE,10.000000000,-4444,,MOD,"Spikevax JN.1 0,1 ml",800.000000000,NATIONAL_AUTHORITY,SELF_PROCUREMENT,ONE_YEAR,,13292.500000000,HUF,YES,5.000000000,,NOT_COLLECTED,DDP,CENTRAL_GOVERNMENT,-9999.000000000,,,,,EJRF
,COL,2024,2024,COVID19,VIAL,5.000000000,-4444,-4444,PFIZER,"Spikevax,​",200.000000000,NATIONAL_AUTHORITY,PAHO_RF,TWO_YEAR,-4444,14.000000000,USD,NO,-4444.000000000,Convenio Marco 275 de 2011. OPS,NOT_COLLECTED,NOT_COLLECTED,-9999,-9999.000000000,,,,,EJRF
,BEN,2024,2023,COVID19,VIAL,6.000000000,-4444,-4444,PFIZER,Pfizer BioNTech - Comirnaty,250560.000000000,NATIONAL_AUTHORITY,UNICEF_SD,-2222,-4444,6.750000000,USD,NO,-4444.000000000,-4444,NOT_COLLECTED,NOT_COLLECTED,-9999,-9999.000000000,,,,,EJRF
,BFA,2024,2024,COVID19,VIAL,6.000000000,-4444,-4444,PFIZER,Pfizer,14400.000000000,NATIONAL_AUTHORITY,UNICEF_SD,FIVEPLUS_YEAR,NON,6.750000000,USD,NO,-4444.000000000,-4444,NOT_COLLECTED,NOT_COLLECTED,-9999,-9999.000000000,,,,,EJRF
,SDN,2024,2024,COVID19,VIAL,5.000000000,-4444,-4444,JVC,-4444,230160.000000000,OTHER,UNICEF_SD,ONE_YEAR,-4444,7.500000000,USD,NO,-4444.000000000,-4444,NOT_COLLECTED,NOT_COLLECTED,-9999,-9999.000000000,,,,,EJRF
,ARM,2024,2024,COVID19,VIAL,6.000000000,-4444,-4444,PFIZER,Comirnati Omikron,2880.000000000,NATIONAL_AUTHORITY,SELF_PROCUREMENT,SINGLE_DELIVERY,-2222,8583.410000000,AMD,NO,0.000000000,-4444,NOT_COLLECTED,ND,CENTRAL_GOVERNMENT,-9999.000000000,,,,,EJRF
,CYM,2024,2024,COVID19,VIAL,5.000000000,-4444,-4444,PFIZER,Comirnaty Omicron (XBB.1.5.30/dose),2880.000000000,NATIONAL_AUTHORITY,DONATION,-2222,-4444,-4444.000000000,USD,NO,-4444.000000000,-4444,NOT_COLLECTED,NOT_COLLECTED,-9999,-9999.000000000,,,,,EJRF
,ECU,2024,2024,COVID19,VIAL,5.000000000,,,MOD,Spikevax,250200.000000000,NATIONAL_AUTHORITY,PAHO_RF,-4444,,13.000000000,USD,NO,,Población renuente ,NOT_COLLECTED,NOT_COLLECTED,-9999,-9999.000000000,,,,,EJRF
,AUS,2024,2023,COVID19,-4444,1.000000000,-2222,-2222,ASTRAZENACA,AstraZeneca - Vaxzevria,-2222.000000000,NATIONAL_AUTHORITY,OTHER,-2222,-2222,-2222.000000000,AUD,YES,10.000000000,-2222,NOT_COLLECTED,NOT_COLLECTED,-9999,-9999.000000000,,,,,EJRF
,AUS,2024,2023,COVID19,-4444,1.000000000,-2222,-2222,MOD,Moderna - Spikevax,-2222.000000000,NATIONAL_AUTHORITY,OTHER,-2222,-2222,-2222.000000000,AUD,YES,10.000000000,-2222,NOT_COLLECTED,NOT_COLLECTED,-9999,-9999.000000000,,,,,EJRF
,AUS,2024,2023,COVID19,-4444,1.000000000,-2222,-2222,NOV,Novavax-NUVAXOVID,-2222.000000000,NATIONAL_AUTHORITY,OTHER,-2222,-2222,-2222.000000000,AUD,YES,10.000000000,-2222,NOT_COLLECTED,NOT_COLLECTED,-9999,-9999.000000000,,,,,EJRF
,AUS,2024,2023,COVID19,-4444,1.000000000,-2222,-2222,PFIZER,Pfizer BioNTech - Comirnaty,-2222.000000000,NATIONAL_AUTHORITY,OTHER,-2222,-2222,-2222.000000000,AUD,YES,10.000000000,-2222,NOT_COLLECTED,NOT_COLLECTED,-9999,-9999.000000000,,,,,EJRF
,CAF,2024,2024,COVID19,VIAL,20.000000000,-4444,-4444,BIOLOGICAL,corbevax,583200.000000000,NATIONAL_AUTHORITY,UNICEF_SD,SINGLE_DELIVERY,-4444,-2222.000000000,-2222,NO,-4444.000000000,-4444,NOT_COLLECTED,NOT_COLLECTED,-9999,-9999.000000000,,,,,EJRF
,KOR,2024,2024,COVID19,VIAL,1.000000000,-4444,,MOD,SPIKEVAX JN,2000000.000000000,NATIONAL_AUTHORITY,SELF_PROCUREMENT,ONE_YEAR,,-4444.000000000,KRW,,,,NOT_COLLECTED,NOT_COLLECTED,-9999,-9999.000000000,,,,,EJRF
,KOR,2024,2024,COVID19,VIAL,5.000000000,-4444,,NOV,"Novavax COVID-19 Vaccine, Adjuvanted(2024-2025 Formula)",319900.000000000,NATIONAL_AUTHORITY,SELF_PROCUREMENT,ONE_YEAR,,-4444.000000000,KRW,,,,NOT_COLLECTED,NOT_COLLECTED,-9999,-9999.000000000,,,,,EJRF
,KOR,2024,2024,COVID19,VIAL,6.000000000,-4444,,PFIZER,Comirnaty JN.1 Injection(Bretovameran)(SARS-CoV-2 mRNA vaccine),5230560.000000000,NATIONAL_AUTHORITY,SELF_PROCUREMENT,ONE_YEAR,,-4444.000000000,KRW,,,,NOT_COLLECTED,NOT_COLLECTED,-9999,-9999.000000000,,,,,EJRF
,BRN,2024,2021,COVID19,VIAL,6.000000000,-4444,-4444,PFIZER,Comirnaty Omicron XBB.1.5,5760.000000000,NATIONAL_AUTHORITY,SELF_PROCUREMENT,FIVEPLUS_YEAR,-4444,40.050000000,BND,-2222,-2222.000000000,,NOT_COLLECTED,NOT_COLLECTED,-9999,-9999.000000000,,,,,EJRF
,KEN,2024,2023,COVID19,VIAL,6.000000000,-4444,-4444,PFIZER,Pfizer BioNTech-Comirnaty,10002240.000000000,THIRD_PARTY,UNICEF_SD,TWO_YEAR,-2222,6.750000000,-2222,NO,-4444.000000000,-4444,NOT_COLLECTED,NOT_COLLECTED,-9999,-9999.000000000,,,,,EJRF
,COL,2024,2024,COVID19,-4444,10.000000000,OTHER,-4444,PFIZER,Pfizer BioNTech - Comirnaty,200.000000000,NATIONAL_AUTHORITY,PAHO_RF,-2222,-4444,13.000000000,USD,NO,-4444.000000000,Convenio Marco 275 de 2011. OPS,NOT_COLLECTED,NOT_COLLECTED,-9999,-9999.000000000,,,,,EJRF
,ETH,2024,2023,COVID19,VIAL,6.000000000,-4444,-4444,PFIZER,-2222,1656000.000000000,NATIONAL_AUTHORITY,UNICEF_SD,-2222,-2222,6.750000000,USD,NO,,,NOT_COLLECTED,NOT_COLLECTED,-9999,-9999.000000000,,,,,EJRF
,JPN,2024,2024,COVID19,PREFILLED_SERYNGE,1.000000000,,,TAKEDA,NUVAXOVID - JN 1 variant,11849428.000000000,SUBNATIONAL_AUTHORITIES,SELF_PROCUREMENT,SINGLE_DELIVERY,,,,,,"Only one manufacturer is chosen in D section under this form, but multiple manufacturer supplies in Japan.  ",NOT_COLLECTED,NOT_COLLECTED,-9999,-9999.000000000,,,,,EJRF
,WSM,2024,2024,COVID19,VIAL,6.000000000,-4444,-4444,PFIZER,Pfizer BioNTech - Comirnaty,8640.000000000,NATIONAL_AUTHORITY,COVAX,SINGLE_DELIVERY,NO,6.750000000,-4444,NO,-4444.000000000,-4444,NOT_COLLECTED,NOT_COLLECTED,-9999,-9999.000000000,,,,,EJRF
,CAN,2024,2020,COVID19,VIAL,5.000000000,-4444,,MOD,Spikevax KP.2,-2222.000000000,NATIONAL_AUTHORITY,OTHER,FOUR_YEAR,,-2222.000000000,CAD,NO,,,NOT_COLLECTED,NOT_COLLECTED,-9999,-9999.000000000,,,,,EJRF
,CAN,2024,2020,COVID19,VIAL,6.000000000,-4444,,PFIZER,Comirnaty,-2222.000000000,NATIONAL_AUTHORITY,OTHER,FOUR_YEAR,,-2222.000000000,USD,NO,,,NOT_COLLECTED,NOT_COLLECTED,-9999,-9999.000000000,,,,,EJRF
,PYF,2024,2024,COVID19,VIAL,7.000000000,,,PFIZER,"VACCIN C-19 COMIRNATY JN.1 INJ 10µG DISPERSION 0,3 ML/DOSE",60.000000000,OTHER,OTHER,SINGLE_DELIVERY,,-2222.000000000,XPF,,,,NOT_COLLECTED,NOT_COLLECTED,-9999,-9999.000000000,,,,,EJRF
,PYF,2024,2024,COVID19,VIAL,3.000000000,,,PFIZER,"VACCIN C-19 COMIRNATY JN.1 INJ 3µG DISPERSION 0,3 ML/DOSE ",30.000000000,OTHER,OTHER,SINGLE_DELIVERY,,-2222.000000000,XPF,,,,NOT_COLLECTED,NOT_COLLECTED,-9999,-9999.000000000,,,,,EJRF
,PYF,2024,2024,COVID19,VIAL,6.000000000,,,PFIZER,"VACCIN C-19 COMIRNATY JN.1 INJ 30µG DISPERSION 0,3 ML/DOSE ",6000.000000000,OTHER,OTHER,SINGLE_DELIVERY,,-2222.000000000,XPF,,,,NOT_COLLECTED,NOT_COLLECTED,-9999,-9999.000000000,,,,,EJRF
,NPL,2024,2024,COVID19,VIAL,6.000000000,-4444,,PFIZER,COMIRNATY XBB 1.5 - Adult (Grey Cap),1601280.000000000,SERVICE_PROVIDERS,UNICEF_SD,ONE_YEAR,,6.750000000,USD,NO,-4444.000000000,,NOT_COLLECTED,NOT_COLLECTED,-9999,-9999.000000000,,,,,EJRF
,BLR,2024,2024,COVID19,AMPOULE,1.000000000,-4444,-4444,SPBNIIVS,"Вакцина субъединичная рекомбинантная для профилактики инфекции, вызванной коронавирусом SARS-CoV-2 (Конвасэл)",100540.000000000,NATIONAL_AUTHORITY,SELF_PROCUREMENT,ONE_YEAR,"БелКовидВак, Спутник Лайт",710.000000000,RUB,NO,,,NOT_COLLECTED,CIP,CENTRAL_GOVERNMENT,-9999.000000000,,,,,EJRF
,EST,2024,2023,COVID19,VIAL,6.000000000,,,PFIZER,COMIRNATY COMIRNATY JN.1,102240.000000000,NATIONAL_AUTHORITY,OTHER,-2222,,-2222.000000000,,NO,,,NOT_COLLECTED,DDP,,-9999.000000000,,,,,EJRF
,NPL,2024,2024,COVID19,VIAL,10.000000000,-4444,,OTHER,,672200.000000000,SERVICE_PROVIDERS,UNICEF_SD,ONE_YEAR,,6.750000000,USD,NO,-4444.000000000,COMIRNATY-XBB 1.5 pediartic (Orange Cap),NOT_COLLECTED,NOT_COLLECTED,-9999,-9999.000000000,,,,,EJRF
,PAN,2024,2023,COVID19,-4444,1.000000000,-4444,-4444,ASTRAZENACA,AstraZeneca - Vaxzevria,-4444.000000000,NATIONAL_AUTHORITY,COVAX,SINGLE_DELIVERY,no,15.000000000,USD,NO,-4444.000000000,-4444,NOT_COLLECTED,NOT_COLLECTED,-9999,-9999.000000000,,,,,EJRF
,PAN,2024,2023,COVID19,-4444,1.000000000,-4444,-4444,ASTRAZENACA,AstraZeneca - Vaxzevria,-4444.000000000,-4444,SELF_PROCUREMENT,SINGLE_DELIVERY,si,15.000000000,USD,NO,-4444.000000000,-4444,NOT_COLLECTED,NOT_COLLECTED,-9999,-9999.000000000,,,,,EJRF
,PAN,2024,2023,COVID19,-4444,1.000000000,,,PFIZER,,,,COVAX,SINGLE_DELIVERY,si,15.000000000,USD,NO,-4444.000000000,,NOT_COLLECTED,NOT_COLLECTED,-9999,-9999.000000000,,,,,EJRF
,PAN,2024,2023,COVID19,-4444,1.000000000,,,PFIZER,AstraZeneca - Vaxzevria,,,DONATION,SINGLE_DELIVERY,si,15.000000000,USD,NO,-4444.000000000,,NOT_COLLECTED,NOT_COLLECTED,-9999,-9999.000000000,,,,,EJRF
,PAN,2024,2023,COVID19,-4444,1.000000000,,,PFIZER,Pfizer BioNTech - Comirnaty,,,SELF_PROCUREMENT,SINGLE_DELIVERY,si,15.000000000,USD,NO,-4444.000000000,,NOT_COLLECTED,NOT_COLLECTED,-9999,-9999.000000000,,,,,EJRF
,GNB,2024,2023,COVID19,VIAL,5.000000000,-4444,,JVC,Janssen - Ad26.COV 2-S,0.000000000,NATIONAL_AUTHORITY,UNICEF_SD,FIVE_YEAR,-4444,7.500000000,USD,YES,20.000000000,,NOT_COLLECTED,NOT_COLLECTED,-9999,-9999.000000000,,,,,EJRF
,HKG,2024,2024,COVID19,VIAL,6.000000000,-2222,-2222,SF,Comirnaty JN.1 30mcg/dose,109440.000000000,NATIONAL_AUTHORITY,SELF_PROCUREMENT,-2222,"Yes, Spikevax JN.1",-2222.000000000,-2222,NO,,,NOT_COLLECTED,NOT_COLLECTED,-9999,-9999.000000000,,,,,EJRF
,RUS,2024,2024,COVID19,AMPOULE,1.000000000,-4444,-4444,NR,"Гам-КОВИД-Вак-Д, Конвасэл",-2222.000000000,SUBNATIONAL_AUTHORITIES,SELF_PROCUREMENT,ONE_YEAR,-4444,-2222.000000000,RUB,YES,10.000000000,,NOT_COLLECTED,DDP,SUBNATIONAL_AUTHORITIES,-9999.000000000,,,,,EJRF
,KGZ,2024,2023,COVID19,VIAL,6.000000000,,,PFIZER,Comirnaty,20160.000000000,NATIONAL_AUTHORITY,UNICEF_SD,SINGLE_DELIVERY,,6.750000000,USD,NO,,,NOT_COLLECTED,FCA,DONOR,-9999.000000000,,,,,EJRF
,GRD,2024,2024,COVID19,-4444,6.000000000,-4444,-4444,PFIZER,Pfizer,5760.000000000,NATIONAL_AUTHORITY,PAHO_RF,ONE_YEAR,-4444,6.750000000,USD,YES,2.500000000,,NOT_COLLECTED,NOT_COLLECTED,-9999,-9999.000000000,,,,,EJRF
,BMU,2024,2024,COVID19,VIAL,6.000000000,-2222,-2222,PFIZER,COVID ,8040.000000000,NATIONAL_AUTHORITY,SELF_PROCUREMENT,SINGLE_DELIVERY,no,18.000000000,USD,NO,-4444.000000000,-2222,NOT_COLLECTED,NOT_COLLECTED,-9999,-9999.000000000,,,,,EJRF
,GUM,2024,2024,COVID19,PREFILLED_SERYNGE,1.000000000,-4444,,PFIZER,Comirnaty,900.000000000,OTHER,OTHER,ONE_YEAR,,99.710000000,USD,YES,-2222.000000000,,NOT_COLLECTED,NOT_COLLECTED,-9999,-9999.000000000,,,,,EJRF
,GUM,2024,2024,COVID19,TWO_VIAL_SET,3.000000000,-4444,,PFIZER,6m-4y Pfizer Bio-NTech COVID-19,510.000000000,OTHER,OTHER,ONE_YEAR,,48.880000000,USD,YES,-2222.000000000,,NOT_COLLECTED,NOT_COLLECTED,-9999,-9999.000000000,,,,,EJRF
,GUM,2024,2024,COVID19,VIAL,1.000000000,,,MOD,6m-11y 2023-2024 Formula,850.000000000,OTHER,OTHER,ONE_YEAR,,85.910000000,USD,YES,-2222.000000000,,NOT_COLLECTED,NOT_COLLECTED,-9999,-9999.000000000,,,,,EJRF
,GUM,2024,2024,COVID19,VIAL,1.000000000,,,PFIZER,5y-11y 2023-2024 Pfizer Bio-NTech COVID-19,450.000000000,OTHER,OTHER,ONE_YEAR,,65.450000000,USD,YES,-2222.000000000,,NOT_COLLECTED,NOT_COLLECTED,-9999,-9999.000000000,,,,,EJRF
,JPN,2024,2024,COVID19,VIAL,2.000000000,,,DAIICHI,,-2222.000000000,SUBNATIONAL_AUTHORITIES,SELF_PROCUREMENT,SINGLE_DELIVERY,,,,,,Numbers of procurement by each manufacturer is not available. Total numbers procured of this vaccine is filled in 5.1.1.26.,NOT_COLLECTED,NOT_COLLECTED,-9999,-9999.000000000,,,,,EJRF
,MNE,2024,2021,COVID19,VIAL,6.000000000,-4444,-4444,PFIZER,Comirnaty Omicron XBB.1.5,2880.000000000,NATIONAL_AUTHORITY,SELF_PROCUREMENT,-2222,,15.200000000,EUR,YES,0.000000000,,NOT_COLLECTED,,HEALTH_INSURANCE_AGENCY,-9999.000000000,,,,,EJRF
,MNE,2024,2024,COVID19,AMPOULE,6.000000000,,,PFIZER,COMIRNATY® Omicron XBB.1.5,400.000000000,NATIONAL_AUTHORITY,SELF_PROCUREMENT,ONE_YEAR,,15.200000000,EUR,YES,0.000000000,,NOT_COLLECTED,,HEALTH_INSURANCE_AGENCY,-9999.000000000,,,,,EJRF
,JPN,2024,2024,COVID19,PREFILLED_SERYNGE,1.000000000,,,PFIZER,,-2222.000000000,SUBNATIONAL_AUTHORITIES,SELF_PROCUREMENT,SINGLE_DELIVERY,,,,,,Numbers of procurement by each manufacturer is not available. Total numbers procured of this vaccine is filled in 5.1.1.26,NOT_COLLECTED,NOT_COLLECTED,-9999,-9999.000000000,,,,,EJRF
,JPN,2024,2024,COVID19,PREFILLED_SERYNGE,1.000000000,,,MOD,,-2222.000000000,SUBNATIONAL_AUTHORITIES,SELF_PROCUREMENT,SINGLE_DELIVERY,,,,,,Numbers of procurement by each manufacturer is not available. Total numbers procured of this vaccine is filled in 5.1.1.26,NOT_COLLECTED,NOT_COLLECTED,-9999,-9999.000000000,,,,,EJRF
,AND,2024,2024,COVID19,VIAL,10.000000000,,,PFIZER,Cominarty,2880.000000000,NATIONAL_AUTHORITY,SELF_PROCUREMENT,ONE_YEAR,,-2222.000000000,-2222,-2222,-2222.000000000,,NOT_COLLECTED,ND,CENTRAL_GOVERNMENT,-9999.000000000,,,,,EJRF
,ZMB,2024,2024,COVID19,VIAL,6.000000000,-4444,-4444,PFIZER,Comirnaty XBB.1.5.,699840.000000000,NATIONAL_AUTHORITY,UNICEF_SD,ONE_YEAR,-4444,6.750000000,USD,-4444,-4444.000000000,-4444,NOT_COLLECTED,NOT_COLLECTED,-9999,-9999.000000000,,,,,EJRF
,PRY,2024,2024,COVID19,VIAL,5.000000000,-2222,-2222,MOD,Spikevax TM XBB.1.5 0.1 mg/mL,500000.000000000,NATIONAL_AUTHORITY,SELF_PROCUREMENT,ONE_YEAR,-4444,25.000000000,USD,NO,-2222.000000000,Vacuna Contra Covid-19,NOT_COLLECTED,NOT_COLLECTED,-9999,-9999.000000000,,,,,EJRF
,PER,2024,2024,COVID19,VIAL,5.000000000,-2222,,MOD,,200000.000000000,NATIONAL_AUTHORITY,PAHO_RF,ONE_YEAR,no,20.000000000,USD,NO,,DE LA VACUNA MPOX (VIRUELA DEL MONO) No se adquirio la vacuna en el 2024,NOT_COLLECTED,NOT_COLLECTED,-9999,-9999.000000000,,,,,EJRF
