COUNTRY,YEAR,INDCODE,DIMENSION2,VALUE,VALUE_NUM,VALUE_EXACT,VALUE_CMT,LEG_COMMENT,LEG_CREATEDBY,LEG_MODIFIEDBY,LEG_DATESTAMP,SOURCE
BRB,2023,IIS_COVID19_SYSTEM_MONITOR,IIS_COVID19_SYSTEM_AGGREGATE,,,,,,,,,EJRF
BRB,2023,IIS_COVID19_SYSTEM_MONITOR,IIS_COVID19_SYSTEM_EIR,YES,,,,,,,,EJRF
BRB,2023,IIS_COVID19_SYSTEM_MONITOR,IIS_COVID19_SYSTEM_AGGREGATE_NEW,,,,,,,,,EJRF
BRB,2023,IIS_COVID19_SYSTEM_MONITOR,IIS_COVID19_SYSTEM_EIR_NEW,YES,,,,,,,,EJRF
BRB,2023,IIS_COVID19_AGGREGATE_DIGITAL,,,,,,,,,,EJRF
BRB,2023,IIS_COVID19_DEVELOP,,MERGE_C19_SYSTEM,,,,,,,,EJRF
BRB,2023,IIS_COVID19_EXPAND,,,,,,,,,,EJRF
SEN,2023,SUPPLY_COVID19_WASTAGE,,0,,,,,,,,EJRF
SEN,2023,SUPPLY_COVID19_STOCK,,680650,,,,,,,,EJRF
SEN,2023,IIS_COVID19_SYSTEM_MONITOR,IIS_COVID19_SYSTEM_AGGREGATE,YES,,,,,,,,EJRF
SEN,2023,IIS_COVID19_SYSTEM_MONITOR,IIS_COVID19_SYSTEM_EIR,NO,,,,,,,,EJRF
SEN,2023,IIS_COVID19_SYSTEM_MONITOR,IIS_COVID19_SYSTEM_AGGREGATE_NEW,NO,,,,,,,,EJRF
SEN,2023,IIS_COVID19_SYSTEM_MONITOR,IIS_COVID19_SYSTEM_EIR_NEW,NO,,,,,,,,EJRF
SEN,2023,IIS_COVID19_AGGREGATE_DIGITAL,,HEALTH_FACILITY,,,,,,,,EJRF
SEN,2023,IIS_COVID19_DEVELOP,,MERGE_C19_SYSTEM,,,,,,,,EJRF
SEN,2023,IIS_COVID19_EXPAND,,,,,,,,,,EJRF
COD,2023,SUPPLY_COVID19_WASTAGE,,0.6,,,,,,,,EJRF
COD,2023,SUPPLY_COVID19_STOCK,,6654730,,,,,,,,EJRF
COD,2023,IIS_COVID19_SYSTEM_MONITOR,IIS_COVID19_SYSTEM_AGGREGATE,NO,,,,,,,,EJRF
COD,2023,IIS_COVID19_SYSTEM_MONITOR,IIS_COVID19_SYSTEM_EIR,NO,,,,,,,,EJRF
COD,2023,IIS_COVID19_SYSTEM_MONITOR,IIS_COVID19_SYSTEM_AGGREGATE_NEW,YES,,,,,,,,EJRF
COD,2023,IIS_COVID19_SYSTEM_MONITOR,IIS_COVID19_SYSTEM_EIR_NEW,YES,,,,,,,,EJRF
KNA,2023,IIS_COVID19_SYSTEM_MONITOR,IIS_COVID19_SYSTEM_AGGREGATE,NO,,,,,,,,EJRF
KNA,2023,IIS_COVID19_SYSTEM_MONITOR,IIS_COVID19_SYSTEM_EIR,NO,,,,,,,,EJRF
KNA,2023,IIS_COVID19_SYSTEM_MONITOR,IIS_COVID19_SYSTEM_AGGREGATE_NEW,YES,,,,,,,,EJRF
KNA,2023,IIS_COVID19_SYSTEM_MONITOR,IIS_COVID19_SYSTEM_EIR_NEW,YES,,,,,,,,EJRF
COD,2023,IIS_COVID19_AGGREGATE_DIGITAL,,HEALTH_FACILITY,,,,,,,,EJRF
KNA,2023,IIS_COVID19_AGGREGATE_DIGITAL,,HEALTH_FACILITY,,,,,,,,EJRF
COD,2023,IIS_COVID19_DEVELOP,,EXPAND_C19_SYSTEM,,,,,,,,EJRF
KNA,2023,IIS_COVID19_DEVELOP,,KEEP_C19_SYSTEM,,,,,,,,EJRF
COD,2023,IIS_COVID19_EXPAND,,Tous les vaccins de la Routine,,,,,,,,EJRF
KNA,2023,IIS_COVID19_EXPAND,,,,,,,,,,EJRF
CIV,2023,SUPPLY_COVID19_WASTAGE,,12,,,,,,,,EJRF
CIV,2023,SUPPLY_COVID19_STOCK,,4050240,,,,,,,,EJRF
CIV,2023,IIS_COVID19_SYSTEM_MONITOR,IIS_COVID19_SYSTEM_AGGREGATE,YES,,,,,,,,EJRF
CIV,2023,IIS_COVID19_SYSTEM_MONITOR,IIS_COVID19_SYSTEM_EIR,NO,,,,,,,,EJRF
CIV,2023,IIS_COVID19_SYSTEM_MONITOR,IIS_COVID19_SYSTEM_AGGREGATE_NEW,YES,,,,,,,,EJRF
CIV,2023,IIS_COVID19_SYSTEM_MONITOR,IIS_COVID19_SYSTEM_EIR_NEW,YES,,,,,,,,EJRF
NCL,2023,IIS_COVID19_SYSTEM_MONITOR,IIS_COVID19_SYSTEM_AGGREGATE,NO,,,,,,,,EJRF
NCL,2023,IIS_COVID19_SYSTEM_MONITOR,IIS_COVID19_SYSTEM_EIR,NO,,,,,,,,EJRF
NCL,2023,IIS_COVID19_SYSTEM_MONITOR,IIS_COVID19_SYSTEM_AGGREGATE_NEW,YES,,,,,,,,EJRF
NCL,2023,IIS_COVID19_SYSTEM_MONITOR,IIS_COVID19_SYSTEM_EIR_NEW,-4444,,,,,,,,EJRF
CIV,2023,IIS_COVID19_AGGREGATE_DIGITAL,,ADMIN3,,,,,,,,EJRF
NCL,2023,IIS_COVID19_AGGREGATE_DIGITAL,,NATIONAL,,,,,,,,EJRF
CIV,2023,IIS_COVID19_DEVELOP,,MERGE_C19_SYSTEM,,,,,,,,EJRF
NCL,2023,IIS_COVID19_DEVELOP,,EXPAND_C19_SYSTEM,,,,,,,,EJRF
CIV,2023,IIS_COVID19_EXPAND,,,,,,,,,,EJRF
NCL,2023,IIS_COVID19_EXPAND,,Création d'un e-carnet de vaccination en cours. Elargit à tous les autres vaccins.,,,,,,,,EJRF
GNB,2023,SUPPLY_COVID19_WASTAGE,,6.1,,,,,,,,EJRF
GNB,2023,SUPPLY_COVID19_STOCK,,40800,,,,,,,,EJRF
GAB,2023,IIS_COVID19_SYSTEM_MONITOR,IIS_COVID19_SYSTEM_AGGREGATE,NO,,,,,,,,EJRF
GAB,2023,IIS_COVID19_SYSTEM_MONITOR,IIS_COVID19_SYSTEM_EIR,NO,,,,,,,,EJRF
GAB,2023,IIS_COVID19_SYSTEM_MONITOR,IIS_COVID19_SYSTEM_AGGREGATE_NEW,YES,,,,,,,,EJRF
GAB,2023,IIS_COVID19_SYSTEM_MONITOR,IIS_COVID19_SYSTEM_EIR_NEW,YES,,,,,,,,EJRF
GNB,2023,IIS_COVID19_SYSTEM_MONITOR,IIS_COVID19_SYSTEM_AGGREGATE,YES,,,,,,,,EJRF
GNB,2023,IIS_COVID19_SYSTEM_MONITOR,IIS_COVID19_SYSTEM_EIR,YES,,,,,,,,EJRF
GNB,2023,IIS_COVID19_SYSTEM_MONITOR,IIS_COVID19_SYSTEM_AGGREGATE_NEW,YES,,,,,,,,EJRF
GNB,2023,IIS_COVID19_SYSTEM_MONITOR,IIS_COVID19_SYSTEM_EIR_NEW,YES,,,,,,,,EJRF
TKM,2023,IIS_COVID19_SYSTEM_MONITOR,IIS_COVID19_SYSTEM_AGGREGATE,-4444,,,,,,,,EJRF
TKM,2023,IIS_COVID19_SYSTEM_MONITOR,IIS_COVID19_SYSTEM_EIR,-4444,,,,,,,,EJRF
TKM,2023,IIS_COVID19_SYSTEM_MONITOR,IIS_COVID19_SYSTEM_AGGREGATE_NEW,-4444,,,,,,,,EJRF
TKM,2023,IIS_COVID19_SYSTEM_MONITOR,IIS_COVID19_SYSTEM_EIR_NEW,-4444,,,,,,,,EJRF
GAB,2023,IIS_COVID19_AGGREGATE_DIGITAL,,NATIONAL,,,,,,,,EJRF
GNB,2023,IIS_COVID19_AGGREGATE_DIGITAL,,NATIONAL,,,,,,,,EJRF
TKM,2023,IIS_COVID19_AGGREGATE_DIGITAL,,,,,,,,,,EJRF
GAB,2023,IIS_COVID19_DEVELOP,,OTHER,,,,,,,,EJRF
GNB,2023,IIS_COVID19_DEVELOP,,MERGE_C19_SYSTEM,,,,,,,,EJRF
TKM,2023,IIS_COVID19_DEVELOP,,-2222,,,,,,,,EJRF
GAB,2023,IIS_COVID19_EXPAND,,,,,,,,,,EJRF
GNB,2023,IIS_COVID19_EXPAND,,,,,,,,,,EJRF
TKM,2023,IIS_COVID19_EXPAND,,,,,,,,,,EJRF
UGA,2023,SUPPLY_COVID19_WASTAGE,,-2222,,,,,,,,EJRF
UGA,2023,SUPPLY_COVID19_STOCK,,-2222,,,,,,,,EJRF
IRN,2023,IIS_COVID19_SYSTEM_MONITOR,IIS_COVID19_SYSTEM_AGGREGATE,NO,,,,,,,,EJRF
IRN,2023,IIS_COVID19_SYSTEM_MONITOR,IIS_COVID19_SYSTEM_EIR,YES,,,,,,,,EJRF
IRN,2023,IIS_COVID19_SYSTEM_MONITOR,IIS_COVID19_SYSTEM_AGGREGATE_NEW,NO,,,,,,,,EJRF
IRN,2023,IIS_COVID19_SYSTEM_MONITOR,IIS_COVID19_SYSTEM_EIR_NEW,NO,,,,,,,,EJRF
MLT,2023,IIS_COVID19_SYSTEM_MONITOR,IIS_COVID19_SYSTEM_AGGREGATE,YES,,,,,,,,EJRF
MLT,2023,IIS_COVID19_SYSTEM_MONITOR,IIS_COVID19_SYSTEM_EIR,NO,,,,,,,,EJRF
MLT,2023,IIS_COVID19_SYSTEM_MONITOR,IIS_COVID19_SYSTEM_AGGREGATE_NEW,-2222,,,,,,,,EJRF
MLT,2023,IIS_COVID19_SYSTEM_MONITOR,IIS_COVID19_SYSTEM_EIR_NEW,-2222,,,,,,,,EJRF
UGA,2023,IIS_COVID19_SYSTEM_MONITOR,IIS_COVID19_SYSTEM_AGGREGATE,YES,,,,,,,,EJRF
UGA,2023,IIS_COVID19_SYSTEM_MONITOR,IIS_COVID19_SYSTEM_EIR,NO,,,,,,,,EJRF
UGA,2023,IIS_COVID19_SYSTEM_MONITOR,IIS_COVID19_SYSTEM_AGGREGATE_NEW,YES,,,,,,,,EJRF
UGA,2023,IIS_COVID19_SYSTEM_MONITOR,IIS_COVID19_SYSTEM_EIR_NEW,YES,,,,,,,,EJRF
IRN,2023,IIS_COVID19_AGGREGATE_DIGITAL,,,,,,,,,,EJRF
MLT,2023,IIS_COVID19_AGGREGATE_DIGITAL,,NATIONAL,,,,,,,,EJRF
UGA,2023,IIS_COVID19_AGGREGATE_DIGITAL,,HEALTH_FACILITY,,,,,,,,EJRF
IRN,2023,IIS_COVID19_DEVELOP,,MERGE_C19_SYSTEM,,,,,,,,EJRF
MLT,2023,IIS_COVID19_DEVELOP,,KEEP_C19_SYSTEM,,,,,,,,EJRF
UGA,2023,IIS_COVID19_DEVELOP,,EXPAND_C19_SYSTEM,,,,,,,,EJRF
IRN,2023,IIS_COVID19_EXPAND,,,,,,,,,,EJRF
MLT,2023,IIS_COVID19_EXPAND,,,,,,,,,,EJRF
UGA,2023,IIS_COVID19_EXPAND,,System will be expanded for campaign antigens and for use during campaigns,,,,,,,,EJRF
CZE,2023,IIS_COVID19_SYSTEM_MONITOR,IIS_COVID19_SYSTEM_AGGREGATE,NO,,,,,,,,EJRF
CZE,2023,IIS_COVID19_SYSTEM_MONITOR,IIS_COVID19_SYSTEM_EIR,NO,,,,,,,,EJRF
CZE,2023,IIS_COVID19_SYSTEM_MONITOR,IIS_COVID19_SYSTEM_AGGREGATE_NEW,NO,,,,,,,,EJRF
CZE,2023,IIS_COVID19_SYSTEM_MONITOR,IIS_COVID19_SYSTEM_EIR_NEW,YES,,,,,,,,EJRF
PLW,2023,IIS_COVID19_SYSTEM_MONITOR,IIS_COVID19_SYSTEM_AGGREGATE,-4444,,,,,,,,EJRF
PLW,2023,IIS_COVID19_SYSTEM_MONITOR,IIS_COVID19_SYSTEM_EIR,YES,,,,,,,,EJRF
PLW,2023,IIS_COVID19_SYSTEM_MONITOR,IIS_COVID19_SYSTEM_AGGREGATE_NEW,-4444,,,,,,,,EJRF
PLW,2023,IIS_COVID19_SYSTEM_MONITOR,IIS_COVID19_SYSTEM_EIR_NEW,-4444,,,,,,,,EJRF
CZE,2023,IIS_COVID19_AGGREGATE_DIGITAL,,,,,,,,,,EJRF
PLW,2023,IIS_COVID19_AGGREGATE_DIGITAL,,,,,,,,,,EJRF
CZE,2023,IIS_COVID19_DEVELOP,,KEEP_C19_SYSTEM,,,,,,,,EJRF
PLW,2023,IIS_COVID19_DEVELOP,,EXPAND_C19_SYSTEM,,,,,,,,EJRF
CZE,2023,IIS_COVID19_EXPAND,,,,,,,,,,EJRF
PLW,2023,IIS_COVID19_EXPAND,,-4444,,,,,,,,EJRF
KHM,2023,SUPPLY_COVID19_WASTAGE,,-2222,,,,,,,,EJRF
TJK,2023,SUPPLY_COVID19_WASTAGE,,36,,,,,,,,EJRF
KHM,2023,SUPPLY_COVID19_STOCK,,-2222,,,,,,,,EJRF
TJK,2023,SUPPLY_COVID19_STOCK,,0,,,,,,,,EJRF
KHM,2023,IIS_COVID19_SYSTEM_MONITOR,IIS_COVID19_SYSTEM_AGGREGATE,NO,,,,,,,,EJRF
KHM,2023,IIS_COVID19_SYSTEM_MONITOR,IIS_COVID19_SYSTEM_EIR,NO,,,,,,,,EJRF
KHM,2023,IIS_COVID19_SYSTEM_MONITOR,IIS_COVID19_SYSTEM_AGGREGATE_NEW,YES,,,,,,,,EJRF
KHM,2023,IIS_COVID19_SYSTEM_MONITOR,IIS_COVID19_SYSTEM_EIR_NEW,YES,,,,,,,,EJRF
ISL,2023,IIS_COVID19_SYSTEM_MONITOR,IIS_COVID19_SYSTEM_AGGREGATE,NO,,,,,,,,EJRF
ISL,2023,IIS_COVID19_SYSTEM_MONITOR,IIS_COVID19_SYSTEM_EIR,NO,,,,,,,,EJRF
ISL,2023,IIS_COVID19_SYSTEM_MONITOR,IIS_COVID19_SYSTEM_AGGREGATE_NEW,NO,,,,,,,,EJRF
ISL,2023,IIS_COVID19_SYSTEM_MONITOR,IIS_COVID19_SYSTEM_EIR_NEW,YES,,,,,,,,EJRF
MCO,2023,IIS_COVID19_SYSTEM_MONITOR,IIS_COVID19_SYSTEM_AGGREGATE,,,,,,,,,EJRF
MCO,2023,IIS_COVID19_SYSTEM_MONITOR,IIS_COVID19_SYSTEM_EIR,,,,,,,,,EJRF
MCO,2023,IIS_COVID19_SYSTEM_MONITOR,IIS_COVID19_SYSTEM_AGGREGATE_NEW,,,,,,,,,EJRF
MCO,2023,IIS_COVID19_SYSTEM_MONITOR,IIS_COVID19_SYSTEM_EIR_NEW,,,,,,,,,EJRF
NIU,2023,IIS_COVID19_SYSTEM_MONITOR,IIS_COVID19_SYSTEM_AGGREGATE,YES,,,,,,,,EJRF
NIU,2023,IIS_COVID19_SYSTEM_MONITOR,IIS_COVID19_SYSTEM_EIR,NO,,,,,,,,EJRF
NIU,2023,IIS_COVID19_SYSTEM_MONITOR,IIS_COVID19_SYSTEM_AGGREGATE_NEW,NO,,,,,,,,EJRF
NIU,2023,IIS_COVID19_SYSTEM_MONITOR,IIS_COVID19_SYSTEM_EIR_NEW,YES,,,,,,,,EJRF
TJK,2023,IIS_COVID19_SYSTEM_MONITOR,IIS_COVID19_SYSTEM_AGGREGATE,NO,,,,,,,,EJRF
TJK,2023,IIS_COVID19_SYSTEM_MONITOR,IIS_COVID19_SYSTEM_EIR,NO,,,,,,,,EJRF
TJK,2023,IIS_COVID19_SYSTEM_MONITOR,IIS_COVID19_SYSTEM_AGGREGATE_NEW,-4444,,,,,,,,EJRF
TJK,2023,IIS_COVID19_SYSTEM_MONITOR,IIS_COVID19_SYSTEM_EIR_NEW,NO,,,,,,,,EJRF
KHM,2023,IIS_COVID19_AGGREGATE_DIGITAL,,HEALTH_FACILITY,,,,,,,,EJRF
ISL,2023,IIS_COVID19_AGGREGATE_DIGITAL,,,,,,,,,,EJRF
MCO,2023,IIS_COVID19_AGGREGATE_DIGITAL,,,,,,,,,,EJRF
NIU,2023,IIS_COVID19_AGGREGATE_DIGITAL,,NATIONAL,,,,,,,,EJRF
TJK,2023,IIS_COVID19_AGGREGATE_DIGITAL,,,,,,,,,,EJRF
KHM,2023,IIS_COVID19_DEVELOP,,MERGE_C19_SYSTEM,,,,,,,,EJRF
ISL,2023,IIS_COVID19_DEVELOP,,EXPAND_C19_SYSTEM,,,,,,,,EJRF
MCO,2023,IIS_COVID19_DEVELOP,,KEEP_C19_SYSTEM,,,,,,,,EJRF
NIU,2023,IIS_COVID19_DEVELOP,,KEEP_C19_SYSTEM,,,,,,,,EJRF
TJK,2023,IIS_COVID19_DEVELOP,,EXPAND_C19_SYSTEM,,,,,,,,EJRF
KHM,2023,IIS_COVID19_EXPAND,,,,,,,,,,EJRF
ISL,2023,IIS_COVID19_EXPAND,,"Influenza from 2022 - plans to use lessons learned from this system for another new, fully expanded system for any vaccination",,,,,,,,EJRF
MCO,2023,IIS_COVID19_EXPAND,,,,,,,,,,EJRF
NIU,2023,IIS_COVID19_EXPAND,,,,,,,,,,EJRF
TJK,2023,IIS_COVID19_EXPAND,,По плановым прививкам,,,,,,,,EJRF
AZE,2023,IIS_COVID19_SYSTEM_MONITOR,IIS_COVID19_SYSTEM_AGGREGATE,NO,,,,,,,,EJRF
AZE,2023,IIS_COVID19_SYSTEM_MONITOR,IIS_COVID19_SYSTEM_EIR,NO,,,,,,,,EJRF
AZE,2023,IIS_COVID19_SYSTEM_MONITOR,IIS_COVID19_SYSTEM_AGGREGATE_NEW,NO,,,,,,,,EJRF
AZE,2023,IIS_COVID19_SYSTEM_MONITOR,IIS_COVID19_SYSTEM_EIR_NEW,YES,,,,,,,,EJRF
COL,2023,IIS_COVID19_SYSTEM_MONITOR,IIS_COVID19_SYSTEM_AGGREGATE,YES,,,,,,,,EJRF
COL,2023,IIS_COVID19_SYSTEM_MONITOR,IIS_COVID19_SYSTEM_EIR,YES,,,,,,,,EJRF
COL,2023,IIS_COVID19_SYSTEM_MONITOR,IIS_COVID19_SYSTEM_AGGREGATE_NEW,NO,,,,,,,,EJRF
COL,2023,IIS_COVID19_SYSTEM_MONITOR,IIS_COVID19_SYSTEM_EIR_NEW,NO,,,,,,,,EJRF
COG,2023,IIS_COVID19_SYSTEM_MONITOR,IIS_COVID19_SYSTEM_AGGREGATE,-4444,,,,,,,,EJRF
COG,2023,IIS_COVID19_SYSTEM_MONITOR,IIS_COVID19_SYSTEM_EIR,-4444,,,,,,,,EJRF
COG,2023,IIS_COVID19_SYSTEM_MONITOR,IIS_COVID19_SYSTEM_AGGREGATE_NEW,-4444,,,,,,,,EJRF
COG,2023,IIS_COVID19_SYSTEM_MONITOR,IIS_COVID19_SYSTEM_EIR_NEW,YES,,,,,,,,EJRF
DOM,2023,IIS_COVID19_SYSTEM_MONITOR,IIS_COVID19_SYSTEM_AGGREGATE,NO,,,,,,,,EJRF
DOM,2023,IIS_COVID19_SYSTEM_MONITOR,IIS_COVID19_SYSTEM_EIR,NO,,,,,,,,EJRF
DOM,2023,IIS_COVID19_SYSTEM_MONITOR,IIS_COVID19_SYSTEM_AGGREGATE_NEW,NO,,,,,,,,EJRF
DOM,2023,IIS_COVID19_SYSTEM_MONITOR,IIS_COVID19_SYSTEM_EIR_NEW,YES,,,,,,,,EJRF
SLV,2023,IIS_COVID19_SYSTEM_MONITOR,IIS_COVID19_SYSTEM_AGGREGATE,NO,,,,,,,,EJRF
SLV,2023,IIS_COVID19_SYSTEM_MONITOR,IIS_COVID19_SYSTEM_EIR,NO,,,,,,,,EJRF
SLV,2023,IIS_COVID19_SYSTEM_MONITOR,IIS_COVID19_SYSTEM_AGGREGATE_NEW,NO,,,,,,,,EJRF
SLV,2023,IIS_COVID19_SYSTEM_MONITOR,IIS_COVID19_SYSTEM_EIR_NEW,YES,,,,,,,,EJRF
GMB,2023,IIS_COVID19_SYSTEM_MONITOR,IIS_COVID19_SYSTEM_AGGREGATE,NO,,,,,,,,EJRF
GMB,2023,IIS_COVID19_SYSTEM_MONITOR,IIS_COVID19_SYSTEM_EIR,NO,,,,,,,,EJRF
GMB,2023,IIS_COVID19_SYSTEM_MONITOR,IIS_COVID19_SYSTEM_AGGREGATE_NEW,YES,,,,,,,,EJRF
GMB,2023,IIS_COVID19_SYSTEM_MONITOR,IIS_COVID19_SYSTEM_EIR_NEW,NO,,,,,,,,EJRF
HND,2023,IIS_COVID19_SYSTEM_MONITOR,IIS_COVID19_SYSTEM_AGGREGATE,NO,,,,,,,,EJRF
HND,2023,IIS_COVID19_SYSTEM_MONITOR,IIS_COVID19_SYSTEM_EIR,YES,,,,,,,,EJRF
HND,2023,IIS_COVID19_SYSTEM_MONITOR,IIS_COVID19_SYSTEM_AGGREGATE_NEW,NO,,,,,,,,EJRF
HND,2023,IIS_COVID19_SYSTEM_MONITOR,IIS_COVID19_SYSTEM_EIR_NEW,NO,,,,,,,,EJRF
LBN,2023,IIS_COVID19_SYSTEM_MONITOR,IIS_COVID19_SYSTEM_AGGREGATE,-4444,,,,,,,,EJRF
LBN,2023,IIS_COVID19_SYSTEM_MONITOR,IIS_COVID19_SYSTEM_EIR,-4444,,,,,,,,EJRF
LBN,2023,IIS_COVID19_SYSTEM_MONITOR,IIS_COVID19_SYSTEM_AGGREGATE_NEW,YES,,,,,,,,EJRF
LBN,2023,IIS_COVID19_SYSTEM_MONITOR,IIS_COVID19_SYSTEM_EIR_NEW,YES,,,,,,,,EJRF
SMR,2023,IIS_COVID19_SYSTEM_MONITOR,IIS_COVID19_SYSTEM_AGGREGATE,NO,,,,,,,,EJRF
SMR,2023,IIS_COVID19_SYSTEM_MONITOR,IIS_COVID19_SYSTEM_EIR,YES,,,,,,,,EJRF
SMR,2023,IIS_COVID19_SYSTEM_MONITOR,IIS_COVID19_SYSTEM_AGGREGATE_NEW,NO,,,,,,,,EJRF
SMR,2023,IIS_COVID19_SYSTEM_MONITOR,IIS_COVID19_SYSTEM_EIR_NEW,NO,,,,,,,,EJRF
SAU,2023,IIS_COVID19_SYSTEM_MONITOR,IIS_COVID19_SYSTEM_AGGREGATE,NO,,,,,,,,EJRF
SAU,2023,IIS_COVID19_SYSTEM_MONITOR,IIS_COVID19_SYSTEM_EIR,NO,,,,,,,,EJRF
SAU,2023,IIS_COVID19_SYSTEM_MONITOR,IIS_COVID19_SYSTEM_AGGREGATE_NEW,NO,,,,,,,,EJRF
SAU,2023,IIS_COVID19_SYSTEM_MONITOR,IIS_COVID19_SYSTEM_EIR_NEW,YES,,,,,,,,EJRF
SVK,2023,IIS_COVID19_SYSTEM_MONITOR,IIS_COVID19_SYSTEM_AGGREGATE,NO,,,,,,,,EJRF
SVK,2023,IIS_COVID19_SYSTEM_MONITOR,IIS_COVID19_SYSTEM_EIR,YES,,,,,,,,EJRF
SVK,2023,IIS_COVID19_SYSTEM_MONITOR,IIS_COVID19_SYSTEM_AGGREGATE_NEW,NO,,,,,,,,EJRF
SVK,2023,IIS_COVID19_SYSTEM_MONITOR,IIS_COVID19_SYSTEM_EIR_NEW,NO,,,,,,,,EJRF
SVN,2023,IIS_COVID19_SYSTEM_MONITOR,IIS_COVID19_SYSTEM_AGGREGATE,NO,,,,,,,,EJRF
SVN,2023,IIS_COVID19_SYSTEM_MONITOR,IIS_COVID19_SYSTEM_EIR,YES,,,,,,,,EJRF
SVN,2023,IIS_COVID19_SYSTEM_MONITOR,IIS_COVID19_SYSTEM_AGGREGATE_NEW,NO,,,,,,,,EJRF
SVN,2023,IIS_COVID19_SYSTEM_MONITOR,IIS_COVID19_SYSTEM_EIR_NEW,NO,,,,,,,,EJRF
TON,2023,IIS_COVID19_SYSTEM_MONITOR,IIS_COVID19_SYSTEM_AGGREGATE,YES,,,,,,,,EJRF
TON,2023,IIS_COVID19_SYSTEM_MONITOR,IIS_COVID19_SYSTEM_EIR,NO,,,,,,,,EJRF
TON,2023,IIS_COVID19_SYSTEM_MONITOR,IIS_COVID19_SYSTEM_AGGREGATE_NEW,YES,,,,,,,,EJRF
TON,2023,IIS_COVID19_SYSTEM_MONITOR,IIS_COVID19_SYSTEM_EIR_NEW,-4444,,,,,,,,EJRF
TCA,2023,IIS_COVID19_SYSTEM_MONITOR,IIS_COVID19_SYSTEM_AGGREGATE,YES,,,,,,,,EJRF
TCA,2023,IIS_COVID19_SYSTEM_MONITOR,IIS_COVID19_SYSTEM_EIR,YES,,,,,,,,EJRF
TCA,2023,IIS_COVID19_SYSTEM_MONITOR,IIS_COVID19_SYSTEM_AGGREGATE_NEW,NO,,,,,,,,EJRF
TCA,2023,IIS_COVID19_SYSTEM_MONITOR,IIS_COVID19_SYSTEM_EIR_NEW,NO,,,,,,,,EJRF
UKR,2023,IIS_COVID19_SYSTEM_MONITOR,IIS_COVID19_SYSTEM_AGGREGATE,YES,,,,,,,,EJRF
UKR,2023,IIS_COVID19_SYSTEM_MONITOR,IIS_COVID19_SYSTEM_EIR,YES,,,,,,,,EJRF
UKR,2023,IIS_COVID19_SYSTEM_MONITOR,IIS_COVID19_SYSTEM_AGGREGATE_NEW,YES,,,,,,,,EJRF
UKR,2023,IIS_COVID19_SYSTEM_MONITOR,IIS_COVID19_SYSTEM_EIR_NEW,YES,,,,,,,,EJRF
VGB,2023,IIS_COVID19_SYSTEM_MONITOR,IIS_COVID19_SYSTEM_AGGREGATE_NEW,NO,,,,,,,,EJRF
VGB,2023,IIS_COVID19_SYSTEM_MONITOR,IIS_COVID19_SYSTEM_EIR_NEW,YES,,,,,,,,EJRF
VGB,2023,IIS_COVID19_SYSTEM_MONITOR,IIS_COVID19_SYSTEM_AGGREGATE,NO,,,,,,,,EJRF
VGB,2023,IIS_COVID19_SYSTEM_MONITOR,IIS_COVID19_SYSTEM_EIR,NO,,,,,,,,EJRF
PSE,2023,IIS_COVID19_SYSTEM_MONITOR,IIS_COVID19_SYSTEM_AGGREGATE,NO,,,,,,,,EJRF
PSE,2023,IIS_COVID19_SYSTEM_MONITOR,IIS_COVID19_SYSTEM_EIR,NO,,,,,,,,EJRF
PSE,2023,IIS_COVID19_SYSTEM_MONITOR,IIS_COVID19_SYSTEM_AGGREGATE_NEW,NO,,,,,,,,EJRF
PSE,2023,IIS_COVID19_SYSTEM_MONITOR,IIS_COVID19_SYSTEM_EIR_NEW,YES,,,,,,,,EJRF
AZE,2023,IIS_COVID19_AGGREGATE_DIGITAL,,,,,,,,,,EJRF
COL,2023,IIS_COVID19_AGGREGATE_DIGITAL,,HEALTH_FACILITY,,,,,,,,EJRF
COG,2023,IIS_COVID19_AGGREGATE_DIGITAL,,,,,,,,,,EJRF
DOM,2023,IIS_COVID19_AGGREGATE_DIGITAL,,,,,,,,,,EJRF
SLV,2023,IIS_COVID19_AGGREGATE_DIGITAL,,,,,,,,,,EJRF
GMB,2023,IIS_COVID19_AGGREGATE_DIGITAL,,ADMIN2,,,,,,,,EJRF
HND,2023,IIS_COVID19_AGGREGATE_DIGITAL,,,,,,,,,,EJRF
LBN,2023,IIS_COVID19_AGGREGATE_DIGITAL,,HEALTH_FACILITY,,,,,,,,EJRF
SMR,2023,IIS_COVID19_AGGREGATE_DIGITAL,,,,,,,,,,EJRF
SAU,2023,IIS_COVID19_AGGREGATE_DIGITAL,,,,,,,,,,EJRF
SVK,2023,IIS_COVID19_AGGREGATE_DIGITAL,,,,,,,,,,EJRF
SVN,2023,IIS_COVID19_AGGREGATE_DIGITAL,,,,,,,,,,EJRF
TON,2023,IIS_COVID19_AGGREGATE_DIGITAL,,ADMIN2,,,,,,,,EJRF
TCA,2023,IIS_COVID19_AGGREGATE_DIGITAL,,HEALTH_FACILITY,,,,,,,,EJRF
UKR,2023,IIS_COVID19_AGGREGATE_DIGITAL,,HEALTH_FACILITY,,,,,,,,EJRF
VGB,2023,IIS_COVID19_AGGREGATE_DIGITAL,,,,,,,,,,EJRF
PSE,2023,IIS_COVID19_AGGREGATE_DIGITAL,,,,,,,,,,EJRF
AZE,2023,IIS_COVID19_DEVELOP,,KEEP_C19_SYSTEM,,,,,,,,EJRF
COL,2023,IIS_COVID19_DEVELOP,,MERGE_C19_SYSTEM,,,,,,,,EJRF
COG,2023,IIS_COVID19_DEVELOP,,KEEP_C19_SYSTEM,,,,,,,,EJRF
DOM,2023,IIS_COVID19_DEVELOP,,EXPAND_C19_SYSTEM,,,,,,,,EJRF
SLV,2023,IIS_COVID19_DEVELOP,,KEEP_C19_SYSTEM,,,,,,,,EJRF
GMB,2023,IIS_COVID19_DEVELOP,,MERGE_C19_SYSTEM,,,,,,,,EJRF
HND,2023,IIS_COVID19_DEVELOP,,OTHER,,,,,,,,EJRF
LBN,2023,IIS_COVID19_DEVELOP,,MERGE_C19_SYSTEM,,,,,,,,EJRF
SMR,2023,IIS_COVID19_DEVELOP,,MERGE_C19_SYSTEM,,,,,,,,EJRF
SAU,2023,IIS_COVID19_DEVELOP,,EXPAND_C19_SYSTEM,,,,,,,,EJRF
SVK,2023,IIS_COVID19_DEVELOP,,KEEP_C19_SYSTEM,,,,,,,,EJRF
SVN,2023,IIS_COVID19_DEVELOP,,MERGE_C19_SYSTEM,,,,,,,,EJRF
TON,2023,IIS_COVID19_DEVELOP,,KEEP_C19_SYSTEM,,,,,,,,EJRF
TCA,2023,IIS_COVID19_DEVELOP,,MERGE_C19_SYSTEM,,,,,,,,EJRF
UKR,2023,IIS_COVID19_DEVELOP,,EXPAND_C19_SYSTEM,,,,,,,,EJRF
VGB,2023,IIS_COVID19_DEVELOP,,MERGE_C19_SYSTEM,,,,,,,,EJRF
PSE,2023,IIS_COVID19_DEVELOP,,KEEP_C19_SYSTEM,,,,,,,,EJRF
AZE,2023,IIS_COVID19_EXPAND,,,,,,,,,,EJRF
COL,2023,IIS_COVID19_EXPAND,,,,,,,,,,EJRF
COG,2023,IIS_COVID19_EXPAND,,,,,,,,,,EJRF
DOM,2023,IIS_COVID19_EXPAND,,Todas las vacunas del programa regular,,,,,,,,EJRF
SLV,2023,IIS_COVID19_EXPAND,,,,,,,,,,EJRF
GMB,2023,IIS_COVID19_EXPAND,,,,,,,,,,EJRF
HND,2023,IIS_COVID19_EXPAND,,,,,,,,,,EJRF
LBN,2023,IIS_COVID19_EXPAND,,,,,,,,,,EJRF
SMR,2023,IIS_COVID19_EXPAND,,,,,,,,,,EJRF
SAU,2023,IIS_COVID19_EXPAND,,All vaccines,,,,,,,,EJRF
SVK,2023,IIS_COVID19_EXPAND,,,,,,,,,,EJRF
SVN,2023,IIS_COVID19_EXPAND,,,,,,,,,,EJRF
TON,2023,IIS_COVID19_EXPAND,,,,,,,,,,EJRF
TCA,2023,IIS_COVID19_EXPAND,,,,,,,,,,EJRF
UKR,2023,IIS_COVID19_EXPAND,,"цифровий календар профілактичних щеплень, цифровий довідник вакцин",,,,,,,,EJRF
VGB,2023,IIS_COVID19_EXPAND,,,,,,,,,,EJRF
PSE,2023,IIS_COVID19_EXPAND,,,,,,,,,,EJRF
COG,2023,SUPPLY_COVID19_WASTAGE,,-4444,,,,,,,,EJRF
GMB,2023,SUPPLY_COVID19_WASTAGE,,44,,,,,,,,EJRF
COG,2023,SUPPLY_COVID19_STOCK,,745000,,,,,,,,EJRF
GMB,2023,SUPPLY_COVID19_STOCK,,,,,,,,,,EJRF
IDN,2023,IIS_COVID19_SYSTEM_MONITOR,IIS_COVID19_SYSTEM_AGGREGATE,-4444,,,,,,,,EJRF
IDN,2023,IIS_COVID19_SYSTEM_MONITOR,IIS_COVID19_SYSTEM_EIR,YES,,,,,,,,EJRF
IDN,2023,IIS_COVID19_SYSTEM_MONITOR,IIS_COVID19_SYSTEM_AGGREGATE_NEW,,,,,,,,,EJRF
IDN,2023,IIS_COVID19_SYSTEM_MONITOR,IIS_COVID19_SYSTEM_EIR_NEW,,,,,,,,,EJRF
IDN,2023,IIS_COVID19_AGGREGATE_DIGITAL,,,,,,,,,,EJRF
IDN,2023,IIS_COVID19_DEVELOP,,KEEP_C19_SYSTEM,,,,,,,,EJRF
IDN,2023,IIS_COVID19_EXPAND,,,,,,,,,,EJRF
CMR,2023,IIS_COVID19_SYSTEM_MONITOR,IIS_COVID19_SYSTEM_AGGREGATE,YES,,,,,,,,EJRF
CMR,2023,IIS_COVID19_SYSTEM_MONITOR,IIS_COVID19_SYSTEM_EIR,NO,,,,,,,,EJRF
CMR,2023,IIS_COVID19_SYSTEM_MONITOR,IIS_COVID19_SYSTEM_AGGREGATE_NEW,NO,,,,,,,,EJRF
CMR,2023,IIS_COVID19_SYSTEM_MONITOR,IIS_COVID19_SYSTEM_EIR_NEW,YES,,,,,,,,EJRF
GEO,2023,IIS_COVID19_SYSTEM_MONITOR,IIS_COVID19_SYSTEM_AGGREGATE,YES,,,,,,,,EJRF
GEO,2023,IIS_COVID19_SYSTEM_MONITOR,IIS_COVID19_SYSTEM_EIR,YES,,,,,,,,EJRF
GEO,2023,IIS_COVID19_SYSTEM_MONITOR,IIS_COVID19_SYSTEM_AGGREGATE_NEW,NO,,,,,,,,EJRF
GEO,2023,IIS_COVID19_SYSTEM_MONITOR,IIS_COVID19_SYSTEM_EIR_NEW,YES,,,,,,,,EJRF
IRQ,2023,IIS_COVID19_SYSTEM_MONITOR,IIS_COVID19_SYSTEM_AGGREGATE,YES,,,,,,,,EJRF
IRQ,2023,IIS_COVID19_SYSTEM_MONITOR,IIS_COVID19_SYSTEM_EIR,NO,,,,,,,,EJRF
IRQ,2023,IIS_COVID19_SYSTEM_MONITOR,IIS_COVID19_SYSTEM_AGGREGATE_NEW,YES,,,,,,,,EJRF
IRQ,2023,IIS_COVID19_SYSTEM_MONITOR,IIS_COVID19_SYSTEM_EIR_NEW,YES,,,,,,,,EJRF
JOR,2023,IIS_COVID19_SYSTEM_MONITOR,IIS_COVID19_SYSTEM_AGGREGATE,,,,,,,,,EJRF
JOR,2023,IIS_COVID19_SYSTEM_MONITOR,IIS_COVID19_SYSTEM_EIR,,,,,,,,,EJRF
JOR,2023,IIS_COVID19_SYSTEM_MONITOR,IIS_COVID19_SYSTEM_AGGREGATE_NEW,,,,,,,,,EJRF
JOR,2023,IIS_COVID19_SYSTEM_MONITOR,IIS_COVID19_SYSTEM_EIR_NEW,,,,,,,,,EJRF
KWT,2023,IIS_COVID19_SYSTEM_MONITOR,IIS_COVID19_SYSTEM_AGGREGATE,-4444,,,,,,,,EJRF
KWT,2023,IIS_COVID19_SYSTEM_MONITOR,IIS_COVID19_SYSTEM_EIR,YES,,,,,,,,EJRF
KWT,2023,IIS_COVID19_SYSTEM_MONITOR,IIS_COVID19_SYSTEM_AGGREGATE_NEW,-4444,,,,,,,,EJRF
KWT,2023,IIS_COVID19_SYSTEM_MONITOR,IIS_COVID19_SYSTEM_EIR_NEW,YES,,,,,,,,EJRF
LBY,2023,IIS_COVID19_SYSTEM_MONITOR,IIS_COVID19_SYSTEM_EIR,NO,,,,,,,,EJRF
LBY,2023,IIS_COVID19_SYSTEM_MONITOR,IIS_COVID19_SYSTEM_AGGREGATE_NEW,NO,,,,,,,,EJRF
LBY,2023,IIS_COVID19_SYSTEM_MONITOR,IIS_COVID19_SYSTEM_EIR_NEW,-2222,,,,,,,,EJRF
LBY,2023,IIS_COVID19_SYSTEM_MONITOR,IIS_COVID19_SYSTEM_AGGREGATE,YES,,,,,,,,EJRF
MNP,2023,IIS_COVID19_SYSTEM_MONITOR,IIS_COVID19_SYSTEM_AGGREGATE,NO,,,,,,,,EJRF
MNP,2023,IIS_COVID19_SYSTEM_MONITOR,IIS_COVID19_SYSTEM_EIR,YES,,,,,,,,EJRF
MNP,2023,IIS_COVID19_SYSTEM_MONITOR,IIS_COVID19_SYSTEM_AGGREGATE_NEW,NO,,,,,,,,EJRF
MNP,2023,IIS_COVID19_SYSTEM_MONITOR,IIS_COVID19_SYSTEM_EIR_NEW,NO,,,,,,,,EJRF
OMN,2023,IIS_COVID19_SYSTEM_MONITOR,IIS_COVID19_SYSTEM_EIR_NEW,YES,,,,,,,,EJRF
OMN,2023,IIS_COVID19_SYSTEM_MONITOR,IIS_COVID19_SYSTEM_AGGREGATE,YES,,,,,,,,EJRF
OMN,2023,IIS_COVID19_SYSTEM_MONITOR,IIS_COVID19_SYSTEM_EIR,NO,,,,,,,,EJRF
OMN,2023,IIS_COVID19_SYSTEM_MONITOR,IIS_COVID19_SYSTEM_AGGREGATE_NEW,NO,,,,,,,,EJRF
PAK,2023,IIS_COVID19_SYSTEM_MONITOR,IIS_COVID19_SYSTEM_AGGREGATE,YES,,,,,,,,EJRF
PAK,2023,IIS_COVID19_SYSTEM_MONITOR,IIS_COVID19_SYSTEM_EIR,YES,,,,,,,,EJRF
PAK,2023,IIS_COVID19_SYSTEM_MONITOR,IIS_COVID19_SYSTEM_AGGREGATE_NEW,NO,,,,,,,,EJRF
PAK,2023,IIS_COVID19_SYSTEM_MONITOR,IIS_COVID19_SYSTEM_EIR_NEW,NO,,,,,,,,EJRF
TUV,2023,IIS_COVID19_SYSTEM_MONITOR,IIS_COVID19_SYSTEM_AGGREGATE,NO,,,,,,,,EJRF
TUV,2023,IIS_COVID19_SYSTEM_MONITOR,IIS_COVID19_SYSTEM_EIR,NO,,,,,,,,EJRF
TUV,2023,IIS_COVID19_SYSTEM_MONITOR,IIS_COVID19_SYSTEM_AGGREGATE_NEW,NO,,,,,,,,EJRF
TUV,2023,IIS_COVID19_SYSTEM_MONITOR,IIS_COVID19_SYSTEM_EIR_NEW,NO,,,,,,,,EJRF
TZA,2023,IIS_COVID19_SYSTEM_MONITOR,IIS_COVID19_SYSTEM_AGGREGATE,NO,,,,,,,,EJRF
TZA,2023,IIS_COVID19_SYSTEM_MONITOR,IIS_COVID19_SYSTEM_EIR,NO,,,,,,,,EJRF
TZA,2023,IIS_COVID19_SYSTEM_MONITOR,IIS_COVID19_SYSTEM_AGGREGATE_NEW,NO,,,,,,,,EJRF
TZA,2023,IIS_COVID19_SYSTEM_MONITOR,IIS_COVID19_SYSTEM_EIR_NEW,YES,,,,,,,,EJRF
CMR,2023,IIS_COVID19_AGGREGATE_DIGITAL,,HEALTH_FACILITY,,,,,,,,EJRF
GEO,2023,IIS_COVID19_AGGREGATE_DIGITAL,,HEALTH_FACILITY,,,,,,,,EJRF
IRQ,2023,IIS_COVID19_AGGREGATE_DIGITAL,,ADMIN3,,,,,,,,EJRF
JOR,2023,IIS_COVID19_AGGREGATE_DIGITAL,,,,,,,,,,EJRF
KWT,2023,IIS_COVID19_AGGREGATE_DIGITAL,,,,,,,,,,EJRF
LBY,2023,IIS_COVID19_AGGREGATE_DIGITAL,,-2222,,,,,,,,EJRF
MNP,2023,IIS_COVID19_AGGREGATE_DIGITAL,,,,,,,,,,EJRF
OMN,2023,IIS_COVID19_AGGREGATE_DIGITAL,,ADMIN3,,,,,,,,EJRF
PAK,2023,IIS_COVID19_AGGREGATE_DIGITAL,,HEALTH_FACILITY,,,,,,,,EJRF
TUV,2023,IIS_COVID19_AGGREGATE_DIGITAL,,,,,,,,,,EJRF
TZA,2023,IIS_COVID19_AGGREGATE_DIGITAL,,,,,,,,,,EJRF
CMR,2023,IIS_COVID19_DEVELOP,,KEEP_C19_SYSTEM,,,,,,,,EJRF
GEO,2023,IIS_COVID19_DEVELOP,,MERGE_C19_SYSTEM,,,,,,,,EJRF
IRQ,2023,IIS_COVID19_DEVELOP,,MERGE_C19_SYSTEM,,,,,,,,EJRF
JOR,2023,IIS_COVID19_DEVELOP,,,,,,,,,,EJRF
KWT,2023,IIS_COVID19_DEVELOP,,KEEP_C19_SYSTEM,,,,,,,,EJRF
LBY,2023,IIS_COVID19_DEVELOP,,-2222,,,,,,,,EJRF
MNP,2023,IIS_COVID19_DEVELOP,,-4444,,,,,,,,EJRF
OMN,2023,IIS_COVID19_DEVELOP,,EXPAND_C19_SYSTEM,,,,,,,,EJRF
PAK,2023,IIS_COVID19_DEVELOP,,KEEP_C19_SYSTEM,,,,,,,,EJRF
TUV,2023,IIS_COVID19_DEVELOP,,EXPAND_C19_SYSTEM,,,,,,,,EJRF
TZA,2023,IIS_COVID19_DEVELOP,,KEEP_C19_SYSTEM,,,,,,,,EJRF
CMR,2023,IIS_COVID19_EXPAND,,,,,,,,,,EJRF
GEO,2023,IIS_COVID19_EXPAND,,,,,,,,,,EJRF
IRQ,2023,IIS_COVID19_EXPAND,,,,,,,,,,EJRF
JOR,2023,IIS_COVID19_EXPAND,,,,,,,,,,EJRF
KWT,2023,IIS_COVID19_EXPAND,,,,,,,,,,EJRF
LBY,2023,IIS_COVID19_EXPAND,,,,,,,,,,EJRF
MNP,2023,IIS_COVID19_EXPAND,,,,,,,,,,EJRF
OMN,2023,IIS_COVID19_EXPAND,,other than epi vaccines include all adolescent and adult vaccines,,,,,,,,EJRF
PAK,2023,IIS_COVID19_EXPAND,,,,,,,,,,EJRF
TUV,2023,IIS_COVID19_EXPAND,,Routine vaccine and campaign vaccine,,,,,,,,EJRF
TZA,2023,IIS_COVID19_EXPAND,,,,,,,,,,EJRF
CMR,2023,SUPPLY_COVID19_WASTAGE,,10,,,,,,,,EJRF
PAK,2023,SUPPLY_COVID19_WASTAGE,,1,,,,,,,,EJRF
TZA,2023,SUPPLY_COVID19_WASTAGE,,56,,,,,,,,EJRF
CMR,2023,SUPPLY_COVID19_STOCK,,529400,,,,,,,,EJRF
PAK,2023,SUPPLY_COVID19_STOCK,,0,,,,,,,,EJRF
TZA,2023,SUPPLY_COVID19_STOCK,,12450000,,,,,,,,EJRF
AFG,2023,IIS_COVID19_SYSTEM_MONITOR,IIS_COVID19_SYSTEM_AGGREGATE,YES,,,,,,,,EJRF
AFG,2023,IIS_COVID19_SYSTEM_MONITOR,IIS_COVID19_SYSTEM_EIR,NO,,,,,,,,EJRF
AFG,2023,IIS_COVID19_SYSTEM_MONITOR,IIS_COVID19_SYSTEM_AGGREGATE_NEW,NO,,,,,,,,EJRF
AFG,2023,IIS_COVID19_SYSTEM_MONITOR,IIS_COVID19_SYSTEM_EIR_NEW,NO,,,,,,,,EJRF
ALB,2023,IIS_COVID19_SYSTEM_MONITOR,IIS_COVID19_SYSTEM_EIR,,,,,,,,,EJRF
ALB,2023,IIS_COVID19_SYSTEM_MONITOR,IIS_COVID19_SYSTEM_AGGREGATE_NEW,,,,,,,,,EJRF
ALB,2023,IIS_COVID19_SYSTEM_MONITOR,IIS_COVID19_SYSTEM_EIR_NEW,,,,,,,,,EJRF
ALB,2023,IIS_COVID19_SYSTEM_MONITOR,IIS_COVID19_SYSTEM_AGGREGATE,YES,,,,,,,,EJRF
DZA,2023,IIS_COVID19_SYSTEM_MONITOR,IIS_COVID19_SYSTEM_AGGREGATE,NO,,,,,,,,EJRF
DZA,2023,IIS_COVID19_SYSTEM_MONITOR,IIS_COVID19_SYSTEM_EIR,NO,,,,,,,,EJRF
DZA,2023,IIS_COVID19_SYSTEM_MONITOR,IIS_COVID19_SYSTEM_AGGREGATE_NEW,YES,,,,,,,,EJRF
DZA,2023,IIS_COVID19_SYSTEM_MONITOR,IIS_COVID19_SYSTEM_EIR_NEW,YES,,,,,,,,EJRF
AUT,2023,IIS_COVID19_SYSTEM_MONITOR,IIS_COVID19_SYSTEM_AGGREGATE,NO,,,,,,,,EJRF
AUT,2023,IIS_COVID19_SYSTEM_MONITOR,IIS_COVID19_SYSTEM_EIR,NO,,,,,,,,EJRF
AUT,2023,IIS_COVID19_SYSTEM_MONITOR,IIS_COVID19_SYSTEM_AGGREGATE_NEW,NO,,,,,,,,EJRF
AUT,2023,IIS_COVID19_SYSTEM_MONITOR,IIS_COVID19_SYSTEM_EIR_NEW,YES,,,,,,,,EJRF
BHR,2023,IIS_COVID19_SYSTEM_MONITOR,IIS_COVID19_SYSTEM_AGGREGATE,YES,,,,,,,,EJRF
BHR,2023,IIS_COVID19_SYSTEM_MONITOR,IIS_COVID19_SYSTEM_EIR,YES,,,,,,,,EJRF
BHR,2023,IIS_COVID19_SYSTEM_MONITOR,IIS_COVID19_SYSTEM_AGGREGATE_NEW,NO,,,,,,,,EJRF
BHR,2023,IIS_COVID19_SYSTEM_MONITOR,IIS_COVID19_SYSTEM_EIR_NEW,NO,,,,,,,,EJRF
BEL,2023,IIS_COVID19_SYSTEM_MONITOR,IIS_COVID19_SYSTEM_AGGREGATE,NO,,,,,,,,EJRF
BEL,2023,IIS_COVID19_SYSTEM_MONITOR,IIS_COVID19_SYSTEM_EIR,YES,,,,,,,,EJRF
BEL,2023,IIS_COVID19_SYSTEM_MONITOR,IIS_COVID19_SYSTEM_AGGREGATE_NEW,NO,,,,,,,,EJRF
BEL,2023,IIS_COVID19_SYSTEM_MONITOR,IIS_COVID19_SYSTEM_EIR_NEW,NO,,,,,,,,EJRF
BWA,2023,IIS_COVID19_SYSTEM_MONITOR,IIS_COVID19_SYSTEM_AGGREGATE,YES,,,,,,,,EJRF
BWA,2023,IIS_COVID19_SYSTEM_MONITOR,IIS_COVID19_SYSTEM_EIR,YES,,,,,,,,EJRF
BWA,2023,IIS_COVID19_SYSTEM_MONITOR,IIS_COVID19_SYSTEM_AGGREGATE_NEW,YES,,,,,,,,EJRF
BWA,2023,IIS_COVID19_SYSTEM_MONITOR,IIS_COVID19_SYSTEM_EIR_NEW,YES,,,,,,,,EJRF
TCD,2023,IIS_COVID19_SYSTEM_MONITOR,IIS_COVID19_SYSTEM_EIR,YES,,,,,,,,EJRF
TCD,2023,IIS_COVID19_SYSTEM_MONITOR,IIS_COVID19_SYSTEM_AGGREGATE_NEW,NO,,,,,,,,EJRF
TCD,2023,IIS_COVID19_SYSTEM_MONITOR,IIS_COVID19_SYSTEM_EIR_NEW,YES,,,,,,,,EJRF
TCD,2023,IIS_COVID19_SYSTEM_MONITOR,IIS_COVID19_SYSTEM_AGGREGATE,YES,,,,,,,,EJRF
DNK,2023,IIS_COVID19_SYSTEM_MONITOR,IIS_COVID19_SYSTEM_AGGREGATE,NO,,,,,,,,EJRF
DNK,2023,IIS_COVID19_SYSTEM_MONITOR,IIS_COVID19_SYSTEM_EIR,YES,,,,,,,,EJRF
DNK,2023,IIS_COVID19_SYSTEM_MONITOR,IIS_COVID19_SYSTEM_AGGREGATE_NEW,NO,,,,,,,,EJRF
DNK,2023,IIS_COVID19_SYSTEM_MONITOR,IIS_COVID19_SYSTEM_EIR_NEW,NO,,,,,,,,EJRF
EGY,2023,IIS_COVID19_SYSTEM_MONITOR,IIS_COVID19_SYSTEM_AGGREGATE,NO,,,,,,,,EJRF
EGY,2023,IIS_COVID19_SYSTEM_MONITOR,IIS_COVID19_SYSTEM_EIR,YES,,,,,,,,EJRF
EGY,2023,IIS_COVID19_SYSTEM_MONITOR,IIS_COVID19_SYSTEM_AGGREGATE_NEW,YES,,,,,,,,EJRF
EGY,2023,IIS_COVID19_SYSTEM_MONITOR,IIS_COVID19_SYSTEM_EIR_NEW,NO,,,,,,,,EJRF
LTU,2023,IIS_COVID19_SYSTEM_MONITOR,IIS_COVID19_SYSTEM_AGGREGATE,NO,,,,,,,,EJRF
LTU,2023,IIS_COVID19_SYSTEM_MONITOR,IIS_COVID19_SYSTEM_EIR,YES,,,,,,,,EJRF
LTU,2023,IIS_COVID19_SYSTEM_MONITOR,IIS_COVID19_SYSTEM_AGGREGATE_NEW,NO,,,,,,,,EJRF
LTU,2023,IIS_COVID19_SYSTEM_MONITOR,IIS_COVID19_SYSTEM_EIR_NEW,YES,,,,,,,,EJRF
SYR,2023,IIS_COVID19_SYSTEM_MONITOR,IIS_COVID19_SYSTEM_AGGREGATE,YES,,,,,,,,EJRF
SYR,2023,IIS_COVID19_SYSTEM_MONITOR,IIS_COVID19_SYSTEM_EIR,YES,,,,,,,,EJRF
SYR,2023,IIS_COVID19_SYSTEM_MONITOR,IIS_COVID19_SYSTEM_AGGREGATE_NEW,NO,,,,,,,,EJRF
SYR,2023,IIS_COVID19_SYSTEM_MONITOR,IIS_COVID19_SYSTEM_EIR_NEW,NO,,,,,,,,EJRF
ARE,2023,IIS_COVID19_SYSTEM_MONITOR,IIS_COVID19_SYSTEM_AGGREGATE,NO,,,,,,,,EJRF
ARE,2023,IIS_COVID19_SYSTEM_MONITOR,IIS_COVID19_SYSTEM_EIR,YES,,,,,,,,EJRF
ARE,2023,IIS_COVID19_SYSTEM_MONITOR,IIS_COVID19_SYSTEM_AGGREGATE_NEW,YES,,,,,,,,EJRF
ARE,2023,IIS_COVID19_SYSTEM_MONITOR,IIS_COVID19_SYSTEM_EIR_NEW,NO,,,,,,,,EJRF
AFG,2023,IIS_COVID19_AGGREGATE_DIGITAL,,ADMIN3,,,,,,,,EJRF
ALB,2023,IIS_COVID19_AGGREGATE_DIGITAL,,,,,,,,,,EJRF
DZA,2023,IIS_COVID19_AGGREGATE_DIGITAL,,ADMIN3,,,,,,,,EJRF
AUT,2023,IIS_COVID19_AGGREGATE_DIGITAL,,,,,,,,,,EJRF
BHR,2023,IIS_COVID19_AGGREGATE_DIGITAL,,,,,,,,,,EJRF
BEL,2023,IIS_COVID19_AGGREGATE_DIGITAL,,,,,,,,,,EJRF
BWA,2023,IIS_COVID19_AGGREGATE_DIGITAL,,ADMIN3,,,,,,,,EJRF
TCD,2023,IIS_COVID19_AGGREGATE_DIGITAL,,NATIONAL,,,,,,,,EJRF
DNK,2023,IIS_COVID19_AGGREGATE_DIGITAL,,,,,,,,,,EJRF
EGY,2023,IIS_COVID19_AGGREGATE_DIGITAL,,HEALTH_FACILITY,,,,,,,,EJRF
LTU,2023,IIS_COVID19_AGGREGATE_DIGITAL,,,,,,,,,,EJRF
SYR,2023,IIS_COVID19_AGGREGATE_DIGITAL,,ADMIN2,,,,,,,,EJRF
ARE,2023,IIS_COVID19_AGGREGATE_DIGITAL,,NATIONAL,,,,,,,,EJRF
AFG,2023,IIS_COVID19_DEVELOP,,MERGE_C19_SYSTEM,,,,,,,,EJRF
ALB,2023,IIS_COVID19_DEVELOP,,,,,,,,,,EJRF
DZA,2023,IIS_COVID19_DEVELOP,,KEEP_C19_SYSTEM,,,,,,,,EJRF
AUT,2023,IIS_COVID19_DEVELOP,,EXPAND_C19_SYSTEM,,,,,,,,EJRF
BHR,2023,IIS_COVID19_DEVELOP,,MERGE_C19_SYSTEM,,,,,,,,EJRF
BEL,2023,IIS_COVID19_DEVELOP,,OTHER,,,,,,,,EJRF
BWA,2023,IIS_COVID19_DEVELOP,,KEEP_C19_SYSTEM,,,,,,,,EJRF
TCD,2023,IIS_COVID19_DEVELOP,,KEEP_C19_SYSTEM,,,,,,,,EJRF
DNK,2023,IIS_COVID19_DEVELOP,,MERGE_C19_SYSTEM,,,,,,,,EJRF
EGY,2023,IIS_COVID19_DEVELOP,,MERGE_C19_SYSTEM,,,,,,,,EJRF
LTU,2023,IIS_COVID19_DEVELOP,,OTHER,,,,,,,,EJRF
SYR,2023,IIS_COVID19_DEVELOP,,KEEP_C19_SYSTEM,,,,,,,,EJRF
ARE,2023,IIS_COVID19_DEVELOP,,EXPAND_C19_SYSTEM,,,,,,,,EJRF
AFG,2023,IIS_COVID19_EXPAND,,,,,,,,,,EJRF
ALB,2023,IIS_COVID19_EXPAND,,,,,,,,,,EJRF
DZA,2023,IIS_COVID19_EXPAND,,,,,,,,,,EJRF
AUT,2023,IIS_COVID19_EXPAND,,all vaccines,,,,,,,,EJRF
BHR,2023,IIS_COVID19_EXPAND,,,,,,,,,,EJRF
BEL,2023,IIS_COVID19_EXPAND,,,,,,,,,,EJRF
BWA,2023,IIS_COVID19_EXPAND,,,,,,,,,,EJRF
TCD,2023,IIS_COVID19_EXPAND,,,,,,,,,,EJRF
DNK,2023,IIS_COVID19_EXPAND,,,,,,,,,,EJRF
EGY,2023,IIS_COVID19_EXPAND,,,,,,,,,,EJRF
LTU,2023,IIS_COVID19_EXPAND,,,,,,,,,,EJRF
SYR,2023,IIS_COVID19_EXPAND,,,,,,,,,,EJRF
ARE,2023,IIS_COVID19_EXPAND,,NIP,,,,,,,,EJRF
AFG,2023,SUPPLY_COVID19_WASTAGE,,3,,,,,,,,EJRF
TCD,2023,SUPPLY_COVID19_WASTAGE,,4,,,,,,,,EJRF
SYR,2023,SUPPLY_COVID19_WASTAGE,,50,,,,,,,,EJRF
AFG,2023,SUPPLY_COVID19_STOCK,,73400,,,,,,,,EJRF
TCD,2023,SUPPLY_COVID19_STOCK,,0,,,,,,,,EJRF
SYR,2023,SUPPLY_COVID19_STOCK,,,,,,,,,,EJRF
ARM,2023,IIS_COVID19_SYSTEM_MONITOR,IIS_COVID19_SYSTEM_AGGREGATE,-2222,,,,,,,,EJRF
ARM,2023,IIS_COVID19_SYSTEM_MONITOR,IIS_COVID19_SYSTEM_EIR,-2222,,,,,,,,EJRF
ARM,2023,IIS_COVID19_SYSTEM_MONITOR,IIS_COVID19_SYSTEM_AGGREGATE_NEW,-2222,,,,,,,,EJRF
ARM,2023,IIS_COVID19_SYSTEM_MONITOR,IIS_COVID19_SYSTEM_EIR_NEW,-2222,,,,,,,,EJRF
ABW,2023,IIS_COVID19_SYSTEM_MONITOR,IIS_COVID19_SYSTEM_AGGREGATE,YES,,,,,,,,EJRF
ABW,2023,IIS_COVID19_SYSTEM_MONITOR,IIS_COVID19_SYSTEM_EIR,YES,,,,,,,,EJRF
ABW,2023,IIS_COVID19_SYSTEM_MONITOR,IIS_COVID19_SYSTEM_AGGREGATE_NEW,YES,,,,,,,,EJRF
ABW,2023,IIS_COVID19_SYSTEM_MONITOR,IIS_COVID19_SYSTEM_EIR_NEW,YES,,,,,,,,EJRF
BFA,2023,IIS_COVID19_SYSTEM_MONITOR,IIS_COVID19_SYSTEM_AGGREGATE,YES,,,,,,,,EJRF
BFA,2023,IIS_COVID19_SYSTEM_MONITOR,IIS_COVID19_SYSTEM_EIR,NO,,,,,,,,EJRF
BFA,2023,IIS_COVID19_SYSTEM_MONITOR,IIS_COVID19_SYSTEM_AGGREGATE_NEW,NO,,,,,,,,EJRF
BFA,2023,IIS_COVID19_SYSTEM_MONITOR,IIS_COVID19_SYSTEM_EIR_NEW,YES,,,,,,,,EJRF
GUY,2023,IIS_COVID19_SYSTEM_MONITOR,IIS_COVID19_SYSTEM_AGGREGATE,NO,,,,,,,,EJRF
GUY,2023,IIS_COVID19_SYSTEM_MONITOR,IIS_COVID19_SYSTEM_EIR,NO,,,,,,,,EJRF
GUY,2023,IIS_COVID19_SYSTEM_MONITOR,IIS_COVID19_SYSTEM_AGGREGATE_NEW,YES,,,,,,,,EJRF
GUY,2023,IIS_COVID19_SYSTEM_MONITOR,IIS_COVID19_SYSTEM_EIR_NEW,YES,,,,,,,,EJRF
MDG,2023,IIS_COVID19_SYSTEM_MONITOR,IIS_COVID19_SYSTEM_AGGREGATE,YES,,,,,,,,EJRF
MDG,2023,IIS_COVID19_SYSTEM_MONITOR,IIS_COVID19_SYSTEM_EIR,YES,,,,,,,,EJRF
MDG,2023,IIS_COVID19_SYSTEM_MONITOR,IIS_COVID19_SYSTEM_AGGREGATE_NEW,YES,,,,,,,,EJRF
MDG,2023,IIS_COVID19_SYSTEM_MONITOR,IIS_COVID19_SYSTEM_EIR_NEW,YES,,,,,,,,EJRF
PNG,2023,IIS_COVID19_SYSTEM_MONITOR,IIS_COVID19_SYSTEM_AGGREGATE,NO,,,,,,,,EJRF
PNG,2023,IIS_COVID19_SYSTEM_MONITOR,IIS_COVID19_SYSTEM_EIR,NO,,,,,,,,EJRF
PNG,2023,IIS_COVID19_SYSTEM_MONITOR,IIS_COVID19_SYSTEM_AGGREGATE_NEW,YES,,,,,,,,EJRF
PNG,2023,IIS_COVID19_SYSTEM_MONITOR,IIS_COVID19_SYSTEM_EIR_NEW,NO,,,,,,,,EJRF
TGO,2023,IIS_COVID19_SYSTEM_MONITOR,IIS_COVID19_SYSTEM_AGGREGATE,NO,,,,,,,,EJRF
TGO,2023,IIS_COVID19_SYSTEM_MONITOR,IIS_COVID19_SYSTEM_EIR,NO,,,,,,,,EJRF
TGO,2023,IIS_COVID19_SYSTEM_MONITOR,IIS_COVID19_SYSTEM_AGGREGATE_NEW,YES,,,,,,,,EJRF
TGO,2023,IIS_COVID19_SYSTEM_MONITOR,IIS_COVID19_SYSTEM_EIR_NEW,YES,,,,,,,,EJRF
VUT,2023,IIS_COVID19_SYSTEM_MONITOR,IIS_COVID19_SYSTEM_AGGREGATE,NO,,,,,,,,EJRF
VUT,2023,IIS_COVID19_SYSTEM_MONITOR,IIS_COVID19_SYSTEM_EIR,NO,,,,,,,,EJRF
VUT,2023,IIS_COVID19_SYSTEM_MONITOR,IIS_COVID19_SYSTEM_AGGREGATE_NEW,YES,,,,,,,,EJRF
VUT,2023,IIS_COVID19_SYSTEM_MONITOR,IIS_COVID19_SYSTEM_EIR_NEW,YES,,,,,,,,EJRF
ARM,2023,IIS_COVID19_AGGREGATE_DIGITAL,,,,,,,,,,EJRF
ABW,2023,IIS_COVID19_AGGREGATE_DIGITAL,,,,,,,,,,EJRF
BFA,2023,IIS_COVID19_AGGREGATE_DIGITAL,,HEALTH_FACILITY,,,,,,,,EJRF
GUY,2023,IIS_COVID19_AGGREGATE_DIGITAL,,NATIONAL,,,,,,,,EJRF
MDG,2023,IIS_COVID19_AGGREGATE_DIGITAL,,HEALTH_FACILITY,,,,,,,,EJRF
PNG,2023,IIS_COVID19_AGGREGATE_DIGITAL,,HEALTH_FACILITY,,,,,,,,EJRF
TGO,2023,IIS_COVID19_AGGREGATE_DIGITAL,,ADMIN3,,,,,,,,EJRF
VUT,2023,IIS_COVID19_AGGREGATE_DIGITAL,,ADMIN2,,,,,,,,EJRF
ARM,2023,IIS_COVID19_DEVELOP,,-4444,,,,,,,,EJRF
ABW,2023,IIS_COVID19_DEVELOP,,KEEP_C19_SYSTEM,,,,,,,,EJRF
BFA,2023,IIS_COVID19_DEVELOP,,KEEP_C19_SYSTEM,,,,,,,,EJRF
GUY,2023,IIS_COVID19_DEVELOP,,KEEP_C19_SYSTEM,,,,,,,,EJRF
MDG,2023,IIS_COVID19_DEVELOP,,KEEP_C19_SYSTEM,,,,,,,,EJRF
PNG,2023,IIS_COVID19_DEVELOP,,KEEP_C19_SYSTEM,,,,,,,,EJRF
TGO,2023,IIS_COVID19_DEVELOP,,MERGE_C19_SYSTEM,,,,,,,,EJRF
VUT,2023,IIS_COVID19_DEVELOP,,EXPAND_C19_SYSTEM,,,,,,,,EJRF
ARM,2023,IIS_COVID19_EXPAND,,,,,,,,,,EJRF
ABW,2023,IIS_COVID19_EXPAND,,,,,,,,,,EJRF
BFA,2023,IIS_COVID19_EXPAND,,,,,,,,,,EJRF
GUY,2023,IIS_COVID19_EXPAND,,,,,,,,,,EJRF
MDG,2023,IIS_COVID19_EXPAND,,,,,,,,,,EJRF
PNG,2023,IIS_COVID19_EXPAND,,,,,,,,,,EJRF
TGO,2023,IIS_COVID19_EXPAND,,,,,,,,,,EJRF
VUT,2023,IIS_COVID19_EXPAND,,all routine,,,,,,,,EJRF
BFA,2023,SUPPLY_COVID19_WASTAGE,,0,,,,,,,,EJRF
MDG,2023,SUPPLY_COVID19_WASTAGE,,39.1,,,,,,,,EJRF
PNG,2023,SUPPLY_COVID19_WASTAGE,,40,,,,,,,,EJRF
TGO,2023,SUPPLY_COVID19_WASTAGE,,60,,,,,,,,EJRF
BFA,2023,SUPPLY_COVID19_STOCK,,1402850,,,,,,,,EJRF
MDG,2023,SUPPLY_COVID19_STOCK,,1194100,,,,,,,,EJRF
PNG,2023,SUPPLY_COVID19_STOCK,,139655,,,,,,,,EJRF
TGO,2023,SUPPLY_COVID19_STOCK,,22170,,,,,,,,EJRF
AND,2023,IIS_COVID19_SYSTEM_MONITOR,IIS_COVID19_SYSTEM_EIR,YES,,,,,,,,EJRF
AND,2023,IIS_COVID19_SYSTEM_MONITOR,IIS_COVID19_SYSTEM_AGGREGATE_NEW,NO,,,,,,,,EJRF
AND,2023,IIS_COVID19_SYSTEM_MONITOR,IIS_COVID19_SYSTEM_EIR_NEW,NO,,,,,,,,EJRF
AND,2023,IIS_COVID19_SYSTEM_MONITOR,IIS_COVID19_SYSTEM_AGGREGATE,NO,,,,,,,,EJRF
ATG,2023,IIS_COVID19_SYSTEM_MONITOR,IIS_COVID19_SYSTEM_AGGREGATE,YES,,,,,,,,EJRF
ATG,2023,IIS_COVID19_SYSTEM_MONITOR,IIS_COVID19_SYSTEM_EIR,NO,,,,,,,,EJRF
ATG,2023,IIS_COVID19_SYSTEM_MONITOR,IIS_COVID19_SYSTEM_AGGREGATE_NEW,NO,,,,,,,,EJRF
ATG,2023,IIS_COVID19_SYSTEM_MONITOR,IIS_COVID19_SYSTEM_EIR_NEW,NO,,,,,,,,EJRF
AUS,2023,IIS_COVID19_SYSTEM_MONITOR,IIS_COVID19_SYSTEM_AGGREGATE,YES,,,,,,,,EJRF
AUS,2023,IIS_COVID19_SYSTEM_MONITOR,IIS_COVID19_SYSTEM_EIR,YES,,,,,,,,EJRF
AUS,2023,IIS_COVID19_SYSTEM_MONITOR,IIS_COVID19_SYSTEM_AGGREGATE_NEW,NO,,,,,,,,EJRF
AUS,2023,IIS_COVID19_SYSTEM_MONITOR,IIS_COVID19_SYSTEM_EIR_NEW,NO,,,,,,,,EJRF
CAF,2023,IIS_COVID19_SYSTEM_MONITOR,IIS_COVID19_SYSTEM_AGGREGATE,YES,,,,,,,,EJRF
CAF,2023,IIS_COVID19_SYSTEM_MONITOR,IIS_COVID19_SYSTEM_EIR,YES,,,,,,,,EJRF
CAF,2023,IIS_COVID19_SYSTEM_MONITOR,IIS_COVID19_SYSTEM_AGGREGATE_NEW,YES,,,,,,,,EJRF
CAF,2023,IIS_COVID19_SYSTEM_MONITOR,IIS_COVID19_SYSTEM_EIR_NEW,YES,,,,,,,,EJRF
HKG,2023,IIS_COVID19_SYSTEM_MONITOR,IIS_COVID19_SYSTEM_AGGREGATE,NO,,,,,,,,EJRF
HKG,2023,IIS_COVID19_SYSTEM_MONITOR,IIS_COVID19_SYSTEM_EIR,YES,,,,,,,,EJRF
HKG,2023,IIS_COVID19_SYSTEM_MONITOR,IIS_COVID19_SYSTEM_AGGREGATE_NEW,NO,,,,,,,,EJRF
HKG,2023,IIS_COVID19_SYSTEM_MONITOR,IIS_COVID19_SYSTEM_EIR_NEW,NO,,,,,,,,EJRF
MAC,2023,IIS_COVID19_SYSTEM_MONITOR,IIS_COVID19_SYSTEM_AGGREGATE,NO,,,,,,,,EJRF
MAC,2023,IIS_COVID19_SYSTEM_MONITOR,IIS_COVID19_SYSTEM_EIR,YES,,,,,,,,EJRF
MAC,2023,IIS_COVID19_SYSTEM_MONITOR,IIS_COVID19_SYSTEM_AGGREGATE_NEW,NO,,,,,,,,EJRF
MAC,2023,IIS_COVID19_SYSTEM_MONITOR,IIS_COVID19_SYSTEM_EIR_NEW,NO,,,,,,,,EJRF
HRV,2023,IIS_COVID19_SYSTEM_MONITOR,IIS_COVID19_SYSTEM_AGGREGATE,NO,,,,,,,,EJRF
HRV,2023,IIS_COVID19_SYSTEM_MONITOR,IIS_COVID19_SYSTEM_EIR,NO,,,,,,,,EJRF
HRV,2023,IIS_COVID19_SYSTEM_MONITOR,IIS_COVID19_SYSTEM_AGGREGATE_NEW,NO,,,,,,,,EJRF
HRV,2023,IIS_COVID19_SYSTEM_MONITOR,IIS_COVID19_SYSTEM_EIR_NEW,YES,,,,,,,,EJRF
CYP,2023,IIS_COVID19_SYSTEM_MONITOR,IIS_COVID19_SYSTEM_AGGREGATE,,,,,,,,,EJRF
CYP,2023,IIS_COVID19_SYSTEM_MONITOR,IIS_COVID19_SYSTEM_EIR,,,,,,,,,EJRF
CYP,2023,IIS_COVID19_SYSTEM_MONITOR,IIS_COVID19_SYSTEM_AGGREGATE_NEW,,,,,,,,,EJRF
CYP,2023,IIS_COVID19_SYSTEM_MONITOR,IIS_COVID19_SYSTEM_EIR_NEW,,,,,,,,,EJRF
DJI,2023,IIS_COVID19_SYSTEM_MONITOR,IIS_COVID19_SYSTEM_AGGREGATE,NO,,,,,,,,EJRF
DJI,2023,IIS_COVID19_SYSTEM_MONITOR,IIS_COVID19_SYSTEM_EIR,NO,,,,,,,,EJRF
DJI,2023,IIS_COVID19_SYSTEM_MONITOR,IIS_COVID19_SYSTEM_AGGREGATE_NEW,YES,,,,,,,,EJRF
DJI,2023,IIS_COVID19_SYSTEM_MONITOR,IIS_COVID19_SYSTEM_EIR_NEW,NO,,,,,,,,EJRF
EST,2023,IIS_COVID19_SYSTEM_MONITOR,IIS_COVID19_SYSTEM_AGGREGATE,-4444,,,,,,,,EJRF
EST,2023,IIS_COVID19_SYSTEM_MONITOR,IIS_COVID19_SYSTEM_EIR,NO,,,,,,,,EJRF
EST,2023,IIS_COVID19_SYSTEM_MONITOR,IIS_COVID19_SYSTEM_AGGREGATE_NEW,NO,,,,,,,,EJRF
EST,2023,IIS_COVID19_SYSTEM_MONITOR,IIS_COVID19_SYSTEM_EIR_NEW,YES,,,,,,,,EJRF
GRC,2023,IIS_COVID19_SYSTEM_MONITOR,IIS_COVID19_SYSTEM_AGGREGATE,,,,,,,,,EJRF
GRC,2023,IIS_COVID19_SYSTEM_MONITOR,IIS_COVID19_SYSTEM_EIR,,,,,,,,,EJRF
GRC,2023,IIS_COVID19_SYSTEM_MONITOR,IIS_COVID19_SYSTEM_AGGREGATE_NEW,,,,,,,,,EJRF
GRC,2023,IIS_COVID19_SYSTEM_MONITOR,IIS_COVID19_SYSTEM_EIR_NEW,,,,,,,,,EJRF
GUM,2023,IIS_COVID19_SYSTEM_MONITOR,IIS_COVID19_SYSTEM_AGGREGATE,NO,,,,,,,,EJRF
GUM,2023,IIS_COVID19_SYSTEM_MONITOR,IIS_COVID19_SYSTEM_EIR,YES,,,,,,,,EJRF
GUM,2023,IIS_COVID19_SYSTEM_MONITOR,IIS_COVID19_SYSTEM_AGGREGATE_NEW,YES,,,,,,,,EJRF
GUM,2023,IIS_COVID19_SYSTEM_MONITOR,IIS_COVID19_SYSTEM_EIR_NEW,NO,,,,,,,,EJRF
LBR,2023,IIS_COVID19_SYSTEM_MONITOR,IIS_COVID19_SYSTEM_EIR_NEW,NO,,,,,,,,EJRF
LBR,2023,IIS_COVID19_SYSTEM_MONITOR,IIS_COVID19_SYSTEM_EIR,NO,,,,,,,,EJRF
LBR,2023,IIS_COVID19_SYSTEM_MONITOR,IIS_COVID19_SYSTEM_AGGREGATE,YES,,,,,,,,EJRF
LBR,2023,IIS_COVID19_SYSTEM_MONITOR,IIS_COVID19_SYSTEM_AGGREGATE_NEW,NO,,,,,,,,EJRF
MUS,2023,IIS_COVID19_SYSTEM_MONITOR,IIS_COVID19_SYSTEM_AGGREGATE,-2222,,,,,,,,EJRF
MUS,2023,IIS_COVID19_SYSTEM_MONITOR,IIS_COVID19_SYSTEM_EIR,,,,,,,,,EJRF
MUS,2023,IIS_COVID19_SYSTEM_MONITOR,IIS_COVID19_SYSTEM_AGGREGATE_NEW,,,,,,,,,EJRF
MUS,2023,IIS_COVID19_SYSTEM_MONITOR,IIS_COVID19_SYSTEM_EIR_NEW,,,,,,,,,EJRF
MNG,2023,IIS_COVID19_SYSTEM_MONITOR,IIS_COVID19_SYSTEM_AGGREGATE,,,,,,,,,EJRF
MNG,2023,IIS_COVID19_SYSTEM_MONITOR,IIS_COVID19_SYSTEM_EIR,,,,,,,,,EJRF
MNG,2023,IIS_COVID19_SYSTEM_MONITOR,IIS_COVID19_SYSTEM_AGGREGATE_NEW,,,,,,,,,EJRF
MNG,2023,IIS_COVID19_SYSTEM_MONITOR,IIS_COVID19_SYSTEM_EIR_NEW,,,,,,,,,EJRF
ROU,2023,IIS_COVID19_SYSTEM_MONITOR,IIS_COVID19_SYSTEM_AGGREGATE,-2222,,,,,,,,EJRF
ROU,2023,IIS_COVID19_SYSTEM_MONITOR,IIS_COVID19_SYSTEM_EIR,YES,,,,,,,,EJRF
ROU,2023,IIS_COVID19_SYSTEM_MONITOR,IIS_COVID19_SYSTEM_AGGREGATE_NEW,-2222,,,,,,,,EJRF
ROU,2023,IIS_COVID19_SYSTEM_MONITOR,IIS_COVID19_SYSTEM_EIR_NEW,-2222,,,,,,,,EJRF
SLB,2023,IIS_COVID19_SYSTEM_MONITOR,IIS_COVID19_SYSTEM_AGGREGATE,,,,,,,,,EJRF
SLB,2023,IIS_COVID19_SYSTEM_MONITOR,IIS_COVID19_SYSTEM_EIR,,,,,,,,,EJRF
SLB,2023,IIS_COVID19_SYSTEM_MONITOR,IIS_COVID19_SYSTEM_AGGREGATE_NEW,,,,,,,,,EJRF
SLB,2023,IIS_COVID19_SYSTEM_MONITOR,IIS_COVID19_SYSTEM_EIR_NEW,,,,,,,,,EJRF
ESP,2023,IIS_COVID19_SYSTEM_MONITOR,IIS_COVID19_SYSTEM_EIR_NEW,YES,,,,,,,,EJRF
ESP,2023,IIS_COVID19_SYSTEM_MONITOR,IIS_COVID19_SYSTEM_AGGREGATE,NO,,,,,,,,EJRF
ESP,2023,IIS_COVID19_SYSTEM_MONITOR,IIS_COVID19_SYSTEM_EIR,NO,,,,,,,,EJRF
ESP,2023,IIS_COVID19_SYSTEM_MONITOR,IIS_COVID19_SYSTEM_AGGREGATE_NEW,NO,,,,,,,,EJRF
TLS,2023,IIS_COVID19_SYSTEM_MONITOR,IIS_COVID19_SYSTEM_AGGREGATE,NO,,,,,,,,EJRF
TLS,2023,IIS_COVID19_SYSTEM_MONITOR,IIS_COVID19_SYSTEM_EIR,NO,,,,,,,,EJRF
TLS,2023,IIS_COVID19_SYSTEM_MONITOR,IIS_COVID19_SYSTEM_AGGREGATE_NEW,YES,,,,,,,,EJRF
TLS,2023,IIS_COVID19_SYSTEM_MONITOR,IIS_COVID19_SYSTEM_EIR_NEW,NO,,,,,,,,EJRF
AND,2023,IIS_COVID19_AGGREGATE_DIGITAL,,,,,,,,,,EJRF
ATG,2023,IIS_COVID19_AGGREGATE_DIGITAL,,NATIONAL,,,,,,,,EJRF
AUS,2023,IIS_COVID19_AGGREGATE_DIGITAL,,-2222,,,,,,,,EJRF
CAF,2023,IIS_COVID19_AGGREGATE_DIGITAL,,HEALTH_FACILITY,,,,,,,,EJRF
HKG,2023,IIS_COVID19_AGGREGATE_DIGITAL,,,,,,,,,,EJRF
MAC,2023,IIS_COVID19_AGGREGATE_DIGITAL,,,,,,,,,,EJRF
HRV,2023,IIS_COVID19_AGGREGATE_DIGITAL,,,,,,,,,,EJRF
CYP,2023,IIS_COVID19_AGGREGATE_DIGITAL,,,,,,,,,,EJRF
DJI,2023,IIS_COVID19_AGGREGATE_DIGITAL,,NATIONAL,,,,,,,,EJRF
EST,2023,IIS_COVID19_AGGREGATE_DIGITAL,,,,,,,,,,EJRF
GRC,2023,IIS_COVID19_AGGREGATE_DIGITAL,,,,,,,,,,EJRF
GUM,2023,IIS_COVID19_AGGREGATE_DIGITAL,,NATIONAL,,,,,,,,EJRF
LBR,2023,IIS_COVID19_AGGREGATE_DIGITAL,,ADMIN2,,,,,,,,EJRF
MUS,2023,IIS_COVID19_AGGREGATE_DIGITAL,,,,,,,,,,EJRF
MNG,2023,IIS_COVID19_AGGREGATE_DIGITAL,,,,,,,,,,EJRF
ROU,2023,IIS_COVID19_AGGREGATE_DIGITAL,,,,,,,,,,EJRF
SLB,2023,IIS_COVID19_AGGREGATE_DIGITAL,,,,,,,,,,EJRF
ESP,2023,IIS_COVID19_AGGREGATE_DIGITAL,,,,,,,,,,EJRF
TLS,2023,IIS_COVID19_AGGREGATE_DIGITAL,,ADMIN3,,,,,,,,EJRF
AND,2023,IIS_COVID19_DEVELOP,,MERGE_C19_SYSTEM,,,,,,,,EJRF
ATG,2023,IIS_COVID19_DEVELOP,,KEEP_C19_SYSTEM,,,,,,,,EJRF
AUS,2023,IIS_COVID19_DEVELOP,,OTHER,,,,,,,,EJRF
CAF,2023,IIS_COVID19_DEVELOP,,MERGE_C19_SYSTEM,,,,,,,,EJRF
HKG,2023,IIS_COVID19_DEVELOP,,KEEP_C19_SYSTEM,,,,,,,,EJRF
MAC,2023,IIS_COVID19_DEVELOP,,MERGE_C19_SYSTEM,,,,,,,,EJRF
HRV,2023,IIS_COVID19_DEVELOP,,-2222,,,,,,,,EJRF
CYP,2023,IIS_COVID19_DEVELOP,,,,,,,,,,EJRF
DJI,2023,IIS_COVID19_DEVELOP,,KEEP_C19_SYSTEM,,,,,,,,EJRF
EST,2023,IIS_COVID19_DEVELOP,,EXPAND_C19_SYSTEM,,,,,,,,EJRF
GRC,2023,IIS_COVID19_DEVELOP,,,,,,,,,,EJRF
GUM,2023,IIS_COVID19_DEVELOP,,-4444,,,,,,,,EJRF
LBR,2023,IIS_COVID19_DEVELOP,,KEEP_C19_SYSTEM,,,,,,,,EJRF
MUS,2023,IIS_COVID19_DEVELOP,,-2222,,,,,,,,EJRF
MNG,2023,IIS_COVID19_DEVELOP,,,,,,,,,,EJRF
ROU,2023,IIS_COVID19_DEVELOP,,MERGE_C19_SYSTEM,,,,,,,,EJRF
SLB,2023,IIS_COVID19_DEVELOP,,MERGE_C19_SYSTEM,,,,,,,,EJRF
ESP,2023,IIS_COVID19_DEVELOP,,EXPAND_C19_SYSTEM,,,,,,,,EJRF
TLS,2023,IIS_COVID19_DEVELOP,,MERGE_C19_SYSTEM,,,,,,,,EJRF
AND,2023,IIS_COVID19_EXPAND,,,,,,,,,,EJRF
ATG,2023,IIS_COVID19_EXPAND,,,,,,,,,,EJRF
AUS,2023,IIS_COVID19_EXPAND,,,,,,,,,,EJRF
CAF,2023,IIS_COVID19_EXPAND,,,,,,,,,,EJRF
HKG,2023,IIS_COVID19_EXPAND,,,,,,,,,,EJRF
MAC,2023,IIS_COVID19_EXPAND,,,,,,,,,,EJRF
HRV,2023,IIS_COVID19_EXPAND,,,,,,,,,,EJRF
CYP,2023,IIS_COVID19_EXPAND,,,,,,,,,,EJRF
DJI,2023,IIS_COVID19_EXPAND,,,,,,,,,,EJRF
EST,2023,IIS_COVID19_EXPAND,,Since 2022 all vaccinators are obligated to transmit the immunisation notifications (all vaccinations) to the Health Information System. ,,,,,,,,EJRF
GRC,2023,IIS_COVID19_EXPAND,,,,,,,,,,EJRF
GUM,2023,IIS_COVID19_EXPAND,,,,,,,,,,EJRF
LBR,2023,IIS_COVID19_EXPAND,,,,,,,,,,EJRF
MUS,2023,IIS_COVID19_EXPAND,,,,,,,,,,EJRF
MNG,2023,IIS_COVID19_EXPAND,,,,,,,,,,EJRF
ROU,2023,IIS_COVID19_EXPAND,,,,,,,,,,EJRF
SLB,2023,IIS_COVID19_EXPAND,,,,,,,,,,EJRF
ESP,2023,IIS_COVID19_EXPAND,," In development for all vaccines administered, mainly those of the immunitation schedule life-span",,,,,,,,EJRF
TLS,2023,IIS_COVID19_EXPAND,,,,,,,,,,EJRF
CAF,2023,SUPPLY_COVID19_WASTAGE,,0,,,,,,,,EJRF
DJI,2023,SUPPLY_COVID19_WASTAGE,,16,,,,,,,,EJRF
LBR,2023,SUPPLY_COVID19_WASTAGE,,5,,,,,,,,EJRF
SLB,2023,SUPPLY_COVID19_WASTAGE,,10,,,,,,,,EJRF
CAF,2023,SUPPLY_COVID19_STOCK,,99850,,,,,,,,EJRF
DJI,2023,SUPPLY_COVID19_STOCK,,51000,,,,,,,,EJRF
LBR,2023,SUPPLY_COVID19_STOCK,,,,,,,,,,EJRF
SLB,2023,SUPPLY_COVID19_STOCK,,,,,,,,,,EJRF
BLR,2023,IIS_COVID19_SYSTEM_MONITOR,IIS_COVID19_SYSTEM_EIR_NEW,YES,,,,,,,,EJRF
BLR,2023,IIS_COVID19_SYSTEM_MONITOR,IIS_COVID19_SYSTEM_AGGREGATE,YES,,,,,,,,EJRF
BLR,2023,IIS_COVID19_SYSTEM_MONITOR,IIS_COVID19_SYSTEM_EIR,-4444,,,,,,,,EJRF
BLR,2023,IIS_COVID19_SYSTEM_MONITOR,IIS_COVID19_SYSTEM_AGGREGATE_NEW,-4444,,,,,,,,EJRF
ERI,2023,IIS_COVID19_SYSTEM_MONITOR,IIS_COVID19_SYSTEM_AGGREGATE,-4444,,,,,,,,EJRF
ERI,2023,IIS_COVID19_SYSTEM_MONITOR,IIS_COVID19_SYSTEM_EIR,-4444,,,,,,,,EJRF
ERI,2023,IIS_COVID19_SYSTEM_MONITOR,IIS_COVID19_SYSTEM_AGGREGATE_NEW,-4444,,,,,,,,EJRF
ERI,2023,IIS_COVID19_SYSTEM_MONITOR,IIS_COVID19_SYSTEM_EIR_NEW,-4444,,,,,,,,EJRF
MLI,2023,IIS_COVID19_SYSTEM_MONITOR,IIS_COVID19_SYSTEM_AGGREGATE,YES,,,,,,,,EJRF
MLI,2023,IIS_COVID19_SYSTEM_MONITOR,IIS_COVID19_SYSTEM_EIR,NO,,,,,,,,EJRF
MLI,2023,IIS_COVID19_SYSTEM_MONITOR,IIS_COVID19_SYSTEM_AGGREGATE_NEW,NO,,,,,,,,EJRF
MLI,2023,IIS_COVID19_SYSTEM_MONITOR,IIS_COVID19_SYSTEM_EIR_NEW,NO,,,,,,,,EJRF
MNE,2023,IIS_COVID19_SYSTEM_MONITOR,IIS_COVID19_SYSTEM_AGGREGATE,NO,,,,,,,,EJRF
MNE,2023,IIS_COVID19_SYSTEM_MONITOR,IIS_COVID19_SYSTEM_EIR,YES,,,,,,,,EJRF
MNE,2023,IIS_COVID19_SYSTEM_MONITOR,IIS_COVID19_SYSTEM_AGGREGATE_NEW,NO,,,,,,,,EJRF
MNE,2023,IIS_COVID19_SYSTEM_MONITOR,IIS_COVID19_SYSTEM_EIR_NEW,NO,,,,,,,,EJRF
QAT,2023,IIS_COVID19_SYSTEM_MONITOR,IIS_COVID19_SYSTEM_AGGREGATE,NO,,,,,,,,EJRF
QAT,2023,IIS_COVID19_SYSTEM_MONITOR,IIS_COVID19_SYSTEM_EIR,YES,,,,,,,,EJRF
QAT,2023,IIS_COVID19_SYSTEM_MONITOR,IIS_COVID19_SYSTEM_AGGREGATE_NEW,NO,,,,,,,,EJRF
QAT,2023,IIS_COVID19_SYSTEM_MONITOR,IIS_COVID19_SYSTEM_EIR_NEW,NO,,,,,,,,EJRF
MDA,2023,IIS_COVID19_SYSTEM_MONITOR,IIS_COVID19_SYSTEM_AGGREGATE,YES,,,,,,,,EJRF
MDA,2023,IIS_COVID19_SYSTEM_MONITOR,IIS_COVID19_SYSTEM_EIR,YES,,,,,,,,EJRF
MDA,2023,IIS_COVID19_SYSTEM_MONITOR,IIS_COVID19_SYSTEM_AGGREGATE_NEW,YES,,,,,,,,EJRF
MDA,2023,IIS_COVID19_SYSTEM_MONITOR,IIS_COVID19_SYSTEM_EIR_NEW,YES,,,,,,,,EJRF
SYC,2023,IIS_COVID19_SYSTEM_MONITOR,IIS_COVID19_SYSTEM_AGGREGATE,NO,,,,,,,,EJRF
SYC,2023,IIS_COVID19_SYSTEM_MONITOR,IIS_COVID19_SYSTEM_EIR,NO,,,,,,,,EJRF
SYC,2023,IIS_COVID19_SYSTEM_MONITOR,IIS_COVID19_SYSTEM_AGGREGATE_NEW,NO,,,,,,,,EJRF
SYC,2023,IIS_COVID19_SYSTEM_MONITOR,IIS_COVID19_SYSTEM_EIR_NEW,YES,,,,,,,,EJRF
LKA,2023,IIS_COVID19_SYSTEM_MONITOR,IIS_COVID19_SYSTEM_AGGREGATE,NO,,,,,,,,EJRF
LKA,2023,IIS_COVID19_SYSTEM_MONITOR,IIS_COVID19_SYSTEM_EIR,NO,,,,,,,,EJRF
LKA,2023,IIS_COVID19_SYSTEM_MONITOR,IIS_COVID19_SYSTEM_AGGREGATE_NEW,NO,,,,,,,,EJRF
LKA,2023,IIS_COVID19_SYSTEM_MONITOR,IIS_COVID19_SYSTEM_EIR_NEW,YES,,,,,,,,EJRF
GBR,2023,IIS_COVID19_SYSTEM_MONITOR,IIS_COVID19_SYSTEM_AGGREGATE,NO,,,,,,,,EJRF
GBR,2023,IIS_COVID19_SYSTEM_MONITOR,IIS_COVID19_SYSTEM_EIR,YES,,,,,,,,EJRF
GBR,2023,IIS_COVID19_SYSTEM_MONITOR,IIS_COVID19_SYSTEM_AGGREGATE_NEW,NO,,,,,,,,EJRF
GBR,2023,IIS_COVID19_SYSTEM_MONITOR,IIS_COVID19_SYSTEM_EIR_NEW,NO,,,,,,,,EJRF
BLR,2023,IIS_COVID19_AGGREGATE_DIGITAL,,HEALTH_FACILITY,,,,,,,,EJRF
ERI,2023,IIS_COVID19_AGGREGATE_DIGITAL,,,,,,,,,,EJRF
MLI,2023,IIS_COVID19_AGGREGATE_DIGITAL,,NATIONAL,,,,,,,,EJRF
MNE,2023,IIS_COVID19_AGGREGATE_DIGITAL,,,,,,,,,,EJRF
QAT,2023,IIS_COVID19_AGGREGATE_DIGITAL,,,,,,,,,,EJRF
MDA,2023,IIS_COVID19_AGGREGATE_DIGITAL,,NATIONAL,,,,,,,,EJRF
SYC,2023,IIS_COVID19_AGGREGATE_DIGITAL,,,,,,,,,,EJRF
LKA,2023,IIS_COVID19_AGGREGATE_DIGITAL,,,,,,,,,,EJRF
GBR,2023,IIS_COVID19_AGGREGATE_DIGITAL,,,,,,,,,,EJRF
BLR,2023,IIS_COVID19_DEVELOP,,MERGE_C19_SYSTEM,,,,,,,,EJRF
ERI,2023,IIS_COVID19_DEVELOP,,-4444,,,,,,,,EJRF
MLI,2023,IIS_COVID19_DEVELOP,,MERGE_C19_SYSTEM,,,,,,,,EJRF
MNE,2023,IIS_COVID19_DEVELOP,,KEEP_C19_SYSTEM,,,,,,,,EJRF
QAT,2023,IIS_COVID19_DEVELOP,,MERGE_C19_SYSTEM,,,,,,,,EJRF
MDA,2023,IIS_COVID19_DEVELOP,,OTHER,,,,,,,,EJRF
SYC,2023,IIS_COVID19_DEVELOP,,EXPAND_C19_SYSTEM,,,,,,,,EJRF
LKA,2023,IIS_COVID19_DEVELOP,,KEEP_C19_SYSTEM,,,,,,,,EJRF
GBR,2023,IIS_COVID19_DEVELOP,,EXPAND_C19_SYSTEM,,,,,,,,EJRF
BLR,2023,IIS_COVID19_EXPAND,,,,,,,,,,EJRF
ERI,2023,IIS_COVID19_EXPAND,,,,,,,,,,EJRF
MLI,2023,IIS_COVID19_EXPAND,,,,,,,,,,EJRF
MNE,2023,IIS_COVID19_EXPAND,,,,,,,,,,EJRF
QAT,2023,IIS_COVID19_EXPAND,,,,,,,,,,EJRF
MDA,2023,IIS_COVID19_EXPAND,,"да, для всех ваккцин",,,,,,,,EJRF
SYC,2023,IIS_COVID19_EXPAND,,Routine vaccination,,,,,,,,EJRF
LKA,2023,IIS_COVID19_EXPAND,,,,,,,,,,EJRF
GBR,2023,IIS_COVID19_EXPAND,,MMR,,,,,,,,EJRF
ERI,2023,SUPPLY_COVID19_WASTAGE,,-4444,,,,,,,,EJRF
MLI,2023,SUPPLY_COVID19_WASTAGE,,-4444,,,,,,,,EJRF
ERI,2023,SUPPLY_COVID19_STOCK,,-4444,,,,,,,,EJRF
MLI,2023,SUPPLY_COVID19_STOCK,,816800,,,,,,,,EJRF
AGO,2023,IIS_COVID19_SYSTEM_MONITOR,IIS_COVID19_SYSTEM_AGGREGATE_NEW,NO,,,,,,,,EJRF
AGO,2023,IIS_COVID19_SYSTEM_MONITOR,IIS_COVID19_SYSTEM_EIR_NEW,YES,,,,,,,,EJRF
AGO,2023,IIS_COVID19_SYSTEM_MONITOR,IIS_COVID19_SYSTEM_AGGREGATE,NO,,,,,,,,EJRF
AGO,2023,IIS_COVID19_SYSTEM_MONITOR,IIS_COVID19_SYSTEM_EIR,NO,,,,,,,,EJRF
ARG,2023,IIS_COVID19_SYSTEM_MONITOR,IIS_COVID19_SYSTEM_AGGREGATE,NO,,,,,,,,EJRF
ARG,2023,IIS_COVID19_SYSTEM_MONITOR,IIS_COVID19_SYSTEM_EIR,YES,,,,,,,,EJRF
ARG,2023,IIS_COVID19_SYSTEM_MONITOR,IIS_COVID19_SYSTEM_AGGREGATE_NEW,NO,,,,,,,,EJRF
ARG,2023,IIS_COVID19_SYSTEM_MONITOR,IIS_COVID19_SYSTEM_EIR_NEW,NO,,,,,,,,EJRF
BHS,2023,IIS_COVID19_SYSTEM_MONITOR,IIS_COVID19_SYSTEM_AGGREGATE,NO,,,,,,,,EJRF
BHS,2023,IIS_COVID19_SYSTEM_MONITOR,IIS_COVID19_SYSTEM_EIR,YES,,,,,,,,EJRF
BHS,2023,IIS_COVID19_SYSTEM_MONITOR,IIS_COVID19_SYSTEM_AGGREGATE_NEW,-2222,,,,,,,,EJRF
BHS,2023,IIS_COVID19_SYSTEM_MONITOR,IIS_COVID19_SYSTEM_EIR_NEW,NO,,,,,,,,EJRF
BGD,2023,IIS_COVID19_SYSTEM_MONITOR,IIS_COVID19_SYSTEM_AGGREGATE,YES,,,,,,,,EJRF
BGD,2023,IIS_COVID19_SYSTEM_MONITOR,IIS_COVID19_SYSTEM_EIR,NO,,,,,,,,EJRF
BGD,2023,IIS_COVID19_SYSTEM_MONITOR,IIS_COVID19_SYSTEM_AGGREGATE_NEW,NO,,,,,,,,EJRF
BGD,2023,IIS_COVID19_SYSTEM_MONITOR,IIS_COVID19_SYSTEM_EIR_NEW,YES,,,,,,,,EJRF
BEN,2023,IIS_COVID19_SYSTEM_MONITOR,IIS_COVID19_SYSTEM_AGGREGATE,NO,,,,,,,,EJRF
BEN,2023,IIS_COVID19_SYSTEM_MONITOR,IIS_COVID19_SYSTEM_EIR,NO,,,,,,,,EJRF
BEN,2023,IIS_COVID19_SYSTEM_MONITOR,IIS_COVID19_SYSTEM_AGGREGATE_NEW,YES,,,,,,,,EJRF
BEN,2023,IIS_COVID19_SYSTEM_MONITOR,IIS_COVID19_SYSTEM_EIR_NEW,YES,,,,,,,,EJRF
BOL,2023,IIS_COVID19_SYSTEM_MONITOR,IIS_COVID19_SYSTEM_EIR,YES,,,,,,,,EJRF
BOL,2023,IIS_COVID19_SYSTEM_MONITOR,IIS_COVID19_SYSTEM_AGGREGATE_NEW,NO,,,,,,,,EJRF
BOL,2023,IIS_COVID19_SYSTEM_MONITOR,IIS_COVID19_SYSTEM_EIR_NEW,NO,,,,,,,,EJRF
BOL,2023,IIS_COVID19_SYSTEM_MONITOR,IIS_COVID19_SYSTEM_AGGREGATE,NO,,,,,,,,EJRF
BRA,2023,IIS_COVID19_SYSTEM_MONITOR,IIS_COVID19_SYSTEM_AGGREGATE,YES,,,,,,,,EJRF
BRA,2023,IIS_COVID19_SYSTEM_MONITOR,IIS_COVID19_SYSTEM_EIR,YES,,,,,,,,EJRF
BRA,2023,IIS_COVID19_SYSTEM_MONITOR,IIS_COVID19_SYSTEM_AGGREGATE_NEW,NO,,,,,,,,EJRF
BRA,2023,IIS_COVID19_SYSTEM_MONITOR,IIS_COVID19_SYSTEM_EIR_NEW,YES,,,,,,,,EJRF
BGR,2023,IIS_COVID19_SYSTEM_MONITOR,IIS_COVID19_SYSTEM_EIR_NEW,YES,,,,,,,,EJRF
BGR,2023,IIS_COVID19_SYSTEM_MONITOR,IIS_COVID19_SYSTEM_AGGREGATE,NO,,,,,,,,EJRF
BGR,2023,IIS_COVID19_SYSTEM_MONITOR,IIS_COVID19_SYSTEM_EIR,NO,,,,,,,,EJRF
BGR,2023,IIS_COVID19_SYSTEM_MONITOR,IIS_COVID19_SYSTEM_AGGREGATE_NEW,NO,,,,,,,,EJRF
CPV,2023,IIS_COVID19_SYSTEM_MONITOR,IIS_COVID19_SYSTEM_AGGREGATE,,,,,,,,,EJRF
CPV,2023,IIS_COVID19_SYSTEM_MONITOR,IIS_COVID19_SYSTEM_EIR,,,,,,,,,EJRF
CPV,2023,IIS_COVID19_SYSTEM_MONITOR,IIS_COVID19_SYSTEM_AGGREGATE_NEW,,,,,,,,,EJRF
CPV,2023,IIS_COVID19_SYSTEM_MONITOR,IIS_COVID19_SYSTEM_EIR_NEW,,,,,,,,,EJRF
COM,2023,IIS_COVID19_SYSTEM_MONITOR,IIS_COVID19_SYSTEM_AGGREGATE,YES,,,,,,,,EJRF
COM,2023,IIS_COVID19_SYSTEM_MONITOR,IIS_COVID19_SYSTEM_EIR,-4444,,,,,,,,EJRF
COM,2023,IIS_COVID19_SYSTEM_MONITOR,IIS_COVID19_SYSTEM_AGGREGATE_NEW,YES,,,,,,,,EJRF
COM,2023,IIS_COVID19_SYSTEM_MONITOR,IIS_COVID19_SYSTEM_EIR_NEW,-4444,,,,,,,,EJRF
CRI,2023,IIS_COVID19_SYSTEM_MONITOR,IIS_COVID19_SYSTEM_AGGREGATE,,,,,,,,,EJRF
CRI,2023,IIS_COVID19_SYSTEM_MONITOR,IIS_COVID19_SYSTEM_EIR,,,,,,,,,EJRF
CRI,2023,IIS_COVID19_SYSTEM_MONITOR,IIS_COVID19_SYSTEM_AGGREGATE_NEW,,,,,,,,,EJRF
CRI,2023,IIS_COVID19_SYSTEM_MONITOR,IIS_COVID19_SYSTEM_EIR_NEW,,,,,,,,,EJRF
DMA,2023,IIS_COVID19_SYSTEM_MONITOR,IIS_COVID19_SYSTEM_AGGREGATE,NO,,,,,,,,EJRF
DMA,2023,IIS_COVID19_SYSTEM_MONITOR,IIS_COVID19_SYSTEM_EIR,NO,,,,,,,,EJRF
DMA,2023,IIS_COVID19_SYSTEM_MONITOR,IIS_COVID19_SYSTEM_AGGREGATE_NEW,NO,,,,,,,,EJRF
DMA,2023,IIS_COVID19_SYSTEM_MONITOR,IIS_COVID19_SYSTEM_EIR_NEW,YES,,,,,,,,EJRF
ECU,2023,IIS_COVID19_SYSTEM_MONITOR,IIS_COVID19_SYSTEM_AGGREGATE,NO,,,,,,,,EJRF
ECU,2023,IIS_COVID19_SYSTEM_MONITOR,IIS_COVID19_SYSTEM_EIR,NO,,,,,,,,EJRF
ECU,2023,IIS_COVID19_SYSTEM_MONITOR,IIS_COVID19_SYSTEM_AGGREGATE_NEW,NO,,,,,,,,EJRF
ECU,2023,IIS_COVID19_SYSTEM_MONITOR,IIS_COVID19_SYSTEM_EIR_NEW,YES,,,,,,,,EJRF
GHA,2023,IIS_COVID19_SYSTEM_MONITOR,IIS_COVID19_SYSTEM_AGGREGATE,NO,,,,,,,,EJRF
GHA,2023,IIS_COVID19_SYSTEM_MONITOR,IIS_COVID19_SYSTEM_EIR,YES,,,,,,,,EJRF
GHA,2023,IIS_COVID19_SYSTEM_MONITOR,IIS_COVID19_SYSTEM_AGGREGATE_NEW,NO,,,,,,,,EJRF
GHA,2023,IIS_COVID19_SYSTEM_MONITOR,IIS_COVID19_SYSTEM_EIR_NEW,NO,,,,,,,,EJRF
GRD,2023,IIS_COVID19_SYSTEM_MONITOR,IIS_COVID19_SYSTEM_AGGREGATE,NO,,,,,,,,EJRF
GRD,2023,IIS_COVID19_SYSTEM_MONITOR,IIS_COVID19_SYSTEM_EIR,YES,,,,,,,,EJRF
GRD,2023,IIS_COVID19_SYSTEM_MONITOR,IIS_COVID19_SYSTEM_AGGREGATE_NEW,NO,,,,,,,,EJRF
GRD,2023,IIS_COVID19_SYSTEM_MONITOR,IIS_COVID19_SYSTEM_EIR_NEW,NO,,,,,,,,EJRF
GTM,2023,IIS_COVID19_SYSTEM_MONITOR,IIS_COVID19_SYSTEM_AGGREGATE,NO,,,,,,,,EJRF
GTM,2023,IIS_COVID19_SYSTEM_MONITOR,IIS_COVID19_SYSTEM_EIR,NO,,,,,,,,EJRF
GTM,2023,IIS_COVID19_SYSTEM_MONITOR,IIS_COVID19_SYSTEM_AGGREGATE_NEW,NO,,,,,,,,EJRF
GTM,2023,IIS_COVID19_SYSTEM_MONITOR,IIS_COVID19_SYSTEM_EIR_NEW,YES,,,,,,,,EJRF
GIN,2023,IIS_COVID19_SYSTEM_MONITOR,IIS_COVID19_SYSTEM_AGGREGATE,YES,,,,,,,,EJRF
GIN,2023,IIS_COVID19_SYSTEM_MONITOR,IIS_COVID19_SYSTEM_EIR,YES,,,,,,,,EJRF
GIN,2023,IIS_COVID19_SYSTEM_MONITOR,IIS_COVID19_SYSTEM_AGGREGATE_NEW,YES,,,,,,,,EJRF
GIN,2023,IIS_COVID19_SYSTEM_MONITOR,IIS_COVID19_SYSTEM_EIR_NEW,YES,,,,,,,,EJRF
HTI,2023,IIS_COVID19_SYSTEM_MONITOR,IIS_COVID19_SYSTEM_AGGREGATE,YES,,,,,,,,EJRF
HTI,2023,IIS_COVID19_SYSTEM_MONITOR,IIS_COVID19_SYSTEM_EIR,YES,,,,,,,,EJRF
HTI,2023,IIS_COVID19_SYSTEM_MONITOR,IIS_COVID19_SYSTEM_AGGREGATE_NEW,NO,,,,,,,,EJRF
HTI,2023,IIS_COVID19_SYSTEM_MONITOR,IIS_COVID19_SYSTEM_EIR_NEW,NO,,,,,,,,EJRF
KGZ,2023,IIS_COVID19_SYSTEM_MONITOR,IIS_COVID19_SYSTEM_AGGREGATE,NO,,,,,,,,EJRF
KGZ,2023,IIS_COVID19_SYSTEM_MONITOR,IIS_COVID19_SYSTEM_EIR,NO,,,,,,,,EJRF
KGZ,2023,IIS_COVID19_SYSTEM_MONITOR,IIS_COVID19_SYSTEM_AGGREGATE_NEW,NO,,,,,,,,EJRF
KGZ,2023,IIS_COVID19_SYSTEM_MONITOR,IIS_COVID19_SYSTEM_EIR_NEW,YES,,,,,,,,EJRF
LVA,2023,IIS_COVID19_SYSTEM_MONITOR,IIS_COVID19_SYSTEM_AGGREGATE,NO,,,,,,,,EJRF
LVA,2023,IIS_COVID19_SYSTEM_MONITOR,IIS_COVID19_SYSTEM_EIR,YES,,,,,,,,EJRF
LVA,2023,IIS_COVID19_SYSTEM_MONITOR,IIS_COVID19_SYSTEM_AGGREGATE_NEW,NO,,,,,,,,EJRF
LVA,2023,IIS_COVID19_SYSTEM_MONITOR,IIS_COVID19_SYSTEM_EIR_NEW,NO,,,,,,,,EJRF
LSO,2023,IIS_COVID19_SYSTEM_MONITOR,IIS_COVID19_SYSTEM_AGGREGATE,NO,,,,,,,,EJRF
LSO,2023,IIS_COVID19_SYSTEM_MONITOR,IIS_COVID19_SYSTEM_EIR,NO,,,,,,,,EJRF
LSO,2023,IIS_COVID19_SYSTEM_MONITOR,IIS_COVID19_SYSTEM_AGGREGATE_NEW,NO,,,,,,,,EJRF
LSO,2023,IIS_COVID19_SYSTEM_MONITOR,IIS_COVID19_SYSTEM_EIR_NEW,YES,,,,,,,,EJRF
MWI,2023,IIS_COVID19_SYSTEM_MONITOR,IIS_COVID19_SYSTEM_AGGREGATE,,,,,,,,,EJRF
MWI,2023,IIS_COVID19_SYSTEM_MONITOR,IIS_COVID19_SYSTEM_EIR,,,,,,,,,EJRF
MWI,2023,IIS_COVID19_SYSTEM_MONITOR,IIS_COVID19_SYSTEM_AGGREGATE_NEW,,,,,,,,,EJRF
MWI,2023,IIS_COVID19_SYSTEM_MONITOR,IIS_COVID19_SYSTEM_EIR_NEW,,,,,,,,,EJRF
MRT,2023,IIS_COVID19_SYSTEM_MONITOR,IIS_COVID19_SYSTEM_AGGREGATE,NO,,,,,,,,EJRF
MRT,2023,IIS_COVID19_SYSTEM_MONITOR,IIS_COVID19_SYSTEM_EIR,NO,,,,,,,,EJRF
MRT,2023,IIS_COVID19_SYSTEM_MONITOR,IIS_COVID19_SYSTEM_AGGREGATE_NEW,NO,,,,,,,,EJRF
MRT,2023,IIS_COVID19_SYSTEM_MONITOR,IIS_COVID19_SYSTEM_EIR_NEW,NO,,,,,,,,EJRF
MEX,2023,IIS_COVID19_SYSTEM_MONITOR,IIS_COVID19_SYSTEM_AGGREGATE,,,,,,,,,EJRF
MEX,2023,IIS_COVID19_SYSTEM_MONITOR,IIS_COVID19_SYSTEM_EIR,,,,,,,,,EJRF
MEX,2023,IIS_COVID19_SYSTEM_MONITOR,IIS_COVID19_SYSTEM_AGGREGATE_NEW,,,,,,,,,EJRF
MEX,2023,IIS_COVID19_SYSTEM_MONITOR,IIS_COVID19_SYSTEM_EIR_NEW,,,,,,,,,EJRF
MOZ,2023,IIS_COVID19_SYSTEM_MONITOR,IIS_COVID19_SYSTEM_AGGREGATE,,,,,,,,,EJRF
MOZ,2023,IIS_COVID19_SYSTEM_MONITOR,IIS_COVID19_SYSTEM_EIR,,,,,,,,,EJRF
MOZ,2023,IIS_COVID19_SYSTEM_MONITOR,IIS_COVID19_SYSTEM_AGGREGATE_NEW,,,,,,,,,EJRF
MOZ,2023,IIS_COVID19_SYSTEM_MONITOR,IIS_COVID19_SYSTEM_EIR_NEW,,,,,,,,,EJRF
NAM,2023,IIS_COVID19_SYSTEM_MONITOR,IIS_COVID19_SYSTEM_EIR,YES,,,,,,,,EJRF
NAM,2023,IIS_COVID19_SYSTEM_MONITOR,IIS_COVID19_SYSTEM_AGGREGATE_NEW,NO,,,,,,,,EJRF
NAM,2023,IIS_COVID19_SYSTEM_MONITOR,IIS_COVID19_SYSTEM_EIR_NEW,NO,,,,,,,,EJRF
NAM,2023,IIS_COVID19_SYSTEM_MONITOR,IIS_COVID19_SYSTEM_AGGREGATE,YES,,,,,,,,EJRF
NZL,2023,IIS_COVID19_SYSTEM_MONITOR,IIS_COVID19_SYSTEM_AGGREGATE,,,,,,,,,EJRF
NZL,2023,IIS_COVID19_SYSTEM_MONITOR,IIS_COVID19_SYSTEM_EIR,,,,,,,,,EJRF
NZL,2023,IIS_COVID19_SYSTEM_MONITOR,IIS_COVID19_SYSTEM_AGGREGATE_NEW,,,,,,,,,EJRF
NZL,2023,IIS_COVID19_SYSTEM_MONITOR,IIS_COVID19_SYSTEM_EIR_NEW,,,,,,,,,EJRF
NIC,2023,IIS_COVID19_SYSTEM_MONITOR,IIS_COVID19_SYSTEM_AGGREGATE,-4444,,,,,,,,EJRF
NIC,2023,IIS_COVID19_SYSTEM_MONITOR,IIS_COVID19_SYSTEM_EIR,-4444,,,,,,,,EJRF
NIC,2023,IIS_COVID19_SYSTEM_MONITOR,IIS_COVID19_SYSTEM_AGGREGATE_NEW,-4444,,,,,,,,EJRF
NIC,2023,IIS_COVID19_SYSTEM_MONITOR,IIS_COVID19_SYSTEM_EIR_NEW,YES,,,,,,,,EJRF
NER,2023,IIS_COVID19_SYSTEM_MONITOR,IIS_COVID19_SYSTEM_AGGREGATE,NO,,,,,,,,EJRF
NER,2023,IIS_COVID19_SYSTEM_MONITOR,IIS_COVID19_SYSTEM_EIR,-4444,,,,,,,,EJRF
NER,2023,IIS_COVID19_SYSTEM_MONITOR,IIS_COVID19_SYSTEM_AGGREGATE_NEW,YES,,,,,,,,EJRF
NER,2023,IIS_COVID19_SYSTEM_MONITOR,IIS_COVID19_SYSTEM_EIR_NEW,YES,,,,,,,,EJRF
NGA,2023,IIS_COVID19_SYSTEM_MONITOR,IIS_COVID19_SYSTEM_AGGREGATE,YES,,,,,,,,EJRF
NGA,2023,IIS_COVID19_SYSTEM_MONITOR,IIS_COVID19_SYSTEM_EIR,YES,,,,,,,,EJRF
NGA,2023,IIS_COVID19_SYSTEM_MONITOR,IIS_COVID19_SYSTEM_AGGREGATE_NEW,NO,,,,,,,,EJRF
NGA,2023,IIS_COVID19_SYSTEM_MONITOR,IIS_COVID19_SYSTEM_EIR_NEW,NO,,,,,,,,EJRF
PRY,2023,IIS_COVID19_SYSTEM_MONITOR,IIS_COVID19_SYSTEM_AGGREGATE,YES,,,,,,,,EJRF
PRY,2023,IIS_COVID19_SYSTEM_MONITOR,IIS_COVID19_SYSTEM_EIR,YES,,,,,,,,EJRF
PRY,2023,IIS_COVID19_SYSTEM_MONITOR,IIS_COVID19_SYSTEM_AGGREGATE_NEW,YES,,,,,,,,EJRF
PRY,2023,IIS_COVID19_SYSTEM_MONITOR,IIS_COVID19_SYSTEM_EIR_NEW,YES,,,,,,,,EJRF
PER,2023,IIS_COVID19_SYSTEM_MONITOR,IIS_COVID19_SYSTEM_AGGREGATE_NEW,NO,,,,,,,,EJRF
PER,2023,IIS_COVID19_SYSTEM_MONITOR,IIS_COVID19_SYSTEM_EIR_NEW,NO,,,,,,,,EJRF
PER,2023,IIS_COVID19_SYSTEM_MONITOR,IIS_COVID19_SYSTEM_AGGREGATE,NO,,,,,,,,EJRF
PER,2023,IIS_COVID19_SYSTEM_MONITOR,IIS_COVID19_SYSTEM_EIR,YES,,,,,,,,EJRF
RWA,2023,IIS_COVID19_SYSTEM_MONITOR,IIS_COVID19_SYSTEM_AGGREGATE,-4444,,,,,,,,EJRF
RWA,2023,IIS_COVID19_SYSTEM_MONITOR,IIS_COVID19_SYSTEM_EIR,-4444,,,,,,,,EJRF
RWA,2023,IIS_COVID19_SYSTEM_MONITOR,IIS_COVID19_SYSTEM_AGGREGATE_NEW,-4444,,,,,,,,EJRF
RWA,2023,IIS_COVID19_SYSTEM_MONITOR,IIS_COVID19_SYSTEM_EIR_NEW,YES,,,,,,,,EJRF
SRB,2023,IIS_COVID19_SYSTEM_MONITOR,IIS_COVID19_SYSTEM_AGGREGATE,NO,,,,,,,,EJRF
SRB,2023,IIS_COVID19_SYSTEM_MONITOR,IIS_COVID19_SYSTEM_EIR,NO,,,,,,,,EJRF
SRB,2023,IIS_COVID19_SYSTEM_MONITOR,IIS_COVID19_SYSTEM_AGGREGATE_NEW,NO,,,,,,,,EJRF
SRB,2023,IIS_COVID19_SYSTEM_MONITOR,IIS_COVID19_SYSTEM_EIR_NEW,YES,,,,,,,,EJRF
SLE,2023,IIS_COVID19_SYSTEM_MONITOR,IIS_COVID19_SYSTEM_AGGREGATE,YES,,,,,,,,EJRF
SLE,2023,IIS_COVID19_SYSTEM_MONITOR,IIS_COVID19_SYSTEM_EIR,NO,,,,,,,,EJRF
SLE,2023,IIS_COVID19_SYSTEM_MONITOR,IIS_COVID19_SYSTEM_AGGREGATE_NEW,NO,,,,,,,,EJRF
SLE,2023,IIS_COVID19_SYSTEM_MONITOR,IIS_COVID19_SYSTEM_EIR_NEW,YES,,,,,,,,EJRF
SGP,2023,IIS_COVID19_SYSTEM_MONITOR,IIS_COVID19_SYSTEM_AGGREGATE,,,,,,,,,EJRF
SGP,2023,IIS_COVID19_SYSTEM_MONITOR,IIS_COVID19_SYSTEM_EIR,,,,,,,,,EJRF
SGP,2023,IIS_COVID19_SYSTEM_MONITOR,IIS_COVID19_SYSTEM_AGGREGATE_NEW,,,,,,,,,EJRF
SGP,2023,IIS_COVID19_SYSTEM_MONITOR,IIS_COVID19_SYSTEM_EIR_NEW,,,,,,,,,EJRF
SUR,2023,IIS_COVID19_SYSTEM_MONITOR,IIS_COVID19_SYSTEM_AGGREGATE,YES,,,,,,,,EJRF
SUR,2023,IIS_COVID19_SYSTEM_MONITOR,IIS_COVID19_SYSTEM_EIR,NO,,,,,,,,EJRF
SUR,2023,IIS_COVID19_SYSTEM_MONITOR,IIS_COVID19_SYSTEM_AGGREGATE_NEW,YES,,,,,,,,EJRF
SUR,2023,IIS_COVID19_SYSTEM_MONITOR,IIS_COVID19_SYSTEM_EIR_NEW,YES,,,,,,,,EJRF
SWE,2023,IIS_COVID19_SYSTEM_MONITOR,IIS_COVID19_SYSTEM_AGGREGATE,NO,,,,,,,,EJRF
SWE,2023,IIS_COVID19_SYSTEM_MONITOR,IIS_COVID19_SYSTEM_EIR,YES,,,,,,,,EJRF
SWE,2023,IIS_COVID19_SYSTEM_MONITOR,IIS_COVID19_SYSTEM_AGGREGATE_NEW,NO,,,,,,,,EJRF
SWE,2023,IIS_COVID19_SYSTEM_MONITOR,IIS_COVID19_SYSTEM_EIR_NEW,NO,,,,,,,,EJRF
URY,2023,IIS_COVID19_SYSTEM_MONITOR,IIS_COVID19_SYSTEM_AGGREGATE,NO,,,,,,,,EJRF
URY,2023,IIS_COVID19_SYSTEM_MONITOR,IIS_COVID19_SYSTEM_EIR,YES,,,,,,,,EJRF
URY,2023,IIS_COVID19_SYSTEM_MONITOR,IIS_COVID19_SYSTEM_AGGREGATE_NEW,NO,,,,,,,,EJRF
URY,2023,IIS_COVID19_SYSTEM_MONITOR,IIS_COVID19_SYSTEM_EIR_NEW,NO,,,,,,,,EJRF
YEM,2023,IIS_COVID19_SYSTEM_MONITOR,IIS_COVID19_SYSTEM_AGGREGATE,YES,,,,,,,,EJRF
YEM,2023,IIS_COVID19_SYSTEM_MONITOR,IIS_COVID19_SYSTEM_EIR,YES,,,,,,,,EJRF
YEM,2023,IIS_COVID19_SYSTEM_MONITOR,IIS_COVID19_SYSTEM_AGGREGATE_NEW,YES,,,,,,,,EJRF
YEM,2023,IIS_COVID19_SYSTEM_MONITOR,IIS_COVID19_SYSTEM_EIR_NEW,YES,,,,,,,,EJRF
ZMB,2023,IIS_COVID19_SYSTEM_MONITOR,IIS_COVID19_SYSTEM_AGGREGATE,NO,,,,,,,,EJRF
ZMB,2023,IIS_COVID19_SYSTEM_MONITOR,IIS_COVID19_SYSTEM_EIR,NO,,,,,,,,EJRF
ZMB,2023,IIS_COVID19_SYSTEM_MONITOR,IIS_COVID19_SYSTEM_AGGREGATE_NEW,NO,,,,,,,,EJRF
ZMB,2023,IIS_COVID19_SYSTEM_MONITOR,IIS_COVID19_SYSTEM_EIR_NEW,YES,,,,,,,,EJRF
ZWE,2023,IIS_COVID19_SYSTEM_MONITOR,IIS_COVID19_SYSTEM_AGGREGATE,,,,,,,,,EJRF
ZWE,2023,IIS_COVID19_SYSTEM_MONITOR,IIS_COVID19_SYSTEM_EIR,,,,,,,,,EJRF
ZWE,2023,IIS_COVID19_SYSTEM_MONITOR,IIS_COVID19_SYSTEM_AGGREGATE_NEW,,,,,,,,,EJRF
ZWE,2023,IIS_COVID19_SYSTEM_MONITOR,IIS_COVID19_SYSTEM_EIR_NEW,,,,,,,,,EJRF
AGO,2023,IIS_COVID19_AGGREGATE_DIGITAL,,,,,,,,,,EJRF
ARG,2023,IIS_COVID19_AGGREGATE_DIGITAL,,,,,,,,,,EJRF
BHS,2023,IIS_COVID19_AGGREGATE_DIGITAL,,,,,,,,,,EJRF
BGD,2023,IIS_COVID19_AGGREGATE_DIGITAL,,NATIONAL,,,,,,,,EJRF
BEN,2023,IIS_COVID19_AGGREGATE_DIGITAL,,HEALTH_FACILITY,,,,,,,,EJRF
BOL,2023,IIS_COVID19_AGGREGATE_DIGITAL,,,,,,,,,,EJRF
BRA,2023,IIS_COVID19_AGGREGATE_DIGITAL,,-2222,,,,,,,,EJRF
BGR,2023,IIS_COVID19_AGGREGATE_DIGITAL,,,,,,,,,,EJRF
CPV,2023,IIS_COVID19_AGGREGATE_DIGITAL,,,,,,,,,,EJRF
COM,2023,IIS_COVID19_AGGREGATE_DIGITAL,,HEALTH_FACILITY,,,,,,,,EJRF
CRI,2023,IIS_COVID19_AGGREGATE_DIGITAL,,,,,,,,,,EJRF
DMA,2023,IIS_COVID19_AGGREGATE_DIGITAL,,,,,,,,,,EJRF
ECU,2023,IIS_COVID19_AGGREGATE_DIGITAL,,,,,,,,,,EJRF
GHA,2023,IIS_COVID19_AGGREGATE_DIGITAL,,,,,,,,,,EJRF
GRD,2023,IIS_COVID19_AGGREGATE_DIGITAL,,,,,,,,,,EJRF
GTM,2023,IIS_COVID19_AGGREGATE_DIGITAL,,,,,,,,,,EJRF
GIN,2023,IIS_COVID19_AGGREGATE_DIGITAL,,ADMIN2,,,,,,,,EJRF
HTI,2023,IIS_COVID19_AGGREGATE_DIGITAL,,ADMIN2,,,,,,,,EJRF
KGZ,2023,IIS_COVID19_AGGREGATE_DIGITAL,,,,,,,,,,EJRF
LVA,2023,IIS_COVID19_AGGREGATE_DIGITAL,,,,,,,,,,EJRF
LSO,2023,IIS_COVID19_AGGREGATE_DIGITAL,,,,,,,,,,EJRF
MWI,2023,IIS_COVID19_AGGREGATE_DIGITAL,,,,,,,,,,EJRF
MRT,2023,IIS_COVID19_AGGREGATE_DIGITAL,,,,,,,,,,EJRF
MEX,2023,IIS_COVID19_AGGREGATE_DIGITAL,,,,,,,,,,EJRF
MOZ,2023,IIS_COVID19_AGGREGATE_DIGITAL,,,,,,,,,,EJRF
NAM,2023,IIS_COVID19_AGGREGATE_DIGITAL,,ADMIN2,,,,,,,,EJRF
NZL,2023,IIS_COVID19_AGGREGATE_DIGITAL,,,,,,,,,,EJRF
NIC,2023,IIS_COVID19_AGGREGATE_DIGITAL,,,,,,,,,,EJRF
NER,2023,IIS_COVID19_AGGREGATE_DIGITAL,,ADMIN3,,,,,,,,EJRF
NGA,2023,IIS_COVID19_AGGREGATE_DIGITAL,,HEALTH_FACILITY,,,,,,,,EJRF
PRY,2023,IIS_COVID19_AGGREGATE_DIGITAL,,HEALTH_FACILITY,,,,,,,,EJRF
PER,2023,IIS_COVID19_AGGREGATE_DIGITAL,,,,,,,,,,EJRF
RWA,2023,IIS_COVID19_AGGREGATE_DIGITAL,,,,,,,,,,EJRF
SRB,2023,IIS_COVID19_AGGREGATE_DIGITAL,,,,,,,,,,EJRF
SLE,2023,IIS_COVID19_AGGREGATE_DIGITAL,,HEALTH_FACILITY,,,,,,,,EJRF
SGP,2023,IIS_COVID19_AGGREGATE_DIGITAL,,,,,,,,,,EJRF
SUR,2023,IIS_COVID19_AGGREGATE_DIGITAL,,HEALTH_FACILITY,,,,,,,,EJRF
SWE,2023,IIS_COVID19_AGGREGATE_DIGITAL,,,,,,,,,,EJRF
URY,2023,IIS_COVID19_AGGREGATE_DIGITAL,,,,,,,,,,EJRF
YEM,2023,IIS_COVID19_AGGREGATE_DIGITAL,,ADMIN2,,,,,,,,EJRF
ZMB,2023,IIS_COVID19_AGGREGATE_DIGITAL,,,,,,,,,,EJRF
ZWE,2023,IIS_COVID19_AGGREGATE_DIGITAL,,,,,,,,,,EJRF
AGO,2023,IIS_COVID19_DEVELOP,,MERGE_C19_SYSTEM,,,,,,,,EJRF
ARG,2023,IIS_COVID19_DEVELOP,,MERGE_C19_SYSTEM,,,,,,,,EJRF
BHS,2023,IIS_COVID19_DEVELOP,,KEEP_C19_SYSTEM,,,,,,,,EJRF
BGD,2023,IIS_COVID19_DEVELOP,,KEEP_C19_SYSTEM,,,,,,,,EJRF
BEN,2023,IIS_COVID19_DEVELOP,,KEEP_C19_SYSTEM,,,,,,,,EJRF
BOL,2023,IIS_COVID19_DEVELOP,,MERGE_C19_SYSTEM,,,,,,,,EJRF
BRA,2023,IIS_COVID19_DEVELOP,,MERGE_C19_SYSTEM,,,,,,,,EJRF
BGR,2023,IIS_COVID19_DEVELOP,,EXPAND_C19_SYSTEM,,,,,,,,EJRF
CPV,2023,IIS_COVID19_DEVELOP,,KEEP_C19_SYSTEM,,,,,,,,EJRF
COM,2023,IIS_COVID19_DEVELOP,,EXPAND_C19_SYSTEM,,,,,,,,EJRF
CRI,2023,IIS_COVID19_DEVELOP,,MERGE_C19_SYSTEM,,,,,,,,EJRF
DMA,2023,IIS_COVID19_DEVELOP,,KEEP_C19_SYSTEM,,,,,,,,EJRF
ECU,2023,IIS_COVID19_DEVELOP,,KEEP_C19_SYSTEM,,,,,,,,EJRF
GHA,2023,IIS_COVID19_DEVELOP,,MERGE_C19_SYSTEM,,,,,,,,EJRF
GRD,2023,IIS_COVID19_DEVELOP,,MERGE_C19_SYSTEM,,,,,,,,EJRF
GTM,2023,IIS_COVID19_DEVELOP,,KEEP_C19_SYSTEM,,,,,,,,EJRF
GIN,2023,IIS_COVID19_DEVELOP,,MERGE_C19_SYSTEM,,,,,,,,EJRF
HTI,2023,IIS_COVID19_DEVELOP,,MERGE_C19_SYSTEM,,,,,,,,EJRF
KGZ,2023,IIS_COVID19_DEVELOP,,MERGE_C19_SYSTEM,,,,,,,,EJRF
LVA,2023,IIS_COVID19_DEVELOP,,OTHER,,,,,,,,EJRF
LSO,2023,IIS_COVID19_DEVELOP,,EXPAND_C19_SYSTEM,,,,,,,,EJRF
MWI,2023,IIS_COVID19_DEVELOP,,,,,,,,,,EJRF
MRT,2023,IIS_COVID19_DEVELOP,,MERGE_C19_SYSTEM,,,,,,,,EJRF
MEX,2023,IIS_COVID19_DEVELOP,,,,,,,,,,EJRF
MOZ,2023,IIS_COVID19_DEVELOP,,,,,,,,,,EJRF
NAM,2023,IIS_COVID19_DEVELOP,,-2222,,,,,,,,EJRF
NZL,2023,IIS_COVID19_DEVELOP,,,,,,,,,,EJRF
NIC,2023,IIS_COVID19_DEVELOP,,EXPAND_C19_SYSTEM,,,,,,,,EJRF
NER,2023,IIS_COVID19_DEVELOP,,KEEP_C19_SYSTEM,,,,,,,,EJRF
NGA,2023,IIS_COVID19_DEVELOP,,EXPAND_C19_SYSTEM,,,,,,,,EJRF
PRY,2023,IIS_COVID19_DEVELOP,,EXPAND_C19_SYSTEM,,,,,,,,EJRF
PER,2023,IIS_COVID19_DEVELOP,,MERGE_C19_SYSTEM,,,,,,,,EJRF
RWA,2023,IIS_COVID19_DEVELOP,,KEEP_C19_SYSTEM,,,,,,,,EJRF
SRB,2023,IIS_COVID19_DEVELOP,,KEEP_C19_SYSTEM,,,,,,,,EJRF
SLE,2023,IIS_COVID19_DEVELOP,,KEEP_C19_SYSTEM,,,,,,,,EJRF
SGP,2023,IIS_COVID19_DEVELOP,,,,,,,,,,EJRF
SUR,2023,IIS_COVID19_DEVELOP,,EXPAND_C19_SYSTEM,,,,,,,,EJRF
SWE,2023,IIS_COVID19_DEVELOP,,-4444,,,,,,,,EJRF
URY,2023,IIS_COVID19_DEVELOP,,OTHER,,,,,,,,EJRF
YEM,2023,IIS_COVID19_DEVELOP,,EXPAND_C19_SYSTEM,,,,,,,,EJRF
ZMB,2023,IIS_COVID19_DEVELOP,,EXPAND_C19_SYSTEM,,,,,,,,EJRF
ZWE,2023,IIS_COVID19_DEVELOP,,MERGE_C19_SYSTEM,,,,,,,,EJRF
AGO,2023,IIS_COVID19_EXPAND,,,,,,,,,,EJRF
ARG,2023,IIS_COVID19_EXPAND,,,,,,,,,,EJRF
BHS,2023,IIS_COVID19_EXPAND,,,,,,,,,,EJRF
BGD,2023,IIS_COVID19_EXPAND,,,,,,,,,,EJRF
BEN,2023,IIS_COVID19_EXPAND,,,,,,,,,,EJRF
BOL,2023,IIS_COVID19_EXPAND,,,,,,,,,,EJRF
BRA,2023,IIS_COVID19_EXPAND,,,,,,,,,,EJRF
BGR,2023,IIS_COVID19_EXPAND,,routine immunizations,,,,,,,,EJRF
CPV,2023,IIS_COVID19_EXPAND,,,,,,,,,,EJRF
COM,2023,IIS_COVID19_EXPAND,,-4444,,,,,,,,EJRF
CRI,2023,IIS_COVID19_EXPAND,,,,,,,,,,EJRF
DMA,2023,IIS_COVID19_EXPAND,,,,,,,,,,EJRF
ECU,2023,IIS_COVID19_EXPAND,,,,,,,,,,EJRF
GHA,2023,IIS_COVID19_EXPAND,,,,,,,,,,EJRF
GRD,2023,IIS_COVID19_EXPAND,,,,,,,,,,EJRF
GTM,2023,IIS_COVID19_EXPAND,,,,,,,,,,EJRF
GIN,2023,IIS_COVID19_EXPAND,,,,,,,,,,EJRF
HTI,2023,IIS_COVID19_EXPAND,,,,,,,,,,EJRF
KGZ,2023,IIS_COVID19_EXPAND,,,,,,,,,,EJRF
LVA,2023,IIS_COVID19_EXPAND,,,,,,,,,,EJRF
LSO,2023,IIS_COVID19_EXPAND,,HPVV and Td,,,,,,,,EJRF
MWI,2023,IIS_COVID19_EXPAND,,,,,,,,,,EJRF
MRT,2023,IIS_COVID19_EXPAND,,,,,,,,,,EJRF
MEX,2023,IIS_COVID19_EXPAND,,,,,,,,,,EJRF
MOZ,2023,IIS_COVID19_EXPAND,,,,,,,,,,EJRF
NAM,2023,IIS_COVID19_EXPAND,,,,,,,,,,EJRF
NZL,2023,IIS_COVID19_EXPAND,,,,,,,,,,EJRF
NIC,2023,IIS_COVID19_EXPAND,,El Sistema electronico nominal de COVID se ha integrado con las vacunas del Esquema Oficial de Vacunación 2023 del país,,,,,,,,EJRF
NER,2023,IIS_COVID19_EXPAND,,,,,,,,,,EJRF
NGA,2023,IIS_COVID19_EXPAND,,It is been expanded to include RI which is currently in piloting phase,,,,,,,,EJRF
PRY,2023,IIS_COVID19_EXPAND,,Todas las vacunas,,,,,,,,EJRF
PER,2023,IIS_COVID19_EXPAND,,,,,,,,,,EJRF
RWA,2023,IIS_COVID19_EXPAND,,,,,,,,,,EJRF
SRB,2023,IIS_COVID19_EXPAND,,,,,,,,,,EJRF
SLE,2023,IIS_COVID19_EXPAND,,,,,,,,,,EJRF
SGP,2023,IIS_COVID19_EXPAND,,,,,,,,,,EJRF
SUR,2023,IIS_COVID19_EXPAND,,ALL VPDs,,,,,,,,EJRF
SWE,2023,IIS_COVID19_EXPAND,,,,,,,,,,EJRF
URY,2023,IIS_COVID19_EXPAND,,,,,,,,,,EJRF
YEM,2023,IIS_COVID19_EXPAND,,the ministry used the opportunity of COVID19 support to initiate electronic registration which was expanded to other vaccine in the routine immunization program,,,,,,,,EJRF
ZMB,2023,IIS_COVID19_EXPAND,,HPV Vaccines,,,,,,,,EJRF
ZWE,2023,IIS_COVID19_EXPAND,,,,,,,,,,EJRF
BGD,2023,SUPPLY_COVID19_WASTAGE,,-2222,,,,,,,,EJRF
BEN,2023,SUPPLY_COVID19_WASTAGE,,0,,,,,,,,EJRF
COM,2023,SUPPLY_COVID19_WASTAGE,,,,,,,,,,EJRF
GHA,2023,SUPPLY_COVID19_WASTAGE,,0,,,,,,,,EJRF
GIN,2023,SUPPLY_COVID19_WASTAGE,,-2222,,,,,,,,EJRF
HTI,2023,SUPPLY_COVID19_WASTAGE,,50,,,,,,,,EJRF
KGZ,2023,SUPPLY_COVID19_WASTAGE,,0,,,,,,,,EJRF
LSO,2023,SUPPLY_COVID19_WASTAGE,,-2222,,,,,,,,EJRF
MWI,2023,SUPPLY_COVID19_WASTAGE,,-4444,,,,,,,,EJRF
MRT,2023,SUPPLY_COVID19_WASTAGE,,-2222,,,,,,,,EJRF
MOZ,2023,SUPPLY_COVID19_WASTAGE,,80,,,,,,,,EJRF
NIC,2023,SUPPLY_COVID19_WASTAGE,,15,,,,,,,,EJRF
NER,2023,SUPPLY_COVID19_WASTAGE,,7.8,,,,,,,,EJRF
NGA,2023,SUPPLY_COVID19_WASTAGE,,0,,,,,,,,EJRF
RWA,2023,SUPPLY_COVID19_WASTAGE,,-4444,,,,,,,,EJRF
SLE,2023,SUPPLY_COVID19_WASTAGE,,5,,,,,,,,EJRF
YEM,2023,SUPPLY_COVID19_WASTAGE,,-2222,,,,,,,,EJRF
ZMB,2023,SUPPLY_COVID19_WASTAGE,,17.3,,,,,,,,EJRF
ZWE,2023,SUPPLY_COVID19_WASTAGE,,,,,,,,,,EJRF
BGD,2023,SUPPLY_COVID19_STOCK,,702720,,,,,,,,EJRF
BEN,2023,SUPPLY_COVID19_STOCK,,33,,,,,,,,EJRF
COM,2023,SUPPLY_COVID19_STOCK,,0,,,,,,,,EJRF
GHA,2023,SUPPLY_COVID19_STOCK,,787200,,,,,,,,EJRF
GIN,2023,SUPPLY_COVID19_STOCK,,-2222,,,,,,,,EJRF
HTI,2023,SUPPLY_COVID19_STOCK,,20160,,,,,,,,EJRF
KGZ,2023,SUPPLY_COVID19_STOCK,,32180,,,,,,,,EJRF
LSO,2023,SUPPLY_COVID19_STOCK,,123840,,,,,,,,EJRF
MWI,2023,SUPPLY_COVID19_STOCK,,-2222,,,,,,,,EJRF
MRT,2023,SUPPLY_COVID19_STOCK,,,,,,,,,,EJRF
MOZ,2023,SUPPLY_COVID19_STOCK,,5977731,,,,,,,,EJRF
NIC,2023,SUPPLY_COVID19_STOCK,,1797251,,,,,,,,EJRF
NER,2023,SUPPLY_COVID19_STOCK,,0,,,,,,,,EJRF
NGA,2023,SUPPLY_COVID19_STOCK,,55605,,,,,,,,EJRF
RWA,2023,SUPPLY_COVID19_STOCK,,-4444,,,,,,,,EJRF
SLE,2023,SUPPLY_COVID19_STOCK,,2835360,,,,,,,,EJRF
YEM,2023,SUPPLY_COVID19_STOCK,,-2222,,,,,,,,EJRF
ZMB,2023,SUPPLY_COVID19_STOCK,,4635400,,,,,,,,EJRF
ZWE,2023,SUPPLY_COVID19_STOCK,,,,,,,,,,EJRF
COK,2023,IIS_COVID19_SYSTEM_MONITOR,IIS_COVID19_SYSTEM_AGGREGATE,,,,,,,,,EJRF
COK,2023,IIS_COVID19_SYSTEM_MONITOR,IIS_COVID19_SYSTEM_EIR,,,,,,,,,EJRF
COK,2023,IIS_COVID19_SYSTEM_MONITOR,IIS_COVID19_SYSTEM_AGGREGATE_NEW,,,,,,,,,EJRF
COK,2023,IIS_COVID19_SYSTEM_MONITOR,IIS_COVID19_SYSTEM_EIR_NEW,,,,,,,,,EJRF
HUN,2023,IIS_COVID19_SYSTEM_MONITOR,IIS_COVID19_SYSTEM_AGGREGATE,NO,,,,,,,,EJRF
HUN,2023,IIS_COVID19_SYSTEM_MONITOR,IIS_COVID19_SYSTEM_EIR,NO,,,,,,,,EJRF
HUN,2023,IIS_COVID19_SYSTEM_MONITOR,IIS_COVID19_SYSTEM_AGGREGATE_NEW,NO,,,,,,,,EJRF
HUN,2023,IIS_COVID19_SYSTEM_MONITOR,IIS_COVID19_SYSTEM_EIR_NEW,YES,,,,,,,,EJRF
IRL,2023,IIS_COVID19_SYSTEM_MONITOR,IIS_COVID19_SYSTEM_AGGREGATE,NO,,,,,,,,EJRF
IRL,2023,IIS_COVID19_SYSTEM_MONITOR,IIS_COVID19_SYSTEM_EIR,NO,,,,,,,,EJRF
IRL,2023,IIS_COVID19_SYSTEM_MONITOR,IIS_COVID19_SYSTEM_AGGREGATE_NEW,NO,,,,,,,,EJRF
IRL,2023,IIS_COVID19_SYSTEM_MONITOR,IIS_COVID19_SYSTEM_EIR_NEW,YES,,,,,,,,EJRF
MDV,2023,IIS_COVID19_SYSTEM_MONITOR,IIS_COVID19_SYSTEM_AGGREGATE,YES,,,,,,,,EJRF
MDV,2023,IIS_COVID19_SYSTEM_MONITOR,IIS_COVID19_SYSTEM_EIR,NO,,,,,,,,EJRF
MDV,2023,IIS_COVID19_SYSTEM_MONITOR,IIS_COVID19_SYSTEM_AGGREGATE_NEW,NO,,,,,,,,EJRF
MDV,2023,IIS_COVID19_SYSTEM_MONITOR,IIS_COVID19_SYSTEM_EIR_NEW,NO,,,,,,,,EJRF
MSR,2023,IIS_COVID19_SYSTEM_MONITOR,IIS_COVID19_SYSTEM_AGGREGATE,NO,,,,,,,,EJRF
MSR,2023,IIS_COVID19_SYSTEM_MONITOR,IIS_COVID19_SYSTEM_EIR,NO,,,,,,,,EJRF
MSR,2023,IIS_COVID19_SYSTEM_MONITOR,IIS_COVID19_SYSTEM_AGGREGATE_NEW,YES,,,,,,,,EJRF
MSR,2023,IIS_COVID19_SYSTEM_MONITOR,IIS_COVID19_SYSTEM_EIR_NEW,YES,,,,,,,,EJRF
WSM,2023,IIS_COVID19_SYSTEM_MONITOR,IIS_COVID19_SYSTEM_AGGREGATE,YES,,,,,,,,EJRF
WSM,2023,IIS_COVID19_SYSTEM_MONITOR,IIS_COVID19_SYSTEM_EIR,NO,,,,,,,,EJRF
WSM,2023,IIS_COVID19_SYSTEM_MONITOR,IIS_COVID19_SYSTEM_AGGREGATE_NEW,NO,,,,,,,,EJRF
WSM,2023,IIS_COVID19_SYSTEM_MONITOR,IIS_COVID19_SYSTEM_EIR_NEW,YES,,,,,,,,EJRF
TTO,2023,IIS_COVID19_SYSTEM_MONITOR,IIS_COVID19_SYSTEM_AGGREGATE,,,,,,,,,EJRF
TTO,2023,IIS_COVID19_SYSTEM_MONITOR,IIS_COVID19_SYSTEM_EIR,,,,,,,,,EJRF
TTO,2023,IIS_COVID19_SYSTEM_MONITOR,IIS_COVID19_SYSTEM_AGGREGATE_NEW,,,,,,,,,EJRF
TTO,2023,IIS_COVID19_SYSTEM_MONITOR,IIS_COVID19_SYSTEM_EIR_NEW,YES,,,,,,,,EJRF
COK,2023,IIS_COVID19_AGGREGATE_DIGITAL,,,,,,,,,,EJRF
HUN,2023,IIS_COVID19_AGGREGATE_DIGITAL,,,,,,,,,,EJRF
IRL,2023,IIS_COVID19_AGGREGATE_DIGITAL,,,,,,,,,,EJRF
MDV,2023,IIS_COVID19_AGGREGATE_DIGITAL,,HEALTH_FACILITY,,,,,,,,EJRF
MSR,2023,IIS_COVID19_AGGREGATE_DIGITAL,,NATIONAL,,,,,,,,EJRF
WSM,2023,IIS_COVID19_AGGREGATE_DIGITAL,,NATIONAL,,,,,,,,EJRF
TTO,2023,IIS_COVID19_AGGREGATE_DIGITAL,,,,,,,,,,EJRF
COK,2023,IIS_COVID19_DEVELOP,,,,,,,,,,EJRF
HUN,2023,IIS_COVID19_DEVELOP,,KEEP_C19_SYSTEM,,,,,,,,EJRF
IRL,2023,IIS_COVID19_DEVELOP,,EXPAND_C19_SYSTEM,,,,,,,,EJRF
MDV,2023,IIS_COVID19_DEVELOP,,KEEP_C19_SYSTEM,,,,,,,,EJRF
MSR,2023,IIS_COVID19_DEVELOP,,KEEP_C19_SYSTEM,,,,,,,,EJRF
WSM,2023,IIS_COVID19_DEVELOP,,MERGE_C19_SYSTEM,,,,,,,,EJRF
TTO,2023,IIS_COVID19_DEVELOP,,OTHER,,,,,,,,EJRF
COK,2023,IIS_COVID19_EXPAND,,,,,,,,,,EJRF
HUN,2023,IIS_COVID19_EXPAND,,,,,,,,,,EJRF
IRL,2023,IIS_COVID19_EXPAND,,Seasonal Influenza,,,,,,,,EJRF
MDV,2023,IIS_COVID19_EXPAND,,,,,,,,,,EJRF
MSR,2023,IIS_COVID19_EXPAND,,,,,,,,,,EJRF
WSM,2023,IIS_COVID19_EXPAND,,,,,,,,,,EJRF
TTO,2023,IIS_COVID19_EXPAND,,,,,,,,,,EJRF
BLZ,2023,IIS_COVID19_SYSTEM_MONITOR,IIS_COVID19_SYSTEM_AGGREGATE,YES,,,,,,,,EJRF
BLZ,2023,IIS_COVID19_SYSTEM_MONITOR,IIS_COVID19_SYSTEM_EIR,YES,,,,,,,,EJRF
BLZ,2023,IIS_COVID19_SYSTEM_MONITOR,IIS_COVID19_SYSTEM_AGGREGATE_NEW,NO,,,,,,,,EJRF
BLZ,2023,IIS_COVID19_SYSTEM_MONITOR,IIS_COVID19_SYSTEM_EIR_NEW,NO,,,,,,,,EJRF
CYM,2023,IIS_COVID19_SYSTEM_MONITOR,IIS_COVID19_SYSTEM_AGGREGATE_NEW,YES,,,,,,,,EJRF
CYM,2023,IIS_COVID19_SYSTEM_MONITOR,IIS_COVID19_SYSTEM_EIR_NEW,NO,,,,,,,,EJRF
CYM,2023,IIS_COVID19_SYSTEM_MONITOR,IIS_COVID19_SYSTEM_AGGREGATE,NO,,,,,,,,EJRF
CYM,2023,IIS_COVID19_SYSTEM_MONITOR,IIS_COVID19_SYSTEM_EIR,NO,,,,,,,,EJRF
FRA,2023,IIS_COVID19_SYSTEM_MONITOR,IIS_COVID19_SYSTEM_AGGREGATE,NO,,,,,,,,EJRF
FRA,2023,IIS_COVID19_SYSTEM_MONITOR,IIS_COVID19_SYSTEM_EIR,NO,,,,,,,,EJRF
FRA,2023,IIS_COVID19_SYSTEM_MONITOR,IIS_COVID19_SYSTEM_AGGREGATE_NEW,NO,,,,,,,,EJRF
FRA,2023,IIS_COVID19_SYSTEM_MONITOR,IIS_COVID19_SYSTEM_EIR_NEW,YES,,,,,,,,EJRF
BLZ,2023,IIS_COVID19_AGGREGATE_DIGITAL,,HEALTH_FACILITY,,,,,,,,EJRF
CYM,2023,IIS_COVID19_AGGREGATE_DIGITAL,,NATIONAL,,,,,,,,EJRF
FRA,2023,IIS_COVID19_AGGREGATE_DIGITAL,,,,,,,,,,EJRF
BLZ,2023,IIS_COVID19_DEVELOP,,MERGE_C19_SYSTEM,,,,,,,,EJRF
CYM,2023,IIS_COVID19_DEVELOP,,KEEP_C19_SYSTEM,,,,,,,,EJRF
FRA,2023,IIS_COVID19_DEVELOP,,KEEP_C19_SYSTEM,,,,,,,,EJRF
BLZ,2023,IIS_COVID19_EXPAND,,,,,,,,,,EJRF
CYM,2023,IIS_COVID19_EXPAND,,,,,,,,,,EJRF
FRA,2023,IIS_COVID19_EXPAND,,,,,,,,,,EJRF
CUB,2023,IIS_COVID19_SYSTEM_MONITOR,IIS_COVID19_SYSTEM_AGGREGATE,NO,,,,,,,,EJRF
CUB,2023,IIS_COVID19_SYSTEM_MONITOR,IIS_COVID19_SYSTEM_EIR,NO,,,,,,,,EJRF
CUB,2023,IIS_COVID19_SYSTEM_MONITOR,IIS_COVID19_SYSTEM_AGGREGATE_NEW,YES,,,,,,,,EJRF
CUB,2023,IIS_COVID19_SYSTEM_MONITOR,IIS_COVID19_SYSTEM_EIR_NEW,YES,,,,,,,,EJRF
LUX,2023,IIS_COVID19_SYSTEM_MONITOR,IIS_COVID19_SYSTEM_AGGREGATE,NO,,,,,,,,EJRF
LUX,2023,IIS_COVID19_SYSTEM_MONITOR,IIS_COVID19_SYSTEM_EIR,NO,,,,,,,,EJRF
LUX,2023,IIS_COVID19_SYSTEM_MONITOR,IIS_COVID19_SYSTEM_AGGREGATE_NEW,NO,,,,,,,,EJRF
LUX,2023,IIS_COVID19_SYSTEM_MONITOR,IIS_COVID19_SYSTEM_EIR_NEW,YES,,,,,,,,EJRF
ZAF,2023,IIS_COVID19_SYSTEM_MONITOR,IIS_COVID19_SYSTEM_AGGREGATE,NO,,,,,,,,EJRF
ZAF,2023,IIS_COVID19_SYSTEM_MONITOR,IIS_COVID19_SYSTEM_EIR,NO,,,,,,,,EJRF
ZAF,2023,IIS_COVID19_SYSTEM_MONITOR,IIS_COVID19_SYSTEM_AGGREGATE_NEW,NO,,,,,,,,EJRF
ZAF,2023,IIS_COVID19_SYSTEM_MONITOR,IIS_COVID19_SYSTEM_EIR_NEW,YES,,,,,,,,EJRF
CUB,2023,IIS_COVID19_AGGREGATE_DIGITAL,,HEALTH_FACILITY,,,,,,,,EJRF
LUX,2023,IIS_COVID19_AGGREGATE_DIGITAL,,,,,,,,,,EJRF
ZAF,2023,IIS_COVID19_AGGREGATE_DIGITAL,,,,,,,,,,EJRF
CUB,2023,IIS_COVID19_DEVELOP,,EXPAND_C19_SYSTEM,,,,,,,,EJRF
LUX,2023,IIS_COVID19_DEVELOP,,MERGE_C19_SYSTEM,,,,,,,,EJRF
ZAF,2023,IIS_COVID19_DEVELOP,,EXPAND_C19_SYSTEM,,,,,,,,EJRF
CUB,2023,IIS_COVID19_EXPAND,,todas,,,,,,,,EJRF
LUX,2023,IIS_COVID19_EXPAND,,,,,,,,,,EJRF
ZAF,2023,IIS_COVID19_EXPAND,,HPV,,,,,,,,EJRF
SDN,2023,IIS_COVID19_SYSTEM_MONITOR,IIS_COVID19_SYSTEM_EIR,,,,,,,,,EJRF
SDN,2023,IIS_COVID19_SYSTEM_MONITOR,IIS_COVID19_SYSTEM_AGGREGATE_NEW,,,,,,,,,EJRF
SDN,2023,IIS_COVID19_SYSTEM_MONITOR,IIS_COVID19_SYSTEM_EIR_NEW,,,,,,,,,EJRF
SDN,2023,IIS_COVID19_SYSTEM_MONITOR,IIS_COVID19_SYSTEM_AGGREGATE,,,,,,,,,EJRF
SDN,2023,IIS_COVID19_AGGREGATE_DIGITAL,,,,,,,,,,EJRF
SDN,2023,IIS_COVID19_DEVELOP,,,,,,,,,,EJRF
SDN,2023,IIS_COVID19_EXPAND,,,,,,,,,,EJRF
SDN,2023,SUPPLY_COVID19_WASTAGE,,,,,,,,,,EJRF
SDN,2023,SUPPLY_COVID19_STOCK,,,,,,,,,,EJRF
FIN,2023,IIS_COVID19_SYSTEM_MONITOR,IIS_COVID19_SYSTEM_AGGREGATE,,,,,,,,,EJRF
FIN,2023,IIS_COVID19_SYSTEM_MONITOR,IIS_COVID19_SYSTEM_EIR,YES,,,,,,,,EJRF
FIN,2023,IIS_COVID19_SYSTEM_MONITOR,IIS_COVID19_SYSTEM_AGGREGATE_NEW,,,,,,,,,EJRF
FIN,2023,IIS_COVID19_SYSTEM_MONITOR,IIS_COVID19_SYSTEM_EIR_NEW,,,,,,,,,EJRF
VCT,2023,IIS_COVID19_SYSTEM_MONITOR,IIS_COVID19_SYSTEM_EIR_NEW,,,,,,,,,EJRF
VCT,2023,IIS_COVID19_SYSTEM_MONITOR,IIS_COVID19_SYSTEM_AGGREGATE,,,,,,,,,EJRF
VCT,2023,IIS_COVID19_SYSTEM_MONITOR,IIS_COVID19_SYSTEM_EIR,,,,,,,,,EJRF
VCT,2023,IIS_COVID19_SYSTEM_MONITOR,IIS_COVID19_SYSTEM_AGGREGATE_NEW,,,,,,,,,EJRF
UZB,2023,IIS_COVID19_SYSTEM_MONITOR,IIS_COVID19_SYSTEM_AGGREGATE,NO,,,,,,,,EJRF
UZB,2023,IIS_COVID19_SYSTEM_MONITOR,IIS_COVID19_SYSTEM_EIR,NO,,,,,,,,EJRF
UZB,2023,IIS_COVID19_SYSTEM_MONITOR,IIS_COVID19_SYSTEM_AGGREGATE_NEW,YES,,,,,,,,EJRF
UZB,2023,IIS_COVID19_SYSTEM_MONITOR,IIS_COVID19_SYSTEM_EIR_NEW,YES,,,,,,,,EJRF
FIN,2023,IIS_COVID19_AGGREGATE_DIGITAL,,,,,,,,,,EJRF
VCT,2023,IIS_COVID19_AGGREGATE_DIGITAL,,,,,,,,,,EJRF
UZB,2023,IIS_COVID19_AGGREGATE_DIGITAL,,NATIONAL,,,,,,,,EJRF
FIN,2023,IIS_COVID19_DEVELOP,,,,,,,,,,EJRF
VCT,2023,IIS_COVID19_DEVELOP,,,,,,,,,,EJRF
UZB,2023,IIS_COVID19_DEVELOP,,EXPAND_C19_SYSTEM,,,,,,,,EJRF
FIN,2023,IIS_COVID19_EXPAND,,,,,,,,,,EJRF
VCT,2023,IIS_COVID19_EXPAND,,,,,,,,,,EJRF
UZB,2023,IIS_COVID19_EXPAND,,Routine immunization,,,,,,,,EJRF
UZB,2023,SUPPLY_COVID19_WASTAGE,,0,,,,,,,,EJRF
UZB,2023,SUPPLY_COVID19_STOCK,,1000000,,,,,,,,EJRF
JPN,2023,IIS_COVID19_SYSTEM_MONITOR,IIS_COVID19_SYSTEM_AGGREGATE,,,,,,,,,EJRF
JPN,2023,IIS_COVID19_SYSTEM_MONITOR,IIS_COVID19_SYSTEM_EIR,,,,,,,,,EJRF
JPN,2023,IIS_COVID19_SYSTEM_MONITOR,IIS_COVID19_SYSTEM_AGGREGATE_NEW,,,,,,,,,EJRF
JPN,2023,IIS_COVID19_SYSTEM_MONITOR,IIS_COVID19_SYSTEM_EIR_NEW,,,,,,,,,EJRF
JPN,2023,IIS_COVID19_AGGREGATE_DIGITAL,,,,,,,,,,EJRF
JPN,2023,IIS_COVID19_DEVELOP,,,,,,,,,,EJRF
JPN,2023,IIS_COVID19_EXPAND,,,,,,,,,,EJRF
CAN,2023,IIS_COVID19_SYSTEM_MONITOR,IIS_COVID19_SYSTEM_AGGREGATE,NO,,,,,,,,EJRF
CAN,2023,IIS_COVID19_SYSTEM_MONITOR,IIS_COVID19_SYSTEM_EIR,NO,,,,,,,,EJRF
CAN,2023,IIS_COVID19_SYSTEM_MONITOR,IIS_COVID19_SYSTEM_AGGREGATE_NEW,YES,,,,,,,,EJRF
CAN,2023,IIS_COVID19_SYSTEM_MONITOR,IIS_COVID19_SYSTEM_EIR_NEW,NO,,,,,,,,EJRF
SOM,2023,IIS_COVID19_SYSTEM_MONITOR,IIS_COVID19_SYSTEM_AGGREGATE,,,,,,,,,EJRF
SOM,2023,IIS_COVID19_SYSTEM_MONITOR,IIS_COVID19_SYSTEM_EIR,,,,,,,,,EJRF
SOM,2023,IIS_COVID19_SYSTEM_MONITOR,IIS_COVID19_SYSTEM_AGGREGATE_NEW,,,,,,,,,EJRF
SOM,2023,IIS_COVID19_SYSTEM_MONITOR,IIS_COVID19_SYSTEM_EIR_NEW,,,,,,,,,EJRF
CAN,2023,IIS_COVID19_AGGREGATE_DIGITAL,,ADMIN2,,,,,,,,EJRF
SOM,2023,IIS_COVID19_AGGREGATE_DIGITAL,,,,,,,,,,EJRF
CAN,2023,IIS_COVID19_DEVELOP,,OTHER,,,,,,,,EJRF
SOM,2023,IIS_COVID19_DEVELOP,,MERGE_C19_SYSTEM,,,,,,,,EJRF
CAN,2023,IIS_COVID19_EXPAND,,,,,,,,,,EJRF
SOM,2023,IIS_COVID19_EXPAND,,,,,,,,,,EJRF
SOM,2023,SUPPLY_COVID19_WASTAGE,,,,,,,,,,EJRF
SOM,2023,SUPPLY_COVID19_STOCK,,,,,,,,,,EJRF
BRN,2023,IIS_COVID19_SYSTEM_MONITOR,IIS_COVID19_SYSTEM_AGGREGATE,NO,,,,,,,,EJRF
BRN,2023,IIS_COVID19_SYSTEM_MONITOR,IIS_COVID19_SYSTEM_EIR,NO,,,,,,,,EJRF
BRN,2023,IIS_COVID19_SYSTEM_MONITOR,IIS_COVID19_SYSTEM_AGGREGATE_NEW,NO,,,,,,,,EJRF
BRN,2023,IIS_COVID19_SYSTEM_MONITOR,IIS_COVID19_SYSTEM_EIR_NEW,NO,,,,,,,,EJRF
NOR,2023,IIS_COVID19_SYSTEM_MONITOR,IIS_COVID19_SYSTEM_EIR_NEW,NO,,,,,,,,EJRF
NOR,2023,IIS_COVID19_SYSTEM_MONITOR,IIS_COVID19_SYSTEM_AGGREGATE,NO,,,,,,,,EJRF
NOR,2023,IIS_COVID19_SYSTEM_MONITOR,IIS_COVID19_SYSTEM_EIR,YES,,,,,,,,EJRF
NOR,2023,IIS_COVID19_SYSTEM_MONITOR,IIS_COVID19_SYSTEM_AGGREGATE_NEW,NO,,,,,,,,EJRF
LCA,2023,IIS_COVID19_SYSTEM_MONITOR,IIS_COVID19_SYSTEM_AGGREGATE,NO,,,,,,,,EJRF
LCA,2023,IIS_COVID19_SYSTEM_MONITOR,IIS_COVID19_SYSTEM_EIR,NO,,,,,,,,EJRF
LCA,2023,IIS_COVID19_SYSTEM_MONITOR,IIS_COVID19_SYSTEM_AGGREGATE_NEW,NO,,,,,,,,EJRF
LCA,2023,IIS_COVID19_SYSTEM_MONITOR,IIS_COVID19_SYSTEM_EIR_NEW,YES,,,,,,,,EJRF
BRN,2023,IIS_COVID19_AGGREGATE_DIGITAL,,,,,,,,,,EJRF
NOR,2023,IIS_COVID19_AGGREGATE_DIGITAL,,,,,,,,,,EJRF
LCA,2023,IIS_COVID19_AGGREGATE_DIGITAL,,,,,,,,,,EJRF
BRN,2023,IIS_COVID19_DEVELOP,,MERGE_C19_SYSTEM,,,,,,,,EJRF
NOR,2023,IIS_COVID19_DEVELOP,,MERGE_C19_SYSTEM,,,,,,,,EJRF
LCA,2023,IIS_COVID19_DEVELOP,,MERGE_C19_SYSTEM,,,,,,,,EJRF
BRN,2023,IIS_COVID19_EXPAND,,,,,,,,,,EJRF
NOR,2023,IIS_COVID19_EXPAND,,,,,,,,,,EJRF
LCA,2023,IIS_COVID19_EXPAND,,,,,,,,,,EJRF
MKD,2023,IIS_COVID19_SYSTEM_MONITOR,IIS_COVID19_SYSTEM_AGGREGATE,NO,,,,,,,,EJRF
MKD,2023,IIS_COVID19_SYSTEM_MONITOR,IIS_COVID19_SYSTEM_EIR,YES,,,,,,,,EJRF
MKD,2023,IIS_COVID19_SYSTEM_MONITOR,IIS_COVID19_SYSTEM_AGGREGATE_NEW,NO,,,,,,,,EJRF
MKD,2023,IIS_COVID19_SYSTEM_MONITOR,IIS_COVID19_SYSTEM_EIR_NEW,NO,,,,,,,,EJRF
MKD,2023,IIS_COVID19_AGGREGATE_DIGITAL,,,,,,,,,,EJRF
MKD,2023,IIS_COVID19_DEVELOP,,MERGE_C19_SYSTEM,,,,,,,,EJRF
MKD,2023,IIS_COVID19_EXPAND,,,,,,,,,,EJRF
GNQ,2023,IIS_COVID19_SYSTEM_MONITOR,IIS_COVID19_SYSTEM_AGGREGATE,NO,,,,,,,,EJRF
GNQ,2023,IIS_COVID19_SYSTEM_MONITOR,IIS_COVID19_SYSTEM_EIR,NO,,,,,,,,EJRF
GNQ,2023,IIS_COVID19_SYSTEM_MONITOR,IIS_COVID19_SYSTEM_AGGREGATE_NEW,YES,,,,,,,,EJRF
GNQ,2023,IIS_COVID19_SYSTEM_MONITOR,IIS_COVID19_SYSTEM_EIR_NEW,YES,,,,,,,,EJRF
ETH,2023,IIS_COVID19_SYSTEM_MONITOR,IIS_COVID19_SYSTEM_AGGREGATE,YES,,,,,,,,EJRF
ETH,2023,IIS_COVID19_SYSTEM_MONITOR,IIS_COVID19_SYSTEM_EIR,NO,,,,,,,,EJRF
ETH,2023,IIS_COVID19_SYSTEM_MONITOR,IIS_COVID19_SYSTEM_AGGREGATE_NEW,NO,,,,,,,,EJRF
ETH,2023,IIS_COVID19_SYSTEM_MONITOR,IIS_COVID19_SYSTEM_EIR_NEW,NO,,,,,,,,EJRF
TKL,2023,IIS_COVID19_SYSTEM_MONITOR,IIS_COVID19_SYSTEM_AGGREGATE,,,,,,,,,EJRF
TKL,2023,IIS_COVID19_SYSTEM_MONITOR,IIS_COVID19_SYSTEM_EIR,,,,,,,,,EJRF
TKL,2023,IIS_COVID19_SYSTEM_MONITOR,IIS_COVID19_SYSTEM_AGGREGATE_NEW,,,,,,,,,EJRF
TKL,2023,IIS_COVID19_SYSTEM_MONITOR,IIS_COVID19_SYSTEM_EIR_NEW,,,,,,,,,EJRF
GNQ,2023,IIS_COVID19_AGGREGATE_DIGITAL,,ADMIN2,,,,,,,,EJRF
ETH,2023,IIS_COVID19_AGGREGATE_DIGITAL,,HEALTH_FACILITY,,,,,,,,EJRF
TKL,2023,IIS_COVID19_AGGREGATE_DIGITAL,,,,,,,,,,EJRF
GNQ,2023,IIS_COVID19_DEVELOP,,KEEP_C19_SYSTEM,,,,,,,,EJRF
ETH,2023,IIS_COVID19_DEVELOP,,MERGE_C19_SYSTEM,,,,,,,,EJRF
TKL,2023,IIS_COVID19_DEVELOP,,,,,,,,,,EJRF
GNQ,2023,IIS_COVID19_EXPAND,,,,,,,,,,EJRF
ETH,2023,IIS_COVID19_EXPAND,,,,,,,,,,EJRF
TKL,2023,IIS_COVID19_EXPAND,,,,,,,,,,EJRF
ETH,2023,SUPPLY_COVID19_WASTAGE,,6,,,,,,,,EJRF
ETH,2023,SUPPLY_COVID19_STOCK,,195350,,,,,,,,EJRF
AIA,2023,IIS_COVID19_SYSTEM_MONITOR,IIS_COVID19_SYSTEM_AGGREGATE,YES,,,,,,,,EJRF
AIA,2023,IIS_COVID19_SYSTEM_MONITOR,IIS_COVID19_SYSTEM_EIR,NO,,,,,,,,EJRF
AIA,2023,IIS_COVID19_SYSTEM_MONITOR,IIS_COVID19_SYSTEM_AGGREGATE_NEW,NO,,,,,,,,EJRF
AIA,2023,IIS_COVID19_SYSTEM_MONITOR,IIS_COVID19_SYSTEM_EIR_NEW,YES,,,,,,,,EJRF
BTN,2023,IIS_COVID19_SYSTEM_MONITOR,IIS_COVID19_SYSTEM_AGGREGATE,YES,,,,,,,,EJRF
BTN,2023,IIS_COVID19_SYSTEM_MONITOR,IIS_COVID19_SYSTEM_EIR,YES,,,,,,,,EJRF
BTN,2023,IIS_COVID19_SYSTEM_MONITOR,IIS_COVID19_SYSTEM_AGGREGATE_NEW,YES,,,,,,,,EJRF
BTN,2023,IIS_COVID19_SYSTEM_MONITOR,IIS_COVID19_SYSTEM_EIR_NEW,YES,,,,,,,,EJRF
SWZ,2023,IIS_COVID19_SYSTEM_MONITOR,IIS_COVID19_SYSTEM_AGGREGATE_NEW,,,,,,,,,EJRF
SWZ,2023,IIS_COVID19_SYSTEM_MONITOR,IIS_COVID19_SYSTEM_EIR_NEW,YES,,,,,,,,EJRF
SWZ,2023,IIS_COVID19_SYSTEM_MONITOR,IIS_COVID19_SYSTEM_AGGREGATE,,,,,,,,,EJRF
SWZ,2023,IIS_COVID19_SYSTEM_MONITOR,IIS_COVID19_SYSTEM_EIR,,,,,,,,,EJRF
FJI,2023,IIS_COVID19_SYSTEM_MONITOR,IIS_COVID19_SYSTEM_AGGREGATE,,,,,,,,,EJRF
FJI,2023,IIS_COVID19_SYSTEM_MONITOR,IIS_COVID19_SYSTEM_EIR,,,,,,,,,EJRF
FJI,2023,IIS_COVID19_SYSTEM_MONITOR,IIS_COVID19_SYSTEM_AGGREGATE_NEW,,,,,,,,,EJRF
FJI,2023,IIS_COVID19_SYSTEM_MONITOR,IIS_COVID19_SYSTEM_EIR_NEW,YES,,,,,,,,EJRF
FSM,2023,IIS_COVID19_SYSTEM_MONITOR,IIS_COVID19_SYSTEM_AGGREGATE,,,,,,,,,EJRF
FSM,2023,IIS_COVID19_SYSTEM_MONITOR,IIS_COVID19_SYSTEM_EIR,,,,,,,,,EJRF
FSM,2023,IIS_COVID19_SYSTEM_MONITOR,IIS_COVID19_SYSTEM_AGGREGATE_NEW,,,,,,,,,EJRF
FSM,2023,IIS_COVID19_SYSTEM_MONITOR,IIS_COVID19_SYSTEM_EIR_NEW,,,,,,,,,EJRF
AIA,2023,IIS_COVID19_AGGREGATE_DIGITAL,,HEALTH_FACILITY,,,,,,,,EJRF
BTN,2023,IIS_COVID19_AGGREGATE_DIGITAL,,HEALTH_FACILITY,,,,,,,,EJRF
SWZ,2023,IIS_COVID19_AGGREGATE_DIGITAL,,,,,,,,,,EJRF
FJI,2023,IIS_COVID19_AGGREGATE_DIGITAL,,,,,,,,,,EJRF
FSM,2023,IIS_COVID19_AGGREGATE_DIGITAL,,,,,,,,,,EJRF
AIA,2023,IIS_COVID19_DEVELOP,,KEEP_C19_SYSTEM,,,,,,,,EJRF
BTN,2023,IIS_COVID19_DEVELOP,,MERGE_C19_SYSTEM,,,,,,,,EJRF
SWZ,2023,IIS_COVID19_DEVELOP,,KEEP_C19_SYSTEM,,,,,,,,EJRF
FJI,2023,IIS_COVID19_DEVELOP,,,,,,,,,,EJRF
FSM,2023,IIS_COVID19_DEVELOP,,MERGE_C19_SYSTEM,,,,,,,,EJRF
AIA,2023,IIS_COVID19_EXPAND,,,,,,,,,,EJRF
BTN,2023,IIS_COVID19_EXPAND,,,,,,,,,,EJRF
SWZ,2023,IIS_COVID19_EXPAND,,,,,,,,,,EJRF
FJI,2023,IIS_COVID19_EXPAND,,All in the EPI vaccine list,,,,,,,,EJRF
FSM,2023,IIS_COVID19_EXPAND,,,,,,,,,,EJRF
PRK,2023,IIS_COVID19_SYSTEM_MONITOR,IIS_COVID19_SYSTEM_AGGREGATE,,,,,,,,,EJRF
PRK,2023,IIS_COVID19_SYSTEM_MONITOR,IIS_COVID19_SYSTEM_EIR,,,,,,,,,EJRF
PRK,2023,IIS_COVID19_SYSTEM_MONITOR,IIS_COVID19_SYSTEM_AGGREGATE_NEW,,,,,,,,,EJRF
PRK,2023,IIS_COVID19_SYSTEM_MONITOR,IIS_COVID19_SYSTEM_EIR_NEW,,,,,,,,,EJRF
MMR,2023,IIS_COVID19_SYSTEM_MONITOR,IIS_COVID19_SYSTEM_AGGREGATE,YES,,,,,,,,EJRF
MMR,2023,IIS_COVID19_SYSTEM_MONITOR,IIS_COVID19_SYSTEM_EIR,YES,,,,,,,,EJRF
MMR,2023,IIS_COVID19_SYSTEM_MONITOR,IIS_COVID19_SYSTEM_AGGREGATE_NEW,NO,,,,,,,,EJRF
MMR,2023,IIS_COVID19_SYSTEM_MONITOR,IIS_COVID19_SYSTEM_EIR_NEW,NO,,,,,,,,EJRF
NPL,2023,IIS_COVID19_SYSTEM_MONITOR,IIS_COVID19_SYSTEM_AGGREGATE,YES,,,,,,,,EJRF
NPL,2023,IIS_COVID19_SYSTEM_MONITOR,IIS_COVID19_SYSTEM_EIR,NO,,,,,,,,EJRF
NPL,2023,IIS_COVID19_SYSTEM_MONITOR,IIS_COVID19_SYSTEM_AGGREGATE_NEW,NO,,,,,,,,EJRF
NPL,2023,IIS_COVID19_SYSTEM_MONITOR,IIS_COVID19_SYSTEM_EIR_NEW,NO,,,,,,,,EJRF
RUS,2023,IIS_COVID19_SYSTEM_MONITOR,IIS_COVID19_SYSTEM_AGGREGATE,YES,,,,,,,,EJRF
RUS,2023,IIS_COVID19_SYSTEM_MONITOR,IIS_COVID19_SYSTEM_EIR,NO,,,,,,,,EJRF
RUS,2023,IIS_COVID19_SYSTEM_MONITOR,IIS_COVID19_SYSTEM_AGGREGATE_NEW,NO,,,,,,,,EJRF
RUS,2023,IIS_COVID19_SYSTEM_MONITOR,IIS_COVID19_SYSTEM_EIR_NEW,YES,,,,,,,,EJRF
PRK,2023,IIS_COVID19_AGGREGATE_DIGITAL,,,,,,,,,,EJRF
MMR,2023,IIS_COVID19_AGGREGATE_DIGITAL,,ADMIN3,,,,,,,,EJRF
NPL,2023,IIS_COVID19_AGGREGATE_DIGITAL,,HEALTH_FACILITY,,,,,,,,EJRF
RUS,2023,IIS_COVID19_AGGREGATE_DIGITAL,,ADMIN2,,,,,,,,EJRF
PRK,2023,IIS_COVID19_DEVELOP,,,,,,,,,,EJRF
MMR,2023,IIS_COVID19_DEVELOP,,KEEP_C19_SYSTEM,,,,,,,,EJRF
NPL,2023,IIS_COVID19_DEVELOP,,MERGE_C19_SYSTEM,,,,,,,,EJRF
RUS,2023,IIS_COVID19_DEVELOP,,MERGE_C19_SYSTEM,,,,,,,,EJRF
PRK,2023,IIS_COVID19_EXPAND,,,,,,,,,,EJRF
MMR,2023,IIS_COVID19_EXPAND,,,,,,,,,,EJRF
NPL,2023,IIS_COVID19_EXPAND,,,,,,,,,,EJRF
RUS,2023,IIS_COVID19_EXPAND,,,,,,,,,,EJRF
PRK,2023,SUPPLY_COVID19_WASTAGE,,-4444,,,,,,,,EJRF
MMR,2023,SUPPLY_COVID19_WASTAGE,,-2222,,,,,,,,EJRF
NPL,2023,SUPPLY_COVID19_WASTAGE,,5.9,,,,,,,,EJRF
PRK,2023,SUPPLY_COVID19_STOCK,,-4444,,,,,,,,EJRF
MMR,2023,SUPPLY_COVID19_STOCK,,883701,,,,,,,,EJRF
NPL,2023,SUPPLY_COVID19_STOCK,,148860,,,,,,,,EJRF
PRT,2023,IIS_COVID19_SYSTEM_MONITOR,IIS_COVID19_SYSTEM_AGGREGATE_NEW,NO,,,,,,,,EJRF
PRT,2023,IIS_COVID19_SYSTEM_MONITOR,IIS_COVID19_SYSTEM_AGGREGATE,NO,,,,,,,,EJRF
PRT,2023,IIS_COVID19_SYSTEM_MONITOR,IIS_COVID19_SYSTEM_EIR,YES,,,,,,,,EJRF
PRT,2023,IIS_COVID19_SYSTEM_MONITOR,IIS_COVID19_SYSTEM_EIR_NEW,NO,,,,,,,,EJRF
PRT,2023,IIS_COVID19_AGGREGATE_DIGITAL,,,,,,,,,,EJRF
PRT,2023,IIS_COVID19_DEVELOP,,OTHER,,,,,,,,EJRF
PRT,2023,IIS_COVID19_EXPAND,,,,,,,,,,EJRF
KIR,2023,IIS_COVID19_SYSTEM_MONITOR,IIS_COVID19_SYSTEM_AGGREGATE_NEW,,,,,,,,,EJRF
KIR,2023,IIS_COVID19_SYSTEM_MONITOR,IIS_COVID19_SYSTEM_EIR_NEW,,,,,,,,,EJRF
KIR,2023,IIS_COVID19_SYSTEM_MONITOR,IIS_COVID19_SYSTEM_AGGREGATE,,,,,,,,,EJRF
KIR,2023,IIS_COVID19_SYSTEM_MONITOR,IIS_COVID19_SYSTEM_EIR,,,,,,,,,EJRF
LAO,2023,IIS_COVID19_SYSTEM_MONITOR,IIS_COVID19_SYSTEM_AGGREGATE,YES,,,,,,,,EJRF
LAO,2023,IIS_COVID19_SYSTEM_MONITOR,IIS_COVID19_SYSTEM_EIR,NO,,,,,,,,EJRF
LAO,2023,IIS_COVID19_SYSTEM_MONITOR,IIS_COVID19_SYSTEM_AGGREGATE_NEW,YES,,,,,,,,EJRF
LAO,2023,IIS_COVID19_SYSTEM_MONITOR,IIS_COVID19_SYSTEM_EIR_NEW,YES,,,,,,,,EJRF
KIR,2023,IIS_COVID19_AGGREGATE_DIGITAL,,,,,,,,,,EJRF
LAO,2023,IIS_COVID19_AGGREGATE_DIGITAL,,HEALTH_FACILITY,,,,,,,,EJRF
KIR,2023,IIS_COVID19_DEVELOP,,,,,,,,,,EJRF
LAO,2023,IIS_COVID19_DEVELOP,,KEEP_C19_SYSTEM,,,,,,,,EJRF
KIR,2023,IIS_COVID19_EXPAND,,,,,,,,,,EJRF
LAO,2023,IIS_COVID19_EXPAND,,,,,,,,,,EJRF
LAO,2023,SUPPLY_COVID19_WASTAGE,,-2222,,,,,,,,EJRF
LAO,2023,SUPPLY_COVID19_STOCK,,120000,,,,,,,,EJRF
KEN,2023,IIS_COVID19_SYSTEM_MONITOR,IIS_COVID19_SYSTEM_AGGREGATE,NO,,,,,,,,EJRF
KEN,2023,IIS_COVID19_SYSTEM_MONITOR,IIS_COVID19_SYSTEM_EIR,NO,,,,,,,,EJRF
KEN,2023,IIS_COVID19_SYSTEM_MONITOR,IIS_COVID19_SYSTEM_AGGREGATE_NEW,YES,,,,,,,,EJRF
KEN,2023,IIS_COVID19_SYSTEM_MONITOR,IIS_COVID19_SYSTEM_EIR_NEW,YES,,,,,,,,EJRF
VNM,2023,IIS_COVID19_SYSTEM_MONITOR,IIS_COVID19_SYSTEM_AGGREGATE,YES,,,,,,,,EJRF
VNM,2023,IIS_COVID19_SYSTEM_MONITOR,IIS_COVID19_SYSTEM_EIR,NO,,,,,,,,EJRF
VNM,2023,IIS_COVID19_SYSTEM_MONITOR,IIS_COVID19_SYSTEM_AGGREGATE_NEW,NO,,,,,,,,EJRF
VNM,2023,IIS_COVID19_SYSTEM_MONITOR,IIS_COVID19_SYSTEM_EIR_NEW,NO,,,,,,,,EJRF
KEN,2023,IIS_COVID19_AGGREGATE_DIGITAL,,HEALTH_FACILITY,,,,,,,,EJRF
VNM,2023,IIS_COVID19_AGGREGATE_DIGITAL,,HEALTH_FACILITY,,,,,,,,EJRF
KEN,2023,IIS_COVID19_DEVELOP,,EXPAND_C19_SYSTEM,,,,,,,,EJRF
VNM,2023,IIS_COVID19_DEVELOP,,KEEP_C19_SYSTEM,,,,,,,,EJRF
KEN,2023,IIS_COVID19_EXPAND,,New vaccine Introductions including TCV and OCV,,,,,,,,EJRF
VNM,2023,IIS_COVID19_EXPAND,,,,,,,,,,EJRF
KEN,2023,SUPPLY_COVID19_WASTAGE,,36.35,,,,,,,,EJRF
KEN,2023,SUPPLY_COVID19_STOCK,,0,,,,,,,,EJRF
BMU,2023,IIS_COVID19_SYSTEM_MONITOR,IIS_COVID19_SYSTEM_AGGREGATE,NO,,,,,,,,EJRF
BMU,2023,IIS_COVID19_SYSTEM_MONITOR,IIS_COVID19_SYSTEM_EIR,YES,,,,,,,,EJRF
BMU,2023,IIS_COVID19_SYSTEM_MONITOR,IIS_COVID19_SYSTEM_AGGREGATE_NEW,NO,,,,,,,,EJRF
BMU,2023,IIS_COVID19_SYSTEM_MONITOR,IIS_COVID19_SYSTEM_EIR_NEW,NO,,,,,,,,EJRF
BMU,2023,IIS_COVID19_AGGREGATE_DIGITAL,,,,,,,,,,EJRF
BMU,2023,IIS_COVID19_DEVELOP,,MERGE_C19_SYSTEM,,,,,,,,EJRF
BMU,2023,IIS_COVID19_EXPAND,,,,,,,,,,EJRF
KOR,2023,IIS_COVID19_SYSTEM_MONITOR,IIS_COVID19_SYSTEM_AGGREGATE,YES,,,,,,,,EJRF
KOR,2023,IIS_COVID19_SYSTEM_MONITOR,IIS_COVID19_SYSTEM_EIR,YES,,,,,,,,EJRF
KOR,2023,IIS_COVID19_SYSTEM_MONITOR,IIS_COVID19_SYSTEM_AGGREGATE_NEW,NO,,,,,,,,EJRF
KOR,2023,IIS_COVID19_SYSTEM_MONITOR,IIS_COVID19_SYSTEM_EIR_NEW,NO,,,,,,,,EJRF
KOR,2023,IIS_COVID19_AGGREGATE_DIGITAL,,NATIONAL,,,,,,,,EJRF
KOR,2023,IIS_COVID19_DEVELOP,,MERGE_C19_SYSTEM,,,,,,,,EJRF
KOR,2023,IIS_COVID19_EXPAND,,,,,,,,,,EJRF
CHL,2023,IIS_COVID19_SYSTEM_MONITOR,IIS_COVID19_SYSTEM_AGGREGATE,YES,,,,,,,,EJRF
CHL,2023,IIS_COVID19_SYSTEM_MONITOR,IIS_COVID19_SYSTEM_EIR,YES,,,,,,,,EJRF
CHL,2023,IIS_COVID19_SYSTEM_MONITOR,IIS_COVID19_SYSTEM_AGGREGATE_NEW,NO,,,,,,,,EJRF
CHL,2023,IIS_COVID19_SYSTEM_MONITOR,IIS_COVID19_SYSTEM_EIR_NEW,NO,,,,,,,,EJRF
SSD,2023,IIS_COVID19_SYSTEM_MONITOR,IIS_COVID19_SYSTEM_AGGREGATE,YES,,,,,,,,EJRF
SSD,2023,IIS_COVID19_SYSTEM_MONITOR,IIS_COVID19_SYSTEM_EIR,YES,,,,,,,,EJRF
SSD,2023,IIS_COVID19_SYSTEM_MONITOR,IIS_COVID19_SYSTEM_AGGREGATE_NEW,-4444,,,,,,,,EJRF
SSD,2023,IIS_COVID19_SYSTEM_MONITOR,IIS_COVID19_SYSTEM_EIR_NEW,-4444,,,,,,,,EJRF
CHL,2023,IIS_COVID19_AGGREGATE_DIGITAL,,HEALTH_FACILITY,,,,,,,,EJRF
SSD,2023,IIS_COVID19_AGGREGATE_DIGITAL,,HEALTH_FACILITY,,,,,,,,EJRF
CHL,2023,IIS_COVID19_DEVELOP,,-2222,,,,,,,,EJRF
SSD,2023,IIS_COVID19_DEVELOP,,MERGE_C19_SYSTEM,,,,,,,,EJRF
CHL,2023,IIS_COVID19_EXPAND,,,,,,,,,,EJRF
SSD,2023,IIS_COVID19_EXPAND,,,,,,,,,,EJRF
SSD,2023,SUPPLY_COVID19_WASTAGE,,0,,,,,,,,EJRF
SSD,2023,SUPPLY_COVID19_STOCK,,0,,,,,,,,EJRF
MYS,2023,IIS_COVID19_SYSTEM_MONITOR,IIS_COVID19_SYSTEM_AGGREGATE,NO,,,,,,,,EJRF
MYS,2023,IIS_COVID19_SYSTEM_MONITOR,IIS_COVID19_SYSTEM_EIR,NO,,,,,,,,EJRF
MYS,2023,IIS_COVID19_SYSTEM_MONITOR,IIS_COVID19_SYSTEM_AGGREGATE_NEW,NO,,,,,,,,EJRF
MYS,2023,IIS_COVID19_SYSTEM_MONITOR,IIS_COVID19_SYSTEM_EIR_NEW,YES,,,,,,,,EJRF
MYS,2023,IIS_COVID19_AGGREGATE_DIGITAL,,,,,,,,,,EJRF
MYS,2023,IIS_COVID19_DEVELOP,,EXPAND_C19_SYSTEM,,,,,,,,EJRF
MYS,2023,IIS_COVID19_EXPAND,,All vaccines under NIP,,,,,,,,EJRF
VEN,2023,IIS_COVID19_SYSTEM_MONITOR,IIS_COVID19_SYSTEM_AGGREGATE,-2222,,,,,,,,EJRF
VEN,2023,IIS_COVID19_SYSTEM_MONITOR,IIS_COVID19_SYSTEM_EIR,,,,,,,,,EJRF
VEN,2023,IIS_COVID19_SYSTEM_MONITOR,IIS_COVID19_SYSTEM_AGGREGATE_NEW,,,,,,,,,EJRF
VEN,2023,IIS_COVID19_SYSTEM_MONITOR,IIS_COVID19_SYSTEM_EIR_NEW,,,,,,,,,EJRF
VEN,2023,IIS_COVID19_AGGREGATE_DIGITAL,,,,,,,,,,EJRF
VEN,2023,IIS_COVID19_DEVELOP,,-2222,,,,,,,,EJRF
VEN,2023,IIS_COVID19_EXPAND,,,,,,,,,,EJRF
PHL,2023,IIS_COVID19_SYSTEM_MONITOR,IIS_COVID19_SYSTEM_AGGREGATE,,,,,,,,,EJRF
PHL,2023,IIS_COVID19_SYSTEM_MONITOR,IIS_COVID19_SYSTEM_EIR,,,,,,,,,EJRF
PHL,2023,IIS_COVID19_SYSTEM_MONITOR,IIS_COVID19_SYSTEM_AGGREGATE_NEW,,,,,,,,,EJRF
PHL,2023,IIS_COVID19_SYSTEM_MONITOR,IIS_COVID19_SYSTEM_EIR_NEW,,,,,,,,,EJRF
PHL,2023,IIS_COVID19_AGGREGATE_DIGITAL,,,,,,,,,,EJRF
PHL,2023,IIS_COVID19_DEVELOP,,MERGE_C19_SYSTEM,,,,,,,,EJRF
PHL,2023,IIS_COVID19_EXPAND,,,,,,,,,,EJRF
STP,2023,IIS_COVID19_SYSTEM_MONITOR,IIS_COVID19_SYSTEM_AGGREGATE,-4444,,,,,,,,EJRF
STP,2023,IIS_COVID19_SYSTEM_MONITOR,IIS_COVID19_SYSTEM_EIR,-4444,,,,,,,,EJRF
STP,2023,IIS_COVID19_SYSTEM_MONITOR,IIS_COVID19_SYSTEM_AGGREGATE_NEW,-4444,,,,,,,,EJRF
STP,2023,IIS_COVID19_SYSTEM_MONITOR,IIS_COVID19_SYSTEM_EIR_NEW,-4444,,,,,,,,EJRF
STP,2023,IIS_COVID19_AGGREGATE_DIGITAL,,,,,,,,,,EJRF
STP,2023,IIS_COVID19_DEVELOP,,MERGE_C19_SYSTEM,,,,,,,,EJRF
STP,2023,IIS_COVID19_EXPAND,,,,,,,,,,EJRF
STP,2023,SUPPLY_COVID19_WASTAGE,,-4444,,,,,,,,EJRF
STP,2023,SUPPLY_COVID19_STOCK,,0,,,,,,,,EJRF
CHN,2023,IIS_COVID19_SYSTEM_MONITOR,IIS_COVID19_SYSTEM_AGGREGATE,YES,,,,,,,,EJRF
CHN,2023,IIS_COVID19_SYSTEM_MONITOR,IIS_COVID19_SYSTEM_EIR,YES,,,,,,,,EJRF
CHN,2023,IIS_COVID19_SYSTEM_MONITOR,IIS_COVID19_SYSTEM_AGGREGATE_NEW,,,,,,,,,EJRF
CHN,2023,IIS_COVID19_SYSTEM_MONITOR,IIS_COVID19_SYSTEM_EIR_NEW,YES,,,,,,,,EJRF
CHN,2023,IIS_COVID19_AGGREGATE_DIGITAL,,HEALTH_FACILITY,,,,,,,,EJRF
CHN,2023,IIS_COVID19_DEVELOP,,MERGE_C19_SYSTEM,,,,,,,,EJRF
CHN,2023,IIS_COVID19_EXPAND,,,,,,,,,,EJRF
MHL,2023,IIS_COVID19_SYSTEM_MONITOR,IIS_COVID19_SYSTEM_AGGREGATE,NO,,,,,,,,EJRF
MHL,2023,IIS_COVID19_SYSTEM_MONITOR,IIS_COVID19_SYSTEM_EIR,YES,,,,,,,,EJRF
MHL,2023,IIS_COVID19_SYSTEM_MONITOR,IIS_COVID19_SYSTEM_AGGREGATE_NEW,NO,,,,,,,,EJRF
MHL,2023,IIS_COVID19_SYSTEM_MONITOR,IIS_COVID19_SYSTEM_EIR_NEW,NO,,,,,,,,EJRF
MHL,2023,IIS_COVID19_AGGREGATE_DIGITAL,,,,,,,,,,EJRF
MHL,2023,IIS_COVID19_DEVELOP,,MERGE_C19_SYSTEM,,,,,,,,EJRF
MHL,2023,IIS_COVID19_EXPAND,,,,,,,,,,EJRF
USA,2023,IIS_COVID19_SYSTEM_MONITOR,IIS_COVID19_SYSTEM_AGGREGATE,,,,,,,,,EJRF
USA,2023,IIS_COVID19_SYSTEM_MONITOR,IIS_COVID19_SYSTEM_EIR,,,,,,,,,EJRF
USA,2023,IIS_COVID19_SYSTEM_MONITOR,IIS_COVID19_SYSTEM_AGGREGATE_NEW,,,,,,,,,EJRF
USA,2023,IIS_COVID19_SYSTEM_MONITOR,IIS_COVID19_SYSTEM_EIR_NEW,,,,,,,,,EJRF
USA,2023,IIS_COVID19_AGGREGATE_DIGITAL,,,,,,,,,,EJRF
USA,2023,IIS_COVID19_DEVELOP,,,,,,,,,,EJRF
USA,2023,IIS_COVID19_EXPAND,,,,,,,,,,EJRF
PYF,2023,IIS_COVID19_SYSTEM_MONITOR,IIS_COVID19_SYSTEM_AGGREGATE,,,,,,,,,EJRF
PYF,2023,IIS_COVID19_SYSTEM_MONITOR,IIS_COVID19_SYSTEM_EIR,YES,,,,,,,,EJRF
PYF,2023,IIS_COVID19_SYSTEM_MONITOR,IIS_COVID19_SYSTEM_AGGREGATE_NEW,,,,,,,,,EJRF
PYF,2023,IIS_COVID19_SYSTEM_MONITOR,IIS_COVID19_SYSTEM_EIR_NEW,,,,,,,,,EJRF
PYF,2023,IIS_COVID19_AGGREGATE_DIGITAL,,,,,,,,,,EJRF
PYF,2023,IIS_COVID19_DEVELOP,,MERGE_C19_SYSTEM,,,,,,,,EJRF
PYF,2023,IIS_COVID19_EXPAND,,,,,,,,,,EJRF
KAZ,2023,IIS_COVID19_SYSTEM_MONITOR,IIS_COVID19_SYSTEM_AGGREGATE_NEW,-2222,,,,,,,,EJRF
KAZ,2023,IIS_COVID19_SYSTEM_MONITOR,IIS_COVID19_SYSTEM_EIR_NEW,-2222,,,,,,,,EJRF
KAZ,2023,IIS_COVID19_SYSTEM_MONITOR,IIS_COVID19_SYSTEM_AGGREGATE,-2222,,,,,,,,EJRF
KAZ,2023,IIS_COVID19_SYSTEM_MONITOR,IIS_COVID19_SYSTEM_EIR,YES,,,,,,,,EJRF
TUN,2023,IIS_COVID19_SYSTEM_MONITOR,IIS_COVID19_SYSTEM_AGGREGATE,-2222,,,,,,,,EJRF
TUN,2023,IIS_COVID19_SYSTEM_MONITOR,IIS_COVID19_SYSTEM_EIR,-2222,,,,,,,,EJRF
TUN,2023,IIS_COVID19_SYSTEM_MONITOR,IIS_COVID19_SYSTEM_AGGREGATE_NEW,-2222,,,,,,,,EJRF
TUN,2023,IIS_COVID19_SYSTEM_MONITOR,IIS_COVID19_SYSTEM_EIR_NEW,-2222,,,,,,,,EJRF
KAZ,2023,IIS_COVID19_AGGREGATE_DIGITAL,,,,,,,,,,EJRF
TUN,2023,IIS_COVID19_AGGREGATE_DIGITAL,,,,,,,,,,EJRF
KAZ,2023,IIS_COVID19_DEVELOP,,-2222,,,,,,,,EJRF
TUN,2023,IIS_COVID19_DEVELOP,,-2222,,,,,,,,EJRF
KAZ,2023,IIS_COVID19_EXPAND,,,,,,,,,,EJRF
TUN,2023,IIS_COVID19_EXPAND,,,,,,,,,,EJRF
JAM,2023,IIS_COVID19_SYSTEM_MONITOR,IIS_COVID19_SYSTEM_AGGREGATE,NO,,,,,,,,EJRF
JAM,2023,IIS_COVID19_SYSTEM_MONITOR,IIS_COVID19_SYSTEM_EIR,NO,,,,,,,,EJRF
JAM,2023,IIS_COVID19_SYSTEM_MONITOR,IIS_COVID19_SYSTEM_AGGREGATE_NEW,NO,,,,,,,,EJRF
JAM,2023,IIS_COVID19_SYSTEM_MONITOR,IIS_COVID19_SYSTEM_EIR_NEW,YES,,,,,,,,EJRF
JAM,2023,IIS_COVID19_AGGREGATE_DIGITAL,,,,,,,,,,EJRF
JAM,2023,IIS_COVID19_DEVELOP,,KEEP_C19_SYSTEM,,,,,,,,EJRF
JAM,2023,IIS_COVID19_EXPAND,,,,,,,,,,EJRF
THA,2023,IIS_COVID19_SYSTEM_MONITOR,IIS_COVID19_SYSTEM_AGGREGATE,YES,,,,,,,,EJRF
THA,2023,IIS_COVID19_SYSTEM_MONITOR,IIS_COVID19_SYSTEM_EIR,YES,,,,,,,,EJRF
THA,2023,IIS_COVID19_SYSTEM_MONITOR,IIS_COVID19_SYSTEM_AGGREGATE_NEW,YES,,,,,,,,EJRF
THA,2023,IIS_COVID19_SYSTEM_MONITOR,IIS_COVID19_SYSTEM_EIR_NEW,YES,,,,,,,,EJRF
THA,2023,IIS_COVID19_AGGREGATE_DIGITAL,,NATIONAL,,,,,,,,EJRF
THA,2023,IIS_COVID19_DEVELOP,,MERGE_C19_SYSTEM,,,,,,,,EJRF
THA,2023,IIS_COVID19_EXPAND,,,,,,,,,,EJRF
NLD,2023,IIS_COVID19_SYSTEM_MONITOR,IIS_COVID19_SYSTEM_AGGREGATE,NO,,,,,,,,EJRF
NLD,2023,IIS_COVID19_SYSTEM_MONITOR,IIS_COVID19_SYSTEM_EIR,NO,,,,,,,,EJRF
NLD,2023,IIS_COVID19_SYSTEM_MONITOR,IIS_COVID19_SYSTEM_AGGREGATE_NEW,NO,,,,,,,,EJRF
NLD,2023,IIS_COVID19_SYSTEM_MONITOR,IIS_COVID19_SYSTEM_EIR_NEW,YES,,,,,,,,EJRF
NLD,2023,IIS_COVID19_AGGREGATE_DIGITAL,,,,,,,,,,EJRF
NLD,2023,IIS_COVID19_DEVELOP,,KEEP_C19_SYSTEM,,,,,,,,EJRF
NLD,2023,IIS_COVID19_EXPAND,,,,,,,,,,EJRF
DEU,2023,IIS_COVID19_SYSTEM_MONITOR,IIS_COVID19_SYSTEM_EIR,NO,,,,,,,,EJRF
DEU,2023,IIS_COVID19_SYSTEM_MONITOR,IIS_COVID19_SYSTEM_AGGREGATE_NEW,YES,,,,,,,,EJRF
DEU,2023,IIS_COVID19_SYSTEM_MONITOR,IIS_COVID19_SYSTEM_EIR_NEW,NO,,,,,,,,EJRF
DEU,2023,IIS_COVID19_SYSTEM_MONITOR,IIS_COVID19_SYSTEM_AGGREGATE,NO,,,,,,,,EJRF
CHE,2023,IIS_COVID19_SYSTEM_MONITOR,IIS_COVID19_SYSTEM_AGGREGATE,NO,,,,,,,,EJRF
CHE,2023,IIS_COVID19_SYSTEM_MONITOR,IIS_COVID19_SYSTEM_EIR,NO,,,,,,,,EJRF
CHE,2023,IIS_COVID19_SYSTEM_MONITOR,IIS_COVID19_SYSTEM_AGGREGATE_NEW,YES,,,,,,,,EJRF
CHE,2023,IIS_COVID19_SYSTEM_MONITOR,IIS_COVID19_SYSTEM_EIR_NEW,YES,,,,,,,,EJRF
DEU,2023,IIS_COVID19_AGGREGATE_DIGITAL,,HEALTH_FACILITY,,,,,,,,EJRF
CHE,2023,IIS_COVID19_AGGREGATE_DIGITAL,,NATIONAL,,,,,,,,EJRF
DEU,2023,IIS_COVID19_DEVELOP,,MERGE_C19_SYSTEM,,,,,,,,EJRF
CHE,2023,IIS_COVID19_DEVELOP,,OTHER,,,,,,,,EJRF
DEU,2023,IIS_COVID19_EXPAND,,,,,,,,,,EJRF
CHE,2023,IIS_COVID19_EXPAND,,,,,,,,,,EJRF
IND,2023,IIS_COVID19_SYSTEM_MONITOR,IIS_COVID19_SYSTEM_AGGREGATE,YES,,,,,,,,EJRF
IND,2023,IIS_COVID19_SYSTEM_MONITOR,IIS_COVID19_SYSTEM_EIR,YES,,,,,,,,EJRF
IND,2023,IIS_COVID19_SYSTEM_MONITOR,IIS_COVID19_SYSTEM_AGGREGATE_NEW,YES,,,,,,,,EJRF
IND,2023,IIS_COVID19_SYSTEM_MONITOR,IIS_COVID19_SYSTEM_EIR_NEW,YES,,,,,,,,EJRF
IND,2023,IIS_COVID19_AGGREGATE_DIGITAL,,HEALTH_FACILITY,,,,,,,,EJRF
IND,2023,IIS_COVID19_DEVELOP,,KEEP_C19_SYSTEM,,,,,,,,EJRF
IND,2023,IIS_COVID19_EXPAND,,,,,,,,,,EJRF
IND,2023,SUPPLY_COVID19_WASTAGE,,-2222,,,,,,,,EJRF
IND,2023,SUPPLY_COVID19_STOCK,,-4444,,,,,,,,EJRF
ITA,2023,IIS_COVID19_SYSTEM_MONITOR,IIS_COVID19_SYSTEM_AGGREGATE,-2222,,,,,,,,EJRF
ITA,2023,IIS_COVID19_SYSTEM_MONITOR,IIS_COVID19_SYSTEM_EIR,-2222,,,,,,,,EJRF
ITA,2023,IIS_COVID19_SYSTEM_MONITOR,IIS_COVID19_SYSTEM_AGGREGATE_NEW,-2222,,,,,,,,EJRF
ITA,2023,IIS_COVID19_SYSTEM_MONITOR,IIS_COVID19_SYSTEM_EIR_NEW,YES,,,,,,,,EJRF
ITA,2023,IIS_COVID19_AGGREGATE_DIGITAL,,,,,,,,,,EJRF
ITA,2023,IIS_COVID19_DEVELOP,,-2222,,,,,,,,EJRF
ITA,2023,IIS_COVID19_EXPAND,,,,,,,,,,EJRF
PAN,2023,IIS_COVID19_SYSTEM_MONITOR,IIS_COVID19_SYSTEM_EIR,YES,,,,,,,,EJRF
PAN,2023,IIS_COVID19_SYSTEM_MONITOR,IIS_COVID19_SYSTEM_AGGREGATE_NEW,NO,,,,,,,,EJRF
PAN,2023,IIS_COVID19_SYSTEM_MONITOR,IIS_COVID19_SYSTEM_EIR_NEW,NO,,,,,,,,EJRF
PAN,2023,IIS_COVID19_SYSTEM_MONITOR,IIS_COVID19_SYSTEM_AGGREGATE,NO,,,,,,,,EJRF
PAN,2023,IIS_COVID19_AGGREGATE_DIGITAL,,,,,,,,,,EJRF
PAN,2023,IIS_COVID19_DEVELOP,,MERGE_C19_SYSTEM,,,,,,,,EJRF
PAN,2023,IIS_COVID19_EXPAND,,,,,,,,,,EJRF
BDI,2023,IIS_COVID19_SYSTEM_MONITOR,IIS_COVID19_SYSTEM_AGGREGATE,YES,,,,,,,,EJRF
BDI,2023,IIS_COVID19_SYSTEM_MONITOR,IIS_COVID19_SYSTEM_EIR,NO,,,,,,,,EJRF
BDI,2023,IIS_COVID19_SYSTEM_MONITOR,IIS_COVID19_SYSTEM_AGGREGATE_NEW,YES,,,,,,,,EJRF
BDI,2023,IIS_COVID19_SYSTEM_MONITOR,IIS_COVID19_SYSTEM_EIR_NEW,-2222,,,,,,,,EJRF
BDI,2023,IIS_COVID19_AGGREGATE_DIGITAL,,HEALTH_FACILITY,,,,,,,,EJRF
BDI,2023,IIS_COVID19_DEVELOP,,MERGE_C19_SYSTEM,,,,,,,,EJRF
BDI,2023,IIS_COVID19_EXPAND,,,,,,,,,,EJRF
BDI,2023,SUPPLY_COVID19_WASTAGE,,93.5,,,,,,,,EJRF
BDI,2023,SUPPLY_COVID19_STOCK,,148600,,,,,,,,EJRF
BIH,2023,IIS_COVID19_SYSTEM_MONITOR,IIS_COVID19_SYSTEM_AGGREGATE,,,,,,,,,EJRF
BIH,2023,IIS_COVID19_SYSTEM_MONITOR,IIS_COVID19_SYSTEM_EIR,,,,,,,,,EJRF
BIH,2023,IIS_COVID19_SYSTEM_MONITOR,IIS_COVID19_SYSTEM_AGGREGATE_NEW,YES,,,,,,,,EJRF
BIH,2023,IIS_COVID19_SYSTEM_MONITOR,IIS_COVID19_SYSTEM_EIR_NEW,YES,,,,,,,,EJRF
BIH,2023,IIS_COVID19_AGGREGATE_DIGITAL,,,,,,,,,,EJRF
BIH,2023,IIS_COVID19_DEVELOP,,,,,,,,,,EJRF
BIH,2023,IIS_COVID19_EXPAND,,,,,,,,,,EJRF
POL,2023,IIS_COVID19_SYSTEM_MONITOR,IIS_COVID19_SYSTEM_AGGREGATE,NO,,,,,,,,EJRF
POL,2023,IIS_COVID19_SYSTEM_MONITOR,IIS_COVID19_SYSTEM_EIR,NO,,,,,,,,EJRF
POL,2023,IIS_COVID19_SYSTEM_MONITOR,IIS_COVID19_SYSTEM_AGGREGATE_NEW,YES,,,,,,,,EJRF
POL,2023,IIS_COVID19_SYSTEM_MONITOR,IIS_COVID19_SYSTEM_EIR_NEW,YES,,,,,,,,EJRF
POL,2023,IIS_COVID19_AGGREGATE_DIGITAL,,HEALTH_FACILITY,,,,,,,,EJRF
POL,2023,IIS_COVID19_DEVELOP,,EXPAND_C19_SYSTEM,,,,,,,,EJRF
POL,2023,IIS_COVID19_EXPAND,,"Vaccinations recommended,",,,,,,,,EJRF
XKX,2023,IIS_COVID19_SYSTEM_MONITOR,IIS_COVID19_SYSTEM_AGGREGATE,YES,,,,,,,,EJRF
XKX,2023,IIS_COVID19_SYSTEM_MONITOR,IIS_COVID19_SYSTEM_EIR,YES,,,,,,,,EJRF
XKX,2023,IIS_COVID19_SYSTEM_MONITOR,IIS_COVID19_SYSTEM_AGGREGATE_NEW,NO,,,,,,,,EJRF
XKX,2023,IIS_COVID19_SYSTEM_MONITOR,IIS_COVID19_SYSTEM_EIR_NEW,NO,,,,,,,,EJRF
XKX,2023,IIS_COVID19_AGGREGATE_DIGITAL,,HEALTH_FACILITY,,,,,,,,EJRF
XKX,2023,IIS_COVID19_DEVELOP,,MERGE_C19_SYSTEM,,,,,,,,EJRF
XKX,2023,IIS_COVID19_EXPAND,,,,,,,,,,EJRF
TUR,2023,IIS_COVID19_SYSTEM_MONITOR,IIS_COVID19_SYSTEM_AGGREGATE,,,,,,,,,EJRF
TUR,2023,IIS_COVID19_SYSTEM_MONITOR,IIS_COVID19_SYSTEM_EIR,,,,,,,,,EJRF
TUR,2023,IIS_COVID19_SYSTEM_MONITOR,IIS_COVID19_SYSTEM_AGGREGATE_NEW,,,,,,,,,EJRF
TUR,2023,IIS_COVID19_SYSTEM_MONITOR,IIS_COVID19_SYSTEM_EIR_NEW,,,,,,,,,EJRF
TUR,2023,IIS_COVID19_AGGREGATE_DIGITAL,,,,,,,,,,EJRF
TUR,2023,IIS_COVID19_DEVELOP,,,,,,,,,,EJRF
TUR,2023,IIS_COVID19_EXPAND,,,,,,,,,,EJRF
NIC,2024,SUPPLY_COVID19_WASTAGE,,2,,,,,,,,EJRF
NIC,2024,SUPPLY_COVID19_STOCK,,400000,,,,,,,,EJRF
BDI,2024,SUPPLY_COVID19_WASTAGE,,93.5,,,,,,,,EJRF
SDN,2024,SUPPLY_COVID19_WASTAGE,,-2222,,,,,,,,EJRF
BDI,2024,SUPPLY_COVID19_STOCK,,148600,,,,,,,,EJRF
SDN,2024,SUPPLY_COVID19_STOCK,,0,,,,,,,,EJRF
SYR,2024,SUPPLY_COVID19_WASTAGE,,30,,,,,,,,EJRF
SYR,2024,SUPPLY_COVID19_STOCK,,0,,,,,,,,EJRF
MDG,2024,SUPPLY_COVID19_WASTAGE,,4.43,,,,,,,,EJRF
MDG,2024,SUPPLY_COVID19_STOCK,,432000,,,,,,,,EJRF
BFA,2024,SUPPLY_COVID19_WASTAGE,,80,,,,,,,,EJRF
CIV,2024,SUPPLY_COVID19_WASTAGE,,13,,,,,,,,EJRF
BFA,2024,SUPPLY_COVID19_STOCK,,14400,,,,,,,,EJRF
CIV,2024,SUPPLY_COVID19_STOCK,,217980,,,,,,,,EJRF
SSD,2024,SUPPLY_COVID19_WASTAGE,,0,,,,,,,,EJRF
SSD,2024,SUPPLY_COVID19_STOCK,,0,,,,,,,,EJRF
COG,2024,SUPPLY_COVID19_WASTAGE,,98,,,,,,,,EJRF
DJI,2024,SUPPLY_COVID19_WASTAGE,,-4444,,,,,,,,EJRF
GNB,2024,SUPPLY_COVID19_WASTAGE,,-4444,,,,,,,,EJRF
HTI,2024,SUPPLY_COVID19_WASTAGE,,40,,,,,,,,EJRF
PAK,2024,SUPPLY_COVID19_WASTAGE,,1,,,,,,,,EJRF
ZWE,2024,SUPPLY_COVID19_WASTAGE,,,,,,,,,,EJRF
COG,2024,SUPPLY_COVID19_STOCK,,20000,,,,,,,,EJRF
DJI,2024,SUPPLY_COVID19_STOCK,,16500,,,,,,,,EJRF
GNB,2024,SUPPLY_COVID19_STOCK,,0,,,,,,,,EJRF
HTI,2024,SUPPLY_COVID19_STOCK,,100800,,,,,,,,EJRF
PAK,2024,SUPPLY_COVID19_STOCK,,50840,,,,,,,,EJRF
ZWE,2024,SUPPLY_COVID19_STOCK,,,,,,,,,,EJRF
AFG,2024,SUPPLY_COVID19_WASTAGE,,0,,,,,,,,EJRF
BGD,2024,SUPPLY_COVID19_WASTAGE,,0,,,,,,,,EJRF
CMR,2024,SUPPLY_COVID19_WASTAGE,,-4444,,,,,,,,EJRF
TCD,2024,SUPPLY_COVID19_WASTAGE,,-4444,,,,,,,,EJRF
COD,2024,SUPPLY_COVID19_WASTAGE,,0,,,,,,,,EJRF
GMB,2024,SUPPLY_COVID19_WASTAGE,,28,,,,,,,,EJRF
GHA,2024,SUPPLY_COVID19_WASTAGE,,85,,,,,,,,EJRF
GIN,2024,SUPPLY_COVID19_WASTAGE,,-2222,,,,,,,,EJRF
LSO,2024,SUPPLY_COVID19_WASTAGE,,,,,,,,,,EJRF
MLI,2024,SUPPLY_COVID19_WASTAGE,,59,,,,,,,,EJRF
MMR,2024,SUPPLY_COVID19_WASTAGE,,0,,,,,,,,EJRF
NER,2024,SUPPLY_COVID19_WASTAGE,,0,,,,,,,,EJRF
NGA,2024,SUPPLY_COVID19_WASTAGE,,0.02,,,,,,,,EJRF
SEN,2024,SUPPLY_COVID19_WASTAGE,,91,,,,,,,,EJRF
TJK,2024,SUPPLY_COVID19_WASTAGE,,0,,,,,,,,EJRF
UGA,2024,SUPPLY_COVID19_WASTAGE,,-4444,,,,,,,,EJRF
TZA,2024,SUPPLY_COVID19_WASTAGE,,56,,,,,,,,EJRF
YEM,2024,SUPPLY_COVID19_WASTAGE,,-2222,,,,,,,,EJRF
ZMB,2024,SUPPLY_COVID19_WASTAGE,,99.2,,,,,,,,EJRF
AFG,2024,SUPPLY_COVID19_STOCK,,300000,,,,,,,,EJRF
BGD,2024,SUPPLY_COVID19_STOCK,,3156870,,,,,,,,EJRF
CMR,2024,SUPPLY_COVID19_STOCK,,0,,,,,,,,EJRF
TCD,2024,SUPPLY_COVID19_STOCK,,0,,,,,,,,EJRF
COD,2024,SUPPLY_COVID19_STOCK,,0,,,,,,,,EJRF
GMB,2024,SUPPLY_COVID19_STOCK,,268746,,,,,,,,EJRF
GHA,2024,SUPPLY_COVID19_STOCK,,0,,,,,,,,EJRF
GIN,2024,SUPPLY_COVID19_STOCK,,498240,,,,,,,,EJRF
LSO,2024,SUPPLY_COVID19_STOCK,,,,,,,,,,EJRF
MLI,2024,SUPPLY_COVID19_STOCK,,0,,,,,,,,EJRF
MMR,2024,SUPPLY_COVID19_STOCK,,4023960,,,,,,,,EJRF
NER,2024,SUPPLY_COVID19_STOCK,,0,,,,,,,,EJRF
NGA,2024,SUPPLY_COVID19_STOCK,,0,,,,,,,,EJRF
SEN,2024,SUPPLY_COVID19_STOCK,,0,,,,,,,,EJRF
TJK,2024,SUPPLY_COVID19_STOCK,,0,,,,,,,,EJRF
UGA,2024,SUPPLY_COVID19_STOCK,,-4444,,,,,,,,EJRF
TZA,2024,SUPPLY_COVID19_STOCK,,0,,,,,,,,EJRF
YEM,2024,SUPPLY_COVID19_STOCK,,10800,,,,,,,,EJRF
ZMB,2024,SUPPLY_COVID19_STOCK,,690276,,,,,,,,EJRF
LBR,2024,SUPPLY_COVID19_WASTAGE,,1,,,,,,,,EJRF
MRT,2024,SUPPLY_COVID19_WASTAGE,,89.69,,,,,,,,EJRF
RWA,2024,SUPPLY_COVID19_WASTAGE,,-4444,,,,,,,,EJRF
SOM,2024,SUPPLY_COVID19_WASTAGE,,,,,,,,,,EJRF
TGO,2024,SUPPLY_COVID19_WASTAGE,,0,,,,,,,,EJRF
LBR,2024,SUPPLY_COVID19_STOCK,,203056,,,,,,,,EJRF
MRT,2024,SUPPLY_COVID19_STOCK,,76530,,,,,,,,EJRF
RWA,2024,SUPPLY_COVID19_STOCK,,-4444,,,,,,,,EJRF
SOM,2024,SUPPLY_COVID19_STOCK,,,,,,,,,,EJRF
TGO,2024,SUPPLY_COVID19_STOCK,,11160,,,,,,,,EJRF
PNG,2024,SUPPLY_COVID19_WASTAGE,,5,,,,,,,,EJRF
SLE,2024,SUPPLY_COVID19_WASTAGE,,,,,,,,,,EJRF
PNG,2024,SUPPLY_COVID19_STOCK,,50400,,,,,,,,EJRF
SLE,2024,SUPPLY_COVID19_STOCK,,,,,,,,,,EJRF
SLB,2024,SUPPLY_COVID19_WASTAGE,,-2222,,,,,,,,EJRF
SLB,2024,SUPPLY_COVID19_STOCK,,,,,,,,,,EJRF
BEN,2024,SUPPLY_COVID19_WASTAGE,,5.41,,,,,,,,EJRF
PRK,2024,SUPPLY_COVID19_WASTAGE,,,,,,,,,,EJRF
MOZ,2024,SUPPLY_COVID19_WASTAGE,,0,,,,,,,,EJRF
BEN,2024,SUPPLY_COVID19_STOCK,,21040,,,,,,,,EJRF
PRK,2024,SUPPLY_COVID19_STOCK,,,,,,,,,,EJRF
MOZ,2024,SUPPLY_COVID19_STOCK,,0,,,,,,,,EJRF
STP,2024,SUPPLY_COVID19_WASTAGE,,0,,,,,,,,EJRF
STP,2024,SUPPLY_COVID19_STOCK,,0,,,,,,,,EJRF
KHM,2024,SUPPLY_COVID19_WASTAGE,,-2222,,,,,,,,EJRF
KHM,2024,SUPPLY_COVID19_STOCK,,-2222,,,,,,,,EJRF
CAF,2024,SUPPLY_COVID19_WASTAGE,,12,,,,,,,,EJRF
ERI,2024,SUPPLY_COVID19_WASTAGE,,-4444,,,,,,,,EJRF
CAF,2024,SUPPLY_COVID19_STOCK,,230400,,,,,,,,EJRF
ERI,2024,SUPPLY_COVID19_STOCK,,-4444,,,,,,,,EJRF
ETH,2024,SUPPLY_COVID19_WASTAGE,,14,,,,,,,,EJRF
ETH,2024,SUPPLY_COVID19_STOCK,,1002216,,,,,,,,EJRF
LAO,2024,SUPPLY_COVID19_WASTAGE,,-2222,,,,,,,,EJRF
MWI,2024,SUPPLY_COVID19_WASTAGE,,0,,,,,,,,EJRF
LAO,2024,SUPPLY_COVID19_STOCK,,675780,,,,,,,,EJRF
MWI,2024,SUPPLY_COVID19_STOCK,,0,,,,,,,,EJRF
KEN,2024,SUPPLY_COVID19_WASTAGE,,50,,,,,,,,EJRF
KEN,2024,SUPPLY_COVID19_STOCK,,0,,,,,,,,EJRF
COM,2024,SUPPLY_COVID19_WASTAGE,,95,,,,,,,,EJRF
COM,2024,SUPPLY_COVID19_STOCK,,0,,,,,,,,EJRF
NPL,2024,SUPPLY_COVID19_WASTAGE,,-2222,,,,,,,,EJRF
NPL,2024,SUPPLY_COVID19_STOCK,,148860,,,,,,,,EJRF
KGZ,2024,SUPPLY_COVID19_WASTAGE,,0,,,,,,,,EJRF
UZB,2024,SUPPLY_COVID19_WASTAGE,,0,,,,,,,,EJRF
KGZ,2024,SUPPLY_COVID19_STOCK,,0,,,,,,,,EJRF
UZB,2024,SUPPLY_COVID19_STOCK,,1000000,,,,,,,,EJRF
IND,2024,SUPPLY_COVID19_WASTAGE,,-2222,,,,,,,,EJRF
IND,2024,SUPPLY_COVID19_STOCK,,-4444,,,,,,,,EJRF
