COUNTRY,YEAR,INDCODE,DIMENSION2,VALUE,VALUE_NUM,VALUE_EXACT,VALUE_CMT,LEG_COMMENT,LEG_CREATEDBY,LEG_MODIFIEDBY,LEG_DATESTAMP,SOURCE
BRB,2024,POLICY_VACCINATION,POLICY_RECOMMENDATION_ELDERLY,YES,,,,,,,,EJRF
BRB,2024,POLICY_VACCINATION,POLICY_RECOMMENDATION_ELDERLY_CHRONIC,YES,,,,,,,,EJRF
BRB,2024,POLICY_VACCINATION,POLICY_RECOMMENDATION_ADULTS,YES,,,,,,,,EJRF
BRB,2024,POLICY_VACCINATION,POLICY_RECOMMENDATION_ADULTS_CHRONIC,YES,,,,,,,,EJRF
BRB,2024,POLICY_VACCINATION,PW,YES,,,,,,,,EJRF
BRB,2024,POLICY_VACCINATION,POLICY_RECOMMENDATION_HCW,YES,,,,,,,,EJRF
BRB,2024,POLICY_VACCINATION,POLICY_RECOMMENDATION_CA,YES,,,,,,,,EJRF
BRB,2024,POLICY_VACCINATION,POLICY_RECOMMENDATION_CA_CHRONIC,YES,,,,,,,,EJRF
BRB,2024,POLICY_VACCINATION,OTHER_GROUPS,-4444,,,,,,,,EJRF
BRB,2024,POLICY_REVACCINATION,POLICY_RECOMMENDATION_ELDERLY,YES,,,,,,,,EJRF
BRB,2024,POLICY_REVACCINATION,POLICY_RECOMMENDATION_ELDERLY_CHRONIC,YES,,,,,,,,EJRF
BRB,2024,POLICY_REVACCINATION,POLICY_RECOMMENDATION_ADULTS,NO,,,,,,,,EJRF
BRB,2024,POLICY_REVACCINATION,POLICY_RECOMMENDATION_ADULTS_CHRONIC,YES,,,,,,,,EJRF
BRB,2024,POLICY_REVACCINATION,PW,YES,,,,,,,,EJRF
BRB,2024,POLICY_REVACCINATION,POLICY_RECOMMENDATION_HCW,YES,,,,,,,,EJRF
BRB,2024,POLICY_REVACCINATION,POLICY_RECOMMENDATION_CA,NO,,,,,,,,EJRF
BRB,2024,POLICY_REVACCINATION,POLICY_RECOMMENDATION_CA_CHRONIC,NO,,,,,,,,EJRF
BRB,2024,POLICY_REVACCINATION,OTHER_GROUPS,-4444,,,,,,,,EJRF
BRB,2024,POLICY_INTERVAL,POLICY_RECOMMENDATION_ELDERLY,12_MONTHS,,,,,,,,EJRF
BRB,2024,POLICY_INTERVAL,POLICY_RECOMMENDATION_ELDERLY_CHRONIC,12_MONTHS,,,,,,,,EJRF
BRB,2024,POLICY_INTERVAL,POLICY_RECOMMENDATION_ADULTS,-4444,,,,,,,,EJRF
BRB,2024,POLICY_INTERVAL,POLICY_RECOMMENDATION_ADULTS_CHRONIC,12_MONTHS,,,,,,,,EJRF
BRB,2024,POLICY_INTERVAL,PW,OTHER,,,,,,,,EJRF
BRB,2024,POLICY_INTERVAL,POLICY_RECOMMENDATION_HCW,12_MONTHS,,,,,,,,EJRF
BRB,2024,POLICY_INTERVAL,POLICY_RECOMMENDATION_CA,-4444,,,,,,,,EJRF
BRB,2024,POLICY_INTERVAL,POLICY_RECOMMENDATION_CA_CHRONIC,-4444,,,,,,,,EJRF
BRB,2024,POLICY_INTERVAL,OTHER_GROUPS,-4444,,,,,,,,EJRF
BRB,2024,POLICY_VACCINATION_COM,POLICY_RECOMMENDATION_ELDERLY,-4444,,,,,,,,EJRF
BRB,2024,POLICY_VACCINATION_COM,POLICY_RECOMMENDATION_ELDERLY_CHRONIC,-4444,,,,,,,,EJRF
BRB,2024,POLICY_VACCINATION_COM,POLICY_RECOMMENDATION_ADULTS,-4444,,,,,,,,EJRF
BRB,2024,POLICY_VACCINATION_COM,POLICY_RECOMMENDATION_ADULTS_CHRONIC,-4444,,,,,,,,EJRF
BRB,2024,POLICY_VACCINATION_COM,PW,-4444,,,,,,,,EJRF
BRB,2024,POLICY_VACCINATION_COM,POLICY_RECOMMENDATION_HCW,-4444,,,,,,,,EJRF
BRB,2024,POLICY_VACCINATION_COM,POLICY_RECOMMENDATION_CA,-4444,,,,,,,,EJRF
BRB,2024,POLICY_VACCINATION_COM,POLICY_RECOMMENDATION_CA_CHRONIC,-4444,,,,,,,,EJRF
BRB,2024,POLICY_VACCINATION_COM,OTHER_GROUPS,-4444,,,,,,,,EJRF
KNA,2024,POLICY_VACCINATION,POLICY_RECOMMENDATION_ELDERLY,YES,,,,,,,,EJRF
KNA,2024,POLICY_VACCINATION,POLICY_RECOMMENDATION_ELDERLY_CHRONIC,YES,,,,,,,,EJRF
KNA,2024,POLICY_VACCINATION,POLICY_RECOMMENDATION_ADULTS,YES,,,,,,,,EJRF
KNA,2024,POLICY_VACCINATION,POLICY_RECOMMENDATION_ADULTS_CHRONIC,NO,,,,,,,,EJRF
KNA,2024,POLICY_VACCINATION,PW,YES,,,,,,,,EJRF
KNA,2024,POLICY_VACCINATION,POLICY_RECOMMENDATION_HCW,NO,,,,,,,,EJRF
KNA,2024,POLICY_VACCINATION,POLICY_RECOMMENDATION_CA,NO,,,,,,,,EJRF
KNA,2024,POLICY_VACCINATION,POLICY_RECOMMENDATION_CA_CHRONIC,NO,,,,,,,,EJRF
KNA,2024,POLICY_VACCINATION,OTHER_GROUPS,NO,,,,,,,,EJRF
KNA,2024,POLICY_REVACCINATION,POLICY_RECOMMENDATION_ELDERLY,-4444,,,,,,,,EJRF
KNA,2024,POLICY_REVACCINATION,POLICY_RECOMMENDATION_ELDERLY_CHRONIC,-4444,,,,,,,,EJRF
KNA,2024,POLICY_REVACCINATION,POLICY_RECOMMENDATION_ADULTS,NO,,,,,,,,EJRF
KNA,2024,POLICY_REVACCINATION,POLICY_RECOMMENDATION_ADULTS_CHRONIC,NO,,,,,,,,EJRF
KNA,2024,POLICY_REVACCINATION,PW,NO,,,,,,,,EJRF
KNA,2024,POLICY_REVACCINATION,POLICY_RECOMMENDATION_HCW,NO,,,,,,,,EJRF
KNA,2024,POLICY_REVACCINATION,POLICY_RECOMMENDATION_CA,NO,,,,,,,,EJRF
KNA,2024,POLICY_REVACCINATION,POLICY_RECOMMENDATION_CA_CHRONIC,NO,,,,,,,,EJRF
KNA,2024,POLICY_REVACCINATION,OTHER_GROUPS,NO,,,,,,,,EJRF
KNA,2024,POLICY_INTERVAL,POLICY_RECOMMENDATION_ELDERLY,-4444,,,,,,,,EJRF
KNA,2024,POLICY_INTERVAL,POLICY_RECOMMENDATION_ELDERLY_CHRONIC,-4444,,,,,,,,EJRF
KNA,2024,POLICY_INTERVAL,POLICY_RECOMMENDATION_ADULTS,-4444,,,,,,,,EJRF
KNA,2024,POLICY_INTERVAL,POLICY_RECOMMENDATION_ADULTS_CHRONIC,-4444,,,,,,,,EJRF
KNA,2024,POLICY_INTERVAL,PW,-4444,,,,,,,,EJRF
KNA,2024,POLICY_INTERVAL,POLICY_RECOMMENDATION_HCW,-4444,,,,,,,,EJRF
KNA,2024,POLICY_INTERVAL,POLICY_RECOMMENDATION_CA,-4444,,,,,,,,EJRF
KNA,2024,POLICY_INTERVAL,POLICY_RECOMMENDATION_CA_CHRONIC,-4444,,,,,,,,EJRF
KNA,2024,POLICY_INTERVAL,OTHER_GROUPS,-4444,,,,,,,,EJRF
KNA,2024,POLICY_VACCINATION_COM,POLICY_RECOMMENDATION_ELDERLY,-4444,,,,,,,,EJRF
KNA,2024,POLICY_VACCINATION_COM,POLICY_RECOMMENDATION_ELDERLY_CHRONIC,-4444,,,,,,,,EJRF
KNA,2024,POLICY_VACCINATION_COM,POLICY_RECOMMENDATION_ADULTS,-4444,,,,,,,,EJRF
KNA,2024,POLICY_VACCINATION_COM,POLICY_RECOMMENDATION_ADULTS_CHRONIC,-4444,,,,,,,,EJRF
KNA,2024,POLICY_VACCINATION_COM,PW,-4444,,,,,,,,EJRF
KNA,2024,POLICY_VACCINATION_COM,POLICY_RECOMMENDATION_HCW,-4444,,,,,,,,EJRF
KNA,2024,POLICY_VACCINATION_COM,POLICY_RECOMMENDATION_CA,-4444,,,,,,,,EJRF
KNA,2024,POLICY_VACCINATION_COM,POLICY_RECOMMENDATION_CA_CHRONIC,-4444,,,,,,,,EJRF
KNA,2024,POLICY_VACCINATION_COM,OTHER_GROUPS,-4444,,,,,,,,EJRF
MLT,2024,POLICY_VACCINATION,POLICY_RECOMMENDATION_ELDERLY,YES,,,,,,,,EJRF
MLT,2024,POLICY_VACCINATION,POLICY_RECOMMENDATION_ELDERLY_CHRONIC,YES,,,,,,,,EJRF
MLT,2024,POLICY_VACCINATION,POLICY_RECOMMENDATION_ADULTS,YES,,,,,,,,EJRF
MLT,2024,POLICY_VACCINATION,POLICY_RECOMMENDATION_ADULTS_CHRONIC,YES,,,,,,,,EJRF
MLT,2024,POLICY_VACCINATION,PW,YES,,,,,,,,EJRF
MLT,2024,POLICY_VACCINATION,POLICY_RECOMMENDATION_HCW,YES,,,,,,,,EJRF
MLT,2024,POLICY_VACCINATION,POLICY_RECOMMENDATION_CA,YES,,,,,,,,EJRF
MLT,2024,POLICY_VACCINATION,POLICY_RECOMMENDATION_CA_CHRONIC,YES,,,,,,,,EJRF
MLT,2024,POLICY_VACCINATION,OTHER_GROUPS,YES,,,,,,,,EJRF
MCO,2024,POLICY_VACCINATION,POLICY_RECOMMENDATION_ELDERLY,YES,,,,,,,,EJRF
MCO,2024,POLICY_VACCINATION,POLICY_RECOMMENDATION_ELDERLY_CHRONIC,YES,,,,,,,,EJRF
MCO,2024,POLICY_VACCINATION,POLICY_RECOMMENDATION_ADULTS,NO,,,,,,,,EJRF
MCO,2024,POLICY_VACCINATION,POLICY_RECOMMENDATION_ADULTS_CHRONIC,YES,,,,,,,,EJRF
MCO,2024,POLICY_VACCINATION,PW,YES,,,,,,,,EJRF
MCO,2024,POLICY_VACCINATION,POLICY_RECOMMENDATION_HCW,NO,,,,,,,,EJRF
MCO,2024,POLICY_VACCINATION,POLICY_RECOMMENDATION_CA,NO,,,,,,,,EJRF
MCO,2024,POLICY_VACCINATION,POLICY_RECOMMENDATION_CA_CHRONIC,NO,,,,,,,,EJRF
MCO,2024,POLICY_VACCINATION,OTHER_GROUPS,NO,,,,,,,,EJRF
NIC,2024,POLICY_VACCINATION,POLICY_RECOMMENDATION_ELDERLY_CHRONIC,YES,,,,,,,,EJRF
NIC,2024,POLICY_VACCINATION,POLICY_RECOMMENDATION_ELDERLY,YES,,,,,,,,EJRF
NIC,2024,POLICY_VACCINATION,POLICY_RECOMMENDATION_ADULTS,YES,,,,,,,,EJRF
NIC,2024,POLICY_VACCINATION,POLICY_RECOMMENDATION_ADULTS_CHRONIC,YES,,,,,,,,EJRF
NIC,2024,POLICY_VACCINATION,PW,NO,,,,,,,,EJRF
NIC,2024,POLICY_VACCINATION,POLICY_RECOMMENDATION_HCW,YES,,,,,,,,EJRF
NIC,2024,POLICY_VACCINATION,POLICY_RECOMMENDATION_CA,YES,,,,,,,,EJRF
NIC,2024,POLICY_VACCINATION,POLICY_RECOMMENDATION_CA_CHRONIC,YES,,,,,,,,EJRF
NIC,2024,POLICY_VACCINATION,OTHER_GROUPS,YES,,,,,,,,EJRF
MLT,2024,POLICY_REVACCINATION,POLICY_RECOMMENDATION_ELDERLY,YES,,,,,,,,EJRF
MLT,2024,POLICY_REVACCINATION,POLICY_RECOMMENDATION_ELDERLY_CHRONIC,YES,,,,,,,,EJRF
MLT,2024,POLICY_REVACCINATION,POLICY_RECOMMENDATION_ADULTS,YES,,,,,,,,EJRF
MLT,2024,POLICY_REVACCINATION,POLICY_RECOMMENDATION_ADULTS_CHRONIC,YES,,,,,,,,EJRF
MLT,2024,POLICY_REVACCINATION,PW,YES,,,,,,,,EJRF
MLT,2024,POLICY_REVACCINATION,POLICY_RECOMMENDATION_HCW,YES,,,,,,,,EJRF
MLT,2024,POLICY_REVACCINATION,POLICY_RECOMMENDATION_CA,YES,,,,,,,,EJRF
MLT,2024,POLICY_REVACCINATION,POLICY_RECOMMENDATION_CA_CHRONIC,YES,,,,,,,,EJRF
MLT,2024,POLICY_REVACCINATION,OTHER_GROUPS,YES,,,,,,,,EJRF
MCO,2024,POLICY_REVACCINATION,POLICY_RECOMMENDATION_ELDERLY,YES,,,,,,,,EJRF
MCO,2024,POLICY_REVACCINATION,POLICY_RECOMMENDATION_ELDERLY_CHRONIC,YES,,,,,,,,EJRF
MCO,2024,POLICY_REVACCINATION,POLICY_RECOMMENDATION_ADULTS,NO,,,,,,,,EJRF
MCO,2024,POLICY_REVACCINATION,POLICY_RECOMMENDATION_ADULTS_CHRONIC,YES,,,,,,,,EJRF
MCO,2024,POLICY_REVACCINATION,PW,YES,,,,,,,,EJRF
MCO,2024,POLICY_REVACCINATION,POLICY_RECOMMENDATION_HCW,NO,,,,,,,,EJRF
MCO,2024,POLICY_REVACCINATION,POLICY_RECOMMENDATION_CA,NO,,,,,,,,EJRF
MCO,2024,POLICY_REVACCINATION,POLICY_RECOMMENDATION_CA_CHRONIC,NO,,,,,,,,EJRF
MCO,2024,POLICY_REVACCINATION,OTHER_GROUPS,NO,,,,,,,,EJRF
NIC,2024,POLICY_REVACCINATION,POLICY_RECOMMENDATION_ELDERLY_CHRONIC,YES,,,,,,,,EJRF
NIC,2024,POLICY_REVACCINATION,POLICY_RECOMMENDATION_ELDERLY,YES,,,,,,,,EJRF
NIC,2024,POLICY_REVACCINATION,POLICY_RECOMMENDATION_ADULTS,YES,,,,,,,,EJRF
NIC,2024,POLICY_REVACCINATION,POLICY_RECOMMENDATION_ADULTS_CHRONIC,YES,,,,,,,,EJRF
NIC,2024,POLICY_REVACCINATION,PW,NO,,,,,,,,EJRF
NIC,2024,POLICY_REVACCINATION,POLICY_RECOMMENDATION_HCW,YES,,,,,,,,EJRF
NIC,2024,POLICY_REVACCINATION,POLICY_RECOMMENDATION_CA,NO,,,,,,,,EJRF
NIC,2024,POLICY_REVACCINATION,POLICY_RECOMMENDATION_CA_CHRONIC,NO,,,,,,,,EJRF
NIC,2024,POLICY_REVACCINATION,OTHER_GROUPS,YES,,,,,,,,EJRF
MLT,2024,POLICY_INTERVAL,POLICY_RECOMMENDATION_ELDERLY,12_MONTHS,,,,,,,,EJRF
MLT,2024,POLICY_INTERVAL,POLICY_RECOMMENDATION_ELDERLY_CHRONIC,12_MONTHS,,,,,,,,EJRF
MLT,2024,POLICY_INTERVAL,POLICY_RECOMMENDATION_ADULTS,12_MONTHS,,,,,,,,EJRF
MLT,2024,POLICY_INTERVAL,POLICY_RECOMMENDATION_ADULTS_CHRONIC,12_MONTHS,,,,,,,,EJRF
MLT,2024,POLICY_INTERVAL,PW,12_MONTHS,,,,,,,,EJRF
MLT,2024,POLICY_INTERVAL,POLICY_RECOMMENDATION_HCW,12_MONTHS,,,,,,,,EJRF
MLT,2024,POLICY_INTERVAL,POLICY_RECOMMENDATION_CA,12_MONTHS,,,,,,,,EJRF
MLT,2024,POLICY_INTERVAL,POLICY_RECOMMENDATION_CA_CHRONIC,12_MONTHS,,,,,,,,EJRF
MLT,2024,POLICY_INTERVAL,OTHER_GROUPS,12_MONTHS,,,,,,,,EJRF
MCO,2024,POLICY_INTERVAL,POLICY_RECOMMENDATION_ELDERLY,12_MONTHS,,,,,,,,EJRF
MCO,2024,POLICY_INTERVAL,POLICY_RECOMMENDATION_ELDERLY_CHRONIC,12_MONTHS,,,,,,,,EJRF
MCO,2024,POLICY_INTERVAL,POLICY_RECOMMENDATION_ADULTS,-4444,,,,,,,,EJRF
MCO,2024,POLICY_INTERVAL,POLICY_RECOMMENDATION_ADULTS_CHRONIC,12_MONTHS,,,,,,,,EJRF
MCO,2024,POLICY_INTERVAL,PW,12_MONTHS,,,,,,,,EJRF
MCO,2024,POLICY_INTERVAL,POLICY_RECOMMENDATION_HCW,-4444,,,,,,,,EJRF
MCO,2024,POLICY_INTERVAL,POLICY_RECOMMENDATION_CA,-4444,,,,,,,,EJRF
MCO,2024,POLICY_INTERVAL,POLICY_RECOMMENDATION_CA_CHRONIC,-4444,,,,,,,,EJRF
MCO,2024,POLICY_INTERVAL,OTHER_GROUPS,-4444,,,,,,,,EJRF
NIC,2024,POLICY_INTERVAL,POLICY_RECOMMENDATION_ELDERLY_CHRONIC,6_MONTHS,,,,,,,,EJRF
NIC,2024,POLICY_INTERVAL,POLICY_RECOMMENDATION_ELDERLY,6_MONTHS,,,,,,,,EJRF
NIC,2024,POLICY_INTERVAL,POLICY_RECOMMENDATION_ADULTS,6_MONTHS,,,,,,,,EJRF
NIC,2024,POLICY_INTERVAL,POLICY_RECOMMENDATION_ADULTS_CHRONIC,6_MONTHS,,,,,,,,EJRF
NIC,2024,POLICY_INTERVAL,PW,-4444,,,,,,,,EJRF
NIC,2024,POLICY_INTERVAL,POLICY_RECOMMENDATION_HCW,6_MONTHS,,,,,,,,EJRF
NIC,2024,POLICY_INTERVAL,POLICY_RECOMMENDATION_CA,-4444,,,,,,,,EJRF
NIC,2024,POLICY_INTERVAL,POLICY_RECOMMENDATION_CA_CHRONIC,-4444,,,,,,,,EJRF
NIC,2024,POLICY_INTERVAL,OTHER_GROUPS,6_MONTHS,,,,,,,,EJRF
MLT,2024,POLICY_VACCINATION_COM,POLICY_RECOMMENDATION_ELDERLY,,,,,,,,,EJRF
MLT,2024,POLICY_VACCINATION_COM,POLICY_RECOMMENDATION_ELDERLY_CHRONIC,,,,,,,,,EJRF
MLT,2024,POLICY_VACCINATION_COM,POLICY_RECOMMENDATION_ADULTS,-2222,,,,,,,,EJRF
MLT,2024,POLICY_VACCINATION_COM,POLICY_RECOMMENDATION_ADULTS_CHRONIC,-2222,,,,,,,,EJRF
MLT,2024,POLICY_VACCINATION_COM,PW,-2222,,,,,,,,EJRF
MLT,2024,POLICY_VACCINATION_COM,POLICY_RECOMMENDATION_HCW,-2222,,,,,,,,EJRF
MLT,2024,POLICY_VACCINATION_COM,POLICY_RECOMMENDATION_CA,-2222,,,,,,,,EJRF
MLT,2024,POLICY_VACCINATION_COM,POLICY_RECOMMENDATION_CA_CHRONIC,-2222,,,,,,,,EJRF
MLT,2024,POLICY_VACCINATION_COM,OTHER_GROUPS,-2222,,,,,,,,EJRF
MCO,2024,POLICY_VACCINATION_COM,POLICY_RECOMMENDATION_ELDERLY,-4444,,,,,,,,EJRF
MCO,2024,POLICY_VACCINATION_COM,POLICY_RECOMMENDATION_ELDERLY_CHRONIC,-4444,,,,,,,,EJRF
MCO,2024,POLICY_VACCINATION_COM,POLICY_RECOMMENDATION_ADULTS,-4444,,,,,,,,EJRF
MCO,2024,POLICY_VACCINATION_COM,POLICY_RECOMMENDATION_ADULTS_CHRONIC,-4444,,,,,,,,EJRF
MCO,2024,POLICY_VACCINATION_COM,PW,-4444,,,,,,,,EJRF
MCO,2024,POLICY_VACCINATION_COM,POLICY_RECOMMENDATION_HCW,-4444,,,,,,,,EJRF
MCO,2024,POLICY_VACCINATION_COM,POLICY_RECOMMENDATION_CA,-4444,,,,,,,,EJRF
MCO,2024,POLICY_VACCINATION_COM,POLICY_RECOMMENDATION_CA_CHRONIC,-4444,,,,,,,,EJRF
MCO,2024,POLICY_VACCINATION_COM,OTHER_GROUPS,-4444,,,,,,,,EJRF
NIC,2024,POLICY_VACCINATION_COM,POLICY_RECOMMENDATION_ELDERLY_CHRONIC,-4444,,,,,,,,EJRF
NIC,2024,POLICY_VACCINATION_COM,POLICY_RECOMMENDATION_ELDERLY,-4444,,,,,,,,EJRF
NIC,2024,POLICY_VACCINATION_COM,POLICY_RECOMMENDATION_ADULTS,-4444,,,,,,,,EJRF
NIC,2024,POLICY_VACCINATION_COM,POLICY_RECOMMENDATION_ADULTS_CHRONIC,-4444,,,,,,,,EJRF
NIC,2024,POLICY_VACCINATION_COM,PW,-4444,,,,,,,,EJRF
NIC,2024,POLICY_VACCINATION_COM,POLICY_RECOMMENDATION_HCW,-4444,,,,,,,,EJRF
NIC,2024,POLICY_VACCINATION_COM,POLICY_RECOMMENDATION_CA,-4444,,,,,,,,EJRF
NIC,2024,POLICY_VACCINATION_COM,POLICY_RECOMMENDATION_CA_CHRONIC,-4444,,,,,,,,EJRF
NIC,2024,POLICY_VACCINATION_COM,OTHER_GROUPS,-4444,,,,,,,,EJRF
PLW,2024,POLICY_VACCINATION,POLICY_RECOMMENDATION_ELDERLY,-4444,,,,,,,,EJRF
PLW,2024,POLICY_VACCINATION,POLICY_RECOMMENDATION_ELDERLY_CHRONIC,-4444,,,,,,,,EJRF
PLW,2024,POLICY_VACCINATION,POLICY_RECOMMENDATION_ADULTS,-4444,,,,,,,,EJRF
PLW,2024,POLICY_VACCINATION,POLICY_RECOMMENDATION_ADULTS_CHRONIC,-4444,,,,,,,,EJRF
PLW,2024,POLICY_VACCINATION,PW,-4444,,,,,,,,EJRF
PLW,2024,POLICY_VACCINATION,POLICY_RECOMMENDATION_HCW,-4444,,,,,,,,EJRF
PLW,2024,POLICY_VACCINATION,POLICY_RECOMMENDATION_CA,YES,,,,,,,,EJRF
PLW,2024,POLICY_VACCINATION,POLICY_RECOMMENDATION_CA_CHRONIC,-4444,,,,,,,,EJRF
PLW,2024,POLICY_VACCINATION,OTHER_GROUPS,-4444,,,,,,,,EJRF
PLW,2024,POLICY_REVACCINATION,POLICY_RECOMMENDATION_ELDERLY,-4444,,,,,,,,EJRF
PLW,2024,POLICY_REVACCINATION,POLICY_RECOMMENDATION_ELDERLY_CHRONIC,-4444,,,,,,,,EJRF
PLW,2024,POLICY_REVACCINATION,POLICY_RECOMMENDATION_ADULTS,-4444,,,,,,,,EJRF
PLW,2024,POLICY_REVACCINATION,POLICY_RECOMMENDATION_ADULTS_CHRONIC,-4444,,,,,,,,EJRF
PLW,2024,POLICY_REVACCINATION,PW,-4444,,,,,,,,EJRF
PLW,2024,POLICY_REVACCINATION,POLICY_RECOMMENDATION_HCW,-4444,,,,,,,,EJRF
PLW,2024,POLICY_REVACCINATION,POLICY_RECOMMENDATION_CA,NO,,,,,,,,EJRF
PLW,2024,POLICY_REVACCINATION,POLICY_RECOMMENDATION_CA_CHRONIC,-4444,,,,,,,,EJRF
PLW,2024,POLICY_REVACCINATION,OTHER_GROUPS,-4444,,,,,,,,EJRF
PLW,2024,POLICY_INTERVAL,POLICY_RECOMMENDATION_ELDERLY,-4444,,,,,,,,EJRF
PLW,2024,POLICY_INTERVAL,POLICY_RECOMMENDATION_ELDERLY_CHRONIC,-4444,,,,,,,,EJRF
PLW,2024,POLICY_INTERVAL,POLICY_RECOMMENDATION_ADULTS,-4444,,,,,,,,EJRF
PLW,2024,POLICY_INTERVAL,POLICY_RECOMMENDATION_ADULTS_CHRONIC,-4444,,,,,,,,EJRF
PLW,2024,POLICY_INTERVAL,PW,-4444,,,,,,,,EJRF
PLW,2024,POLICY_INTERVAL,POLICY_RECOMMENDATION_HCW,-4444,,,,,,,,EJRF
PLW,2024,POLICY_INTERVAL,POLICY_RECOMMENDATION_CA,-4444,,,,,,,,EJRF
PLW,2024,POLICY_INTERVAL,POLICY_RECOMMENDATION_CA_CHRONIC,-4444,,,,,,,,EJRF
PLW,2024,POLICY_INTERVAL,OTHER_GROUPS,-4444,,,,,,,,EJRF
PLW,2024,POLICY_VACCINATION_COM,POLICY_RECOMMENDATION_ELDERLY,-4444,,,,,,,,EJRF
PLW,2024,POLICY_VACCINATION_COM,POLICY_RECOMMENDATION_ELDERLY_CHRONIC,-4444,,,,,,,,EJRF
PLW,2024,POLICY_VACCINATION_COM,POLICY_RECOMMENDATION_ADULTS,-4444,,,,,,,,EJRF
PLW,2024,POLICY_VACCINATION_COM,POLICY_RECOMMENDATION_ADULTS_CHRONIC,-4444,,,,,,,,EJRF
PLW,2024,POLICY_VACCINATION_COM,PW,-4444,,,,,,,,EJRF
PLW,2024,POLICY_VACCINATION_COM,POLICY_RECOMMENDATION_HCW,-4444,,,,,,,,EJRF
PLW,2024,POLICY_VACCINATION_COM,POLICY_RECOMMENDATION_CA,-4444,,,,,,,,EJRF
PLW,2024,POLICY_VACCINATION_COM,POLICY_RECOMMENDATION_CA_CHRONIC,-4444,,,,,,,,EJRF
PLW,2024,POLICY_VACCINATION_COM,OTHER_GROUPS,-4444,,,,,,,,EJRF
SMR,2024,POLICY_VACCINATION,POLICY_RECOMMENDATION_ELDERLY_CHRONIC,YES,,,,,,,,EJRF
SMR,2024,POLICY_VACCINATION,POLICY_RECOMMENDATION_ADULTS,NO,,,,,,,,EJRF
SMR,2024,POLICY_VACCINATION,POLICY_RECOMMENDATION_ADULTS_CHRONIC,NO,,,,,,,,EJRF
SMR,2024,POLICY_VACCINATION,PW,NO,,,,,,,,EJRF
SMR,2024,POLICY_VACCINATION,POLICY_RECOMMENDATION_HCW,NO,,,,,,,,EJRF
SMR,2024,POLICY_VACCINATION,POLICY_RECOMMENDATION_CA,NO,,,,,,,,EJRF
SMR,2024,POLICY_VACCINATION,POLICY_RECOMMENDATION_CA_CHRONIC,NO,,,,,,,,EJRF
SMR,2024,POLICY_VACCINATION,OTHER_GROUPS,NO,,,,,,,,EJRF
SMR,2024,POLICY_VACCINATION,POLICY_RECOMMENDATION_ELDERLY,NO,,,,,,,,EJRF
SMR,2024,POLICY_REVACCINATION,POLICY_RECOMMENDATION_ELDERLY_CHRONIC,YES,,,,,,,,EJRF
SMR,2024,POLICY_REVACCINATION,POLICY_RECOMMENDATION_ADULTS,,,,,,,,,EJRF
SMR,2024,POLICY_REVACCINATION,POLICY_RECOMMENDATION_ADULTS_CHRONIC,NO,,,,,,,,EJRF
SMR,2024,POLICY_REVACCINATION,PW,,,,,,,,,EJRF
SMR,2024,POLICY_REVACCINATION,POLICY_RECOMMENDATION_HCW,,,,,,,,,EJRF
SMR,2024,POLICY_REVACCINATION,POLICY_RECOMMENDATION_CA,,,,,,,,,EJRF
SMR,2024,POLICY_REVACCINATION,POLICY_RECOMMENDATION_CA_CHRONIC,,,,,,,,,EJRF
SMR,2024,POLICY_REVACCINATION,OTHER_GROUPS,,,,,,,,,EJRF
SMR,2024,POLICY_REVACCINATION,POLICY_RECOMMENDATION_ELDERLY,,,,,,,,,EJRF
SMR,2024,POLICY_INTERVAL,POLICY_RECOMMENDATION_ELDERLY_CHRONIC,12_MONTHS,,,,,,,,EJRF
SMR,2024,POLICY_INTERVAL,POLICY_RECOMMENDATION_ADULTS,,,,,,,,,EJRF
SMR,2024,POLICY_INTERVAL,POLICY_RECOMMENDATION_ADULTS_CHRONIC,,,,,,,,,EJRF
SMR,2024,POLICY_INTERVAL,PW,,,,,,,,,EJRF
SMR,2024,POLICY_INTERVAL,POLICY_RECOMMENDATION_HCW,,,,,,,,,EJRF
SMR,2024,POLICY_INTERVAL,POLICY_RECOMMENDATION_CA,,,,,,,,,EJRF
SMR,2024,POLICY_INTERVAL,POLICY_RECOMMENDATION_CA_CHRONIC,,,,,,,,,EJRF
SMR,2024,POLICY_INTERVAL,OTHER_GROUPS,,,,,,,,,EJRF
SMR,2024,POLICY_INTERVAL,POLICY_RECOMMENDATION_ELDERLY,,,,,,,,,EJRF
SMR,2024,POLICY_VACCINATION_COM,POLICY_RECOMMENDATION_ELDERLY_CHRONIC,-4444,,,,,,,,EJRF
SMR,2024,POLICY_VACCINATION_COM,POLICY_RECOMMENDATION_ADULTS,,,,,,,,,EJRF
SMR,2024,POLICY_VACCINATION_COM,POLICY_RECOMMENDATION_ADULTS_CHRONIC,,,,,,,,,EJRF
SMR,2024,POLICY_VACCINATION_COM,PW,,,,,,,,,EJRF
SMR,2024,POLICY_VACCINATION_COM,POLICY_RECOMMENDATION_HCW,,,,,,,,,EJRF
SMR,2024,POLICY_VACCINATION_COM,POLICY_RECOMMENDATION_CA,,,,,,,,,EJRF
SMR,2024,POLICY_VACCINATION_COM,POLICY_RECOMMENDATION_CA_CHRONIC,,,,,,,,,EJRF
SMR,2024,POLICY_VACCINATION_COM,OTHER_GROUPS,,,,,,,,,EJRF
SMR,2024,POLICY_VACCINATION_COM,POLICY_RECOMMENDATION_ELDERLY,,,,,,,,,EJRF
UKR,2024,POLICY_VACCINATION,POLICY_RECOMMENDATION_ELDERLY_CHRONIC,YES,,,,,,,,EJRF
UKR,2024,POLICY_VACCINATION,POLICY_RECOMMENDATION_ADULTS,YES,,,,,,,,EJRF
UKR,2024,POLICY_VACCINATION,POLICY_RECOMMENDATION_ELDERLY,YES,,,,,,,,EJRF
UKR,2024,POLICY_VACCINATION,POLICY_RECOMMENDATION_ADULTS_CHRONIC,YES,,,,,,,,EJRF
UKR,2024,POLICY_VACCINATION,PW,YES,,,,,,,,EJRF
UKR,2024,POLICY_VACCINATION,POLICY_RECOMMENDATION_HCW,YES,,,,,,,,EJRF
UKR,2024,POLICY_VACCINATION,POLICY_RECOMMENDATION_CA,NO,,,,,,,,EJRF
UKR,2024,POLICY_VACCINATION,POLICY_RECOMMENDATION_CA_CHRONIC,YES,,,,,,,,EJRF
UKR,2024,POLICY_VACCINATION,OTHER_GROUPS,-2222,,,,,,,,EJRF
UKR,2024,POLICY_REVACCINATION,POLICY_RECOMMENDATION_ELDERLY_CHRONIC,YES,,,,,,,,EJRF
UKR,2024,POLICY_REVACCINATION,POLICY_RECOMMENDATION_ADULTS,YES,,,,,,,,EJRF
UKR,2024,POLICY_REVACCINATION,POLICY_RECOMMENDATION_ELDERLY,YES,,,,,,,,EJRF
UKR,2024,POLICY_REVACCINATION,POLICY_RECOMMENDATION_ADULTS_CHRONIC,YES,,,,,,,,EJRF
UKR,2024,POLICY_REVACCINATION,PW,YES,,,,,,,,EJRF
UKR,2024,POLICY_REVACCINATION,POLICY_RECOMMENDATION_HCW,YES,,,,,,,,EJRF
UKR,2024,POLICY_REVACCINATION,POLICY_RECOMMENDATION_CA,NO,,,,,,,,EJRF
UKR,2024,POLICY_REVACCINATION,POLICY_RECOMMENDATION_CA_CHRONIC,YES,,,,,,,,EJRF
UKR,2024,POLICY_REVACCINATION,OTHER_GROUPS,-2222,,,,,,,,EJRF
UKR,2024,POLICY_INTERVAL,POLICY_RECOMMENDATION_ELDERLY_CHRONIC,6_MONTHS,,,,,,,,EJRF
UKR,2024,POLICY_INTERVAL,POLICY_RECOMMENDATION_ADULTS,12_MONTHS,,,,,,,,EJRF
UKR,2024,POLICY_INTERVAL,POLICY_RECOMMENDATION_ELDERLY,12_MONTHS,,,,,,,,EJRF
UKR,2024,POLICY_INTERVAL,POLICY_RECOMMENDATION_ADULTS_CHRONIC,6_MONTHS,,,,,,,,EJRF
UKR,2024,POLICY_INTERVAL,PW,OTHER,,,,,,,,EJRF
UKR,2024,POLICY_INTERVAL,POLICY_RECOMMENDATION_HCW,12_MONTHS,,,,,,,,EJRF
UKR,2024,POLICY_INTERVAL,POLICY_RECOMMENDATION_CA,OTHER,,,,,,,,EJRF
UKR,2024,POLICY_INTERVAL,POLICY_RECOMMENDATION_CA_CHRONIC,6_MONTHS,,,,,,,,EJRF
UKR,2024,POLICY_INTERVAL,OTHER_GROUPS,-2222,,,,,,,,EJRF
UKR,2024,POLICY_VACCINATION_COM,POLICY_RECOMMENDATION_ELDERLY_CHRONIC,,,,,,,,,EJRF
UKR,2024,POLICY_VACCINATION_COM,POLICY_RECOMMENDATION_ADULTS,-2222,,,,,,,,EJRF
UKR,2024,POLICY_VACCINATION_COM,POLICY_RECOMMENDATION_ELDERLY,-2222,,,,,,,,EJRF
UKR,2024,POLICY_VACCINATION_COM,POLICY_RECOMMENDATION_ADULTS_CHRONIC,,,,,,,,,EJRF
UKR,2024,POLICY_VACCINATION_COM,PW,-2222,,,,,,,,EJRF
UKR,2024,POLICY_VACCINATION_COM,POLICY_RECOMMENDATION_HCW,-2222,,,,,,,,EJRF
UKR,2024,POLICY_VACCINATION_COM,POLICY_RECOMMENDATION_CA,-2222,,,,,,,,EJRF
UKR,2024,POLICY_VACCINATION_COM,POLICY_RECOMMENDATION_CA_CHRONIC,,,,,,,,,EJRF
UKR,2024,POLICY_VACCINATION_COM,OTHER_GROUPS,-2222,,,,,,,,EJRF
CYM,2024,POLICY_VACCINATION,POLICY_RECOMMENDATION_CA_CHRONIC,YES,,,,,,,,EJRF
CYM,2024,POLICY_VACCINATION,OTHER_GROUPS,-4444,,,,,,,,EJRF
CYM,2024,POLICY_VACCINATION,POLICY_RECOMMENDATION_ADULTS,YES,,,,,,,,EJRF
CYM,2024,POLICY_VACCINATION,POLICY_RECOMMENDATION_ELDERLY_CHRONIC,YES,,,,,,,,EJRF
CYM,2024,POLICY_VACCINATION,POLICY_RECOMMENDATION_ELDERLY,YES,,,,,,,,EJRF
CYM,2024,POLICY_VACCINATION,POLICY_RECOMMENDATION_ADULTS_CHRONIC,YES,,,,,,,,EJRF
CYM,2024,POLICY_VACCINATION,PW,YES,,,,,,,,EJRF
CYM,2024,POLICY_VACCINATION,POLICY_RECOMMENDATION_HCW,YES,,,,,,,,EJRF
CYM,2024,POLICY_VACCINATION,POLICY_RECOMMENDATION_CA,NO,,,,,,,,EJRF
CYM,2024,POLICY_REVACCINATION,POLICY_RECOMMENDATION_CA_CHRONIC,NO,,,,,,,,EJRF
CYM,2024,POLICY_REVACCINATION,OTHER_GROUPS,-4444,,,,,,,,EJRF
CYM,2024,POLICY_REVACCINATION,POLICY_RECOMMENDATION_ADULTS,NO,,,,,,,,EJRF
CYM,2024,POLICY_REVACCINATION,POLICY_RECOMMENDATION_ELDERLY_CHRONIC,YES,,,,,,,,EJRF
CYM,2024,POLICY_REVACCINATION,POLICY_RECOMMENDATION_ELDERLY,NO,,,,,,,,EJRF
CYM,2024,POLICY_REVACCINATION,POLICY_RECOMMENDATION_ADULTS_CHRONIC,YES,,,,,,,,EJRF
CYM,2024,POLICY_REVACCINATION,PW,NO,,,,,,,,EJRF
CYM,2024,POLICY_REVACCINATION,POLICY_RECOMMENDATION_HCW,YES,,,,,,,,EJRF
CYM,2024,POLICY_REVACCINATION,POLICY_RECOMMENDATION_CA,NO,,,,,,,,EJRF
CYM,2024,POLICY_INTERVAL,POLICY_RECOMMENDATION_CA_CHRONIC,-4444,,,,,,,,EJRF
CYM,2024,POLICY_INTERVAL,OTHER_GROUPS,-4444,,,,,,,,EJRF
CYM,2024,POLICY_INTERVAL,POLICY_RECOMMENDATION_ADULTS,-4444,,,,,,,,EJRF
CYM,2024,POLICY_INTERVAL,POLICY_RECOMMENDATION_ELDERLY_CHRONIC,6_MONTHS,,,,,,,,EJRF
CYM,2024,POLICY_INTERVAL,POLICY_RECOMMENDATION_ELDERLY,-4444,,,,,,,,EJRF
CYM,2024,POLICY_INTERVAL,POLICY_RECOMMENDATION_ADULTS_CHRONIC,6_MONTHS,,,,,,,,EJRF
CYM,2024,POLICY_INTERVAL,PW,-4444,,,,,,,,EJRF
CYM,2024,POLICY_INTERVAL,POLICY_RECOMMENDATION_HCW,6_MONTHS,,,,,,,,EJRF
CYM,2024,POLICY_INTERVAL,POLICY_RECOMMENDATION_CA,-4444,,,,,,,,EJRF
CYM,2024,POLICY_VACCINATION_COM,POLICY_RECOMMENDATION_CA_CHRONIC,When indicated,,,,,,,,EJRF
CYM,2024,POLICY_VACCINATION_COM,OTHER_GROUPS,Immigration requirement,,,,,,,,EJRF
CYM,2024,POLICY_VACCINATION_COM,POLICY_RECOMMENDATION_ADULTS,-4444,,,,,,,,EJRF
CYM,2024,POLICY_VACCINATION_COM,POLICY_RECOMMENDATION_ELDERLY_CHRONIC,When indicated,,,,,,,,EJRF
CYM,2024,POLICY_VACCINATION_COM,POLICY_RECOMMENDATION_ELDERLY,-4444,,,,,,,,EJRF
CYM,2024,POLICY_VACCINATION_COM,POLICY_RECOMMENDATION_ADULTS_CHRONIC,When indicated,,,,,,,,EJRF
CYM,2024,POLICY_VACCINATION_COM,PW,-4444,,,,,,,,EJRF
CYM,2024,POLICY_VACCINATION_COM,POLICY_RECOMMENDATION_HCW,When indicated,,,,,,,,EJRF
CYM,2024,POLICY_VACCINATION_COM,POLICY_RECOMMENDATION_CA,-4444,,,,,,,,EJRF
BDI,2024,POLICY_VACCINATION,POLICY_RECOMMENDATION_CA_CHRONIC,NO,,,,,,,,EJRF
BDI,2024,POLICY_VACCINATION,OTHER_GROUPS,-4444,,,,,,,,EJRF
BDI,2024,POLICY_VACCINATION,POLICY_RECOMMENDATION_ELDERLY,NO,,,,,,,,EJRF
BDI,2024,POLICY_VACCINATION,POLICY_RECOMMENDATION_ELDERLY_CHRONIC,NO,,,,,,,,EJRF
BDI,2024,POLICY_VACCINATION,POLICY_RECOMMENDATION_ADULTS,NO,,,,,,,,EJRF
BDI,2024,POLICY_VACCINATION,POLICY_RECOMMENDATION_ADULTS_CHRONIC,NO,,,,,,,,EJRF
BDI,2024,POLICY_VACCINATION,PW,NO,,,,,,,,EJRF
BDI,2024,POLICY_VACCINATION,POLICY_RECOMMENDATION_HCW,NO,,,,,,,,EJRF
BDI,2024,POLICY_VACCINATION,POLICY_RECOMMENDATION_CA,NO,,,,,,,,EJRF
IRN,2024,POLICY_VACCINATION,POLICY_RECOMMENDATION_ELDERLY_CHRONIC,NO,,,,,,,,EJRF
IRN,2024,POLICY_VACCINATION,POLICY_RECOMMENDATION_ELDERLY,NO,,,,,,,,EJRF
IRN,2024,POLICY_VACCINATION,POLICY_RECOMMENDATION_ADULTS,NO,,,,,,,,EJRF
IRN,2024,POLICY_VACCINATION,POLICY_RECOMMENDATION_ADULTS_CHRONIC,NO,,,,,,,,EJRF
IRN,2024,POLICY_VACCINATION,PW,NO,,,,,,,,EJRF
IRN,2024,POLICY_VACCINATION,POLICY_RECOMMENDATION_HCW,NO,,,,,,,,EJRF
IRN,2024,POLICY_VACCINATION,POLICY_RECOMMENDATION_CA,NO,,,,,,,,EJRF
IRN,2024,POLICY_VACCINATION,POLICY_RECOMMENDATION_CA_CHRONIC,NO,,,,,,,,EJRF
IRN,2024,POLICY_VACCINATION,OTHER_GROUPS,NO,,,,,,,,EJRF
SDN,2024,POLICY_VACCINATION,POLICY_RECOMMENDATION_ELDERLY,YES,,,,,,,,EJRF
SDN,2024,POLICY_VACCINATION,OTHER_GROUPS,-4444,,,,,,,,EJRF
SDN,2024,POLICY_VACCINATION,POLICY_RECOMMENDATION_ELDERLY_CHRONIC,YES,,,,,,,,EJRF
SDN,2024,POLICY_VACCINATION,POLICY_RECOMMENDATION_ADULTS,YES,,,,,,,,EJRF
SDN,2024,POLICY_VACCINATION,POLICY_RECOMMENDATION_ADULTS_CHRONIC,YES,,,,,,,,EJRF
SDN,2024,POLICY_VACCINATION,PW,YES,,,,,,,,EJRF
SDN,2024,POLICY_VACCINATION,POLICY_RECOMMENDATION_HCW,YES,,,,,,,,EJRF
SDN,2024,POLICY_VACCINATION,POLICY_RECOMMENDATION_CA,NO,,,,,,,,EJRF
SDN,2024,POLICY_VACCINATION,POLICY_RECOMMENDATION_CA_CHRONIC,-4444,,,,,,,,EJRF
BDI,2024,POLICY_REVACCINATION,POLICY_RECOMMENDATION_CA_CHRONIC,NO,,,,,,,,EJRF
BDI,2024,POLICY_REVACCINATION,OTHER_GROUPS,-4444,,,,,,,,EJRF
BDI,2024,POLICY_REVACCINATION,POLICY_RECOMMENDATION_ELDERLY,NO,,,,,,,,EJRF
BDI,2024,POLICY_REVACCINATION,POLICY_RECOMMENDATION_ELDERLY_CHRONIC,NO,,,,,,,,EJRF
BDI,2024,POLICY_REVACCINATION,POLICY_RECOMMENDATION_ADULTS,NO,,,,,,,,EJRF
BDI,2024,POLICY_REVACCINATION,POLICY_RECOMMENDATION_ADULTS_CHRONIC,NO,,,,,,,,EJRF
BDI,2024,POLICY_REVACCINATION,PW,NO,,,,,,,,EJRF
BDI,2024,POLICY_REVACCINATION,POLICY_RECOMMENDATION_HCW,NO,,,,,,,,EJRF
BDI,2024,POLICY_REVACCINATION,POLICY_RECOMMENDATION_CA,NO,,,,,,,,EJRF
IRN,2024,POLICY_REVACCINATION,POLICY_RECOMMENDATION_ELDERLY_CHRONIC,,,,,,,,,EJRF
IRN,2024,POLICY_REVACCINATION,POLICY_RECOMMENDATION_ELDERLY,,,,,,,,,EJRF
IRN,2024,POLICY_REVACCINATION,POLICY_RECOMMENDATION_ADULTS,,,,,,,,,EJRF
IRN,2024,POLICY_REVACCINATION,POLICY_RECOMMENDATION_ADULTS_CHRONIC,,,,,,,,,EJRF
IRN,2024,POLICY_REVACCINATION,PW,,,,,,,,,EJRF
IRN,2024,POLICY_REVACCINATION,POLICY_RECOMMENDATION_HCW,,,,,,,,,EJRF
IRN,2024,POLICY_REVACCINATION,POLICY_RECOMMENDATION_CA,,,,,,,,,EJRF
IRN,2024,POLICY_REVACCINATION,POLICY_RECOMMENDATION_CA_CHRONIC,,,,,,,,,EJRF
IRN,2024,POLICY_REVACCINATION,OTHER_GROUPS,,,,,,,,,EJRF
SDN,2024,POLICY_REVACCINATION,POLICY_RECOMMENDATION_ELDERLY,NO,,,,,,,,EJRF
SDN,2024,POLICY_REVACCINATION,OTHER_GROUPS,-4444,,,,,,,,EJRF
SDN,2024,POLICY_REVACCINATION,POLICY_RECOMMENDATION_ELDERLY_CHRONIC,NO,,,,,,,,EJRF
SDN,2024,POLICY_REVACCINATION,POLICY_RECOMMENDATION_ADULTS,NO,,,,,,,,EJRF
SDN,2024,POLICY_REVACCINATION,POLICY_RECOMMENDATION_ADULTS_CHRONIC,NO,,,,,,,,EJRF
SDN,2024,POLICY_REVACCINATION,PW,NO,,,,,,,,EJRF
SDN,2024,POLICY_REVACCINATION,POLICY_RECOMMENDATION_HCW,NO,,,,,,,,EJRF
SDN,2024,POLICY_REVACCINATION,POLICY_RECOMMENDATION_CA,NO,,,,,,,,EJRF
SDN,2024,POLICY_REVACCINATION,POLICY_RECOMMENDATION_CA_CHRONIC,NO,,,,,,,,EJRF
BDI,2024,POLICY_INTERVAL,POLICY_RECOMMENDATION_CA_CHRONIC,-4444,,,,,,,,EJRF
BDI,2024,POLICY_INTERVAL,OTHER_GROUPS,-4444,,,,,,,,EJRF
BDI,2024,POLICY_INTERVAL,POLICY_RECOMMENDATION_ELDERLY,-4444,,,,,,,,EJRF
BDI,2024,POLICY_INTERVAL,POLICY_RECOMMENDATION_ELDERLY_CHRONIC,-4444,,,,,,,,EJRF
BDI,2024,POLICY_INTERVAL,POLICY_RECOMMENDATION_ADULTS,-4444,,,,,,,,EJRF
BDI,2024,POLICY_INTERVAL,POLICY_RECOMMENDATION_ADULTS_CHRONIC,-4444,,,,,,,,EJRF
BDI,2024,POLICY_INTERVAL,PW,-4444,,,,,,,,EJRF
BDI,2024,POLICY_INTERVAL,POLICY_RECOMMENDATION_HCW,-4444,,,,,,,,EJRF
BDI,2024,POLICY_INTERVAL,POLICY_RECOMMENDATION_CA,-4444,,,,,,,,EJRF
IRN,2024,POLICY_INTERVAL,POLICY_RECOMMENDATION_ELDERLY_CHRONIC,,,,,,,,,EJRF
IRN,2024,POLICY_INTERVAL,POLICY_RECOMMENDATION_ELDERLY,,,,,,,,,EJRF
IRN,2024,POLICY_INTERVAL,POLICY_RECOMMENDATION_ADULTS,,,,,,,,,EJRF
IRN,2024,POLICY_INTERVAL,POLICY_RECOMMENDATION_ADULTS_CHRONIC,,,,,,,,,EJRF
IRN,2024,POLICY_INTERVAL,PW,,,,,,,,,EJRF
IRN,2024,POLICY_INTERVAL,POLICY_RECOMMENDATION_HCW,,,,,,,,,EJRF
IRN,2024,POLICY_INTERVAL,POLICY_RECOMMENDATION_CA,,,,,,,,,EJRF
IRN,2024,POLICY_INTERVAL,POLICY_RECOMMENDATION_CA_CHRONIC,,,,,,,,,EJRF
IRN,2024,POLICY_INTERVAL,OTHER_GROUPS,,,,,,,,,EJRF
SDN,2024,POLICY_INTERVAL,POLICY_RECOMMENDATION_ELDERLY,-4444,,,,,,,,EJRF
SDN,2024,POLICY_INTERVAL,OTHER_GROUPS,-4444,,,,,,,,EJRF
SDN,2024,POLICY_INTERVAL,POLICY_RECOMMENDATION_ELDERLY_CHRONIC,-4444,,,,,,,,EJRF
SDN,2024,POLICY_INTERVAL,POLICY_RECOMMENDATION_ADULTS,-4444,,,,,,,,EJRF
SDN,2024,POLICY_INTERVAL,POLICY_RECOMMENDATION_ADULTS_CHRONIC,-4444,,,,,,,,EJRF
SDN,2024,POLICY_INTERVAL,PW,-4444,,,,,,,,EJRF
SDN,2024,POLICY_INTERVAL,POLICY_RECOMMENDATION_HCW,-4444,,,,,,,,EJRF
SDN,2024,POLICY_INTERVAL,POLICY_RECOMMENDATION_CA,-4444,,,,,,,,EJRF
SDN,2024,POLICY_INTERVAL,POLICY_RECOMMENDATION_CA_CHRONIC,-4444,,,,,,,,EJRF
BDI,2024,POLICY_VACCINATION_COM,POLICY_RECOMMENDATION_CA_CHRONIC,-4444,,,,,,,,EJRF
BDI,2024,POLICY_VACCINATION_COM,OTHER_GROUPS,-4444,,,,,,,,EJRF
BDI,2024,POLICY_VACCINATION_COM,POLICY_RECOMMENDATION_ELDERLY,-4444,,,,,,,,EJRF
BDI,2024,POLICY_VACCINATION_COM,POLICY_RECOMMENDATION_ELDERLY_CHRONIC,-4444,,,,,,,,EJRF
BDI,2024,POLICY_VACCINATION_COM,POLICY_RECOMMENDATION_ADULTS,-4444,,,,,,,,EJRF
BDI,2024,POLICY_VACCINATION_COM,POLICY_RECOMMENDATION_ADULTS_CHRONIC,-4444,,,,,,,,EJRF
BDI,2024,POLICY_VACCINATION_COM,PW,-4444,,,,,,,,EJRF
BDI,2024,POLICY_VACCINATION_COM,POLICY_RECOMMENDATION_HCW,-4444,,,,,,,,EJRF
BDI,2024,POLICY_VACCINATION_COM,POLICY_RECOMMENDATION_CA,-4444,,,,,,,,EJRF
IRN,2024,POLICY_VACCINATION_COM,POLICY_RECOMMENDATION_ELDERLY_CHRONIC,,,,,,,,,EJRF
IRN,2024,POLICY_VACCINATION_COM,POLICY_RECOMMENDATION_ELDERLY,,,,,,,,,EJRF
IRN,2024,POLICY_VACCINATION_COM,POLICY_RECOMMENDATION_ADULTS,,,,,,,,,EJRF
IRN,2024,POLICY_VACCINATION_COM,POLICY_RECOMMENDATION_ADULTS_CHRONIC,,,,,,,,,EJRF
IRN,2024,POLICY_VACCINATION_COM,PW,,,,,,,,,EJRF
IRN,2024,POLICY_VACCINATION_COM,POLICY_RECOMMENDATION_HCW,,,,,,,,,EJRF
IRN,2024,POLICY_VACCINATION_COM,POLICY_RECOMMENDATION_CA,,,,,,,,,EJRF
IRN,2024,POLICY_VACCINATION_COM,POLICY_RECOMMENDATION_CA_CHRONIC,,,,,,,,,EJRF
IRN,2024,POLICY_VACCINATION_COM,OTHER_GROUPS,,,,,,,,,EJRF
SDN,2024,POLICY_VACCINATION_COM,POLICY_RECOMMENDATION_ELDERLY,-4444,,,,,,,,EJRF
SDN,2024,POLICY_VACCINATION_COM,OTHER_GROUPS,-4444,,,,,,,,EJRF
SDN,2024,POLICY_VACCINATION_COM,POLICY_RECOMMENDATION_ELDERLY_CHRONIC,-4444,,,,,,,,EJRF
SDN,2024,POLICY_VACCINATION_COM,POLICY_RECOMMENDATION_ADULTS,-4444,,,,,,,,EJRF
SDN,2024,POLICY_VACCINATION_COM,POLICY_RECOMMENDATION_ADULTS_CHRONIC,-4444,,,,,,,,EJRF
SDN,2024,POLICY_VACCINATION_COM,PW,-4444,,,,,,,,EJRF
SDN,2024,POLICY_VACCINATION_COM,POLICY_RECOMMENDATION_HCW,-4444,,,,,,,,EJRF
SDN,2024,POLICY_VACCINATION_COM,POLICY_RECOMMENDATION_CA,-4444,,,,,,,,EJRF
SDN,2024,POLICY_VACCINATION_COM,POLICY_RECOMMENDATION_CA_CHRONIC,-4444,,,,,,,,EJRF
AZE,2024,POLICY_VACCINATION,POLICY_RECOMMENDATION_ELDERLY,-2222,,,,,,,,EJRF
AZE,2024,POLICY_VACCINATION,POLICY_RECOMMENDATION_ELDERLY_CHRONIC,-2222,,,,,,,,EJRF
AZE,2024,POLICY_VACCINATION,POLICY_RECOMMENDATION_ADULTS,-2222,,,,,,,,EJRF
AZE,2024,POLICY_VACCINATION,POLICY_RECOMMENDATION_ADULTS_CHRONIC,-2222,,,,,,,,EJRF
AZE,2024,POLICY_VACCINATION,PW,-2222,,,,,,,,EJRF
AZE,2024,POLICY_VACCINATION,POLICY_RECOMMENDATION_HCW,-2222,,,,,,,,EJRF
AZE,2024,POLICY_VACCINATION,POLICY_RECOMMENDATION_CA,-2222,,,,,,,,EJRF
AZE,2024,POLICY_VACCINATION,POLICY_RECOMMENDATION_CA_CHRONIC,-2222,,,,,,,,EJRF
AZE,2024,POLICY_VACCINATION,OTHER_GROUPS,-2222,,,,,,,,EJRF
SYR,2024,POLICY_VACCINATION,POLICY_RECOMMENDATION_ELDERLY,YES,,,,,,,,EJRF
SYR,2024,POLICY_VACCINATION,POLICY_RECOMMENDATION_ELDERLY_CHRONIC,YES,,,,,,,,EJRF
SYR,2024,POLICY_VACCINATION,POLICY_RECOMMENDATION_ADULTS,YES,,,,,,,,EJRF
SYR,2024,POLICY_VACCINATION,POLICY_RECOMMENDATION_ADULTS_CHRONIC,YES,,,,,,,,EJRF
SYR,2024,POLICY_VACCINATION,PW,YES,,,,,,,,EJRF
SYR,2024,POLICY_VACCINATION,POLICY_RECOMMENDATION_HCW,YES,,,,,,,,EJRF
SYR,2024,POLICY_VACCINATION,POLICY_RECOMMENDATION_CA,NO,,,,,,,,EJRF
SYR,2024,POLICY_VACCINATION,POLICY_RECOMMENDATION_CA_CHRONIC,NO,,,,,,,,EJRF
SYR,2024,POLICY_VACCINATION,OTHER_GROUPS,-4444,,,,,,,,EJRF
AZE,2024,POLICY_REVACCINATION,POLICY_RECOMMENDATION_ELDERLY,-2222,,,,,,,,EJRF
AZE,2024,POLICY_REVACCINATION,POLICY_RECOMMENDATION_ELDERLY_CHRONIC,-2222,,,,,,,,EJRF
AZE,2024,POLICY_REVACCINATION,POLICY_RECOMMENDATION_ADULTS,-2222,,,,,,,,EJRF
AZE,2024,POLICY_REVACCINATION,POLICY_RECOMMENDATION_ADULTS_CHRONIC,-2222,,,,,,,,EJRF
AZE,2024,POLICY_REVACCINATION,PW,-2222,,,,,,,,EJRF
AZE,2024,POLICY_REVACCINATION,POLICY_RECOMMENDATION_HCW,-2222,,,,,,,,EJRF
AZE,2024,POLICY_REVACCINATION,POLICY_RECOMMENDATION_CA,-2222,,,,,,,,EJRF
AZE,2024,POLICY_REVACCINATION,POLICY_RECOMMENDATION_CA_CHRONIC,-2222,,,,,,,,EJRF
AZE,2024,POLICY_REVACCINATION,OTHER_GROUPS,-2222,,,,,,,,EJRF
SYR,2024,POLICY_REVACCINATION,POLICY_RECOMMENDATION_ELDERLY,YES,,,,,,,,EJRF
SYR,2024,POLICY_REVACCINATION,POLICY_RECOMMENDATION_ELDERLY_CHRONIC,YES,,,,,,,,EJRF
SYR,2024,POLICY_REVACCINATION,POLICY_RECOMMENDATION_ADULTS,YES,,,,,,,,EJRF
SYR,2024,POLICY_REVACCINATION,POLICY_RECOMMENDATION_ADULTS_CHRONIC,YES,,,,,,,,EJRF
SYR,2024,POLICY_REVACCINATION,PW,YES,,,,,,,,EJRF
SYR,2024,POLICY_REVACCINATION,POLICY_RECOMMENDATION_HCW,YES,,,,,,,,EJRF
SYR,2024,POLICY_REVACCINATION,POLICY_RECOMMENDATION_CA,NO,,,,,,,,EJRF
SYR,2024,POLICY_REVACCINATION,POLICY_RECOMMENDATION_CA_CHRONIC,NO,,,,,,,,EJRF
SYR,2024,POLICY_REVACCINATION,OTHER_GROUPS,-4444,,,,,,,,EJRF
AZE,2024,POLICY_INTERVAL,POLICY_RECOMMENDATION_ELDERLY,-2222,,,,,,,,EJRF
AZE,2024,POLICY_INTERVAL,POLICY_RECOMMENDATION_ELDERLY_CHRONIC,-2222,,,,,,,,EJRF
AZE,2024,POLICY_INTERVAL,POLICY_RECOMMENDATION_ADULTS,-2222,,,,,,,,EJRF
AZE,2024,POLICY_INTERVAL,POLICY_RECOMMENDATION_ADULTS_CHRONIC,-2222,,,,,,,,EJRF
AZE,2024,POLICY_INTERVAL,PW,-2222,,,,,,,,EJRF
AZE,2024,POLICY_INTERVAL,POLICY_RECOMMENDATION_HCW,-2222,,,,,,,,EJRF
AZE,2024,POLICY_INTERVAL,POLICY_RECOMMENDATION_CA,-2222,,,,,,,,EJRF
AZE,2024,POLICY_INTERVAL,POLICY_RECOMMENDATION_CA_CHRONIC,-2222,,,,,,,,EJRF
AZE,2024,POLICY_INTERVAL,OTHER_GROUPS,-2222,,,,,,,,EJRF
SYR,2024,POLICY_INTERVAL,POLICY_RECOMMENDATION_ELDERLY,6_MONTHS,,,,,,,,EJRF
SYR,2024,POLICY_INTERVAL,POLICY_RECOMMENDATION_ELDERLY_CHRONIC,6_MONTHS,,,,,,,,EJRF
SYR,2024,POLICY_INTERVAL,POLICY_RECOMMENDATION_ADULTS,6_MONTHS,,,,,,,,EJRF
SYR,2024,POLICY_INTERVAL,POLICY_RECOMMENDATION_ADULTS_CHRONIC,6_MONTHS,,,,,,,,EJRF
SYR,2024,POLICY_INTERVAL,PW,6_MONTHS,,,,,,,,EJRF
SYR,2024,POLICY_INTERVAL,POLICY_RECOMMENDATION_HCW,6_MONTHS,,,,,,,,EJRF
SYR,2024,POLICY_INTERVAL,POLICY_RECOMMENDATION_CA,,,,,,,,,EJRF
SYR,2024,POLICY_INTERVAL,POLICY_RECOMMENDATION_CA_CHRONIC,,,,,,,,,EJRF
SYR,2024,POLICY_INTERVAL,OTHER_GROUPS,,,,,,,,,EJRF
AZE,2024,POLICY_VACCINATION_COM,POLICY_RECOMMENDATION_ELDERLY,-2222,,,,,,,,EJRF
AZE,2024,POLICY_VACCINATION_COM,POLICY_RECOMMENDATION_ELDERLY_CHRONIC,-2222,,,,,,,,EJRF
AZE,2024,POLICY_VACCINATION_COM,POLICY_RECOMMENDATION_ADULTS,-2222,,,,,,,,EJRF
AZE,2024,POLICY_VACCINATION_COM,POLICY_RECOMMENDATION_ADULTS_CHRONIC,-2222,,,,,,,,EJRF
AZE,2024,POLICY_VACCINATION_COM,PW,-2222,,,,,,,,EJRF
AZE,2024,POLICY_VACCINATION_COM,POLICY_RECOMMENDATION_HCW,-2222,,,,,,,,EJRF
AZE,2024,POLICY_VACCINATION_COM,POLICY_RECOMMENDATION_CA,-2222,,,,,,,,EJRF
AZE,2024,POLICY_VACCINATION_COM,POLICY_RECOMMENDATION_CA_CHRONIC,-2222,,,,,,,,EJRF
AZE,2024,POLICY_VACCINATION_COM,OTHER_GROUPS,-2222,,,,,,,,EJRF
SYR,2024,POLICY_VACCINATION_COM,POLICY_RECOMMENDATION_ELDERLY,6 months,,,,,,,,EJRF
SYR,2024,POLICY_VACCINATION_COM,POLICY_RECOMMENDATION_ELDERLY_CHRONIC,6 months,,,,,,,,EJRF
SYR,2024,POLICY_VACCINATION_COM,POLICY_RECOMMENDATION_ADULTS,6 months,,,,,,,,EJRF
SYR,2024,POLICY_VACCINATION_COM,POLICY_RECOMMENDATION_ADULTS_CHRONIC,6 months,,,,,,,,EJRF
SYR,2024,POLICY_VACCINATION_COM,PW,6 months,,,,,,,,EJRF
SYR,2024,POLICY_VACCINATION_COM,POLICY_RECOMMENDATION_HCW,6 months,,,,,,,,EJRF
SYR,2024,POLICY_VACCINATION_COM,POLICY_RECOMMENDATION_CA,,,,,,,,,EJRF
SYR,2024,POLICY_VACCINATION_COM,POLICY_RECOMMENDATION_CA_CHRONIC,,,,,,,,,EJRF
SYR,2024,POLICY_VACCINATION_COM,OTHER_GROUPS,,,,,,,,,EJRF
SLV,2024,POLICY_VACCINATION,POLICY_RECOMMENDATION_ADULTS_CHRONIC,YES,,,,,,,,EJRF
SLV,2024,POLICY_VACCINATION,POLICY_RECOMMENDATION_ELDERLY_CHRONIC,YES,,,,,,,,EJRF
SLV,2024,POLICY_VACCINATION,POLICY_RECOMMENDATION_HCW,YES,,,,,,,,EJRF
SLV,2024,POLICY_VACCINATION,POLICY_RECOMMENDATION_CA,YES,,,,,,,,EJRF
SLV,2024,POLICY_VACCINATION,POLICY_RECOMMENDATION_CA_CHRONIC,YES,,,,,,,,EJRF
SLV,2024,POLICY_VACCINATION,OTHER_GROUPS,-2222,,,,,,,,EJRF
SLV,2024,POLICY_VACCINATION,POLICY_RECOMMENDATION_ELDERLY,YES,,,,,,,,EJRF
SLV,2024,POLICY_VACCINATION,POLICY_RECOMMENDATION_ADULTS,YES,,,,,,,,EJRF
SLV,2024,POLICY_VACCINATION,PW,YES,,,,,,,,EJRF
LTU,2024,POLICY_VACCINATION,POLICY_RECOMMENDATION_ELDERLY,-4444,,,,,,,,EJRF
LTU,2024,POLICY_VACCINATION,POLICY_RECOMMENDATION_ELDERLY_CHRONIC,-4444,,,,,,,,EJRF
LTU,2024,POLICY_VACCINATION,POLICY_RECOMMENDATION_ADULTS,-4444,,,,,,,,EJRF
LTU,2024,POLICY_VACCINATION,POLICY_RECOMMENDATION_ADULTS_CHRONIC,NO,,,,,,,,EJRF
LTU,2024,POLICY_VACCINATION,PW,NO,,,,,,,,EJRF
LTU,2024,POLICY_VACCINATION,POLICY_RECOMMENDATION_HCW,NO,,,,,,,,EJRF
LTU,2024,POLICY_VACCINATION,POLICY_RECOMMENDATION_CA,NO,,,,,,,,EJRF
LTU,2024,POLICY_VACCINATION,POLICY_RECOMMENDATION_CA_CHRONIC,NO,,,,,,,,EJRF
LTU,2024,POLICY_VACCINATION,OTHER_GROUPS,NO,,,,,,,,EJRF
MDG,2024,POLICY_VACCINATION,POLICY_RECOMMENDATION_ADULTS_CHRONIC,YES,,,,,,,,EJRF
MDG,2024,POLICY_VACCINATION,POLICY_RECOMMENDATION_ELDERLY,YES,,,,,,,,EJRF
MDG,2024,POLICY_VACCINATION,POLICY_RECOMMENDATION_ELDERLY_CHRONIC,YES,,,,,,,,EJRF
MDG,2024,POLICY_VACCINATION,PW,YES,,,,,,,,EJRF
MDG,2024,POLICY_VACCINATION,POLICY_RECOMMENDATION_HCW,YES,,,,,,,,EJRF
MDG,2024,POLICY_VACCINATION,POLICY_RECOMMENDATION_CA,NO,,,,,,,,EJRF
MDG,2024,POLICY_VACCINATION,POLICY_RECOMMENDATION_ADULTS,YES,,,,,,,,EJRF
MDG,2024,POLICY_VACCINATION,POLICY_RECOMMENDATION_CA_CHRONIC,NO,,,,,,,,EJRF
MDG,2024,POLICY_VACCINATION,OTHER_GROUPS,YES,,,,,,,,EJRF
SVK,2024,POLICY_VACCINATION,POLICY_RECOMMENDATION_ADULTS_CHRONIC,YES,,,,,,,,EJRF
SVK,2024,POLICY_VACCINATION,PW,-4444,,,,,,,,EJRF
SVK,2024,POLICY_VACCINATION,POLICY_RECOMMENDATION_HCW,-4444,,,,,,,,EJRF
SVK,2024,POLICY_VACCINATION,POLICY_RECOMMENDATION_ELDERLY_CHRONIC,YES,,,,,,,,EJRF
SVK,2024,POLICY_VACCINATION,POLICY_RECOMMENDATION_ADULTS,-4444,,,,,,,,EJRF
SVK,2024,POLICY_VACCINATION,POLICY_RECOMMENDATION_ELDERLY,YES,,,,,,,,EJRF
SVK,2024,POLICY_VACCINATION,POLICY_RECOMMENDATION_CA,-4444,,,,,,,,EJRF
SVK,2024,POLICY_VACCINATION,POLICY_RECOMMENDATION_CA_CHRONIC,-4444,,,,,,,,EJRF
SVK,2024,POLICY_VACCINATION,OTHER_GROUPS,-4444,,,,,,,,EJRF
VGB,2024,POLICY_VACCINATION,PW,YES,,,,,,,,EJRF
VGB,2024,POLICY_VACCINATION,POLICY_RECOMMENDATION_HCW,YES,,,,,,,,EJRF
VGB,2024,POLICY_VACCINATION,POLICY_RECOMMENDATION_CA,NO,,,,,,,,EJRF
VGB,2024,POLICY_VACCINATION,POLICY_RECOMMENDATION_CA_CHRONIC,-2222,,,,,,,,EJRF
VGB,2024,POLICY_VACCINATION,OTHER_GROUPS,-2222,,,,,,,,EJRF
VGB,2024,POLICY_VACCINATION,POLICY_RECOMMENDATION_ELDERLY,-2222,,,,,,,,EJRF
VGB,2024,POLICY_VACCINATION,POLICY_RECOMMENDATION_ELDERLY_CHRONIC,YES,,,,,,,,EJRF
VGB,2024,POLICY_VACCINATION,POLICY_RECOMMENDATION_ADULTS,YES,,,,,,,,EJRF
VGB,2024,POLICY_VACCINATION,POLICY_RECOMMENDATION_ADULTS_CHRONIC,YES,,,,,,,,EJRF
SLV,2024,POLICY_REVACCINATION,POLICY_RECOMMENDATION_ADULTS_CHRONIC,YES,,,,,,,,EJRF
SLV,2024,POLICY_REVACCINATION,POLICY_RECOMMENDATION_ELDERLY_CHRONIC,YES,,,,,,,,EJRF
SLV,2024,POLICY_REVACCINATION,POLICY_RECOMMENDATION_HCW,YES,,,,,,,,EJRF
SLV,2024,POLICY_REVACCINATION,POLICY_RECOMMENDATION_CA,NO,,,,,,,,EJRF
SLV,2024,POLICY_REVACCINATION,POLICY_RECOMMENDATION_CA_CHRONIC,YES,,,,,,,,EJRF
SLV,2024,POLICY_REVACCINATION,OTHER_GROUPS,-2222,,,,,,,,EJRF
SLV,2024,POLICY_REVACCINATION,POLICY_RECOMMENDATION_ELDERLY,YES,,,,,,,,EJRF
SLV,2024,POLICY_REVACCINATION,POLICY_RECOMMENDATION_ADULTS,NO,,,,,,,,EJRF
SLV,2024,POLICY_REVACCINATION,PW,YES,,,,,,,,EJRF
LTU,2024,POLICY_REVACCINATION,POLICY_RECOMMENDATION_ELDERLY,YES,,,,,,,,EJRF
LTU,2024,POLICY_REVACCINATION,POLICY_RECOMMENDATION_ELDERLY_CHRONIC,YES,,,,,,,,EJRF
LTU,2024,POLICY_REVACCINATION,POLICY_RECOMMENDATION_ADULTS,YES,,,,,,,,EJRF
LTU,2024,POLICY_REVACCINATION,POLICY_RECOMMENDATION_ADULTS_CHRONIC,YES,,,,,,,,EJRF
LTU,2024,POLICY_REVACCINATION,PW,YES,,,,,,,,EJRF
LTU,2024,POLICY_REVACCINATION,POLICY_RECOMMENDATION_HCW,YES,,,,,,,,EJRF
LTU,2024,POLICY_REVACCINATION,POLICY_RECOMMENDATION_CA,YES,,,,,,,,EJRF
LTU,2024,POLICY_REVACCINATION,POLICY_RECOMMENDATION_CA_CHRONIC,YES,,,,,,,,EJRF
LTU,2024,POLICY_REVACCINATION,OTHER_GROUPS,NO,,,,,,,,EJRF
MDG,2024,POLICY_REVACCINATION,POLICY_RECOMMENDATION_ADULTS_CHRONIC,YES,,,,,,,,EJRF
MDG,2024,POLICY_REVACCINATION,POLICY_RECOMMENDATION_ELDERLY,YES,,,,,,,,EJRF
MDG,2024,POLICY_REVACCINATION,POLICY_RECOMMENDATION_ELDERLY_CHRONIC,YES,,,,,,,,EJRF
MDG,2024,POLICY_REVACCINATION,PW,YES,,,,,,,,EJRF
MDG,2024,POLICY_REVACCINATION,POLICY_RECOMMENDATION_HCW,YES,,,,,,,,EJRF
MDG,2024,POLICY_REVACCINATION,POLICY_RECOMMENDATION_CA,NO,,,,,,,,EJRF
MDG,2024,POLICY_REVACCINATION,POLICY_RECOMMENDATION_ADULTS,YES,,,,,,,,EJRF
MDG,2024,POLICY_REVACCINATION,POLICY_RECOMMENDATION_CA_CHRONIC,NO,,,,,,,,EJRF
MDG,2024,POLICY_REVACCINATION,OTHER_GROUPS,YES,,,,,,,,EJRF
SVK,2024,POLICY_REVACCINATION,POLICY_RECOMMENDATION_ADULTS_CHRONIC,YES,,,,,,,,EJRF
SVK,2024,POLICY_REVACCINATION,PW,-4444,,,,,,,,EJRF
SVK,2024,POLICY_REVACCINATION,POLICY_RECOMMENDATION_HCW,-4444,,,,,,,,EJRF
SVK,2024,POLICY_REVACCINATION,POLICY_RECOMMENDATION_ELDERLY_CHRONIC,YES,,,,,,,,EJRF
SVK,2024,POLICY_REVACCINATION,POLICY_RECOMMENDATION_ADULTS,-4444,,,,,,,,EJRF
SVK,2024,POLICY_REVACCINATION,POLICY_RECOMMENDATION_ELDERLY,YES,,,,,,,,EJRF
SVK,2024,POLICY_REVACCINATION,POLICY_RECOMMENDATION_CA,-4444,,,,,,,,EJRF
SVK,2024,POLICY_REVACCINATION,POLICY_RECOMMENDATION_CA_CHRONIC,-4444,,,,,,,,EJRF
SVK,2024,POLICY_REVACCINATION,OTHER_GROUPS,-4444,,,,,,,,EJRF
VGB,2024,POLICY_REVACCINATION,PW,YES,,,,,,,,EJRF
VGB,2024,POLICY_REVACCINATION,POLICY_RECOMMENDATION_HCW,YES,,,,,,,,EJRF
VGB,2024,POLICY_REVACCINATION,POLICY_RECOMMENDATION_CA,-4444,,,,,,,,EJRF
VGB,2024,POLICY_REVACCINATION,POLICY_RECOMMENDATION_CA_CHRONIC,-2222,,,,,,,,EJRF
VGB,2024,POLICY_REVACCINATION,OTHER_GROUPS,-2222,,,,,,,,EJRF
VGB,2024,POLICY_REVACCINATION,POLICY_RECOMMENDATION_ELDERLY,-2222,,,,,,,,EJRF
VGB,2024,POLICY_REVACCINATION,POLICY_RECOMMENDATION_ELDERLY_CHRONIC,YES,,,,,,,,EJRF
VGB,2024,POLICY_REVACCINATION,POLICY_RECOMMENDATION_ADULTS,YES,,,,,,,,EJRF
VGB,2024,POLICY_REVACCINATION,POLICY_RECOMMENDATION_ADULTS_CHRONIC,YES,,,,,,,,EJRF
SLV,2024,POLICY_INTERVAL,POLICY_RECOMMENDATION_ADULTS_CHRONIC,6_MONTHS,,,,,,,,EJRF
SLV,2024,POLICY_INTERVAL,POLICY_RECOMMENDATION_ELDERLY_CHRONIC,6_MONTHS,,,,,,,,EJRF
SLV,2024,POLICY_INTERVAL,POLICY_RECOMMENDATION_HCW,6_MONTHS,,,,,,,,EJRF
SLV,2024,POLICY_INTERVAL,POLICY_RECOMMENDATION_CA,-4444,,,,,,,,EJRF
SLV,2024,POLICY_INTERVAL,POLICY_RECOMMENDATION_CA_CHRONIC,6_MONTHS,,,,,,,,EJRF
SLV,2024,POLICY_INTERVAL,OTHER_GROUPS,-2222,,,,,,,,EJRF
SLV,2024,POLICY_INTERVAL,POLICY_RECOMMENDATION_ELDERLY,6_MONTHS,,,,,,,,EJRF
SLV,2024,POLICY_INTERVAL,POLICY_RECOMMENDATION_ADULTS,,,,,,,,,EJRF
SLV,2024,POLICY_INTERVAL,PW,6_MONTHS,,,,,,,,EJRF
LTU,2024,POLICY_INTERVAL,POLICY_RECOMMENDATION_ELDERLY,12_MONTHS,,,,,,,,EJRF
LTU,2024,POLICY_INTERVAL,POLICY_RECOMMENDATION_ELDERLY_CHRONIC,12_MONTHS,,,,,,,,EJRF
LTU,2024,POLICY_INTERVAL,POLICY_RECOMMENDATION_ADULTS,12_MONTHS,,,,,,,,EJRF
LTU,2024,POLICY_INTERVAL,POLICY_RECOMMENDATION_ADULTS_CHRONIC,12_MONTHS,,,,,,,,EJRF
LTU,2024,POLICY_INTERVAL,PW,12_MONTHS,,,,,,,,EJRF
LTU,2024,POLICY_INTERVAL,POLICY_RECOMMENDATION_HCW,12_MONTHS,,,,,,,,EJRF
LTU,2024,POLICY_INTERVAL,POLICY_RECOMMENDATION_CA,12_MONTHS,,,,,,,,EJRF
LTU,2024,POLICY_INTERVAL,POLICY_RECOMMENDATION_CA_CHRONIC,12_MONTHS,,,,,,,,EJRF
LTU,2024,POLICY_INTERVAL,OTHER_GROUPS,,,,,,,,,EJRF
MDG,2024,POLICY_INTERVAL,POLICY_RECOMMENDATION_ADULTS_CHRONIC,6_MONTHS,,,,,,,,EJRF
MDG,2024,POLICY_INTERVAL,POLICY_RECOMMENDATION_ELDERLY,6_MONTHS,,,,,,,,EJRF
MDG,2024,POLICY_INTERVAL,POLICY_RECOMMENDATION_ELDERLY_CHRONIC,6_MONTHS,,,,,,,,EJRF
MDG,2024,POLICY_INTERVAL,PW,6_MONTHS,,,,,,,,EJRF
MDG,2024,POLICY_INTERVAL,POLICY_RECOMMENDATION_HCW,6_MONTHS,,,,,,,,EJRF
MDG,2024,POLICY_INTERVAL,POLICY_RECOMMENDATION_CA,-4444,,,,,,,,EJRF
MDG,2024,POLICY_INTERVAL,POLICY_RECOMMENDATION_ADULTS,6_MONTHS,,,,,,,,EJRF
MDG,2024,POLICY_INTERVAL,POLICY_RECOMMENDATION_CA_CHRONIC,-4444,,,,,,,,EJRF
MDG,2024,POLICY_INTERVAL,OTHER_GROUPS,6_MONTHS,,,,,,,,EJRF
SVK,2024,POLICY_INTERVAL,POLICY_RECOMMENDATION_ADULTS_CHRONIC,12_MONTHS,,,,,,,,EJRF
SVK,2024,POLICY_INTERVAL,PW,-4444,,,,,,,,EJRF
SVK,2024,POLICY_INTERVAL,POLICY_RECOMMENDATION_HCW,-4444,,,,,,,,EJRF
SVK,2024,POLICY_INTERVAL,POLICY_RECOMMENDATION_ELDERLY_CHRONIC,12_MONTHS,,,,,,,,EJRF
SVK,2024,POLICY_INTERVAL,POLICY_RECOMMENDATION_ADULTS,-4444,,,,,,,,EJRF
SVK,2024,POLICY_INTERVAL,POLICY_RECOMMENDATION_ELDERLY,12_MONTHS,,,,,,,,EJRF
SVK,2024,POLICY_INTERVAL,POLICY_RECOMMENDATION_CA,-4444,,,,,,,,EJRF
SVK,2024,POLICY_INTERVAL,POLICY_RECOMMENDATION_CA_CHRONIC,-4444,,,,,,,,EJRF
SVK,2024,POLICY_INTERVAL,OTHER_GROUPS,-4444,,,,,,,,EJRF
VGB,2024,POLICY_INTERVAL,PW,6_MONTHS,,,,,,,,EJRF
VGB,2024,POLICY_INTERVAL,POLICY_RECOMMENDATION_HCW,6_MONTHS,,,,,,,,EJRF
VGB,2024,POLICY_INTERVAL,POLICY_RECOMMENDATION_CA,-4444,,,,,,,,EJRF
VGB,2024,POLICY_INTERVAL,POLICY_RECOMMENDATION_CA_CHRONIC,-2222,,,,,,,,EJRF
VGB,2024,POLICY_INTERVAL,OTHER_GROUPS,-2222,,,,,,,,EJRF
VGB,2024,POLICY_INTERVAL,POLICY_RECOMMENDATION_ELDERLY,-2222,,,,,,,,EJRF
VGB,2024,POLICY_INTERVAL,POLICY_RECOMMENDATION_ELDERLY_CHRONIC,6_MONTHS,,,,,,,,EJRF
VGB,2024,POLICY_INTERVAL,POLICY_RECOMMENDATION_ADULTS,6_MONTHS,,,,,,,,EJRF
VGB,2024,POLICY_INTERVAL,POLICY_RECOMMENDATION_ADULTS_CHRONIC,6_MONTHS,,,,,,,,EJRF
SLV,2024,POLICY_VACCINATION_COM,POLICY_RECOMMENDATION_ADULTS_CHRONIC,"Esquema de vacunación para mayores de 12 años (incluyendo adultos, embarazadas y mujeres dando lactancia materna)",,,,,,,,EJRF
SLV,2024,POLICY_VACCINATION_COM,POLICY_RECOMMENDATION_ELDERLY_CHRONIC,"Esquema de vacunación para mayores de 12 años (incluyendo adultos, embarazadas y mujeres dando lactancia materna)",,,,,,,,EJRF
SLV,2024,POLICY_VACCINATION_COM,POLICY_RECOMMENDATION_HCW,"Esquema de vacunación para mayores de 12 años (incluyendo adultos, embarazadas y mujeres dando lactancia materna)",,,,,,,,EJRF
SLV,2024,POLICY_VACCINATION_COM,POLICY_RECOMMENDATION_CA,Solo debe usarse en población infantil de 5 a 11 años de edad,,,,,,,,EJRF
SLV,2024,POLICY_VACCINATION_COM,POLICY_RECOMMENDATION_CA_CHRONIC,Niños de 5 a 11 años inmunocomprometidos,,,,,,,,EJRF
SLV,2024,POLICY_VACCINATION_COM,OTHER_GROUPS,-2222,,,,,,,,EJRF
SLV,2024,POLICY_VACCINATION_COM,POLICY_RECOMMENDATION_ELDERLY,"Esquema de vacunación para mayores de 12 años (incluyendo adultos, embarazadas y mujeres dando lactancia materna)",,,,,,,,EJRF
SLV,2024,POLICY_VACCINATION_COM,POLICY_RECOMMENDATION_ADULTS,"Esquema de vacunación para mayores de 12 años (incluyendo adultos, embarazadas y mujeres dando lactancia materna)",,,,,,,,EJRF
SLV,2024,POLICY_VACCINATION_COM,PW,"Esquema de vacunación para mayores de 12 años (incluyendo adultos, embarazadas y mujeres dando lactancia materna)",,,,,,,,EJRF
LTU,2024,POLICY_VACCINATION_COM,POLICY_RECOMMENDATION_ELDERLY,,,,,,,,,EJRF
LTU,2024,POLICY_VACCINATION_COM,POLICY_RECOMMENDATION_ELDERLY_CHRONIC,,,,,,,,,EJRF
LTU,2024,POLICY_VACCINATION_COM,POLICY_RECOMMENDATION_ADULTS,,,,,,,,,EJRF
LTU,2024,POLICY_VACCINATION_COM,POLICY_RECOMMENDATION_ADULTS_CHRONIC,,,,,,,,,EJRF
LTU,2024,POLICY_VACCINATION_COM,PW,,,,,,,,,EJRF
LTU,2024,POLICY_VACCINATION_COM,POLICY_RECOMMENDATION_HCW,,,,,,,,,EJRF
LTU,2024,POLICY_VACCINATION_COM,POLICY_RECOMMENDATION_CA,,,,,,,,,EJRF
LTU,2024,POLICY_VACCINATION_COM,POLICY_RECOMMENDATION_CA_CHRONIC,,,,,,,,,EJRF
LTU,2024,POLICY_VACCINATION_COM,OTHER_GROUPS,,,,,,,,,EJRF
MDG,2024,POLICY_VACCINATION_COM,POLICY_RECOMMENDATION_ADULTS_CHRONIC,-4444,,,,,,,,EJRF
MDG,2024,POLICY_VACCINATION_COM,POLICY_RECOMMENDATION_ELDERLY,-4444,,,,,,,,EJRF
MDG,2024,POLICY_VACCINATION_COM,POLICY_RECOMMENDATION_ELDERLY_CHRONIC,-4444,,,,,,,,EJRF
MDG,2024,POLICY_VACCINATION_COM,PW,-4444,,,,,,,,EJRF
MDG,2024,POLICY_VACCINATION_COM,POLICY_RECOMMENDATION_HCW,-4444,,,,,,,,EJRF
MDG,2024,POLICY_VACCINATION_COM,POLICY_RECOMMENDATION_CA,-4444,,,,,,,,EJRF
MDG,2024,POLICY_VACCINATION_COM,POLICY_RECOMMENDATION_ADULTS,-4444,,,,,,,,EJRF
MDG,2024,POLICY_VACCINATION_COM,POLICY_RECOMMENDATION_CA_CHRONIC,-4444,,,,,,,,EJRF
MDG,2024,POLICY_VACCINATION_COM,OTHER_GROUPS,-4444,,,,,,,,EJRF
SVK,2024,POLICY_VACCINATION_COM,POLICY_RECOMMENDATION_ADULTS_CHRONIC,,,,,,,,,EJRF
SVK,2024,POLICY_VACCINATION_COM,PW,-4444,,,,,,,,EJRF
SVK,2024,POLICY_VACCINATION_COM,POLICY_RECOMMENDATION_HCW,-4444,,,,,,,,EJRF
SVK,2024,POLICY_VACCINATION_COM,POLICY_RECOMMENDATION_ELDERLY_CHRONIC,people 59+,,,,,,,,EJRF
SVK,2024,POLICY_VACCINATION_COM,POLICY_RECOMMENDATION_ADULTS,-4444,,,,,,,,EJRF
SVK,2024,POLICY_VACCINATION_COM,POLICY_RECOMMENDATION_ELDERLY,people 59+,,,,,,,,EJRF
SVK,2024,POLICY_VACCINATION_COM,POLICY_RECOMMENDATION_CA,-4444,,,,,,,,EJRF
SVK,2024,POLICY_VACCINATION_COM,POLICY_RECOMMENDATION_CA_CHRONIC,-4444,,,,,,,,EJRF
SVK,2024,POLICY_VACCINATION_COM,OTHER_GROUPS,-4444,,,,,,,,EJRF
VGB,2024,POLICY_VACCINATION_COM,PW,-4444,,,,,,,,EJRF
VGB,2024,POLICY_VACCINATION_COM,POLICY_RECOMMENDATION_HCW,-4444,,,,,,,,EJRF
VGB,2024,POLICY_VACCINATION_COM,POLICY_RECOMMENDATION_CA,-4444,,,,,,,,EJRF
VGB,2024,POLICY_VACCINATION_COM,POLICY_RECOMMENDATION_CA_CHRONIC,-2222,,,,,,,,EJRF
VGB,2024,POLICY_VACCINATION_COM,OTHER_GROUPS,-2222,,,,,,,,EJRF
VGB,2024,POLICY_VACCINATION_COM,POLICY_RECOMMENDATION_ELDERLY,-2222,,,,,,,,EJRF
VGB,2024,POLICY_VACCINATION_COM,POLICY_RECOMMENDATION_ELDERLY_CHRONIC,-4444,,,,,,,,EJRF
VGB,2024,POLICY_VACCINATION_COM,POLICY_RECOMMENDATION_ADULTS,-4444,,,,,,,,EJRF
VGB,2024,POLICY_VACCINATION_COM,POLICY_RECOMMENDATION_ADULTS_CHRONIC,-4444,,,,,,,,EJRF
BTN,2024,POLICY_VACCINATION,POLICY_RECOMMENDATION_ELDERLY,YES,,,,,,,,EJRF
BTN,2024,POLICY_VACCINATION,POLICY_RECOMMENDATION_ELDERLY_CHRONIC,YES,,,,,,,,EJRF
BTN,2024,POLICY_VACCINATION,POLICY_RECOMMENDATION_ADULTS,YES,,,,,,,,EJRF
BTN,2024,POLICY_VACCINATION,POLICY_RECOMMENDATION_ADULTS_CHRONIC,YES,,,,,,,,EJRF
BTN,2024,POLICY_VACCINATION,PW,YES,,,,,,,,EJRF
BTN,2024,POLICY_VACCINATION,POLICY_RECOMMENDATION_HCW,YES,,,,,,,,EJRF
BTN,2024,POLICY_VACCINATION,POLICY_RECOMMENDATION_CA,NO,,,,,,,,EJRF
BTN,2024,POLICY_VACCINATION,POLICY_RECOMMENDATION_CA_CHRONIC,YES,,,,,,,,EJRF
BTN,2024,POLICY_VACCINATION,OTHER_GROUPS,NO,,,,,,,,EJRF
HKG,2024,POLICY_VACCINATION,POLICY_RECOMMENDATION_CA_CHRONIC,YES,,,,,,,,EJRF
HKG,2024,POLICY_VACCINATION,OTHER_GROUPS,YES,,,,,,,,EJRF
HKG,2024,POLICY_VACCINATION,POLICY_RECOMMENDATION_CA,YES,,,,,,,,EJRF
HKG,2024,POLICY_VACCINATION,POLICY_RECOMMENDATION_HCW,YES,,,,,,,,EJRF
HKG,2024,POLICY_VACCINATION,POLICY_RECOMMENDATION_ELDERLY,YES,,,,,,,,EJRF
HKG,2024,POLICY_VACCINATION,POLICY_RECOMMENDATION_ELDERLY_CHRONIC,YES,,,,,,,,EJRF
HKG,2024,POLICY_VACCINATION,POLICY_RECOMMENDATION_ADULTS,YES,,,,,,,,EJRF
HKG,2024,POLICY_VACCINATION,POLICY_RECOMMENDATION_ADULTS_CHRONIC,YES,,,,,,,,EJRF
HKG,2024,POLICY_VACCINATION,PW,YES,,,,,,,,EJRF
CZE,2024,POLICY_VACCINATION,POLICY_RECOMMENDATION_ELDERLY,YES,,,,,,,,EJRF
CZE,2024,POLICY_VACCINATION,POLICY_RECOMMENDATION_ELDERLY_CHRONIC,YES,,,,,,,,EJRF
CZE,2024,POLICY_VACCINATION,POLICY_RECOMMENDATION_ADULTS,YES,,,,,,,,EJRF
CZE,2024,POLICY_VACCINATION,POLICY_RECOMMENDATION_ADULTS_CHRONIC,YES,,,,,,,,EJRF
CZE,2024,POLICY_VACCINATION,PW,YES,,,,,,,,EJRF
CZE,2024,POLICY_VACCINATION,POLICY_RECOMMENDATION_HCW,YES,,,,,,,,EJRF
CZE,2024,POLICY_VACCINATION,POLICY_RECOMMENDATION_CA,YES,,,,,,,,EJRF
CZE,2024,POLICY_VACCINATION,POLICY_RECOMMENDATION_CA_CHRONIC,YES,,,,,,,,EJRF
CZE,2024,POLICY_VACCINATION,OTHER_GROUPS,NO,,,,,,,,EJRF
RUS,2024,POLICY_VACCINATION,POLICY_RECOMMENDATION_ELDERLY,YES,,,,,,,,EJRF
RUS,2024,POLICY_VACCINATION,POLICY_RECOMMENDATION_ELDERLY_CHRONIC,YES,,,,,,,,EJRF
RUS,2024,POLICY_VACCINATION,POLICY_RECOMMENDATION_ADULTS,YES,,,,,,,,EJRF
RUS,2024,POLICY_VACCINATION,POLICY_RECOMMENDATION_ADULTS_CHRONIC,YES,,,,,,,,EJRF
RUS,2024,POLICY_VACCINATION,PW,NO,,,,,,,,EJRF
RUS,2024,POLICY_VACCINATION,POLICY_RECOMMENDATION_HCW,NO,,,,,,,,EJRF
RUS,2024,POLICY_VACCINATION,POLICY_RECOMMENDATION_CA,NO,,,,,,,,EJRF
RUS,2024,POLICY_VACCINATION,POLICY_RECOMMENDATION_CA_CHRONIC,-4444,,,,,,,,EJRF
RUS,2024,POLICY_VACCINATION,OTHER_GROUPS,-4444,,,,,,,,EJRF
BTN,2024,POLICY_REVACCINATION,POLICY_RECOMMENDATION_ELDERLY,NO,,,,,,,,EJRF
BTN,2024,POLICY_REVACCINATION,POLICY_RECOMMENDATION_ELDERLY_CHRONIC,NO,,,,,,,,EJRF
BTN,2024,POLICY_REVACCINATION,POLICY_RECOMMENDATION_ADULTS,NO,,,,,,,,EJRF
BTN,2024,POLICY_REVACCINATION,POLICY_RECOMMENDATION_ADULTS_CHRONIC,NO,,,,,,,,EJRF
BTN,2024,POLICY_REVACCINATION,PW,NO,,,,,,,,EJRF
BTN,2024,POLICY_REVACCINATION,POLICY_RECOMMENDATION_HCW,NO,,,,,,,,EJRF
BTN,2024,POLICY_REVACCINATION,POLICY_RECOMMENDATION_CA,-4444,,,,,,,,EJRF
BTN,2024,POLICY_REVACCINATION,POLICY_RECOMMENDATION_CA_CHRONIC,NO,,,,,,,,EJRF
BTN,2024,POLICY_REVACCINATION,OTHER_GROUPS,-4444,,,,,,,,EJRF
HKG,2024,POLICY_REVACCINATION,POLICY_RECOMMENDATION_CA_CHRONIC,NO,,,,,,,,EJRF
HKG,2024,POLICY_REVACCINATION,OTHER_GROUPS,YES,,,,,,,,EJRF
HKG,2024,POLICY_REVACCINATION,POLICY_RECOMMENDATION_CA,NO,,,,,,,,EJRF
HKG,2024,POLICY_REVACCINATION,POLICY_RECOMMENDATION_HCW,YES,,,,,,,,EJRF
HKG,2024,POLICY_REVACCINATION,POLICY_RECOMMENDATION_ELDERLY,YES,,,,,,,,EJRF
HKG,2024,POLICY_REVACCINATION,POLICY_RECOMMENDATION_ELDERLY_CHRONIC,YES,,,,,,,,EJRF
HKG,2024,POLICY_REVACCINATION,POLICY_RECOMMENDATION_ADULTS,NO,,,,,,,,EJRF
HKG,2024,POLICY_REVACCINATION,POLICY_RECOMMENDATION_ADULTS_CHRONIC,YES,,,,,,,,EJRF
HKG,2024,POLICY_REVACCINATION,PW,YES,,,,,,,,EJRF
CZE,2024,POLICY_REVACCINATION,POLICY_RECOMMENDATION_ELDERLY,YES,,,,,,,,EJRF
CZE,2024,POLICY_REVACCINATION,POLICY_RECOMMENDATION_ELDERLY_CHRONIC,NO,,,,,,,,EJRF
CZE,2024,POLICY_REVACCINATION,POLICY_RECOMMENDATION_ADULTS,NO,,,,,,,,EJRF
CZE,2024,POLICY_REVACCINATION,POLICY_RECOMMENDATION_ADULTS_CHRONIC,NO,,,,,,,,EJRF
CZE,2024,POLICY_REVACCINATION,PW,NO,,,,,,,,EJRF
CZE,2024,POLICY_REVACCINATION,POLICY_RECOMMENDATION_HCW,NO,,,,,,,,EJRF
CZE,2024,POLICY_REVACCINATION,POLICY_RECOMMENDATION_CA,NO,,,,,,,,EJRF
CZE,2024,POLICY_REVACCINATION,POLICY_RECOMMENDATION_CA_CHRONIC,NO,,,,,,,,EJRF
CZE,2024,POLICY_REVACCINATION,OTHER_GROUPS,,,,,,,,,EJRF
RUS,2024,POLICY_REVACCINATION,POLICY_RECOMMENDATION_ELDERLY,YES,,,,,,,,EJRF
RUS,2024,POLICY_REVACCINATION,POLICY_RECOMMENDATION_ELDERLY_CHRONIC,YES,,,,,,,,EJRF
RUS,2024,POLICY_REVACCINATION,POLICY_RECOMMENDATION_ADULTS,YES,,,,,,,,EJRF
RUS,2024,POLICY_REVACCINATION,POLICY_RECOMMENDATION_ADULTS_CHRONIC,YES,,,,,,,,EJRF
RUS,2024,POLICY_REVACCINATION,PW,NO,,,,,,,,EJRF
RUS,2024,POLICY_REVACCINATION,POLICY_RECOMMENDATION_HCW,NO,,,,,,,,EJRF
RUS,2024,POLICY_REVACCINATION,POLICY_RECOMMENDATION_CA,-4444,,,,,,,,EJRF
RUS,2024,POLICY_REVACCINATION,POLICY_RECOMMENDATION_CA_CHRONIC,-4444,,,,,,,,EJRF
RUS,2024,POLICY_REVACCINATION,OTHER_GROUPS,-4444,,,,,,,,EJRF
BTN,2024,POLICY_INTERVAL,POLICY_RECOMMENDATION_ELDERLY,-4444,,,,,,,,EJRF
BTN,2024,POLICY_INTERVAL,POLICY_RECOMMENDATION_ELDERLY_CHRONIC,-4444,,,,,,,,EJRF
BTN,2024,POLICY_INTERVAL,POLICY_RECOMMENDATION_ADULTS,-4444,,,,,,,,EJRF
BTN,2024,POLICY_INTERVAL,POLICY_RECOMMENDATION_ADULTS_CHRONIC,-4444,,,,,,,,EJRF
BTN,2024,POLICY_INTERVAL,PW,-4444,,,,,,,,EJRF
BTN,2024,POLICY_INTERVAL,POLICY_RECOMMENDATION_HCW,-4444,,,,,,,,EJRF
BTN,2024,POLICY_INTERVAL,POLICY_RECOMMENDATION_CA,-4444,,,,,,,,EJRF
BTN,2024,POLICY_INTERVAL,POLICY_RECOMMENDATION_CA_CHRONIC,-4444,,,,,,,,EJRF
BTN,2024,POLICY_INTERVAL,OTHER_GROUPS,-4444,,,,,,,,EJRF
HKG,2024,POLICY_INTERVAL,POLICY_RECOMMENDATION_CA_CHRONIC,-4444,,,,,,,,EJRF
HKG,2024,POLICY_INTERVAL,OTHER_GROUPS,6_MONTHS,,,,,,,,EJRF
HKG,2024,POLICY_INTERVAL,POLICY_RECOMMENDATION_CA,-4444,,,,,,,,EJRF
HKG,2024,POLICY_INTERVAL,POLICY_RECOMMENDATION_HCW,6_MONTHS,,,,,,,,EJRF
HKG,2024,POLICY_INTERVAL,POLICY_RECOMMENDATION_ELDERLY,6_MONTHS,,,,,,,,EJRF
HKG,2024,POLICY_INTERVAL,POLICY_RECOMMENDATION_ELDERLY_CHRONIC,6_MONTHS,,,,,,,,EJRF
HKG,2024,POLICY_INTERVAL,POLICY_RECOMMENDATION_ADULTS,-4444,,,,,,,,EJRF
HKG,2024,POLICY_INTERVAL,POLICY_RECOMMENDATION_ADULTS_CHRONIC,6_MONTHS,,,,,,,,EJRF
HKG,2024,POLICY_INTERVAL,PW,6_MONTHS,,,,,,,,EJRF
CZE,2024,POLICY_INTERVAL,POLICY_RECOMMENDATION_ELDERLY,,,,,,,,,EJRF
CZE,2024,POLICY_INTERVAL,POLICY_RECOMMENDATION_ELDERLY_CHRONIC,,,,,,,,,EJRF
CZE,2024,POLICY_INTERVAL,POLICY_RECOMMENDATION_ADULTS,,,,,,,,,EJRF
CZE,2024,POLICY_INTERVAL,POLICY_RECOMMENDATION_ADULTS_CHRONIC,,,,,,,,,EJRF
CZE,2024,POLICY_INTERVAL,PW,,,,,,,,,EJRF
CZE,2024,POLICY_INTERVAL,POLICY_RECOMMENDATION_HCW,,,,,,,,,EJRF
CZE,2024,POLICY_INTERVAL,POLICY_RECOMMENDATION_CA,,,,,,,,,EJRF
CZE,2024,POLICY_INTERVAL,POLICY_RECOMMENDATION_CA_CHRONIC,,,,,,,,,EJRF
CZE,2024,POLICY_INTERVAL,OTHER_GROUPS,,,,,,,,,EJRF
RUS,2024,POLICY_INTERVAL,POLICY_RECOMMENDATION_ELDERLY,12_MONTHS,,,,,,,,EJRF
RUS,2024,POLICY_INTERVAL,POLICY_RECOMMENDATION_ELDERLY_CHRONIC,12_MONTHS,,,,,,,,EJRF
RUS,2024,POLICY_INTERVAL,POLICY_RECOMMENDATION_ADULTS,12_MONTHS,,,,,,,,EJRF
RUS,2024,POLICY_INTERVAL,POLICY_RECOMMENDATION_ADULTS_CHRONIC,12_MONTHS,,,,,,,,EJRF
RUS,2024,POLICY_INTERVAL,PW,-4444,,,,,,,,EJRF
RUS,2024,POLICY_INTERVAL,POLICY_RECOMMENDATION_HCW,-4444,,,,,,,,EJRF
RUS,2024,POLICY_INTERVAL,POLICY_RECOMMENDATION_CA,-4444,,,,,,,,EJRF
RUS,2024,POLICY_INTERVAL,POLICY_RECOMMENDATION_CA_CHRONIC,-4444,,,,,,,,EJRF
RUS,2024,POLICY_INTERVAL,OTHER_GROUPS,-4444,,,,,,,,EJRF
BTN,2024,POLICY_VACCINATION_COM,POLICY_RECOMMENDATION_ELDERLY,-4444,,,,,,,,EJRF
BTN,2024,POLICY_VACCINATION_COM,POLICY_RECOMMENDATION_ELDERLY_CHRONIC,-4444,,,,,,,,EJRF
BTN,2024,POLICY_VACCINATION_COM,POLICY_RECOMMENDATION_ADULTS,-4444,,,,,,,,EJRF
BTN,2024,POLICY_VACCINATION_COM,POLICY_RECOMMENDATION_ADULTS_CHRONIC,-4444,,,,,,,,EJRF
BTN,2024,POLICY_VACCINATION_COM,PW,-4444,,,,,,,,EJRF
BTN,2024,POLICY_VACCINATION_COM,POLICY_RECOMMENDATION_HCW,-4444,,,,,,,,EJRF
BTN,2024,POLICY_VACCINATION_COM,POLICY_RECOMMENDATION_CA,-4444,,,,,,,,EJRF
BTN,2024,POLICY_VACCINATION_COM,POLICY_RECOMMENDATION_CA_CHRONIC,-4444,,,,,,,,EJRF
BTN,2024,POLICY_VACCINATION_COM,OTHER_GROUPS,-4444,,,,,,,,EJRF
HKG,2024,POLICY_VACCINATION_COM,POLICY_RECOMMENDATION_CA_CHRONIC,please see notes. Immunocompromising conditions,,,,,,,,EJRF
HKG,2024,POLICY_VACCINATION_COM,OTHER_GROUPS,Persons with immunocompromising conditions aged 6 months and above. Please see notes.,,,,,,,,EJRF
HKG,2024,POLICY_VACCINATION_COM,POLICY_RECOMMENDATION_CA,Please see notes,,,,,,,,EJRF
HKG,2024,POLICY_VACCINATION_COM,POLICY_RECOMMENDATION_HCW,please see notes,,,,,,,,EJRF
HKG,2024,POLICY_VACCINATION_COM,POLICY_RECOMMENDATION_ELDERLY,please see notes. 50 years and above,,,,,,,,EJRF
HKG,2024,POLICY_VACCINATION_COM,POLICY_RECOMMENDATION_ELDERLY_CHRONIC,please see notes. 50 years and above,,,,,,,,EJRF
HKG,2024,POLICY_VACCINATION_COM,POLICY_RECOMMENDATION_ADULTS,Please see notes,,,,,,,,EJRF
HKG,2024,POLICY_VACCINATION_COM,POLICY_RECOMMENDATION_ADULTS_CHRONIC,please see notes,,,,,,,,EJRF
HKG,2024,POLICY_VACCINATION_COM,PW,please see notes. Once during each pregnancy,,,,,,,,EJRF
CZE,2024,POLICY_VACCINATION_COM,POLICY_RECOMMENDATION_ELDERLY,"60+ years; Vaccination is recommended, regardless of the number of doses of COVID-19 vaccine administered in the past.",,,,,,,,EJRF
CZE,2024,POLICY_VACCINATION_COM,POLICY_RECOMMENDATION_ELDERLY_CHRONIC,"Vaccination is recommended, regardless of the number of doses of COVID-19 vaccine administered in the past.",,,,,,,,EJRF
CZE,2024,POLICY_VACCINATION_COM,POLICY_RECOMMENDATION_ADULTS,"Vaccination of healthy children from 6 months of age and adults up to 60 years of age is recommended based on an individual assessment of possible risk factors and a clinical decision, taking into account the preferences of the vaccinated person/legal representative.",,,,,,,,EJRF
CZE,2024,POLICY_VACCINATION_COM,POLICY_RECOMMENDATION_ADULTS_CHRONIC,"Vaccination is recommended, regardless of the number of doses of COVID-19 vaccine administered in the past.",,,,,,,,EJRF
CZE,2024,POLICY_VACCINATION_COM,PW,"Vaccination is recommended, regardless of the number of doses of COVID-19 vaccine administered in the past.",,,,,,,,EJRF
CZE,2024,POLICY_VACCINATION_COM,POLICY_RECOMMENDATION_HCW,"Vaccination is recommended, regardless of the number of doses of COVID-19 vaccine administered in the past.",,,,,,,,EJRF
CZE,2024,POLICY_VACCINATION_COM,POLICY_RECOMMENDATION_CA,"Vaccination of healthy children from 6 months of age and adults up to 60 years of age is recommended based on an individual assessment of possible risk factors and a clinical decision, taking into account the preferences of the vaccinated person/legal representative.",,,,,,,,EJRF
CZE,2024,POLICY_VACCINATION_COM,POLICY_RECOMMENDATION_CA_CHRONIC,immunocompromised persons aged 6 months and older,,,,,,,,EJRF
CZE,2024,POLICY_VACCINATION_COM,OTHER_GROUPS,,,,,,,,,EJRF
RUS,2024,POLICY_VACCINATION_COM,POLICY_RECOMMENDATION_ELDERLY,-4444,,,,,,,,EJRF
RUS,2024,POLICY_VACCINATION_COM,POLICY_RECOMMENDATION_ELDERLY_CHRONIC,-4444,,,,,,,,EJRF
RUS,2024,POLICY_VACCINATION_COM,POLICY_RECOMMENDATION_ADULTS,-4444,,,,,,,,EJRF
RUS,2024,POLICY_VACCINATION_COM,POLICY_RECOMMENDATION_ADULTS_CHRONIC,-4444,,,,,,,,EJRF
RUS,2024,POLICY_VACCINATION_COM,PW,-4444,,,,,,,,EJRF
RUS,2024,POLICY_VACCINATION_COM,POLICY_RECOMMENDATION_HCW,-4444,,,,,,,,EJRF
RUS,2024,POLICY_VACCINATION_COM,POLICY_RECOMMENDATION_CA,-4444,,,,,,,,EJRF
RUS,2024,POLICY_VACCINATION_COM,POLICY_RECOMMENDATION_CA_CHRONIC,-4444,,,,,,,,EJRF
RUS,2024,POLICY_VACCINATION_COM,OTHER_GROUPS,-4444,,,,,,,,EJRF
BFA,2024,POLICY_VACCINATION,POLICY_RECOMMENDATION_ELDERLY,YES,,,,,,,,EJRF
BFA,2024,POLICY_VACCINATION,POLICY_RECOMMENDATION_ELDERLY_CHRONIC,YES,,,,,,,,EJRF
BFA,2024,POLICY_VACCINATION,POLICY_RECOMMENDATION_ADULTS,NO,,,,,,,,EJRF
BFA,2024,POLICY_VACCINATION,POLICY_RECOMMENDATION_ADULTS_CHRONIC,YES,,,,,,,,EJRF
BFA,2024,POLICY_VACCINATION,PW,NO,,,,,,,,EJRF
BFA,2024,POLICY_VACCINATION,POLICY_RECOMMENDATION_HCW,YES,,,,,,,,EJRF
BFA,2024,POLICY_VACCINATION,POLICY_RECOMMENDATION_CA,NO,,,,,,,,EJRF
BFA,2024,POLICY_VACCINATION,POLICY_RECOMMENDATION_CA_CHRONIC,NO,,,,,,,,EJRF
BFA,2024,POLICY_VACCINATION,OTHER_GROUPS,-4444,,,,,,,,EJRF
CIV,2024,POLICY_VACCINATION,OTHER_GROUPS,YES,,,,,,,,EJRF
CIV,2024,POLICY_VACCINATION,POLICY_RECOMMENDATION_ELDERLY,YES,,,,,,,,EJRF
CIV,2024,POLICY_VACCINATION,POLICY_RECOMMENDATION_ELDERLY_CHRONIC,YES,,,,,,,,EJRF
CIV,2024,POLICY_VACCINATION,POLICY_RECOMMENDATION_ADULTS,YES,,,,,,,,EJRF
CIV,2024,POLICY_VACCINATION,POLICY_RECOMMENDATION_ADULTS_CHRONIC,YES,,,,,,,,EJRF
CIV,2024,POLICY_VACCINATION,PW,YES,,,,,,,,EJRF
CIV,2024,POLICY_VACCINATION,POLICY_RECOMMENDATION_HCW,YES,,,,,,,,EJRF
CIV,2024,POLICY_VACCINATION,POLICY_RECOMMENDATION_CA,YES,,,,,,,,EJRF
CIV,2024,POLICY_VACCINATION,POLICY_RECOMMENDATION_CA_CHRONIC,YES,,,,,,,,EJRF
SAU,2024,POLICY_VACCINATION,OTHER_GROUPS,YES,,,,,,,,EJRF
SAU,2024,POLICY_VACCINATION,POLICY_RECOMMENDATION_ELDERLY,YES,,,,,,,,EJRF
SAU,2024,POLICY_VACCINATION,POLICY_RECOMMENDATION_ELDERLY_CHRONIC,YES,,,,,,,,EJRF
SAU,2024,POLICY_VACCINATION,POLICY_RECOMMENDATION_ADULTS,NO,,,,,,,,EJRF
SAU,2024,POLICY_VACCINATION,POLICY_RECOMMENDATION_ADULTS_CHRONIC,YES,,,,,,,,EJRF
SAU,2024,POLICY_VACCINATION,PW,YES,,,,,,,,EJRF
SAU,2024,POLICY_VACCINATION,POLICY_RECOMMENDATION_HCW,YES,,,,,,,,EJRF
SAU,2024,POLICY_VACCINATION,POLICY_RECOMMENDATION_CA,NO,,,,,,,,EJRF
SAU,2024,POLICY_VACCINATION,POLICY_RECOMMENDATION_CA_CHRONIC,NO,,,,,,,,EJRF
ESP,2024,POLICY_VACCINATION,POLICY_RECOMMENDATION_ELDERLY,YES,,,,,,,,EJRF
ESP,2024,POLICY_VACCINATION,POLICY_RECOMMENDATION_ELDERLY_CHRONIC,YES,,,,,,,,EJRF
ESP,2024,POLICY_VACCINATION,POLICY_RECOMMENDATION_ADULTS,YES,,,,,,,,EJRF
ESP,2024,POLICY_VACCINATION,POLICY_RECOMMENDATION_ADULTS_CHRONIC,YES,,,,,,,,EJRF
ESP,2024,POLICY_VACCINATION,PW,YES,,,,,,,,EJRF
ESP,2024,POLICY_VACCINATION,POLICY_RECOMMENDATION_HCW,YES,,,,,,,,EJRF
ESP,2024,POLICY_VACCINATION,POLICY_RECOMMENDATION_CA,NO,,,,,,,,EJRF
ESP,2024,POLICY_VACCINATION,POLICY_RECOMMENDATION_CA_CHRONIC,YES,,,,,,,,EJRF
ESP,2024,POLICY_VACCINATION,OTHER_GROUPS,NO,,,,,,,,EJRF
BFA,2024,POLICY_REVACCINATION,POLICY_RECOMMENDATION_ELDERLY,NO,,,,,,,,EJRF
BFA,2024,POLICY_REVACCINATION,POLICY_RECOMMENDATION_ELDERLY_CHRONIC,YES,,,,,,,,EJRF
BFA,2024,POLICY_REVACCINATION,POLICY_RECOMMENDATION_ADULTS,NO,,,,,,,,EJRF
BFA,2024,POLICY_REVACCINATION,POLICY_RECOMMENDATION_ADULTS_CHRONIC,NO,,,,,,,,EJRF
BFA,2024,POLICY_REVACCINATION,PW,,,,,,,,,EJRF
BFA,2024,POLICY_REVACCINATION,POLICY_RECOMMENDATION_HCW,NO,,,,,,,,EJRF
BFA,2024,POLICY_REVACCINATION,POLICY_RECOMMENDATION_CA,NO,,,,,,,,EJRF
BFA,2024,POLICY_REVACCINATION,POLICY_RECOMMENDATION_CA_CHRONIC,NO,,,,,,,,EJRF
BFA,2024,POLICY_REVACCINATION,OTHER_GROUPS,-4444,,,,,,,,EJRF
CIV,2024,POLICY_REVACCINATION,OTHER_GROUPS,YES,,,,,,,,EJRF
CIV,2024,POLICY_REVACCINATION,POLICY_RECOMMENDATION_ELDERLY,YES,,,,,,,,EJRF
CIV,2024,POLICY_REVACCINATION,POLICY_RECOMMENDATION_ELDERLY_CHRONIC,YES,,,,,,,,EJRF
CIV,2024,POLICY_REVACCINATION,POLICY_RECOMMENDATION_ADULTS,YES,,,,,,,,EJRF
CIV,2024,POLICY_REVACCINATION,POLICY_RECOMMENDATION_ADULTS_CHRONIC,YES,,,,,,,,EJRF
CIV,2024,POLICY_REVACCINATION,PW,YES,,,,,,,,EJRF
CIV,2024,POLICY_REVACCINATION,POLICY_RECOMMENDATION_HCW,YES,,,,,,,,EJRF
CIV,2024,POLICY_REVACCINATION,POLICY_RECOMMENDATION_CA,YES,,,,,,,,EJRF
CIV,2024,POLICY_REVACCINATION,POLICY_RECOMMENDATION_CA_CHRONIC,YES,,,,,,,,EJRF
SAU,2024,POLICY_REVACCINATION,OTHER_GROUPS,YES,,,,,,,,EJRF
SAU,2024,POLICY_REVACCINATION,POLICY_RECOMMENDATION_ELDERLY,YES,,,,,,,,EJRF
SAU,2024,POLICY_REVACCINATION,POLICY_RECOMMENDATION_ELDERLY_CHRONIC,YES,,,,,,,,EJRF
SAU,2024,POLICY_REVACCINATION,POLICY_RECOMMENDATION_ADULTS,NO,,,,,,,,EJRF
SAU,2024,POLICY_REVACCINATION,POLICY_RECOMMENDATION_ADULTS_CHRONIC,YES,,,,,,,,EJRF
SAU,2024,POLICY_REVACCINATION,PW,YES,,,,,,,,EJRF
SAU,2024,POLICY_REVACCINATION,POLICY_RECOMMENDATION_HCW,YES,,,,,,,,EJRF
SAU,2024,POLICY_REVACCINATION,POLICY_RECOMMENDATION_CA,NO,,,,,,,,EJRF
SAU,2024,POLICY_REVACCINATION,POLICY_RECOMMENDATION_CA_CHRONIC,,,,,,,,,EJRF
ESP,2024,POLICY_REVACCINATION,POLICY_RECOMMENDATION_ELDERLY,YES,,,,,,,,EJRF
ESP,2024,POLICY_REVACCINATION,POLICY_RECOMMENDATION_ELDERLY_CHRONIC,YES,,,,,,,,EJRF
ESP,2024,POLICY_REVACCINATION,POLICY_RECOMMENDATION_ADULTS,NO,,,,,,,,EJRF
ESP,2024,POLICY_REVACCINATION,POLICY_RECOMMENDATION_ADULTS_CHRONIC,YES,,,,,,,,EJRF
ESP,2024,POLICY_REVACCINATION,PW,YES,,,,,,,,EJRF
ESP,2024,POLICY_REVACCINATION,POLICY_RECOMMENDATION_HCW,YES,,,,,,,,EJRF
ESP,2024,POLICY_REVACCINATION,POLICY_RECOMMENDATION_CA,NO,,,,,,,,EJRF
ESP,2024,POLICY_REVACCINATION,POLICY_RECOMMENDATION_CA_CHRONIC,YES,,,,,,,,EJRF
ESP,2024,POLICY_REVACCINATION,OTHER_GROUPS,-2222,,,,,,,,EJRF
BFA,2024,POLICY_INTERVAL,POLICY_RECOMMENDATION_ELDERLY,-4444,,,,,,,,EJRF
BFA,2024,POLICY_INTERVAL,POLICY_RECOMMENDATION_ELDERLY_CHRONIC,-4444,,,,,,,,EJRF
BFA,2024,POLICY_INTERVAL,POLICY_RECOMMENDATION_ADULTS,-4444,,,,,,,,EJRF
BFA,2024,POLICY_INTERVAL,POLICY_RECOMMENDATION_ADULTS_CHRONIC,-4444,,,,,,,,EJRF
BFA,2024,POLICY_INTERVAL,PW,-4444,,,,,,,,EJRF
BFA,2024,POLICY_INTERVAL,POLICY_RECOMMENDATION_HCW,-4444,,,,,,,,EJRF
BFA,2024,POLICY_INTERVAL,POLICY_RECOMMENDATION_CA,-4444,,,,,,,,EJRF
BFA,2024,POLICY_INTERVAL,POLICY_RECOMMENDATION_CA_CHRONIC,-4444,,,,,,,,EJRF
BFA,2024,POLICY_INTERVAL,OTHER_GROUPS,-4444,,,,,,,,EJRF
CIV,2024,POLICY_INTERVAL,OTHER_GROUPS,OTHER,,,,,,,,EJRF
CIV,2024,POLICY_INTERVAL,POLICY_RECOMMENDATION_ELDERLY,6_MONTHS,,,,,,,,EJRF
CIV,2024,POLICY_INTERVAL,POLICY_RECOMMENDATION_ELDERLY_CHRONIC,OTHER,,,,,,,,EJRF
CIV,2024,POLICY_INTERVAL,POLICY_RECOMMENDATION_ADULTS,OTHER,,,,,,,,EJRF
CIV,2024,POLICY_INTERVAL,POLICY_RECOMMENDATION_ADULTS_CHRONIC,OTHER,,,,,,,,EJRF
CIV,2024,POLICY_INTERVAL,PW,OTHER,,,,,,,,EJRF
CIV,2024,POLICY_INTERVAL,POLICY_RECOMMENDATION_HCW,OTHER,,,,,,,,EJRF
CIV,2024,POLICY_INTERVAL,POLICY_RECOMMENDATION_CA,OTHER,,,,,,,,EJRF
CIV,2024,POLICY_INTERVAL,POLICY_RECOMMENDATION_CA_CHRONIC,OTHER,,,,,,,,EJRF
SAU,2024,POLICY_INTERVAL,OTHER_GROUPS,12_MONTHS,,,,,,,,EJRF
SAU,2024,POLICY_INTERVAL,POLICY_RECOMMENDATION_ELDERLY,12_MONTHS,,,,,,,,EJRF
SAU,2024,POLICY_INTERVAL,POLICY_RECOMMENDATION_ELDERLY_CHRONIC,12_MONTHS,,,,,,,,EJRF
SAU,2024,POLICY_INTERVAL,POLICY_RECOMMENDATION_ADULTS,,,,,,,,,EJRF
SAU,2024,POLICY_INTERVAL,POLICY_RECOMMENDATION_ADULTS_CHRONIC,12_MONTHS,,,,,,,,EJRF
SAU,2024,POLICY_INTERVAL,PW,12_MONTHS,,,,,,,,EJRF
SAU,2024,POLICY_INTERVAL,POLICY_RECOMMENDATION_HCW,12_MONTHS,,,,,,,,EJRF
SAU,2024,POLICY_INTERVAL,POLICY_RECOMMENDATION_CA,,,,,,,,,EJRF
SAU,2024,POLICY_INTERVAL,POLICY_RECOMMENDATION_CA_CHRONIC,,,,,,,,,EJRF
ESP,2024,POLICY_INTERVAL,POLICY_RECOMMENDATION_ELDERLY,12_MONTHS,,,,,,,,EJRF
ESP,2024,POLICY_INTERVAL,POLICY_RECOMMENDATION_ELDERLY_CHRONIC,12_MONTHS,,,,,,,,EJRF
ESP,2024,POLICY_INTERVAL,POLICY_RECOMMENDATION_ADULTS,-2222,,,,,,,,EJRF
ESP,2024,POLICY_INTERVAL,POLICY_RECOMMENDATION_ADULTS_CHRONIC,12_MONTHS,,,,,,,,EJRF
ESP,2024,POLICY_INTERVAL,PW,12_MONTHS,,,,,,,,EJRF
ESP,2024,POLICY_INTERVAL,POLICY_RECOMMENDATION_HCW,12_MONTHS,,,,,,,,EJRF
ESP,2024,POLICY_INTERVAL,POLICY_RECOMMENDATION_CA,-2222,,,,,,,,EJRF
ESP,2024,POLICY_INTERVAL,POLICY_RECOMMENDATION_CA_CHRONIC,12_MONTHS,,,,,,,,EJRF
ESP,2024,POLICY_INTERVAL,OTHER_GROUPS,-2222,,,,,,,,EJRF
BFA,2024,POLICY_VACCINATION_COM,POLICY_RECOMMENDATION_ELDERLY,-4444,,,,,,,,EJRF
BFA,2024,POLICY_VACCINATION_COM,POLICY_RECOMMENDATION_ELDERLY_CHRONIC,-4444,,,,,,,,EJRF
BFA,2024,POLICY_VACCINATION_COM,POLICY_RECOMMENDATION_ADULTS,-4444,,,,,,,,EJRF
BFA,2024,POLICY_VACCINATION_COM,POLICY_RECOMMENDATION_ADULTS_CHRONIC,-4444,,,,,,,,EJRF
BFA,2024,POLICY_VACCINATION_COM,PW,-4444,,,,,,,,EJRF
BFA,2024,POLICY_VACCINATION_COM,POLICY_RECOMMENDATION_HCW,-4444,,,,,,,,EJRF
BFA,2024,POLICY_VACCINATION_COM,POLICY_RECOMMENDATION_CA,-4444,,,,,,,,EJRF
BFA,2024,POLICY_VACCINATION_COM,POLICY_RECOMMENDATION_CA_CHRONIC,-4444,,,,,,,,EJRF
BFA,2024,POLICY_VACCINATION_COM,OTHER_GROUPS,-4444,,,,,,,,EJRF
CIV,2024,POLICY_VACCINATION_COM,OTHER_GROUPS,"Selon les directives, Après la 1ère il faudrait administrer à tous ces autres groupes la 2e dose à : 8 semaines pour le Pfizer, 12 semaines pour l'Astrazéneca et 4 semaines pour le Sinopharm  et  le Johnson & Johnson  en une dose.  La dose de rappel ou booster est administrée 6 mois plutard après les doses primaires. ",,,,,,,,EJRF
CIV,2024,POLICY_VACCINATION_COM,POLICY_RECOMMENDATION_ELDERLY,"Directies pour l'Astrazéneca, 4 semaines pour le Sinopharm et  le Johnson & Johnson  en une dose.  la dose de rappel ou booster est administrée 6 mois plutard après les doses primaires. ",,,,,,,,EJRF
CIV,2024,POLICY_VACCINATION_COM,POLICY_RECOMMENDATION_ELDERLY_CHRONIC,"Selon les directives, Après la 1ère il faudrait administrer aux personnes agées atteintes de maladies chronique la 2e dose à : 8 semaines pour le Pfizer, 12 semaines pour l'Astrazéneca, 4 semaines pour le Sinopharm et le Johnson & Johnson  en une dose.  la dose de rappel ou booster est administrée 6 mois plutard après les doses primaires. ",,,,,,,,EJRF
CIV,2024,POLICY_VACCINATION_COM,POLICY_RECOMMENDATION_ADULTS,"Selon les directives, Après la 1ère il faudrait administrer à tous les adultes la 2e dose à : 8 semaines pour le Pfizer, 12 semaines pour l'Astrazéneca, 4 semaines pour le Sinopharm et  le Johnson & Johnson  en une dose.  la dose de rappel ou booster est administrée 6 mois plutard après les doses primaires. ",,,,,,,,EJRF
CIV,2024,POLICY_VACCINATION_COM,POLICY_RECOMMENDATION_ADULTS_CHRONIC,"Selon les directives, Après la 1ère il faudrait administer à tous les adultes la 2e dose à : 8 semaines pour le Pfizer, 12 semaines pour l'Astrazéneca,  4 semaines pour le Sinopharm et  le Johnson & Johnson  en une dose.  la dose de rappel ou booster est administrée 6 mois plutard après les doses primaires. ",,,,,,,,EJRF
CIV,2024,POLICY_VACCINATION_COM,PW,"Selon les directives les femmes enceintes ont droit aux vaccins ARN, qui est le vaccin Pfizer avec un intervalle de 8 semaine après la 1ère dose et une dose de rappel 6 mois plutard. ",,,,,,,,EJRF
CIV,2024,POLICY_VACCINATION_COM,POLICY_RECOMMENDATION_HCW,"Selon les directives, Après la 1ère il faudrait administer la 2e dose à : 8 semaines pour le Pfizer, 12 semaines pour Astrazénéca et  le Johnson & Johnson  en une dose.  La dose de rappel ou booster est administrée 6 mois plutard après les doses primaires. ",,,,,,,,EJRF
CIV,2024,POLICY_VACCINATION_COM,POLICY_RECOMMENDATION_CA,Les doses de vaccin Covid en vaccin Pfizer s'administraient aux adolescents de 12 à 17 ans avec une 2e dose à un intervalle de 8 semaines après la 1ère dose.,,,,,,,,EJRF
CIV,2024,POLICY_VACCINATION_COM,POLICY_RECOMMENDATION_CA_CHRONIC,Les doses de vaccin Covid en vaccin Pfizer s'administraient aux adolescents de 12 à 17 ans atteints de maladies chronique avec une 2e dose à intervalle de 8 semaines après la 1ère dose. ,,,,,,,,EJRF
SAU,2024,POLICY_VACCINATION_COM,OTHER_GROUPS,For domestic pilgrims,,,,,,,,EJRF
SAU,2024,POLICY_VACCINATION_COM,POLICY_RECOMMENDATION_ELDERLY,-4444,,,,,,,,EJRF
SAU,2024,POLICY_VACCINATION_COM,POLICY_RECOMMENDATION_ELDERLY_CHRONIC,-4444,,,,,,,,EJRF
SAU,2024,POLICY_VACCINATION_COM,POLICY_RECOMMENDATION_ADULTS,,,,,,,,,EJRF
SAU,2024,POLICY_VACCINATION_COM,POLICY_RECOMMENDATION_ADULTS_CHRONIC,,,,,,,,,EJRF
SAU,2024,POLICY_VACCINATION_COM,PW,-4444,,,,,,,,EJRF
SAU,2024,POLICY_VACCINATION_COM,POLICY_RECOMMENDATION_HCW,-4444,,,,,,,,EJRF
SAU,2024,POLICY_VACCINATION_COM,POLICY_RECOMMENDATION_CA,,,,,,,,,EJRF
SAU,2024,POLICY_VACCINATION_COM,POLICY_RECOMMENDATION_CA_CHRONIC,,,,,,,,,EJRF
ESP,2024,POLICY_VACCINATION_COM,POLICY_RECOMMENDATION_ELDERLY,from 60 years of age,,,,,,,,EJRF
ESP,2024,POLICY_VACCINATION_COM,POLICY_RECOMMENDATION_ELDERLY_CHRONIC,,,,,,,,,EJRF
ESP,2024,POLICY_VACCINATION_COM,POLICY_RECOMMENDATION_ADULTS,-2222,,,,,,,,EJRF
ESP,2024,POLICY_VACCINATION_COM,POLICY_RECOMMENDATION_ADULTS_CHRONIC,,,,,,,,,EJRF
ESP,2024,POLICY_VACCINATION_COM,PW,autumn seasonal vaccination,,,,,,,,EJRF
ESP,2024,POLICY_VACCINATION_COM,POLICY_RECOMMENDATION_HCW,autumn seasonal vaccination,,,,,,,,EJRF
ESP,2024,POLICY_VACCINATION_COM,POLICY_RECOMMENDATION_CA,,,,,,,,,EJRF
ESP,2024,POLICY_VACCINATION_COM,POLICY_RECOMMENDATION_CA_CHRONIC,from 12 years of age,,,,,,,,EJRF
ESP,2024,POLICY_VACCINATION_COM,OTHER_GROUPS,-2222,,,,,,,,EJRF
BHR,2024,POLICY_VACCINATION,POLICY_RECOMMENDATION_ELDERLY,YES,,,,,,,,EJRF
BHR,2024,POLICY_VACCINATION,POLICY_RECOMMENDATION_ELDERLY_CHRONIC,YES,,,,,,,,EJRF
BHR,2024,POLICY_VACCINATION,POLICY_RECOMMENDATION_ADULTS,YES,,,,,,,,EJRF
BHR,2024,POLICY_VACCINATION,POLICY_RECOMMENDATION_ADULTS_CHRONIC,YES,,,,,,,,EJRF
BHR,2024,POLICY_VACCINATION,PW,YES,,,,,,,,EJRF
BHR,2024,POLICY_VACCINATION,POLICY_RECOMMENDATION_HCW,YES,,,,,,,,EJRF
BHR,2024,POLICY_VACCINATION,POLICY_RECOMMENDATION_CA,YES,,,,,,,,EJRF
BHR,2024,POLICY_VACCINATION,POLICY_RECOMMENDATION_CA_CHRONIC,YES,,,,,,,,EJRF
BHR,2024,POLICY_VACCINATION,OTHER_GROUPS,YES,,,,,,,,EJRF
CUB,2024,POLICY_VACCINATION,POLICY_RECOMMENDATION_ADULTS,-2222,,,,,,,,EJRF
CUB,2024,POLICY_VACCINATION,POLICY_RECOMMENDATION_ADULTS_CHRONIC,-2222,,,,,,,,EJRF
CUB,2024,POLICY_VACCINATION,PW,-2222,,,,,,,,EJRF
CUB,2024,POLICY_VACCINATION,POLICY_RECOMMENDATION_HCW,-2222,,,,,,,,EJRF
CUB,2024,POLICY_VACCINATION,POLICY_RECOMMENDATION_CA,-2222,,,,,,,,EJRF
CUB,2024,POLICY_VACCINATION,POLICY_RECOMMENDATION_CA_CHRONIC,-2222,,,,,,,,EJRF
CUB,2024,POLICY_VACCINATION,OTHER_GROUPS,-2222,,,,,,,,EJRF
CUB,2024,POLICY_VACCINATION,POLICY_RECOMMENDATION_ELDERLY,-2222,,,,,,,,EJRF
CUB,2024,POLICY_VACCINATION,POLICY_RECOMMENDATION_ELDERLY_CHRONIC,-2222,,,,,,,,EJRF
DNK,2024,POLICY_VACCINATION,POLICY_RECOMMENDATION_ELDERLY,YES,,,,,,,,EJRF
DNK,2024,POLICY_VACCINATION,POLICY_RECOMMENDATION_ELDERLY_CHRONIC,YES,,,,,,,,EJRF
DNK,2024,POLICY_VACCINATION,POLICY_RECOMMENDATION_ADULTS_CHRONIC,YES,,,,,,,,EJRF
DNK,2024,POLICY_VACCINATION,PW,YES,,,,,,,,EJRF
DNK,2024,POLICY_VACCINATION,POLICY_RECOMMENDATION_HCW,NO,,,,,,,,EJRF
DNK,2024,POLICY_VACCINATION,POLICY_RECOMMENDATION_CA,NO,,,,,,,,EJRF
DNK,2024,POLICY_VACCINATION,POLICY_RECOMMENDATION_CA_CHRONIC,YES,,,,,,,,EJRF
DNK,2024,POLICY_VACCINATION,OTHER_GROUPS,YES,,,,,,,,EJRF
DNK,2024,POLICY_VACCINATION,POLICY_RECOMMENDATION_ADULTS,NO,,,,,,,,EJRF
DMA,2024,POLICY_VACCINATION,PW,YES,,,,,,,,EJRF
DMA,2024,POLICY_VACCINATION,POLICY_RECOMMENDATION_HCW,YES,,,,,,,,EJRF
DMA,2024,POLICY_VACCINATION,POLICY_RECOMMENDATION_CA,YES,,,,,,,,EJRF
DMA,2024,POLICY_VACCINATION,POLICY_RECOMMENDATION_CA_CHRONIC,YES,,,,,,,,EJRF
DMA,2024,POLICY_VACCINATION,OTHER_GROUPS,YES,,,,,,,,EJRF
DMA,2024,POLICY_VACCINATION,POLICY_RECOMMENDATION_ELDERLY,YES,,,,,,,,EJRF
DMA,2024,POLICY_VACCINATION,POLICY_RECOMMENDATION_ELDERLY_CHRONIC,YES,,,,,,,,EJRF
DMA,2024,POLICY_VACCINATION,POLICY_RECOMMENDATION_ADULTS,YES,,,,,,,,EJRF
DMA,2024,POLICY_VACCINATION,POLICY_RECOMMENDATION_ADULTS_CHRONIC,YES,,,,,,,,EJRF
IRQ,2024,POLICY_VACCINATION,POLICY_RECOMMENDATION_ELDERLY,YES,,,,,,,,EJRF
IRQ,2024,POLICY_VACCINATION,POLICY_RECOMMENDATION_ELDERLY_CHRONIC,YES,,,,,,,,EJRF
IRQ,2024,POLICY_VACCINATION,POLICY_RECOMMENDATION_ADULTS,YES,,,,,,,,EJRF
IRQ,2024,POLICY_VACCINATION,POLICY_RECOMMENDATION_ADULTS_CHRONIC,YES,,,,,,,,EJRF
IRQ,2024,POLICY_VACCINATION,PW,YES,,,,,,,,EJRF
IRQ,2024,POLICY_VACCINATION,POLICY_RECOMMENDATION_HCW,YES,,,,,,,,EJRF
IRQ,2024,POLICY_VACCINATION,POLICY_RECOMMENDATION_CA,-4444,,,,,,,,EJRF
IRQ,2024,POLICY_VACCINATION,POLICY_RECOMMENDATION_CA_CHRONIC,-4444,,,,,,,,EJRF
IRQ,2024,POLICY_VACCINATION,OTHER_GROUPS,-4444,,,,,,,,EJRF
JOR,2024,POLICY_VACCINATION,POLICY_RECOMMENDATION_ELDERLY,YES,,,,,,,,EJRF
JOR,2024,POLICY_VACCINATION,POLICY_RECOMMENDATION_ELDERLY_CHRONIC,YES,,,,,,,,EJRF
JOR,2024,POLICY_VACCINATION,POLICY_RECOMMENDATION_ADULTS,YES,,,,,,,,EJRF
JOR,2024,POLICY_VACCINATION,POLICY_RECOMMENDATION_ADULTS_CHRONIC,YES,,,,,,,,EJRF
JOR,2024,POLICY_VACCINATION,PW,YES,,,,,,,,EJRF
JOR,2024,POLICY_VACCINATION,POLICY_RECOMMENDATION_HCW,YES,,,,,,,,EJRF
JOR,2024,POLICY_VACCINATION,POLICY_RECOMMENDATION_CA,-2222,,,,,,,,EJRF
JOR,2024,POLICY_VACCINATION,POLICY_RECOMMENDATION_CA_CHRONIC,YES,,,,,,,,EJRF
JOR,2024,POLICY_VACCINATION,OTHER_GROUPS,-2222,,,,,,,,EJRF
SSD,2024,POLICY_VACCINATION,POLICY_RECOMMENDATION_ELDERLY,YES,,,,,,,,EJRF
SSD,2024,POLICY_VACCINATION,POLICY_RECOMMENDATION_HCW,YES,,,,,,,,EJRF
SSD,2024,POLICY_VACCINATION,POLICY_RECOMMENDATION_ELDERLY_CHRONIC,YES,,,,,,,,EJRF
SSD,2024,POLICY_VACCINATION,POLICY_RECOMMENDATION_ADULTS,YES,,,,,,,,EJRF
SSD,2024,POLICY_VACCINATION,POLICY_RECOMMENDATION_ADULTS_CHRONIC,YES,,,,,,,,EJRF
SSD,2024,POLICY_VACCINATION,PW,YES,,,,,,,,EJRF
SSD,2024,POLICY_VACCINATION,POLICY_RECOMMENDATION_CA,-2222,,,,,,,,EJRF
SSD,2024,POLICY_VACCINATION,POLICY_RECOMMENDATION_CA_CHRONIC,-2222,,,,,,,,EJRF
SSD,2024,POLICY_VACCINATION,OTHER_GROUPS,,,,,,,,,EJRF
TKM,2024,POLICY_VACCINATION,POLICY_RECOMMENDATION_ADULTS,NO,,,,,,,,EJRF
TKM,2024,POLICY_VACCINATION,POLICY_RECOMMENDATION_ADULTS_CHRONIC,NO,,,,,,,,EJRF
TKM,2024,POLICY_VACCINATION,POLICY_RECOMMENDATION_CA,NO,,,,,,,,EJRF
TKM,2024,POLICY_VACCINATION,PW,NO,,,,,,,,EJRF
TKM,2024,POLICY_VACCINATION,POLICY_RECOMMENDATION_HCW,NO,,,,,,,,EJRF
TKM,2024,POLICY_VACCINATION,POLICY_RECOMMENDATION_CA_CHRONIC,NO,,,,,,,,EJRF
TKM,2024,POLICY_VACCINATION,OTHER_GROUPS,NO,,,,,,,,EJRF
TKM,2024,POLICY_VACCINATION,POLICY_RECOMMENDATION_ELDERLY,NO,,,,,,,,EJRF
TKM,2024,POLICY_VACCINATION,POLICY_RECOMMENDATION_ELDERLY_CHRONIC,NO,,,,,,,,EJRF
TUV,2024,POLICY_VACCINATION,POLICY_RECOMMENDATION_ELDERLY_CHRONIC,-2222,,,,,,,,EJRF
TUV,2024,POLICY_VACCINATION,POLICY_RECOMMENDATION_ADULTS,-2222,,,,,,,,EJRF
TUV,2024,POLICY_VACCINATION,POLICY_RECOMMENDATION_ADULTS_CHRONIC,-4444,,,,,,,,EJRF
TUV,2024,POLICY_VACCINATION,PW,-2222,,,,,,,,EJRF
TUV,2024,POLICY_VACCINATION,POLICY_RECOMMENDATION_HCW,-2222,,,,,,,,EJRF
TUV,2024,POLICY_VACCINATION,POLICY_RECOMMENDATION_CA,-4444,,,,,,,,EJRF
TUV,2024,POLICY_VACCINATION,POLICY_RECOMMENDATION_CA_CHRONIC,-4444,,,,,,,,EJRF
TUV,2024,POLICY_VACCINATION,OTHER_GROUPS,-4444,,,,,,,,EJRF
TUV,2024,POLICY_VACCINATION,POLICY_RECOMMENDATION_ELDERLY,NO,,,,,,,,EJRF
PSE,2024,POLICY_VACCINATION,POLICY_RECOMMENDATION_ADULTS_CHRONIC,,,,,,,,,EJRF
PSE,2024,POLICY_VACCINATION,PW,,,,,,,,,EJRF
PSE,2024,POLICY_VACCINATION,POLICY_RECOMMENDATION_HCW,,,,,,,,,EJRF
PSE,2024,POLICY_VACCINATION,POLICY_RECOMMENDATION_CA,,,,,,,,,EJRF
PSE,2024,POLICY_VACCINATION,POLICY_RECOMMENDATION_CA_CHRONIC,,,,,,,,,EJRF
PSE,2024,POLICY_VACCINATION,OTHER_GROUPS,,,,,,,,,EJRF
PSE,2024,POLICY_VACCINATION,POLICY_RECOMMENDATION_ELDERLY_CHRONIC,,,,,,,,,EJRF
PSE,2024,POLICY_VACCINATION,POLICY_RECOMMENDATION_ADULTS,,,,,,,,,EJRF
PSE,2024,POLICY_VACCINATION,POLICY_RECOMMENDATION_ELDERLY,,,,,,,,,EJRF
BHR,2024,POLICY_REVACCINATION,POLICY_RECOMMENDATION_ELDERLY,YES,,,,,,,,EJRF
BHR,2024,POLICY_REVACCINATION,POLICY_RECOMMENDATION_ELDERLY_CHRONIC,YES,,,,,,,,EJRF
BHR,2024,POLICY_REVACCINATION,POLICY_RECOMMENDATION_ADULTS,YES,,,,,,,,EJRF
BHR,2024,POLICY_REVACCINATION,POLICY_RECOMMENDATION_ADULTS_CHRONIC,YES,,,,,,,,EJRF
BHR,2024,POLICY_REVACCINATION,PW,YES,,,,,,,,EJRF
BHR,2024,POLICY_REVACCINATION,POLICY_RECOMMENDATION_HCW,YES,,,,,,,,EJRF
BHR,2024,POLICY_REVACCINATION,POLICY_RECOMMENDATION_CA,YES,,,,,,,,EJRF
BHR,2024,POLICY_REVACCINATION,POLICY_RECOMMENDATION_CA_CHRONIC,YES,,,,,,,,EJRF
BHR,2024,POLICY_REVACCINATION,OTHER_GROUPS,YES,,,,,,,,EJRF
CUB,2024,POLICY_REVACCINATION,POLICY_RECOMMENDATION_ADULTS,-2222,,,,,,,,EJRF
CUB,2024,POLICY_REVACCINATION,POLICY_RECOMMENDATION_ADULTS_CHRONIC,-2222,,,,,,,,EJRF
CUB,2024,POLICY_REVACCINATION,PW,-2222,,,,,,,,EJRF
CUB,2024,POLICY_REVACCINATION,POLICY_RECOMMENDATION_HCW,-2222,,,,,,,,EJRF
CUB,2024,POLICY_REVACCINATION,POLICY_RECOMMENDATION_CA,-2222,,,,,,,,EJRF
CUB,2024,POLICY_REVACCINATION,POLICY_RECOMMENDATION_CA_CHRONIC,-2222,,,,,,,,EJRF
CUB,2024,POLICY_REVACCINATION,OTHER_GROUPS,-2222,,,,,,,,EJRF
CUB,2024,POLICY_REVACCINATION,POLICY_RECOMMENDATION_ELDERLY,-2222,,,,,,,,EJRF
CUB,2024,POLICY_REVACCINATION,POLICY_RECOMMENDATION_ELDERLY_CHRONIC,-2222,,,,,,,,EJRF
DNK,2024,POLICY_REVACCINATION,POLICY_RECOMMENDATION_ELDERLY,YES,,,,,,,,EJRF
DNK,2024,POLICY_REVACCINATION,POLICY_RECOMMENDATION_ELDERLY_CHRONIC,YES,,,,,,,,EJRF
DNK,2024,POLICY_REVACCINATION,POLICY_RECOMMENDATION_ADULTS_CHRONIC,YES,,,,,,,,EJRF
DNK,2024,POLICY_REVACCINATION,PW,NO,,,,,,,,EJRF
DNK,2024,POLICY_REVACCINATION,POLICY_RECOMMENDATION_HCW,NO,,,,,,,,EJRF
DNK,2024,POLICY_REVACCINATION,POLICY_RECOMMENDATION_CA,NO,,,,,,,,EJRF
DNK,2024,POLICY_REVACCINATION,POLICY_RECOMMENDATION_CA_CHRONIC,NO,,,,,,,,EJRF
DNK,2024,POLICY_REVACCINATION,OTHER_GROUPS,YES,,,,,,,,EJRF
DNK,2024,POLICY_REVACCINATION,POLICY_RECOMMENDATION_ADULTS,NO,,,,,,,,EJRF
DMA,2024,POLICY_REVACCINATION,PW,YES,,,,,,,,EJRF
DMA,2024,POLICY_REVACCINATION,POLICY_RECOMMENDATION_HCW,YES,,,,,,,,EJRF
DMA,2024,POLICY_REVACCINATION,POLICY_RECOMMENDATION_CA,YES,,,,,,,,EJRF
DMA,2024,POLICY_REVACCINATION,POLICY_RECOMMENDATION_CA_CHRONIC,YES,,,,,,,,EJRF
DMA,2024,POLICY_REVACCINATION,OTHER_GROUPS,YES,,,,,,,,EJRF
DMA,2024,POLICY_REVACCINATION,POLICY_RECOMMENDATION_ELDERLY,YES,,,,,,,,EJRF
DMA,2024,POLICY_REVACCINATION,POLICY_RECOMMENDATION_ELDERLY_CHRONIC,YES,,,,,,,,EJRF
DMA,2024,POLICY_REVACCINATION,POLICY_RECOMMENDATION_ADULTS,YES,,,,,,,,EJRF
DMA,2024,POLICY_REVACCINATION,POLICY_RECOMMENDATION_ADULTS_CHRONIC,YES,,,,,,,,EJRF
IRQ,2024,POLICY_REVACCINATION,POLICY_RECOMMENDATION_ELDERLY,YES,,,,,,,,EJRF
IRQ,2024,POLICY_REVACCINATION,POLICY_RECOMMENDATION_ELDERLY_CHRONIC,YES,,,,,,,,EJRF
IRQ,2024,POLICY_REVACCINATION,POLICY_RECOMMENDATION_ADULTS,YES,,,,,,,,EJRF
IRQ,2024,POLICY_REVACCINATION,POLICY_RECOMMENDATION_ADULTS_CHRONIC,YES,,,,,,,,EJRF
IRQ,2024,POLICY_REVACCINATION,PW,YES,,,,,,,,EJRF
IRQ,2024,POLICY_REVACCINATION,POLICY_RECOMMENDATION_HCW,YES,,,,,,,,EJRF
IRQ,2024,POLICY_REVACCINATION,POLICY_RECOMMENDATION_CA,,,,,,,,,EJRF
IRQ,2024,POLICY_REVACCINATION,POLICY_RECOMMENDATION_CA_CHRONIC,,,,,,,,,EJRF
IRQ,2024,POLICY_REVACCINATION,OTHER_GROUPS,,,,,,,,,EJRF
JOR,2024,POLICY_REVACCINATION,POLICY_RECOMMENDATION_ELDERLY,NO,,,,,,,,EJRF
JOR,2024,POLICY_REVACCINATION,POLICY_RECOMMENDATION_ELDERLY_CHRONIC,-2222,,,,,,,,EJRF
JOR,2024,POLICY_REVACCINATION,POLICY_RECOMMENDATION_ADULTS,-2222,,,,,,,,EJRF
JOR,2024,POLICY_REVACCINATION,POLICY_RECOMMENDATION_ADULTS_CHRONIC,-2222,,,,,,,,EJRF
JOR,2024,POLICY_REVACCINATION,PW,-2222,,,,,,,,EJRF
JOR,2024,POLICY_REVACCINATION,POLICY_RECOMMENDATION_HCW,-2222,,,,,,,,EJRF
JOR,2024,POLICY_REVACCINATION,POLICY_RECOMMENDATION_CA,-2222,,,,,,,,EJRF
JOR,2024,POLICY_REVACCINATION,POLICY_RECOMMENDATION_CA_CHRONIC,-2222,,,,,,,,EJRF
JOR,2024,POLICY_REVACCINATION,OTHER_GROUPS,-2222,,,,,,,,EJRF
SSD,2024,POLICY_REVACCINATION,POLICY_RECOMMENDATION_ELDERLY,YES,,,,,,,,EJRF
SSD,2024,POLICY_REVACCINATION,POLICY_RECOMMENDATION_HCW,YES,,,,,,,,EJRF
SSD,2024,POLICY_REVACCINATION,POLICY_RECOMMENDATION_ELDERLY_CHRONIC,YES,,,,,,,,EJRF
SSD,2024,POLICY_REVACCINATION,POLICY_RECOMMENDATION_ADULTS,YES,,,,,,,,EJRF
SSD,2024,POLICY_REVACCINATION,POLICY_RECOMMENDATION_ADULTS_CHRONIC,YES,,,,,,,,EJRF
SSD,2024,POLICY_REVACCINATION,PW,YES,,,,,,,,EJRF
SSD,2024,POLICY_REVACCINATION,POLICY_RECOMMENDATION_CA,-2222,,,,,,,,EJRF
SSD,2024,POLICY_REVACCINATION,POLICY_RECOMMENDATION_CA_CHRONIC,-2222,,,,,,,,EJRF
SSD,2024,POLICY_REVACCINATION,OTHER_GROUPS,,,,,,,,,EJRF
TKM,2024,POLICY_REVACCINATION,POLICY_RECOMMENDATION_ADULTS,,,,,,,,,EJRF
TKM,2024,POLICY_REVACCINATION,POLICY_RECOMMENDATION_ADULTS_CHRONIC,,,,,,,,,EJRF
TKM,2024,POLICY_REVACCINATION,POLICY_RECOMMENDATION_CA,,,,,,,,,EJRF
TKM,2024,POLICY_REVACCINATION,PW,,,,,,,,,EJRF
TKM,2024,POLICY_REVACCINATION,POLICY_RECOMMENDATION_HCW,,,,,,,,,EJRF
TKM,2024,POLICY_REVACCINATION,POLICY_RECOMMENDATION_CA_CHRONIC,,,,,,,,,EJRF
TKM,2024,POLICY_REVACCINATION,OTHER_GROUPS,,,,,,,,,EJRF
TKM,2024,POLICY_REVACCINATION,POLICY_RECOMMENDATION_ELDERLY,,,,,,,,,EJRF
TKM,2024,POLICY_REVACCINATION,POLICY_RECOMMENDATION_ELDERLY_CHRONIC,,,,,,,,,EJRF
TUV,2024,POLICY_REVACCINATION,POLICY_RECOMMENDATION_ELDERLY_CHRONIC,-2222,,,,,,,,EJRF
TUV,2024,POLICY_REVACCINATION,POLICY_RECOMMENDATION_ADULTS,-4444,,,,,,,,EJRF
TUV,2024,POLICY_REVACCINATION,POLICY_RECOMMENDATION_ADULTS_CHRONIC,-4444,,,,,,,,EJRF
TUV,2024,POLICY_REVACCINATION,PW,-4444,,,,,,,,EJRF
TUV,2024,POLICY_REVACCINATION,POLICY_RECOMMENDATION_HCW,-4444,,,,,,,,EJRF
TUV,2024,POLICY_REVACCINATION,POLICY_RECOMMENDATION_CA,-4444,,,,,,,,EJRF
TUV,2024,POLICY_REVACCINATION,POLICY_RECOMMENDATION_CA_CHRONIC,-4444,,,,,,,,EJRF
TUV,2024,POLICY_REVACCINATION,OTHER_GROUPS,-4444,,,,,,,,EJRF
TUV,2024,POLICY_REVACCINATION,POLICY_RECOMMENDATION_ELDERLY,NO,,,,,,,,EJRF
PSE,2024,POLICY_REVACCINATION,POLICY_RECOMMENDATION_ADULTS_CHRONIC,,,,,,,,,EJRF
PSE,2024,POLICY_REVACCINATION,PW,,,,,,,,,EJRF
PSE,2024,POLICY_REVACCINATION,POLICY_RECOMMENDATION_HCW,,,,,,,,,EJRF
PSE,2024,POLICY_REVACCINATION,POLICY_RECOMMENDATION_CA,,,,,,,,,EJRF
PSE,2024,POLICY_REVACCINATION,POLICY_RECOMMENDATION_CA_CHRONIC,,,,,,,,,EJRF
PSE,2024,POLICY_REVACCINATION,OTHER_GROUPS,,,,,,,,,EJRF
PSE,2024,POLICY_REVACCINATION,POLICY_RECOMMENDATION_ELDERLY_CHRONIC,,,,,,,,,EJRF
PSE,2024,POLICY_REVACCINATION,POLICY_RECOMMENDATION_ADULTS,,,,,,,,,EJRF
PSE,2024,POLICY_REVACCINATION,POLICY_RECOMMENDATION_ELDERLY,,,,,,,,,EJRF
BHR,2024,POLICY_INTERVAL,POLICY_RECOMMENDATION_ELDERLY,OTHER,,,,,,,,EJRF
BHR,2024,POLICY_INTERVAL,POLICY_RECOMMENDATION_ELDERLY_CHRONIC,OTHER,,,,,,,,EJRF
BHR,2024,POLICY_INTERVAL,POLICY_RECOMMENDATION_ADULTS,OTHER,,,,,,,,EJRF
BHR,2024,POLICY_INTERVAL,POLICY_RECOMMENDATION_ADULTS_CHRONIC,OTHER,,,,,,,,EJRF
BHR,2024,POLICY_INTERVAL,PW,OTHER,,,,,,,,EJRF
BHR,2024,POLICY_INTERVAL,POLICY_RECOMMENDATION_HCW,OTHER,,,,,,,,EJRF
BHR,2024,POLICY_INTERVAL,POLICY_RECOMMENDATION_CA,OTHER,,,,,,,,EJRF
BHR,2024,POLICY_INTERVAL,POLICY_RECOMMENDATION_CA_CHRONIC,OTHER,,,,,,,,EJRF
BHR,2024,POLICY_INTERVAL,OTHER_GROUPS,OTHER,,,,,,,,EJRF
CUB,2024,POLICY_INTERVAL,POLICY_RECOMMENDATION_ADULTS,-2222,,,,,,,,EJRF
CUB,2024,POLICY_INTERVAL,POLICY_RECOMMENDATION_ADULTS_CHRONIC,-2222,,,,,,,,EJRF
CUB,2024,POLICY_INTERVAL,PW,-2222,,,,,,,,EJRF
CUB,2024,POLICY_INTERVAL,POLICY_RECOMMENDATION_HCW,-2222,,,,,,,,EJRF
CUB,2024,POLICY_INTERVAL,POLICY_RECOMMENDATION_CA,-2222,,,,,,,,EJRF
CUB,2024,POLICY_INTERVAL,POLICY_RECOMMENDATION_CA_CHRONIC,-2222,,,,,,,,EJRF
CUB,2024,POLICY_INTERVAL,OTHER_GROUPS,-2222,,,,,,,,EJRF
CUB,2024,POLICY_INTERVAL,POLICY_RECOMMENDATION_ELDERLY,-2222,,,,,,,,EJRF
CUB,2024,POLICY_INTERVAL,POLICY_RECOMMENDATION_ELDERLY_CHRONIC,-2222,,,,,,,,EJRF
DNK,2024,POLICY_INTERVAL,POLICY_RECOMMENDATION_ELDERLY,12_MONTHS,,,,,,,,EJRF
DNK,2024,POLICY_INTERVAL,POLICY_RECOMMENDATION_ELDERLY_CHRONIC,12_MONTHS,,,,,,,,EJRF
DNK,2024,POLICY_INTERVAL,POLICY_RECOMMENDATION_ADULTS_CHRONIC,12_MONTHS,,,,,,,,EJRF
DNK,2024,POLICY_INTERVAL,PW,-4444,,,,,,,,EJRF
DNK,2024,POLICY_INTERVAL,POLICY_RECOMMENDATION_HCW,-4444,,,,,,,,EJRF
DNK,2024,POLICY_INTERVAL,POLICY_RECOMMENDATION_CA,-4444,,,,,,,,EJRF
DNK,2024,POLICY_INTERVAL,POLICY_RECOMMENDATION_CA_CHRONIC,-4444,,,,,,,,EJRF
DNK,2024,POLICY_INTERVAL,OTHER_GROUPS,12_MONTHS,,,,,,,,EJRF
DNK,2024,POLICY_INTERVAL,POLICY_RECOMMENDATION_ADULTS,-4444,,,,,,,,EJRF
DMA,2024,POLICY_INTERVAL,PW,6_MONTHS,,,,,,,,EJRF
DMA,2024,POLICY_INTERVAL,POLICY_RECOMMENDATION_HCW,6_MONTHS,,,,,,,,EJRF
DMA,2024,POLICY_INTERVAL,POLICY_RECOMMENDATION_CA,6_MONTHS,,,,,,,,EJRF
DMA,2024,POLICY_INTERVAL,POLICY_RECOMMENDATION_CA_CHRONIC,6_MONTHS,,,,,,,,EJRF
DMA,2024,POLICY_INTERVAL,OTHER_GROUPS,6_MONTHS,,,,,,,,EJRF
DMA,2024,POLICY_INTERVAL,POLICY_RECOMMENDATION_ELDERLY,6_MONTHS,,,,,,,,EJRF
DMA,2024,POLICY_INTERVAL,POLICY_RECOMMENDATION_ELDERLY_CHRONIC,6_MONTHS,,,,,,,,EJRF
DMA,2024,POLICY_INTERVAL,POLICY_RECOMMENDATION_ADULTS,6_MONTHS,,,,,,,,EJRF
DMA,2024,POLICY_INTERVAL,POLICY_RECOMMENDATION_ADULTS_CHRONIC,6_MONTHS,,,,,,,,EJRF
IRQ,2024,POLICY_INTERVAL,POLICY_RECOMMENDATION_ELDERLY,,,,,,,,,EJRF
IRQ,2024,POLICY_INTERVAL,POLICY_RECOMMENDATION_ELDERLY_CHRONIC,,,,,,,,,EJRF
IRQ,2024,POLICY_INTERVAL,POLICY_RECOMMENDATION_ADULTS,,,,,,,,,EJRF
IRQ,2024,POLICY_INTERVAL,POLICY_RECOMMENDATION_ADULTS_CHRONIC,,,,,,,,,EJRF
IRQ,2024,POLICY_INTERVAL,PW,,,,,,,,,EJRF
IRQ,2024,POLICY_INTERVAL,POLICY_RECOMMENDATION_HCW,,,,,,,,,EJRF
IRQ,2024,POLICY_INTERVAL,POLICY_RECOMMENDATION_CA,,,,,,,,,EJRF
IRQ,2024,POLICY_INTERVAL,POLICY_RECOMMENDATION_CA_CHRONIC,,,,,,,,,EJRF
IRQ,2024,POLICY_INTERVAL,OTHER_GROUPS,,,,,,,,,EJRF
JOR,2024,POLICY_INTERVAL,POLICY_RECOMMENDATION_ELDERLY,,,,,,,,,EJRF
JOR,2024,POLICY_INTERVAL,POLICY_RECOMMENDATION_ELDERLY_CHRONIC,,,,,,,,,EJRF
JOR,2024,POLICY_INTERVAL,POLICY_RECOMMENDATION_ADULTS,,,,,,,,,EJRF
JOR,2024,POLICY_INTERVAL,POLICY_RECOMMENDATION_ADULTS_CHRONIC,,,,,,,,,EJRF
JOR,2024,POLICY_INTERVAL,PW,,,,,,,,,EJRF
JOR,2024,POLICY_INTERVAL,POLICY_RECOMMENDATION_HCW,,,,,,,,,EJRF
JOR,2024,POLICY_INTERVAL,POLICY_RECOMMENDATION_CA,,,,,,,,,EJRF
JOR,2024,POLICY_INTERVAL,POLICY_RECOMMENDATION_CA_CHRONIC,,,,,,,,,EJRF
JOR,2024,POLICY_INTERVAL,OTHER_GROUPS,,,,,,,,,EJRF
SSD,2024,POLICY_INTERVAL,POLICY_RECOMMENDATION_ELDERLY,6_MONTHS,,,,,,,,EJRF
SSD,2024,POLICY_INTERVAL,POLICY_RECOMMENDATION_HCW,6_MONTHS,,,,,,,,EJRF
SSD,2024,POLICY_INTERVAL,POLICY_RECOMMENDATION_ELDERLY_CHRONIC,6_MONTHS,,,,,,,,EJRF
SSD,2024,POLICY_INTERVAL,POLICY_RECOMMENDATION_ADULTS,6_MONTHS,,,,,,,,EJRF
SSD,2024,POLICY_INTERVAL,POLICY_RECOMMENDATION_ADULTS_CHRONIC,6_MONTHS,,,,,,,,EJRF
SSD,2024,POLICY_INTERVAL,PW,6_MONTHS,,,,,,,,EJRF
SSD,2024,POLICY_INTERVAL,POLICY_RECOMMENDATION_CA,-2222,,,,,,,,EJRF
SSD,2024,POLICY_INTERVAL,POLICY_RECOMMENDATION_CA_CHRONIC,-2222,,,,,,,,EJRF
SSD,2024,POLICY_INTERVAL,OTHER_GROUPS,,,,,,,,,EJRF
TKM,2024,POLICY_INTERVAL,POLICY_RECOMMENDATION_ADULTS,,,,,,,,,EJRF
TKM,2024,POLICY_INTERVAL,POLICY_RECOMMENDATION_ADULTS_CHRONIC,,,,,,,,,EJRF
TKM,2024,POLICY_INTERVAL,POLICY_RECOMMENDATION_CA,,,,,,,,,EJRF
TKM,2024,POLICY_INTERVAL,PW,,,,,,,,,EJRF
TKM,2024,POLICY_INTERVAL,POLICY_RECOMMENDATION_HCW,,,,,,,,,EJRF
TKM,2024,POLICY_INTERVAL,POLICY_RECOMMENDATION_CA_CHRONIC,,,,,,,,,EJRF
TKM,2024,POLICY_INTERVAL,OTHER_GROUPS,,,,,,,,,EJRF
TKM,2024,POLICY_INTERVAL,POLICY_RECOMMENDATION_ELDERLY,,,,,,,,,EJRF
TKM,2024,POLICY_INTERVAL,POLICY_RECOMMENDATION_ELDERLY_CHRONIC,,,,,,,,,EJRF
TUV,2024,POLICY_INTERVAL,POLICY_RECOMMENDATION_ELDERLY_CHRONIC,-2222,,,,,,,,EJRF
TUV,2024,POLICY_INTERVAL,POLICY_RECOMMENDATION_ADULTS,-4444,,,,,,,,EJRF
TUV,2024,POLICY_INTERVAL,POLICY_RECOMMENDATION_ADULTS_CHRONIC,-4444,,,,,,,,EJRF
TUV,2024,POLICY_INTERVAL,PW,-4444,,,,,,,,EJRF
TUV,2024,POLICY_INTERVAL,POLICY_RECOMMENDATION_HCW,-4444,,,,,,,,EJRF
TUV,2024,POLICY_INTERVAL,POLICY_RECOMMENDATION_CA,-4444,,,,,,,,EJRF
TUV,2024,POLICY_INTERVAL,POLICY_RECOMMENDATION_CA_CHRONIC,-4444,,,,,,,,EJRF
TUV,2024,POLICY_INTERVAL,OTHER_GROUPS,-4444,,,,,,,,EJRF
TUV,2024,POLICY_INTERVAL,POLICY_RECOMMENDATION_ELDERLY,-2222,,,,,,,,EJRF
PSE,2024,POLICY_INTERVAL,POLICY_RECOMMENDATION_ADULTS_CHRONIC,,,,,,,,,EJRF
PSE,2024,POLICY_INTERVAL,PW,,,,,,,,,EJRF
PSE,2024,POLICY_INTERVAL,POLICY_RECOMMENDATION_HCW,,,,,,,,,EJRF
PSE,2024,POLICY_INTERVAL,POLICY_RECOMMENDATION_CA,,,,,,,,,EJRF
PSE,2024,POLICY_INTERVAL,POLICY_RECOMMENDATION_CA_CHRONIC,,,,,,,,,EJRF
PSE,2024,POLICY_INTERVAL,OTHER_GROUPS,,,,,,,,,EJRF
PSE,2024,POLICY_INTERVAL,POLICY_RECOMMENDATION_ELDERLY_CHRONIC,,,,,,,,,EJRF
PSE,2024,POLICY_INTERVAL,POLICY_RECOMMENDATION_ADULTS,,,,,,,,,EJRF
PSE,2024,POLICY_INTERVAL,POLICY_RECOMMENDATION_ELDERLY,,,,,,,,,EJRF
BHR,2024,POLICY_VACCINATION_COM,POLICY_RECOMMENDATION_ELDERLY,,,,,,,,,EJRF
BHR,2024,POLICY_VACCINATION_COM,POLICY_RECOMMENDATION_ELDERLY_CHRONIC,,,,,,,,,EJRF
BHR,2024,POLICY_VACCINATION_COM,POLICY_RECOMMENDATION_ADULTS,,,,,,,,,EJRF
BHR,2024,POLICY_VACCINATION_COM,POLICY_RECOMMENDATION_ADULTS_CHRONIC,,,,,,,,,EJRF
BHR,2024,POLICY_VACCINATION_COM,PW,,,,,,,,,EJRF
BHR,2024,POLICY_VACCINATION_COM,POLICY_RECOMMENDATION_HCW,,,,,,,,,EJRF
BHR,2024,POLICY_VACCINATION_COM,POLICY_RECOMMENDATION_CA,,,,,,,,,EJRF
BHR,2024,POLICY_VACCINATION_COM,POLICY_RECOMMENDATION_CA_CHRONIC,,,,,,,,,EJRF
BHR,2024,POLICY_VACCINATION_COM,OTHER_GROUPS,,,,,,,,,EJRF
CUB,2024,POLICY_VACCINATION_COM,POLICY_RECOMMENDATION_ADULTS,-2222,,,,,,,,EJRF
CUB,2024,POLICY_VACCINATION_COM,POLICY_RECOMMENDATION_ADULTS_CHRONIC,-2222,,,,,,,,EJRF
CUB,2024,POLICY_VACCINATION_COM,PW,-2222,,,,,,,,EJRF
CUB,2024,POLICY_VACCINATION_COM,POLICY_RECOMMENDATION_HCW,-2222,,,,,,,,EJRF
CUB,2024,POLICY_VACCINATION_COM,POLICY_RECOMMENDATION_CA,-2222,,,,,,,,EJRF
CUB,2024,POLICY_VACCINATION_COM,POLICY_RECOMMENDATION_CA_CHRONIC,-2222,,,,,,,,EJRF
CUB,2024,POLICY_VACCINATION_COM,OTHER_GROUPS,-2222,,,,,,,,EJRF
CUB,2024,POLICY_VACCINATION_COM,POLICY_RECOMMENDATION_ELDERLY,-2222,,,,,,,,EJRF
CUB,2024,POLICY_VACCINATION_COM,POLICY_RECOMMENDATION_ELDERLY_CHRONIC,-2222,,,,,,,,EJRF
DNK,2024,POLICY_VACCINATION_COM,POLICY_RECOMMENDATION_ELDERLY,"Free vaccination is offered from October 1 – December 20, to individuals who turn 65 by December 20, 2024, individuals under 65 with certain chronic diseases, pregnant women, household members of individuals with congenital or acquired immunodeficiency or children at increased risk for severe COVID-19 or influenza, as well as early retirees.",,,,,,,,EJRF
DNK,2024,POLICY_VACCINATION_COM,POLICY_RECOMMENDATION_ELDERLY_CHRONIC,"Free vaccination is offered from October 1 – December 20, to individuals who turn 65 by December 20, 2024, individuals under 65 with certain chronic diseases, pregnant women, household members of individuals with congenital or acquired immunodeficiency or children at increased risk for severe COVID-19 or influenza, as well as early retirees.",,,,,,,,EJRF
DNK,2024,POLICY_VACCINATION_COM,POLICY_RECOMMENDATION_ADULTS_CHRONIC,"Free vaccination is offered from October 1 – December 20, to individuals who turn 65 by December 20, 2024, individuals under 65 with certain chronic diseases, pregnant women, household members of individuals with congenital or acquired immunodeficiency or children at increased risk for severe COVID-19 or influenza, as well as early retirees.",,,,,,,,EJRF
DNK,2024,POLICY_VACCINATION_COM,PW,"Free vaccination is offered from October 1 – December 20, to individuals who turn 65 by December 20, 2024, individuals under 65 with certain chronic diseases, pregnant women, household members of individuals with congenital or acquired immunodeficiency or children at increased risk for severe COVID-19 or influenza, as well as early retirees.",,,,,,,,EJRF
DNK,2024,POLICY_VACCINATION_COM,POLICY_RECOMMENDATION_HCW,-4444,,,,,,,,EJRF
DNK,2024,POLICY_VACCINATION_COM,POLICY_RECOMMENDATION_CA,-4444,,,,,,,,EJRF
DNK,2024,POLICY_VACCINATION_COM,POLICY_RECOMMENDATION_CA_CHRONIC,Vaccination of children under the age of 18 who are at special risk can only be carried out based on a specific medical assessment by a specialist in paediatrics.,,,,,,,,EJRF
DNK,2024,POLICY_VACCINATION_COM,OTHER_GROUPS,Nursing home residence  (all ages),,,,,,,,EJRF
DNK,2024,POLICY_VACCINATION_COM,POLICY_RECOMMENDATION_ADULTS,-4444,,,,,,,,EJRF
DMA,2024,POLICY_VACCINATION_COM,PW,-2222,,,,,,,,EJRF
DMA,2024,POLICY_VACCINATION_COM,POLICY_RECOMMENDATION_HCW,-2222,,,,,,,,EJRF
DMA,2024,POLICY_VACCINATION_COM,POLICY_RECOMMENDATION_CA,-2222,,,,,,,,EJRF
DMA,2024,POLICY_VACCINATION_COM,POLICY_RECOMMENDATION_CA_CHRONIC,-2222,,,,,,,,EJRF
DMA,2024,POLICY_VACCINATION_COM,OTHER_GROUPS,-2222,,,,,,,,EJRF
DMA,2024,POLICY_VACCINATION_COM,POLICY_RECOMMENDATION_ELDERLY,-4444,,,,,,,,EJRF
DMA,2024,POLICY_VACCINATION_COM,POLICY_RECOMMENDATION_ELDERLY_CHRONIC,-2222,,,,,,,,EJRF
DMA,2024,POLICY_VACCINATION_COM,POLICY_RECOMMENDATION_ADULTS,-2222,,,,,,,,EJRF
DMA,2024,POLICY_VACCINATION_COM,POLICY_RECOMMENDATION_ADULTS_CHRONIC,-2222,,,,,,,,EJRF
IRQ,2024,POLICY_VACCINATION_COM,POLICY_RECOMMENDATION_ELDERLY,-2222,,,,,,,,EJRF
IRQ,2024,POLICY_VACCINATION_COM,POLICY_RECOMMENDATION_ELDERLY_CHRONIC,,,,,,,,,EJRF
IRQ,2024,POLICY_VACCINATION_COM,POLICY_RECOMMENDATION_ADULTS,-2222,,,,,,,,EJRF
IRQ,2024,POLICY_VACCINATION_COM,POLICY_RECOMMENDATION_ADULTS_CHRONIC,,,,,,,,,EJRF
IRQ,2024,POLICY_VACCINATION_COM,PW,-2222,,,,,,,,EJRF
IRQ,2024,POLICY_VACCINATION_COM,POLICY_RECOMMENDATION_HCW,-2222,,,,,,,,EJRF
IRQ,2024,POLICY_VACCINATION_COM,POLICY_RECOMMENDATION_CA,,,,,,,,,EJRF
IRQ,2024,POLICY_VACCINATION_COM,POLICY_RECOMMENDATION_CA_CHRONIC,,,,,,,,,EJRF
IRQ,2024,POLICY_VACCINATION_COM,OTHER_GROUPS,,,,,,,,,EJRF
JOR,2024,POLICY_VACCINATION_COM,POLICY_RECOMMENDATION_ELDERLY,,,,,,,,,EJRF
JOR,2024,POLICY_VACCINATION_COM,POLICY_RECOMMENDATION_ELDERLY_CHRONIC,,,,,,,,,EJRF
JOR,2024,POLICY_VACCINATION_COM,POLICY_RECOMMENDATION_ADULTS,,,,,,,,,EJRF
JOR,2024,POLICY_VACCINATION_COM,POLICY_RECOMMENDATION_ADULTS_CHRONIC,,,,,,,,,EJRF
JOR,2024,POLICY_VACCINATION_COM,PW,,,,,,,,,EJRF
JOR,2024,POLICY_VACCINATION_COM,POLICY_RECOMMENDATION_HCW,,,,,,,,,EJRF
JOR,2024,POLICY_VACCINATION_COM,POLICY_RECOMMENDATION_CA,,,,,,,,,EJRF
JOR,2024,POLICY_VACCINATION_COM,POLICY_RECOMMENDATION_CA_CHRONIC,,,,,,,,,EJRF
JOR,2024,POLICY_VACCINATION_COM,OTHER_GROUPS,,,,,,,,,EJRF
SSD,2024,POLICY_VACCINATION_COM,POLICY_RECOMMENDATION_ELDERLY,,,,,,,,,EJRF
SSD,2024,POLICY_VACCINATION_COM,POLICY_RECOMMENDATION_HCW,,,,,,,,,EJRF
SSD,2024,POLICY_VACCINATION_COM,POLICY_RECOMMENDATION_ELDERLY_CHRONIC,,,,,,,,,EJRF
SSD,2024,POLICY_VACCINATION_COM,POLICY_RECOMMENDATION_ADULTS,,,,,,,,,EJRF
SSD,2024,POLICY_VACCINATION_COM,POLICY_RECOMMENDATION_ADULTS_CHRONIC,,,,,,,,,EJRF
SSD,2024,POLICY_VACCINATION_COM,PW,,,,,,,,,EJRF
SSD,2024,POLICY_VACCINATION_COM,POLICY_RECOMMENDATION_CA,,,,,,,,,EJRF
SSD,2024,POLICY_VACCINATION_COM,POLICY_RECOMMENDATION_CA_CHRONIC,,,,,,,,,EJRF
SSD,2024,POLICY_VACCINATION_COM,OTHER_GROUPS,,,,,,,,,EJRF
TKM,2024,POLICY_VACCINATION_COM,POLICY_RECOMMENDATION_ADULTS,,,,,,,,,EJRF
TKM,2024,POLICY_VACCINATION_COM,POLICY_RECOMMENDATION_ADULTS_CHRONIC,,,,,,,,,EJRF
TKM,2024,POLICY_VACCINATION_COM,POLICY_RECOMMENDATION_CA,,,,,,,,,EJRF
TKM,2024,POLICY_VACCINATION_COM,PW,,,,,,,,,EJRF
TKM,2024,POLICY_VACCINATION_COM,POLICY_RECOMMENDATION_HCW,,,,,,,,,EJRF
TKM,2024,POLICY_VACCINATION_COM,POLICY_RECOMMENDATION_CA_CHRONIC,,,,,,,,,EJRF
TKM,2024,POLICY_VACCINATION_COM,OTHER_GROUPS,,,,,,,,,EJRF
TKM,2024,POLICY_VACCINATION_COM,POLICY_RECOMMENDATION_ELDERLY,,,,,,,,,EJRF
TKM,2024,POLICY_VACCINATION_COM,POLICY_RECOMMENDATION_ELDERLY_CHRONIC,,,,,,,,,EJRF
TUV,2024,POLICY_VACCINATION_COM,POLICY_RECOMMENDATION_ELDERLY_CHRONIC,-2222,,,,,,,,EJRF
TUV,2024,POLICY_VACCINATION_COM,POLICY_RECOMMENDATION_ADULTS,-4444,,,,,,,,EJRF
TUV,2024,POLICY_VACCINATION_COM,POLICY_RECOMMENDATION_ADULTS_CHRONIC,-4444,,,,,,,,EJRF
TUV,2024,POLICY_VACCINATION_COM,PW,-4444,,,,,,,,EJRF
TUV,2024,POLICY_VACCINATION_COM,POLICY_RECOMMENDATION_HCW,-4444,,,,,,,,EJRF
TUV,2024,POLICY_VACCINATION_COM,POLICY_RECOMMENDATION_CA,,,,,,,,,EJRF
TUV,2024,POLICY_VACCINATION_COM,POLICY_RECOMMENDATION_CA_CHRONIC,-4444,,,,,,,,EJRF
TUV,2024,POLICY_VACCINATION_COM,OTHER_GROUPS,-4444,,,,,,,,EJRF
TUV,2024,POLICY_VACCINATION_COM,POLICY_RECOMMENDATION_ELDERLY,-4444,,,,,,,,EJRF
PSE,2024,POLICY_VACCINATION_COM,POLICY_RECOMMENDATION_ADULTS_CHRONIC,,,,,,,,,EJRF
PSE,2024,POLICY_VACCINATION_COM,PW,,,,,,,,,EJRF
PSE,2024,POLICY_VACCINATION_COM,POLICY_RECOMMENDATION_HCW,,,,,,,,,EJRF
PSE,2024,POLICY_VACCINATION_COM,POLICY_RECOMMENDATION_CA,,,,,,,,,EJRF
PSE,2024,POLICY_VACCINATION_COM,POLICY_RECOMMENDATION_CA_CHRONIC,,,,,,,,,EJRF
PSE,2024,POLICY_VACCINATION_COM,OTHER_GROUPS,,,,,,,,,EJRF
PSE,2024,POLICY_VACCINATION_COM,POLICY_RECOMMENDATION_ELDERLY_CHRONIC,,,,,,,,,EJRF
PSE,2024,POLICY_VACCINATION_COM,POLICY_RECOMMENDATION_ADULTS,,,,,,,,,EJRF
PSE,2024,POLICY_VACCINATION_COM,POLICY_RECOMMENDATION_ELDERLY,,,,,,,,,EJRF
ALB,2024,POLICY_VACCINATION,POLICY_RECOMMENDATION_ELDERLY_CHRONIC,YES,,,,,,,,EJRF
ALB,2024,POLICY_VACCINATION,POLICY_RECOMMENDATION_ADULTS,YES,,,,,,,,EJRF
ALB,2024,POLICY_VACCINATION,POLICY_RECOMMENDATION_ADULTS_CHRONIC,YES,,,,,,,,EJRF
ALB,2024,POLICY_VACCINATION,PW,YES,,,,,,,,EJRF
ALB,2024,POLICY_VACCINATION,POLICY_RECOMMENDATION_HCW,YES,,,,,,,,EJRF
ALB,2024,POLICY_VACCINATION,POLICY_RECOMMENDATION_CA,NO,,,,,,,,EJRF
ALB,2024,POLICY_VACCINATION,POLICY_RECOMMENDATION_CA_CHRONIC,NO,,,,,,,,EJRF
ALB,2024,POLICY_VACCINATION,POLICY_RECOMMENDATION_ELDERLY,YES,,,,,,,,EJRF
ALB,2024,POLICY_VACCINATION,OTHER_GROUPS,,,,,,,,,EJRF
DZA,2024,POLICY_VACCINATION,POLICY_RECOMMENDATION_ADULTS,,,,,,,,,EJRF
DZA,2024,POLICY_VACCINATION,POLICY_RECOMMENDATION_ADULTS_CHRONIC,,,,,,,,,EJRF
DZA,2024,POLICY_VACCINATION,PW,,,,,,,,,EJRF
DZA,2024,POLICY_VACCINATION,POLICY_RECOMMENDATION_HCW,,,,,,,,,EJRF
DZA,2024,POLICY_VACCINATION,POLICY_RECOMMENDATION_CA,,,,,,,,,EJRF
DZA,2024,POLICY_VACCINATION,OTHER_GROUPS,,,,,,,,,EJRF
DZA,2024,POLICY_VACCINATION,POLICY_RECOMMENDATION_CA_CHRONIC,,,,,,,,,EJRF
DZA,2024,POLICY_VACCINATION,POLICY_RECOMMENDATION_ELDERLY,,,,,,,,,EJRF
DZA,2024,POLICY_VACCINATION,POLICY_RECOMMENDATION_ELDERLY_CHRONIC,,,,,,,,,EJRF
BEL,2024,POLICY_VACCINATION,POLICY_RECOMMENDATION_ELDERLY,YES,,,,,,,,EJRF
BEL,2024,POLICY_VACCINATION,POLICY_RECOMMENDATION_ELDERLY_CHRONIC,YES,,,,,,,,EJRF
BEL,2024,POLICY_VACCINATION,POLICY_RECOMMENDATION_ADULTS,NO,,,,,,,,EJRF
BEL,2024,POLICY_VACCINATION,POLICY_RECOMMENDATION_ADULTS_CHRONIC,YES,,,,,,,,EJRF
BEL,2024,POLICY_VACCINATION,PW,YES,,,,,,,,EJRF
BEL,2024,POLICY_VACCINATION,POLICY_RECOMMENDATION_HCW,YES,,,,,,,,EJRF
BEL,2024,POLICY_VACCINATION,POLICY_RECOMMENDATION_CA,NO,,,,,,,,EJRF
BEL,2024,POLICY_VACCINATION,POLICY_RECOMMENDATION_CA_CHRONIC,YES,,,,,,,,EJRF
BEL,2024,POLICY_VACCINATION,OTHER_GROUPS,YES,,,,,,,,EJRF
MAC,2024,POLICY_VACCINATION,POLICY_RECOMMENDATION_ELDERLY,YES,,,,,,,,EJRF
MAC,2024,POLICY_VACCINATION,POLICY_RECOMMENDATION_ELDERLY_CHRONIC,YES,,,,,,,,EJRF
MAC,2024,POLICY_VACCINATION,POLICY_RECOMMENDATION_ADULTS,YES,,,,,,,,EJRF
MAC,2024,POLICY_VACCINATION,POLICY_RECOMMENDATION_ADULTS_CHRONIC,YES,,,,,,,,EJRF
MAC,2024,POLICY_VACCINATION,PW,YES,,,,,,,,EJRF
MAC,2024,POLICY_VACCINATION,POLICY_RECOMMENDATION_HCW,YES,,,,,,,,EJRF
MAC,2024,POLICY_VACCINATION,POLICY_RECOMMENDATION_CA,YES,,,,,,,,EJRF
MAC,2024,POLICY_VACCINATION,POLICY_RECOMMENDATION_CA_CHRONIC,YES,,,,,,,,EJRF
MAC,2024,POLICY_VACCINATION,OTHER_GROUPS,-4444,,,,,,,,EJRF
COG,2024,POLICY_VACCINATION,POLICY_RECOMMENDATION_ELDERLY,YES,,,,,,,,EJRF
COG,2024,POLICY_VACCINATION,POLICY_RECOMMENDATION_ADULTS,YES,,,,,,,,EJRF
COG,2024,POLICY_VACCINATION,POLICY_RECOMMENDATION_ADULTS_CHRONIC,YES,,,,,,,,EJRF
COG,2024,POLICY_VACCINATION,PW,YES,,,,,,,,EJRF
COG,2024,POLICY_VACCINATION,POLICY_RECOMMENDATION_HCW,YES,,,,,,,,EJRF
COG,2024,POLICY_VACCINATION,POLICY_RECOMMENDATION_CA,YES,,,,,,,,EJRF
COG,2024,POLICY_VACCINATION,POLICY_RECOMMENDATION_CA_CHRONIC,YES,,,,,,,,EJRF
COG,2024,POLICY_VACCINATION,OTHER_GROUPS,-4444,,,,,,,,EJRF
COG,2024,POLICY_VACCINATION,POLICY_RECOMMENDATION_ELDERLY_CHRONIC,YES,,,,,,,,EJRF
DJI,2024,POLICY_VACCINATION,PW,-4444,,,,,,,,EJRF
DJI,2024,POLICY_VACCINATION,POLICY_RECOMMENDATION_HCW,-4444,,,,,,,,EJRF
DJI,2024,POLICY_VACCINATION,POLICY_RECOMMENDATION_CA,-4444,,,,,,,,EJRF
DJI,2024,POLICY_VACCINATION,POLICY_RECOMMENDATION_CA_CHRONIC,-4444,,,,,,,,EJRF
DJI,2024,POLICY_VACCINATION,OTHER_GROUPS,-4444,,,,,,,,EJRF
DJI,2024,POLICY_VACCINATION,POLICY_RECOMMENDATION_ELDERLY,-4444,,,,,,,,EJRF
DJI,2024,POLICY_VACCINATION,POLICY_RECOMMENDATION_ELDERLY_CHRONIC,-4444,,,,,,,,EJRF
DJI,2024,POLICY_VACCINATION,POLICY_RECOMMENDATION_ADULTS,-4444,,,,,,,,EJRF
DJI,2024,POLICY_VACCINATION,POLICY_RECOMMENDATION_ADULTS_CHRONIC,-4444,,,,,,,,EJRF
GNB,2024,POLICY_VACCINATION,POLICY_RECOMMENDATION_HCW,-4444,,,,,,,,EJRF
GNB,2024,POLICY_VACCINATION,POLICY_RECOMMENDATION_CA,-4444,,,,,,,,EJRF
GNB,2024,POLICY_VACCINATION,POLICY_RECOMMENDATION_CA_CHRONIC,-4444,,,,,,,,EJRF
GNB,2024,POLICY_VACCINATION,OTHER_GROUPS,-4444,,,,,,,,EJRF
GNB,2024,POLICY_VACCINATION,POLICY_RECOMMENDATION_ELDERLY_CHRONIC,-4444,,,,,,,,EJRF
GNB,2024,POLICY_VACCINATION,POLICY_RECOMMENDATION_ELDERLY,YES,,,,,,,,EJRF
GNB,2024,POLICY_VACCINATION,POLICY_RECOMMENDATION_ADULTS,-4444,,,,,,,,EJRF
GNB,2024,POLICY_VACCINATION,POLICY_RECOMMENDATION_ADULTS_CHRONIC,-4444,,,,,,,,EJRF
GNB,2024,POLICY_VACCINATION,PW,-4444,,,,,,,,EJRF
GUY,2024,POLICY_VACCINATION,PW,,,,,,,,,EJRF
GUY,2024,POLICY_VACCINATION,POLICY_RECOMMENDATION_HCW,,,,,,,,,EJRF
GUY,2024,POLICY_VACCINATION,POLICY_RECOMMENDATION_CA,,,,,,,,,EJRF
GUY,2024,POLICY_VACCINATION,POLICY_RECOMMENDATION_CA_CHRONIC,,,,,,,,,EJRF
GUY,2024,POLICY_VACCINATION,OTHER_GROUPS,,,,,,,,,EJRF
GUY,2024,POLICY_VACCINATION,POLICY_RECOMMENDATION_ELDERLY,,,,,,,,,EJRF
GUY,2024,POLICY_VACCINATION,POLICY_RECOMMENDATION_ELDERLY_CHRONIC,,,,,,,,,EJRF
GUY,2024,POLICY_VACCINATION,POLICY_RECOMMENDATION_ADULTS,,,,,,,,,EJRF
GUY,2024,POLICY_VACCINATION,POLICY_RECOMMENDATION_ADULTS_CHRONIC,,,,,,,,,EJRF
HTI,2024,POLICY_VACCINATION,POLICY_RECOMMENDATION_CA,NO,,,,,,,,EJRF
HTI,2024,POLICY_VACCINATION,POLICY_RECOMMENDATION_CA_CHRONIC,YES,,,,,,,,EJRF
HTI,2024,POLICY_VACCINATION,OTHER_GROUPS,-4444,,,,,,,,EJRF
HTI,2024,POLICY_VACCINATION,POLICY_RECOMMENDATION_ELDERLY,YES,,,,,,,,EJRF
HTI,2024,POLICY_VACCINATION,POLICY_RECOMMENDATION_ELDERLY_CHRONIC,YES,,,,,,,,EJRF
HTI,2024,POLICY_VACCINATION,POLICY_RECOMMENDATION_ADULTS,YES,,,,,,,,EJRF
HTI,2024,POLICY_VACCINATION,POLICY_RECOMMENDATION_ADULTS_CHRONIC,YES,,,,,,,,EJRF
HTI,2024,POLICY_VACCINATION,PW,YES,,,,,,,,EJRF
HTI,2024,POLICY_VACCINATION,POLICY_RECOMMENDATION_HCW,YES,,,,,,,,EJRF
ISL,2024,POLICY_VACCINATION,POLICY_RECOMMENDATION_ELDERLY,YES,,,,,,,,EJRF
ISL,2024,POLICY_VACCINATION,POLICY_RECOMMENDATION_ADULTS,NO,,,,,,,,EJRF
ISL,2024,POLICY_VACCINATION,POLICY_RECOMMENDATION_ELDERLY_CHRONIC,-4444,,,,,,,,EJRF
ISL,2024,POLICY_VACCINATION,POLICY_RECOMMENDATION_ADULTS_CHRONIC,YES,,,,,,,,EJRF
ISL,2024,POLICY_VACCINATION,PW,YES,,,,,,,,EJRF
ISL,2024,POLICY_VACCINATION,POLICY_RECOMMENDATION_HCW,YES,,,,,,,,EJRF
ISL,2024,POLICY_VACCINATION,POLICY_RECOMMENDATION_CA,NO,,,,,,,,EJRF
ISL,2024,POLICY_VACCINATION,POLICY_RECOMMENDATION_CA_CHRONIC,YES,,,,,,,,EJRF
ISL,2024,POLICY_VACCINATION,OTHER_GROUPS,-4444,,,,,,,,EJRF
LBN,2024,POLICY_VACCINATION,POLICY_RECOMMENDATION_CA,-4444,,,,,,,,EJRF
LBN,2024,POLICY_VACCINATION,POLICY_RECOMMENDATION_ELDERLY_CHRONIC,-4444,,,,,,,,EJRF
LBN,2024,POLICY_VACCINATION,POLICY_RECOMMENDATION_ADULTS,-4444,,,,,,,,EJRF
LBN,2024,POLICY_VACCINATION,POLICY_RECOMMENDATION_ELDERLY,-4444,,,,,,,,EJRF
LBN,2024,POLICY_VACCINATION,POLICY_RECOMMENDATION_ADULTS_CHRONIC,-4444,,,,,,,,EJRF
LBN,2024,POLICY_VACCINATION,PW,-4444,,,,,,,,EJRF
LBN,2024,POLICY_VACCINATION,POLICY_RECOMMENDATION_HCW,-4444,,,,,,,,EJRF
LBN,2024,POLICY_VACCINATION,POLICY_RECOMMENDATION_CA_CHRONIC,-4444,,,,,,,,EJRF
LBN,2024,POLICY_VACCINATION,OTHER_GROUPS,-4444,,,,,,,,EJRF
FSM,2024,POLICY_VACCINATION,PW,,,,,,,,,EJRF
FSM,2024,POLICY_VACCINATION,POLICY_RECOMMENDATION_HCW,,,,,,,,,EJRF
FSM,2024,POLICY_VACCINATION,POLICY_RECOMMENDATION_CA,,,,,,,,,EJRF
FSM,2024,POLICY_VACCINATION,POLICY_RECOMMENDATION_CA_CHRONIC,,,,,,,,,EJRF
FSM,2024,POLICY_VACCINATION,OTHER_GROUPS,,,,,,,,,EJRF
FSM,2024,POLICY_VACCINATION,POLICY_RECOMMENDATION_ELDERLY,,,,,,,,,EJRF
FSM,2024,POLICY_VACCINATION,POLICY_RECOMMENDATION_ELDERLY_CHRONIC,,,,,,,,,EJRF
FSM,2024,POLICY_VACCINATION,POLICY_RECOMMENDATION_ADULTS,,,,,,,,,EJRF
FSM,2024,POLICY_VACCINATION,POLICY_RECOMMENDATION_ADULTS_CHRONIC,,,,,,,,,EJRF
MNE,2024,POLICY_VACCINATION,POLICY_RECOMMENDATION_ELDERLY,YES,,,,,,,,EJRF
MNE,2024,POLICY_VACCINATION,POLICY_RECOMMENDATION_ELDERLY_CHRONIC,YES,,,,,,,,EJRF
MNE,2024,POLICY_VACCINATION,POLICY_RECOMMENDATION_ADULTS,NO,,,,,,,,EJRF
MNE,2024,POLICY_VACCINATION,POLICY_RECOMMENDATION_ADULTS_CHRONIC,YES,,,,,,,,EJRF
MNE,2024,POLICY_VACCINATION,PW,YES,,,,,,,,EJRF
MNE,2024,POLICY_VACCINATION,POLICY_RECOMMENDATION_HCW,YES,,,,,,,,EJRF
MNE,2024,POLICY_VACCINATION,POLICY_RECOMMENDATION_CA,NO,,,,,,,,EJRF
MNE,2024,POLICY_VACCINATION,POLICY_RECOMMENDATION_CA_CHRONIC,NO,,,,,,,,EJRF
MNE,2024,POLICY_VACCINATION,OTHER_GROUPS,YES,,,,,,,,EJRF
NLD,2024,POLICY_VACCINATION,POLICY_RECOMMENDATION_ELDERLY,YES,,,,,,,,EJRF
NLD,2024,POLICY_VACCINATION,POLICY_RECOMMENDATION_ELDERLY_CHRONIC,YES,,,,,,,,EJRF
NLD,2024,POLICY_VACCINATION,POLICY_RECOMMENDATION_ADULTS,NO,,,,,,,,EJRF
NLD,2024,POLICY_VACCINATION,POLICY_RECOMMENDATION_ADULTS_CHRONIC,YES,,,,,,,,EJRF
NLD,2024,POLICY_VACCINATION,PW,NO,,,,,,,,EJRF
NLD,2024,POLICY_VACCINATION,POLICY_RECOMMENDATION_HCW,YES,,,,,,,,EJRF
NLD,2024,POLICY_VACCINATION,POLICY_RECOMMENDATION_CA,NO,,,,,,,,EJRF
NLD,2024,POLICY_VACCINATION,POLICY_RECOMMENDATION_CA_CHRONIC,YES,,,,,,,,EJRF
NLD,2024,POLICY_VACCINATION,OTHER_GROUPS,YES,,,,,,,,EJRF
NOR,2024,POLICY_VACCINATION,POLICY_RECOMMENDATION_CA_CHRONIC,YES,,,,,,,,EJRF
NOR,2024,POLICY_VACCINATION,OTHER_GROUPS,-4444,,,,,,,,EJRF
NOR,2024,POLICY_VACCINATION,POLICY_RECOMMENDATION_ELDERLY,YES,,,,,,,,EJRF
NOR,2024,POLICY_VACCINATION,POLICY_RECOMMENDATION_ELDERLY_CHRONIC,YES,,,,,,,,EJRF
NOR,2024,POLICY_VACCINATION,POLICY_RECOMMENDATION_ADULTS,NO,,,,,,,,EJRF
NOR,2024,POLICY_VACCINATION,POLICY_RECOMMENDATION_ADULTS_CHRONIC,YES,,,,,,,,EJRF
NOR,2024,POLICY_VACCINATION,PW,YES,,,,,,,,EJRF
NOR,2024,POLICY_VACCINATION,POLICY_RECOMMENDATION_HCW,YES,,,,,,,,EJRF
NOR,2024,POLICY_VACCINATION,POLICY_RECOMMENDATION_CA,NO,,,,,,,,EJRF
PAK,2024,POLICY_VACCINATION,POLICY_RECOMMENDATION_CA,-4444,,,,,,,,EJRF
PAK,2024,POLICY_VACCINATION,POLICY_RECOMMENDATION_CA_CHRONIC,-4444,,,,,,,,EJRF
PAK,2024,POLICY_VACCINATION,OTHER_GROUPS,-4444,,,,,,,,EJRF
PAK,2024,POLICY_VACCINATION,PW,-4444,,,,,,,,EJRF
PAK,2024,POLICY_VACCINATION,POLICY_RECOMMENDATION_HCW,YES,,,,,,,,EJRF
PAK,2024,POLICY_VACCINATION,POLICY_RECOMMENDATION_ELDERLY,YES,,,,,,,,EJRF
PAK,2024,POLICY_VACCINATION,POLICY_RECOMMENDATION_ELDERLY_CHRONIC,-4444,,,,,,,,EJRF
PAK,2024,POLICY_VACCINATION,POLICY_RECOMMENDATION_ADULTS,YES,,,,,,,,EJRF
PAK,2024,POLICY_VACCINATION,POLICY_RECOMMENDATION_ADULTS_CHRONIC,-4444,,,,,,,,EJRF
PHL,2024,POLICY_VACCINATION,PW,YES,,,,,,,,EJRF
PHL,2024,POLICY_VACCINATION,POLICY_RECOMMENDATION_HCW,YES,,,,,,,,EJRF
PHL,2024,POLICY_VACCINATION,POLICY_RECOMMENDATION_CA,YES,,,,,,,,EJRF
PHL,2024,POLICY_VACCINATION,POLICY_RECOMMENDATION_CA_CHRONIC,YES,,,,,,,,EJRF
PHL,2024,POLICY_VACCINATION,OTHER_GROUPS,YES,,,,,,,,EJRF
PHL,2024,POLICY_VACCINATION,POLICY_RECOMMENDATION_ELDERLY,YES,,,,,,,,EJRF
PHL,2024,POLICY_VACCINATION,POLICY_RECOMMENDATION_ELDERLY_CHRONIC,YES,,,,,,,,EJRF
PHL,2024,POLICY_VACCINATION,POLICY_RECOMMENDATION_ADULTS,YES,,,,,,,,EJRF
PHL,2024,POLICY_VACCINATION,POLICY_RECOMMENDATION_ADULTS_CHRONIC,YES,,,,,,,,EJRF
QAT,2024,POLICY_VACCINATION,POLICY_RECOMMENDATION_ELDERLY,YES,,,,,,,,EJRF
QAT,2024,POLICY_VACCINATION,POLICY_RECOMMENDATION_ELDERLY_CHRONIC,YES,,,,,,,,EJRF
QAT,2024,POLICY_VACCINATION,POLICY_RECOMMENDATION_ADULTS_CHRONIC,YES,,,,,,,,EJRF
QAT,2024,POLICY_VACCINATION,PW,NO,,,,,,,,EJRF
QAT,2024,POLICY_VACCINATION,POLICY_RECOMMENDATION_ADULTS,NO,,,,,,,,EJRF
QAT,2024,POLICY_VACCINATION,OTHER_GROUPS,NO,,,,,,,,EJRF
QAT,2024,POLICY_VACCINATION,POLICY_RECOMMENDATION_HCW,NO,,,,,,,,EJRF
QAT,2024,POLICY_VACCINATION,POLICY_RECOMMENDATION_CA,NO,,,,,,,,EJRF
QAT,2024,POLICY_VACCINATION,POLICY_RECOMMENDATION_CA_CHRONIC,YES,,,,,,,,EJRF
MDA,2024,POLICY_VACCINATION,OTHER_GROUPS,-4444,,,,,,,,EJRF
MDA,2024,POLICY_VACCINATION,POLICY_RECOMMENDATION_ELDERLY,YES,,,,,,,,EJRF
MDA,2024,POLICY_VACCINATION,POLICY_RECOMMENDATION_ELDERLY_CHRONIC,YES,,,,,,,,EJRF
MDA,2024,POLICY_VACCINATION,POLICY_RECOMMENDATION_ADULTS,YES,,,,,,,,EJRF
MDA,2024,POLICY_VACCINATION,POLICY_RECOMMENDATION_ADULTS_CHRONIC,YES,,,,,,,,EJRF
MDA,2024,POLICY_VACCINATION,PW,YES,,,,,,,,EJRF
MDA,2024,POLICY_VACCINATION,POLICY_RECOMMENDATION_HCW,YES,,,,,,,,EJRF
MDA,2024,POLICY_VACCINATION,POLICY_RECOMMENDATION_CA,YES,,,,,,,,EJRF
MDA,2024,POLICY_VACCINATION,POLICY_RECOMMENDATION_CA_CHRONIC,YES,,,,,,,,EJRF
SRB,2024,POLICY_VACCINATION,POLICY_RECOMMENDATION_ELDERLY,,,,,,,,,EJRF
SRB,2024,POLICY_VACCINATION,POLICY_RECOMMENDATION_ELDERLY_CHRONIC,,,,,,,,,EJRF
SRB,2024,POLICY_VACCINATION,POLICY_RECOMMENDATION_ADULTS,,,,,,,,,EJRF
SRB,2024,POLICY_VACCINATION,POLICY_RECOMMENDATION_ADULTS_CHRONIC,,,,,,,,,EJRF
SRB,2024,POLICY_VACCINATION,PW,,,,,,,,,EJRF
SRB,2024,POLICY_VACCINATION,POLICY_RECOMMENDATION_HCW,,,,,,,,,EJRF
SRB,2024,POLICY_VACCINATION,POLICY_RECOMMENDATION_CA,,,,,,,,,EJRF
SRB,2024,POLICY_VACCINATION,POLICY_RECOMMENDATION_CA_CHRONIC,,,,,,,,,EJRF
SRB,2024,POLICY_VACCINATION,OTHER_GROUPS,,,,,,,,,EJRF
TLS,2024,POLICY_VACCINATION,POLICY_RECOMMENDATION_ELDERLY_CHRONIC,YES,,,,,,,,EJRF
TLS,2024,POLICY_VACCINATION,POLICY_RECOMMENDATION_ELDERLY,YES,,,,,,,,EJRF
TLS,2024,POLICY_VACCINATION,POLICY_RECOMMENDATION_ADULTS,YES,,,,,,,,EJRF
TLS,2024,POLICY_VACCINATION,POLICY_RECOMMENDATION_ADULTS_CHRONIC,YES,,,,,,,,EJRF
TLS,2024,POLICY_VACCINATION,PW,YES,,,,,,,,EJRF
TLS,2024,POLICY_VACCINATION,POLICY_RECOMMENDATION_HCW,YES,,,,,,,,EJRF
TLS,2024,POLICY_VACCINATION,POLICY_RECOMMENDATION_CA,YES,,,,,,,,EJRF
TLS,2024,POLICY_VACCINATION,POLICY_RECOMMENDATION_CA_CHRONIC,YES,,,,,,,,EJRF
TLS,2024,POLICY_VACCINATION,OTHER_GROUPS,YES,,,,,,,,EJRF
TON,2024,POLICY_VACCINATION,POLICY_RECOMMENDATION_ELDERLY,-4444,,,,,,,,EJRF
TON,2024,POLICY_VACCINATION,POLICY_RECOMMENDATION_ELDERLY_CHRONIC,-4444,,,,,,,,EJRF
TON,2024,POLICY_VACCINATION,POLICY_RECOMMENDATION_ADULTS,-4444,,,,,,,,EJRF
TON,2024,POLICY_VACCINATION,POLICY_RECOMMENDATION_ADULTS_CHRONIC,-4444,,,,,,,,EJRF
TON,2024,POLICY_VACCINATION,PW,-4444,,,,,,,,EJRF
TON,2024,POLICY_VACCINATION,POLICY_RECOMMENDATION_HCW,-4444,,,,,,,,EJRF
TON,2024,POLICY_VACCINATION,POLICY_RECOMMENDATION_CA,-4444,,,,,,,,EJRF
TON,2024,POLICY_VACCINATION,POLICY_RECOMMENDATION_CA_CHRONIC,-4444,,,,,,,,EJRF
TON,2024,POLICY_VACCINATION,OTHER_GROUPS,-4444,,,,,,,,EJRF
ZWE,2024,POLICY_VACCINATION,POLICY_RECOMMENDATION_ADULTS_CHRONIC,,,,,,,,,EJRF
ZWE,2024,POLICY_VACCINATION,POLICY_RECOMMENDATION_ELDERLY,,,,,,,,,EJRF
ZWE,2024,POLICY_VACCINATION,POLICY_RECOMMENDATION_ELDERLY_CHRONIC,,,,,,,,,EJRF
ZWE,2024,POLICY_VACCINATION,PW,,,,,,,,,EJRF
ZWE,2024,POLICY_VACCINATION,POLICY_RECOMMENDATION_HCW,,,,,,,,,EJRF
ZWE,2024,POLICY_VACCINATION,POLICY_RECOMMENDATION_CA,,,,,,,,,EJRF
ZWE,2024,POLICY_VACCINATION,POLICY_RECOMMENDATION_CA_CHRONIC,,,,,,,,,EJRF
ZWE,2024,POLICY_VACCINATION,OTHER_GROUPS,,,,,,,,,EJRF
ZWE,2024,POLICY_VACCINATION,POLICY_RECOMMENDATION_ADULTS,,,,,,,,,EJRF
ALB,2024,POLICY_REVACCINATION,POLICY_RECOMMENDATION_ELDERLY_CHRONIC,YES,,,,,,,,EJRF
ALB,2024,POLICY_REVACCINATION,POLICY_RECOMMENDATION_ADULTS,YES,,,,,,,,EJRF
ALB,2024,POLICY_REVACCINATION,POLICY_RECOMMENDATION_ADULTS_CHRONIC,YES,,,,,,,,EJRF
ALB,2024,POLICY_REVACCINATION,PW,YES,,,,,,,,EJRF
ALB,2024,POLICY_REVACCINATION,POLICY_RECOMMENDATION_HCW,YES,,,,,,,,EJRF
ALB,2024,POLICY_REVACCINATION,POLICY_RECOMMENDATION_CA,NO,,,,,,,,EJRF
ALB,2024,POLICY_REVACCINATION,POLICY_RECOMMENDATION_CA_CHRONIC,,,,,,,,,EJRF
ALB,2024,POLICY_REVACCINATION,POLICY_RECOMMENDATION_ELDERLY,YES,,,,,,,,EJRF
ALB,2024,POLICY_REVACCINATION,OTHER_GROUPS,,,,,,,,,EJRF
DZA,2024,POLICY_REVACCINATION,POLICY_RECOMMENDATION_ADULTS,,,,,,,,,EJRF
DZA,2024,POLICY_REVACCINATION,POLICY_RECOMMENDATION_ADULTS_CHRONIC,,,,,,,,,EJRF
DZA,2024,POLICY_REVACCINATION,PW,,,,,,,,,EJRF
DZA,2024,POLICY_REVACCINATION,POLICY_RECOMMENDATION_HCW,,,,,,,,,EJRF
DZA,2024,POLICY_REVACCINATION,POLICY_RECOMMENDATION_CA,,,,,,,,,EJRF
DZA,2024,POLICY_REVACCINATION,OTHER_GROUPS,,,,,,,,,EJRF
DZA,2024,POLICY_REVACCINATION,POLICY_RECOMMENDATION_CA_CHRONIC,,,,,,,,,EJRF
DZA,2024,POLICY_REVACCINATION,POLICY_RECOMMENDATION_ELDERLY,,,,,,,,,EJRF
DZA,2024,POLICY_REVACCINATION,POLICY_RECOMMENDATION_ELDERLY_CHRONIC,,,,,,,,,EJRF
BEL,2024,POLICY_REVACCINATION,POLICY_RECOMMENDATION_ELDERLY,YES,,,,,,,,EJRF
BEL,2024,POLICY_REVACCINATION,POLICY_RECOMMENDATION_ELDERLY_CHRONIC,YES,,,,,,,,EJRF
BEL,2024,POLICY_REVACCINATION,POLICY_RECOMMENDATION_ADULTS,NO,,,,,,,,EJRF
BEL,2024,POLICY_REVACCINATION,POLICY_RECOMMENDATION_ADULTS_CHRONIC,YES,,,,,,,,EJRF
BEL,2024,POLICY_REVACCINATION,PW,YES,,,,,,,,EJRF
BEL,2024,POLICY_REVACCINATION,POLICY_RECOMMENDATION_HCW,YES,,,,,,,,EJRF
BEL,2024,POLICY_REVACCINATION,POLICY_RECOMMENDATION_CA,NO,,,,,,,,EJRF
BEL,2024,POLICY_REVACCINATION,POLICY_RECOMMENDATION_CA_CHRONIC,YES,,,,,,,,EJRF
BEL,2024,POLICY_REVACCINATION,OTHER_GROUPS,YES,,,,,,,,EJRF
MAC,2024,POLICY_REVACCINATION,POLICY_RECOMMENDATION_ELDERLY,YES,,,,,,,,EJRF
MAC,2024,POLICY_REVACCINATION,POLICY_RECOMMENDATION_ELDERLY_CHRONIC,YES,,,,,,,,EJRF
MAC,2024,POLICY_REVACCINATION,POLICY_RECOMMENDATION_ADULTS,YES,,,,,,,,EJRF
MAC,2024,POLICY_REVACCINATION,POLICY_RECOMMENDATION_ADULTS_CHRONIC,YES,,,,,,,,EJRF
MAC,2024,POLICY_REVACCINATION,PW,YES,,,,,,,,EJRF
MAC,2024,POLICY_REVACCINATION,POLICY_RECOMMENDATION_HCW,YES,,,,,,,,EJRF
MAC,2024,POLICY_REVACCINATION,POLICY_RECOMMENDATION_CA,YES,,,,,,,,EJRF
MAC,2024,POLICY_REVACCINATION,POLICY_RECOMMENDATION_CA_CHRONIC,YES,,,,,,,,EJRF
MAC,2024,POLICY_REVACCINATION,OTHER_GROUPS,-4444,,,,,,,,EJRF
COG,2024,POLICY_REVACCINATION,POLICY_RECOMMENDATION_ELDERLY,YES,,,,,,,,EJRF
COG,2024,POLICY_REVACCINATION,POLICY_RECOMMENDATION_ADULTS,YES,,,,,,,,EJRF
COG,2024,POLICY_REVACCINATION,POLICY_RECOMMENDATION_ADULTS_CHRONIC,YES,,,,,,,,EJRF
COG,2024,POLICY_REVACCINATION,PW,YES,,,,,,,,EJRF
COG,2024,POLICY_REVACCINATION,POLICY_RECOMMENDATION_HCW,YES,,,,,,,,EJRF
COG,2024,POLICY_REVACCINATION,POLICY_RECOMMENDATION_CA,YES,,,,,,,,EJRF
COG,2024,POLICY_REVACCINATION,POLICY_RECOMMENDATION_CA_CHRONIC,YES,,,,,,,,EJRF
COG,2024,POLICY_REVACCINATION,OTHER_GROUPS,-4444,,,,,,,,EJRF
COG,2024,POLICY_REVACCINATION,POLICY_RECOMMENDATION_ELDERLY_CHRONIC,YES,,,,,,,,EJRF
DJI,2024,POLICY_REVACCINATION,PW,,,,,,,,,EJRF
DJI,2024,POLICY_REVACCINATION,POLICY_RECOMMENDATION_HCW,,,,,,,,,EJRF
DJI,2024,POLICY_REVACCINATION,POLICY_RECOMMENDATION_CA,,,,,,,,,EJRF
DJI,2024,POLICY_REVACCINATION,POLICY_RECOMMENDATION_CA_CHRONIC,,,,,,,,,EJRF
DJI,2024,POLICY_REVACCINATION,OTHER_GROUPS,,,,,,,,,EJRF
DJI,2024,POLICY_REVACCINATION,POLICY_RECOMMENDATION_ELDERLY,-4444,,,,,,,,EJRF
DJI,2024,POLICY_REVACCINATION,POLICY_RECOMMENDATION_ELDERLY_CHRONIC,,,,,,,,,EJRF
DJI,2024,POLICY_REVACCINATION,POLICY_RECOMMENDATION_ADULTS,,,,,,,,,EJRF
DJI,2024,POLICY_REVACCINATION,POLICY_RECOMMENDATION_ADULTS_CHRONIC,,,,,,,,,EJRF
GNB,2024,POLICY_REVACCINATION,POLICY_RECOMMENDATION_HCW,-4444,,,,,,,,EJRF
GNB,2024,POLICY_REVACCINATION,POLICY_RECOMMENDATION_CA,-4444,,,,,,,,EJRF
GNB,2024,POLICY_REVACCINATION,POLICY_RECOMMENDATION_CA_CHRONIC,-4444,,,,,,,,EJRF
GNB,2024,POLICY_REVACCINATION,OTHER_GROUPS,-4444,,,,,,,,EJRF
GNB,2024,POLICY_REVACCINATION,POLICY_RECOMMENDATION_ELDERLY_CHRONIC,-4444,,,,,,,,EJRF
GNB,2024,POLICY_REVACCINATION,POLICY_RECOMMENDATION_ELDERLY,YES,,,,,,,,EJRF
GNB,2024,POLICY_REVACCINATION,POLICY_RECOMMENDATION_ADULTS,-4444,,,,,,,,EJRF
GNB,2024,POLICY_REVACCINATION,POLICY_RECOMMENDATION_ADULTS_CHRONIC,-4444,,,,,,,,EJRF
GNB,2024,POLICY_REVACCINATION,PW,-4444,,,,,,,,EJRF
GUY,2024,POLICY_REVACCINATION,PW,,,,,,,,,EJRF
GUY,2024,POLICY_REVACCINATION,POLICY_RECOMMENDATION_HCW,,,,,,,,,EJRF
GUY,2024,POLICY_REVACCINATION,POLICY_RECOMMENDATION_CA,,,,,,,,,EJRF
GUY,2024,POLICY_REVACCINATION,POLICY_RECOMMENDATION_CA_CHRONIC,,,,,,,,,EJRF
GUY,2024,POLICY_REVACCINATION,OTHER_GROUPS,,,,,,,,,EJRF
GUY,2024,POLICY_REVACCINATION,POLICY_RECOMMENDATION_ELDERLY,,,,,,,,,EJRF
GUY,2024,POLICY_REVACCINATION,POLICY_RECOMMENDATION_ELDERLY_CHRONIC,,,,,,,,,EJRF
GUY,2024,POLICY_REVACCINATION,POLICY_RECOMMENDATION_ADULTS,,,,,,,,,EJRF
GUY,2024,POLICY_REVACCINATION,POLICY_RECOMMENDATION_ADULTS_CHRONIC,,,,,,,,,EJRF
HTI,2024,POLICY_REVACCINATION,POLICY_RECOMMENDATION_CA,-4444,,,,,,,,EJRF
HTI,2024,POLICY_REVACCINATION,POLICY_RECOMMENDATION_CA_CHRONIC,NO,,,,,,,,EJRF
HTI,2024,POLICY_REVACCINATION,OTHER_GROUPS,-4444,,,,,,,,EJRF
HTI,2024,POLICY_REVACCINATION,POLICY_RECOMMENDATION_ELDERLY,NO,,,,,,,,EJRF
HTI,2024,POLICY_REVACCINATION,POLICY_RECOMMENDATION_ELDERLY_CHRONIC,NO,,,,,,,,EJRF
HTI,2024,POLICY_REVACCINATION,POLICY_RECOMMENDATION_ADULTS,NO,,,,,,,,EJRF
HTI,2024,POLICY_REVACCINATION,POLICY_RECOMMENDATION_ADULTS_CHRONIC,NO,,,,,,,,EJRF
HTI,2024,POLICY_REVACCINATION,PW,NO,,,,,,,,EJRF
HTI,2024,POLICY_REVACCINATION,POLICY_RECOMMENDATION_HCW,NO,,,,,,,,EJRF
ISL,2024,POLICY_REVACCINATION,POLICY_RECOMMENDATION_ELDERLY,YES,,,,,,,,EJRF
ISL,2024,POLICY_REVACCINATION,POLICY_RECOMMENDATION_ADULTS,,,,,,,,,EJRF
ISL,2024,POLICY_REVACCINATION,POLICY_RECOMMENDATION_ELDERLY_CHRONIC,,,,,,,,,EJRF
ISL,2024,POLICY_REVACCINATION,POLICY_RECOMMENDATION_ADULTS_CHRONIC,YES,,,,,,,,EJRF
ISL,2024,POLICY_REVACCINATION,PW,YES,,,,,,,,EJRF
ISL,2024,POLICY_REVACCINATION,POLICY_RECOMMENDATION_HCW,YES,,,,,,,,EJRF
ISL,2024,POLICY_REVACCINATION,POLICY_RECOMMENDATION_CA,,,,,,,,,EJRF
ISL,2024,POLICY_REVACCINATION,POLICY_RECOMMENDATION_CA_CHRONIC,YES,,,,,,,,EJRF
ISL,2024,POLICY_REVACCINATION,OTHER_GROUPS,,,,,,,,,EJRF
LBN,2024,POLICY_REVACCINATION,POLICY_RECOMMENDATION_CA,-4444,,,,,,,,EJRF
LBN,2024,POLICY_REVACCINATION,POLICY_RECOMMENDATION_ELDERLY_CHRONIC,-4444,,,,,,,,EJRF
LBN,2024,POLICY_REVACCINATION,POLICY_RECOMMENDATION_ADULTS,-4444,,,,,,,,EJRF
LBN,2024,POLICY_REVACCINATION,POLICY_RECOMMENDATION_ELDERLY,-4444,,,,,,,,EJRF
LBN,2024,POLICY_REVACCINATION,POLICY_RECOMMENDATION_ADULTS_CHRONIC,-4444,,,,,,,,EJRF
LBN,2024,POLICY_REVACCINATION,PW,-4444,,,,,,,,EJRF
LBN,2024,POLICY_REVACCINATION,POLICY_RECOMMENDATION_HCW,-4444,,,,,,,,EJRF
LBN,2024,POLICY_REVACCINATION,POLICY_RECOMMENDATION_CA_CHRONIC,-4444,,,,,,,,EJRF
LBN,2024,POLICY_REVACCINATION,OTHER_GROUPS,-4444,,,,,,,,EJRF
FSM,2024,POLICY_REVACCINATION,PW,,,,,,,,,EJRF
FSM,2024,POLICY_REVACCINATION,POLICY_RECOMMENDATION_HCW,,,,,,,,,EJRF
FSM,2024,POLICY_REVACCINATION,POLICY_RECOMMENDATION_CA,,,,,,,,,EJRF
FSM,2024,POLICY_REVACCINATION,POLICY_RECOMMENDATION_CA_CHRONIC,,,,,,,,,EJRF
FSM,2024,POLICY_REVACCINATION,OTHER_GROUPS,,,,,,,,,EJRF
FSM,2024,POLICY_REVACCINATION,POLICY_RECOMMENDATION_ELDERLY,,,,,,,,,EJRF
FSM,2024,POLICY_REVACCINATION,POLICY_RECOMMENDATION_ELDERLY_CHRONIC,,,,,,,,,EJRF
FSM,2024,POLICY_REVACCINATION,POLICY_RECOMMENDATION_ADULTS,,,,,,,,,EJRF
FSM,2024,POLICY_REVACCINATION,POLICY_RECOMMENDATION_ADULTS_CHRONIC,,,,,,,,,EJRF
MNE,2024,POLICY_REVACCINATION,POLICY_RECOMMENDATION_ELDERLY,YES,,,,,,,,EJRF
MNE,2024,POLICY_REVACCINATION,POLICY_RECOMMENDATION_ELDERLY_CHRONIC,YES,,,,,,,,EJRF
MNE,2024,POLICY_REVACCINATION,POLICY_RECOMMENDATION_ADULTS,NO,,,,,,,,EJRF
MNE,2024,POLICY_REVACCINATION,POLICY_RECOMMENDATION_ADULTS_CHRONIC,YES,,,,,,,,EJRF
MNE,2024,POLICY_REVACCINATION,PW,YES,,,,,,,,EJRF
MNE,2024,POLICY_REVACCINATION,POLICY_RECOMMENDATION_HCW,YES,,,,,,,,EJRF
MNE,2024,POLICY_REVACCINATION,POLICY_RECOMMENDATION_CA,NO,,,,,,,,EJRF
MNE,2024,POLICY_REVACCINATION,POLICY_RECOMMENDATION_CA_CHRONIC,NO,,,,,,,,EJRF
MNE,2024,POLICY_REVACCINATION,OTHER_GROUPS,NO,,,,,,,,EJRF
NLD,2024,POLICY_REVACCINATION,POLICY_RECOMMENDATION_ELDERLY,YES,,,,,,,,EJRF
NLD,2024,POLICY_REVACCINATION,POLICY_RECOMMENDATION_ELDERLY_CHRONIC,YES,,,,,,,,EJRF
NLD,2024,POLICY_REVACCINATION,POLICY_RECOMMENDATION_ADULTS,NO,,,,,,,,EJRF
NLD,2024,POLICY_REVACCINATION,POLICY_RECOMMENDATION_ADULTS_CHRONIC,YES,,,,,,,,EJRF
NLD,2024,POLICY_REVACCINATION,PW,NO,,,,,,,,EJRF
NLD,2024,POLICY_REVACCINATION,POLICY_RECOMMENDATION_HCW,YES,,,,,,,,EJRF
NLD,2024,POLICY_REVACCINATION,POLICY_RECOMMENDATION_CA,NO,,,,,,,,EJRF
NLD,2024,POLICY_REVACCINATION,POLICY_RECOMMENDATION_CA_CHRONIC,YES,,,,,,,,EJRF
NLD,2024,POLICY_REVACCINATION,OTHER_GROUPS,YES,,,,,,,,EJRF
NOR,2024,POLICY_REVACCINATION,POLICY_RECOMMENDATION_CA_CHRONIC,YES,,,,,,,,EJRF
NOR,2024,POLICY_REVACCINATION,OTHER_GROUPS,-4444,,,,,,,,EJRF
NOR,2024,POLICY_REVACCINATION,POLICY_RECOMMENDATION_ELDERLY,YES,,,,,,,,EJRF
NOR,2024,POLICY_REVACCINATION,POLICY_RECOMMENDATION_ELDERLY_CHRONIC,YES,,,,,,,,EJRF
NOR,2024,POLICY_REVACCINATION,POLICY_RECOMMENDATION_ADULTS,NO,,,,,,,,EJRF
NOR,2024,POLICY_REVACCINATION,POLICY_RECOMMENDATION_ADULTS_CHRONIC,YES,,,,,,,,EJRF
NOR,2024,POLICY_REVACCINATION,PW,YES,,,,,,,,EJRF
NOR,2024,POLICY_REVACCINATION,POLICY_RECOMMENDATION_HCW,NO,,,,,,,,EJRF
NOR,2024,POLICY_REVACCINATION,POLICY_RECOMMENDATION_CA,NO,,,,,,,,EJRF
PAK,2024,POLICY_REVACCINATION,POLICY_RECOMMENDATION_CA,-4444,,,,,,,,EJRF
PAK,2024,POLICY_REVACCINATION,POLICY_RECOMMENDATION_CA_CHRONIC,-4444,,,,,,,,EJRF
PAK,2024,POLICY_REVACCINATION,OTHER_GROUPS,-4444,,,,,,,,EJRF
PAK,2024,POLICY_REVACCINATION,PW,-4444,,,,,,,,EJRF
PAK,2024,POLICY_REVACCINATION,POLICY_RECOMMENDATION_HCW,-4444,,,,,,,,EJRF
PAK,2024,POLICY_REVACCINATION,POLICY_RECOMMENDATION_ELDERLY,NO,,,,,,,,EJRF
PAK,2024,POLICY_REVACCINATION,POLICY_RECOMMENDATION_ELDERLY_CHRONIC,-4444,,,,,,,,EJRF
PAK,2024,POLICY_REVACCINATION,POLICY_RECOMMENDATION_ADULTS,YES,,,,,,,,EJRF
PAK,2024,POLICY_REVACCINATION,POLICY_RECOMMENDATION_ADULTS_CHRONIC,-4444,,,,,,,,EJRF
PHL,2024,POLICY_REVACCINATION,PW,,,,,,,,,EJRF
PHL,2024,POLICY_REVACCINATION,POLICY_RECOMMENDATION_HCW,,,,,,,,,EJRF
PHL,2024,POLICY_REVACCINATION,POLICY_RECOMMENDATION_CA,,,,,,,,,EJRF
PHL,2024,POLICY_REVACCINATION,POLICY_RECOMMENDATION_CA_CHRONIC,,,,,,,,,EJRF
PHL,2024,POLICY_REVACCINATION,OTHER_GROUPS,,,,,,,,,EJRF
PHL,2024,POLICY_REVACCINATION,POLICY_RECOMMENDATION_ELDERLY,,,,,,,,,EJRF
PHL,2024,POLICY_REVACCINATION,POLICY_RECOMMENDATION_ELDERLY_CHRONIC,,,,,,,,,EJRF
PHL,2024,POLICY_REVACCINATION,POLICY_RECOMMENDATION_ADULTS,,,,,,,,,EJRF
PHL,2024,POLICY_REVACCINATION,POLICY_RECOMMENDATION_ADULTS_CHRONIC,,,,,,,,,EJRF
QAT,2024,POLICY_REVACCINATION,POLICY_RECOMMENDATION_ELDERLY,YES,,,,,,,,EJRF
QAT,2024,POLICY_REVACCINATION,POLICY_RECOMMENDATION_ELDERLY_CHRONIC,YES,,,,,,,,EJRF
QAT,2024,POLICY_REVACCINATION,POLICY_RECOMMENDATION_ADULTS_CHRONIC,YES,,,,,,,,EJRF
QAT,2024,POLICY_REVACCINATION,PW,-4444,,,,,,,,EJRF
QAT,2024,POLICY_REVACCINATION,POLICY_RECOMMENDATION_ADULTS,-4444,,,,,,,,EJRF
QAT,2024,POLICY_REVACCINATION,OTHER_GROUPS,-4444,,,,,,,,EJRF
QAT,2024,POLICY_REVACCINATION,POLICY_RECOMMENDATION_HCW,-4444,,,,,,,,EJRF
QAT,2024,POLICY_REVACCINATION,POLICY_RECOMMENDATION_CA,-4444,,,,,,,,EJRF
QAT,2024,POLICY_REVACCINATION,POLICY_RECOMMENDATION_CA_CHRONIC,YES,,,,,,,,EJRF
MDA,2024,POLICY_REVACCINATION,OTHER_GROUPS,,,,,,,,,EJRF
MDA,2024,POLICY_REVACCINATION,POLICY_RECOMMENDATION_ELDERLY,YES,,,,,,,,EJRF
MDA,2024,POLICY_REVACCINATION,POLICY_RECOMMENDATION_ELDERLY_CHRONIC,YES,,,,,,,,EJRF
MDA,2024,POLICY_REVACCINATION,POLICY_RECOMMENDATION_ADULTS,NO,,,,,,,,EJRF
MDA,2024,POLICY_REVACCINATION,POLICY_RECOMMENDATION_ADULTS_CHRONIC,YES,,,,,,,,EJRF
MDA,2024,POLICY_REVACCINATION,PW,YES,,,,,,,,EJRF
MDA,2024,POLICY_REVACCINATION,POLICY_RECOMMENDATION_HCW,YES,,,,,,,,EJRF
MDA,2024,POLICY_REVACCINATION,POLICY_RECOMMENDATION_CA,NO,,,,,,,,EJRF
MDA,2024,POLICY_REVACCINATION,POLICY_RECOMMENDATION_CA_CHRONIC,NO,,,,,,,,EJRF
SRB,2024,POLICY_REVACCINATION,POLICY_RECOMMENDATION_ELDERLY,YES,,,,,,,,EJRF
SRB,2024,POLICY_REVACCINATION,POLICY_RECOMMENDATION_ELDERLY_CHRONIC,YES,,,,,,,,EJRF
SRB,2024,POLICY_REVACCINATION,POLICY_RECOMMENDATION_ADULTS,NO,,,,,,,,EJRF
SRB,2024,POLICY_REVACCINATION,POLICY_RECOMMENDATION_ADULTS_CHRONIC,YES,,,,,,,,EJRF
SRB,2024,POLICY_REVACCINATION,PW,NO,,,,,,,,EJRF
SRB,2024,POLICY_REVACCINATION,POLICY_RECOMMENDATION_HCW,YES,,,,,,,,EJRF
SRB,2024,POLICY_REVACCINATION,POLICY_RECOMMENDATION_CA,NO,,,,,,,,EJRF
SRB,2024,POLICY_REVACCINATION,POLICY_RECOMMENDATION_CA_CHRONIC,NO,,,,,,,,EJRF
SRB,2024,POLICY_REVACCINATION,OTHER_GROUPS,,,,,,,,,EJRF
TLS,2024,POLICY_REVACCINATION,POLICY_RECOMMENDATION_ELDERLY_CHRONIC,YES,,,,,,,,EJRF
TLS,2024,POLICY_REVACCINATION,POLICY_RECOMMENDATION_ELDERLY,YES,,,,,,,,EJRF
TLS,2024,POLICY_REVACCINATION,POLICY_RECOMMENDATION_ADULTS,YES,,,,,,,,EJRF
TLS,2024,POLICY_REVACCINATION,POLICY_RECOMMENDATION_ADULTS_CHRONIC,YES,,,,,,,,EJRF
TLS,2024,POLICY_REVACCINATION,PW,YES,,,,,,,,EJRF
TLS,2024,POLICY_REVACCINATION,POLICY_RECOMMENDATION_HCW,YES,,,,,,,,EJRF
TLS,2024,POLICY_REVACCINATION,POLICY_RECOMMENDATION_CA,NO,,,,,,,,EJRF
TLS,2024,POLICY_REVACCINATION,POLICY_RECOMMENDATION_CA_CHRONIC,YES,,,,,,,,EJRF
TLS,2024,POLICY_REVACCINATION,OTHER_GROUPS,NO,,,,,,,,EJRF
TON,2024,POLICY_REVACCINATION,POLICY_RECOMMENDATION_ELDERLY,,,,,,,,,EJRF
TON,2024,POLICY_REVACCINATION,POLICY_RECOMMENDATION_ELDERLY_CHRONIC,,,,,,,,,EJRF
TON,2024,POLICY_REVACCINATION,POLICY_RECOMMENDATION_ADULTS,,,,,,,,,EJRF
TON,2024,POLICY_REVACCINATION,POLICY_RECOMMENDATION_ADULTS_CHRONIC,,,,,,,,,EJRF
TON,2024,POLICY_REVACCINATION,PW,,,,,,,,,EJRF
TON,2024,POLICY_REVACCINATION,POLICY_RECOMMENDATION_HCW,,,,,,,,,EJRF
TON,2024,POLICY_REVACCINATION,POLICY_RECOMMENDATION_CA,,,,,,,,,EJRF
TON,2024,POLICY_REVACCINATION,POLICY_RECOMMENDATION_CA_CHRONIC,,,,,,,,,EJRF
TON,2024,POLICY_REVACCINATION,OTHER_GROUPS,,,,,,,,,EJRF
ZWE,2024,POLICY_REVACCINATION,POLICY_RECOMMENDATION_ADULTS_CHRONIC,,,,,,,,,EJRF
ZWE,2024,POLICY_REVACCINATION,POLICY_RECOMMENDATION_ELDERLY,,,,,,,,,EJRF
ZWE,2024,POLICY_REVACCINATION,POLICY_RECOMMENDATION_ELDERLY_CHRONIC,,,,,,,,,EJRF
ZWE,2024,POLICY_REVACCINATION,PW,,,,,,,,,EJRF
ZWE,2024,POLICY_REVACCINATION,POLICY_RECOMMENDATION_HCW,,,,,,,,,EJRF
ZWE,2024,POLICY_REVACCINATION,POLICY_RECOMMENDATION_CA,,,,,,,,,EJRF
ZWE,2024,POLICY_REVACCINATION,POLICY_RECOMMENDATION_CA_CHRONIC,,,,,,,,,EJRF
ZWE,2024,POLICY_REVACCINATION,OTHER_GROUPS,,,,,,,,,EJRF
ZWE,2024,POLICY_REVACCINATION,POLICY_RECOMMENDATION_ADULTS,,,,,,,,,EJRF
ALB,2024,POLICY_INTERVAL,POLICY_RECOMMENDATION_ELDERLY_CHRONIC,12_MONTHS,,,,,,,,EJRF
ALB,2024,POLICY_INTERVAL,POLICY_RECOMMENDATION_ADULTS,6_MONTHS,,,,,,,,EJRF
ALB,2024,POLICY_INTERVAL,POLICY_RECOMMENDATION_ADULTS_CHRONIC,6_MONTHS,,,,,,,,EJRF
ALB,2024,POLICY_INTERVAL,PW,,,,,,,,,EJRF
ALB,2024,POLICY_INTERVAL,POLICY_RECOMMENDATION_HCW,12_MONTHS,,,,,,,,EJRF
ALB,2024,POLICY_INTERVAL,POLICY_RECOMMENDATION_CA,,,,,,,,,EJRF
ALB,2024,POLICY_INTERVAL,POLICY_RECOMMENDATION_CA_CHRONIC,,,,,,,,,EJRF
ALB,2024,POLICY_INTERVAL,POLICY_RECOMMENDATION_ELDERLY,12_MONTHS,,,,,,,,EJRF
ALB,2024,POLICY_INTERVAL,OTHER_GROUPS,,,,,,,,,EJRF
DZA,2024,POLICY_INTERVAL,POLICY_RECOMMENDATION_ADULTS,,,,,,,,,EJRF
DZA,2024,POLICY_INTERVAL,POLICY_RECOMMENDATION_ADULTS_CHRONIC,,,,,,,,,EJRF
DZA,2024,POLICY_INTERVAL,PW,,,,,,,,,EJRF
DZA,2024,POLICY_INTERVAL,POLICY_RECOMMENDATION_HCW,,,,,,,,,EJRF
DZA,2024,POLICY_INTERVAL,POLICY_RECOMMENDATION_CA,,,,,,,,,EJRF
DZA,2024,POLICY_INTERVAL,OTHER_GROUPS,,,,,,,,,EJRF
DZA,2024,POLICY_INTERVAL,POLICY_RECOMMENDATION_CA_CHRONIC,,,,,,,,,EJRF
DZA,2024,POLICY_INTERVAL,POLICY_RECOMMENDATION_ELDERLY,,,,,,,,,EJRF
DZA,2024,POLICY_INTERVAL,POLICY_RECOMMENDATION_ELDERLY_CHRONIC,,,,,,,,,EJRF
BEL,2024,POLICY_INTERVAL,POLICY_RECOMMENDATION_ELDERLY,12_MONTHS,,,,,,,,EJRF
BEL,2024,POLICY_INTERVAL,POLICY_RECOMMENDATION_ELDERLY_CHRONIC,12_MONTHS,,,,,,,,EJRF
BEL,2024,POLICY_INTERVAL,POLICY_RECOMMENDATION_ADULTS,-4444,,,,,,,,EJRF
BEL,2024,POLICY_INTERVAL,POLICY_RECOMMENDATION_ADULTS_CHRONIC,12_MONTHS,,,,,,,,EJRF
BEL,2024,POLICY_INTERVAL,PW,-4444,,,,,,,,EJRF
BEL,2024,POLICY_INTERVAL,POLICY_RECOMMENDATION_HCW,12_MONTHS,,,,,,,,EJRF
BEL,2024,POLICY_INTERVAL,POLICY_RECOMMENDATION_CA,-4444,,,,,,,,EJRF
BEL,2024,POLICY_INTERVAL,POLICY_RECOMMENDATION_CA_CHRONIC,12_MONTHS,,,,,,,,EJRF
BEL,2024,POLICY_INTERVAL,OTHER_GROUPS,12_MONTHS,,,,,,,,EJRF
MAC,2024,POLICY_INTERVAL,POLICY_RECOMMENDATION_ELDERLY,-4444,,,,,,,,EJRF
MAC,2024,POLICY_INTERVAL,POLICY_RECOMMENDATION_ELDERLY_CHRONIC,-4444,,,,,,,,EJRF
MAC,2024,POLICY_INTERVAL,POLICY_RECOMMENDATION_ADULTS,-4444,,,,,,,,EJRF
MAC,2024,POLICY_INTERVAL,POLICY_RECOMMENDATION_ADULTS_CHRONIC,-4444,,,,,,,,EJRF
MAC,2024,POLICY_INTERVAL,PW,-4444,,,,,,,,EJRF
MAC,2024,POLICY_INTERVAL,POLICY_RECOMMENDATION_HCW,-4444,,,,,,,,EJRF
MAC,2024,POLICY_INTERVAL,POLICY_RECOMMENDATION_CA,-4444,,,,,,,,EJRF
MAC,2024,POLICY_INTERVAL,POLICY_RECOMMENDATION_CA_CHRONIC,-4444,,,,,,,,EJRF
MAC,2024,POLICY_INTERVAL,OTHER_GROUPS,-4444,,,,,,,,EJRF
COG,2024,POLICY_INTERVAL,POLICY_RECOMMENDATION_ELDERLY,6_MONTHS,,,,,,,,EJRF
COG,2024,POLICY_INTERVAL,POLICY_RECOMMENDATION_ADULTS,6_MONTHS,,,,,,,,EJRF
COG,2024,POLICY_INTERVAL,POLICY_RECOMMENDATION_ADULTS_CHRONIC,6_MONTHS,,,,,,,,EJRF
COG,2024,POLICY_INTERVAL,PW,6_MONTHS,,,,,,,,EJRF
COG,2024,POLICY_INTERVAL,POLICY_RECOMMENDATION_HCW,6_MONTHS,,,,,,,,EJRF
COG,2024,POLICY_INTERVAL,POLICY_RECOMMENDATION_CA,6_MONTHS,,,,,,,,EJRF
COG,2024,POLICY_INTERVAL,POLICY_RECOMMENDATION_CA_CHRONIC,6_MONTHS,,,,,,,,EJRF
COG,2024,POLICY_INTERVAL,OTHER_GROUPS,-4444,,,,,,,,EJRF
COG,2024,POLICY_INTERVAL,POLICY_RECOMMENDATION_ELDERLY_CHRONIC,6_MONTHS,,,,,,,,EJRF
DJI,2024,POLICY_INTERVAL,PW,,,,,,,,,EJRF
DJI,2024,POLICY_INTERVAL,POLICY_RECOMMENDATION_HCW,,,,,,,,,EJRF
DJI,2024,POLICY_INTERVAL,POLICY_RECOMMENDATION_CA,,,,,,,,,EJRF
DJI,2024,POLICY_INTERVAL,POLICY_RECOMMENDATION_CA_CHRONIC,,,,,,,,,EJRF
DJI,2024,POLICY_INTERVAL,OTHER_GROUPS,,,,,,,,,EJRF
DJI,2024,POLICY_INTERVAL,POLICY_RECOMMENDATION_ELDERLY,-4444,,,,,,,,EJRF
DJI,2024,POLICY_INTERVAL,POLICY_RECOMMENDATION_ELDERLY_CHRONIC,,,,,,,,,EJRF
DJI,2024,POLICY_INTERVAL,POLICY_RECOMMENDATION_ADULTS,,,,,,,,,EJRF
DJI,2024,POLICY_INTERVAL,POLICY_RECOMMENDATION_ADULTS_CHRONIC,,,,,,,,,EJRF
GNB,2024,POLICY_INTERVAL,POLICY_RECOMMENDATION_HCW,,,,,,,,,EJRF
GNB,2024,POLICY_INTERVAL,POLICY_RECOMMENDATION_CA,-4444,,,,,,,,EJRF
GNB,2024,POLICY_INTERVAL,POLICY_RECOMMENDATION_CA_CHRONIC,-4444,,,,,,,,EJRF
GNB,2024,POLICY_INTERVAL,OTHER_GROUPS,-4444,,,,,,,,EJRF
GNB,2024,POLICY_INTERVAL,POLICY_RECOMMENDATION_ELDERLY_CHRONIC,-4444,,,,,,,,EJRF
GNB,2024,POLICY_INTERVAL,POLICY_RECOMMENDATION_ELDERLY,6_MONTHS,,,,,,,,EJRF
GNB,2024,POLICY_INTERVAL,POLICY_RECOMMENDATION_ADULTS,-4444,,,,,,,,EJRF
GNB,2024,POLICY_INTERVAL,POLICY_RECOMMENDATION_ADULTS_CHRONIC,-4444,,,,,,,,EJRF
GNB,2024,POLICY_INTERVAL,PW,-4444,,,,,,,,EJRF
GUY,2024,POLICY_INTERVAL,PW,,,,,,,,,EJRF
GUY,2024,POLICY_INTERVAL,POLICY_RECOMMENDATION_HCW,,,,,,,,,EJRF
GUY,2024,POLICY_INTERVAL,POLICY_RECOMMENDATION_CA,,,,,,,,,EJRF
GUY,2024,POLICY_INTERVAL,POLICY_RECOMMENDATION_CA_CHRONIC,,,,,,,,,EJRF
GUY,2024,POLICY_INTERVAL,OTHER_GROUPS,,,,,,,,,EJRF
GUY,2024,POLICY_INTERVAL,POLICY_RECOMMENDATION_ELDERLY,,,,,,,,,EJRF
GUY,2024,POLICY_INTERVAL,POLICY_RECOMMENDATION_ELDERLY_CHRONIC,,,,,,,,,EJRF
GUY,2024,POLICY_INTERVAL,POLICY_RECOMMENDATION_ADULTS,,,,,,,,,EJRF
GUY,2024,POLICY_INTERVAL,POLICY_RECOMMENDATION_ADULTS_CHRONIC,,,,,,,,,EJRF
HTI,2024,POLICY_INTERVAL,POLICY_RECOMMENDATION_CA,,,,,,,,,EJRF
HTI,2024,POLICY_INTERVAL,POLICY_RECOMMENDATION_CA_CHRONIC,,,,,,,,,EJRF
HTI,2024,POLICY_INTERVAL,OTHER_GROUPS,,,,,,,,,EJRF
HTI,2024,POLICY_INTERVAL,POLICY_RECOMMENDATION_ELDERLY,-4444,,,,,,,,EJRF
HTI,2024,POLICY_INTERVAL,POLICY_RECOMMENDATION_ELDERLY_CHRONIC,-4444,,,,,,,,EJRF
HTI,2024,POLICY_INTERVAL,POLICY_RECOMMENDATION_ADULTS,,,,,,,,,EJRF
HTI,2024,POLICY_INTERVAL,POLICY_RECOMMENDATION_ADULTS_CHRONIC,,,,,,,,,EJRF
HTI,2024,POLICY_INTERVAL,PW,,,,,,,,,EJRF
HTI,2024,POLICY_INTERVAL,POLICY_RECOMMENDATION_HCW,,,,,,,,,EJRF
ISL,2024,POLICY_INTERVAL,POLICY_RECOMMENDATION_ELDERLY,12_MONTHS,,,,,,,,EJRF
ISL,2024,POLICY_INTERVAL,POLICY_RECOMMENDATION_ADULTS,,,,,,,,,EJRF
ISL,2024,POLICY_INTERVAL,POLICY_RECOMMENDATION_ELDERLY_CHRONIC,,,,,,,,,EJRF
ISL,2024,POLICY_INTERVAL,POLICY_RECOMMENDATION_ADULTS_CHRONIC,OTHER,,,,,,,,EJRF
ISL,2024,POLICY_INTERVAL,PW,OTHER,,,,,,,,EJRF
ISL,2024,POLICY_INTERVAL,POLICY_RECOMMENDATION_HCW,OTHER,,,,,,,,EJRF
ISL,2024,POLICY_INTERVAL,POLICY_RECOMMENDATION_CA,,,,,,,,,EJRF
ISL,2024,POLICY_INTERVAL,POLICY_RECOMMENDATION_CA_CHRONIC,OTHER,,,,,,,,EJRF
ISL,2024,POLICY_INTERVAL,OTHER_GROUPS,,,,,,,,,EJRF
LBN,2024,POLICY_INTERVAL,POLICY_RECOMMENDATION_CA,-4444,,,,,,,,EJRF
LBN,2024,POLICY_INTERVAL,POLICY_RECOMMENDATION_ELDERLY_CHRONIC,-4444,,,,,,,,EJRF
LBN,2024,POLICY_INTERVAL,POLICY_RECOMMENDATION_ADULTS,-4444,,,,,,,,EJRF
LBN,2024,POLICY_INTERVAL,POLICY_RECOMMENDATION_ELDERLY,-4444,,,,,,,,EJRF
LBN,2024,POLICY_INTERVAL,POLICY_RECOMMENDATION_ADULTS_CHRONIC,-4444,,,,,,,,EJRF
LBN,2024,POLICY_INTERVAL,PW,-4444,,,,,,,,EJRF
LBN,2024,POLICY_INTERVAL,POLICY_RECOMMENDATION_HCW,-4444,,,,,,,,EJRF
LBN,2024,POLICY_INTERVAL,POLICY_RECOMMENDATION_CA_CHRONIC,-4444,,,,,,,,EJRF
LBN,2024,POLICY_INTERVAL,OTHER_GROUPS,-4444,,,,,,,,EJRF
FSM,2024,POLICY_INTERVAL,PW,,,,,,,,,EJRF
FSM,2024,POLICY_INTERVAL,POLICY_RECOMMENDATION_HCW,,,,,,,,,EJRF
FSM,2024,POLICY_INTERVAL,POLICY_RECOMMENDATION_CA,,,,,,,,,EJRF
FSM,2024,POLICY_INTERVAL,POLICY_RECOMMENDATION_CA_CHRONIC,,,,,,,,,EJRF
FSM,2024,POLICY_INTERVAL,OTHER_GROUPS,,,,,,,,,EJRF
FSM,2024,POLICY_INTERVAL,POLICY_RECOMMENDATION_ELDERLY,,,,,,,,,EJRF
FSM,2024,POLICY_INTERVAL,POLICY_RECOMMENDATION_ELDERLY_CHRONIC,,,,,,,,,EJRF
FSM,2024,POLICY_INTERVAL,POLICY_RECOMMENDATION_ADULTS,,,,,,,,,EJRF
FSM,2024,POLICY_INTERVAL,POLICY_RECOMMENDATION_ADULTS_CHRONIC,,,,,,,,,EJRF
MNE,2024,POLICY_INTERVAL,POLICY_RECOMMENDATION_ELDERLY,,,,,,,,,EJRF
MNE,2024,POLICY_INTERVAL,POLICY_RECOMMENDATION_ELDERLY_CHRONIC,,,,,,,,,EJRF
MNE,2024,POLICY_INTERVAL,POLICY_RECOMMENDATION_ADULTS,,,,,,,,,EJRF
MNE,2024,POLICY_INTERVAL,POLICY_RECOMMENDATION_ADULTS_CHRONIC,,,,,,,,,EJRF
MNE,2024,POLICY_INTERVAL,PW,,,,,,,,,EJRF
MNE,2024,POLICY_INTERVAL,POLICY_RECOMMENDATION_HCW,,,,,,,,,EJRF
MNE,2024,POLICY_INTERVAL,POLICY_RECOMMENDATION_CA,,,,,,,,,EJRF
MNE,2024,POLICY_INTERVAL,POLICY_RECOMMENDATION_CA_CHRONIC,,,,,,,,,EJRF
MNE,2024,POLICY_INTERVAL,OTHER_GROUPS,,,,,,,,,EJRF
NLD,2024,POLICY_INTERVAL,POLICY_RECOMMENDATION_ELDERLY,12_MONTHS,,,,,,,,EJRF
NLD,2024,POLICY_INTERVAL,POLICY_RECOMMENDATION_ELDERLY_CHRONIC,12_MONTHS,,,,,,,,EJRF
NLD,2024,POLICY_INTERVAL,POLICY_RECOMMENDATION_ADULTS,-4444,,,,,,,,EJRF
NLD,2024,POLICY_INTERVAL,POLICY_RECOMMENDATION_ADULTS_CHRONIC,12_MONTHS,,,,,,,,EJRF
NLD,2024,POLICY_INTERVAL,PW,-4444,,,,,,,,EJRF
NLD,2024,POLICY_INTERVAL,POLICY_RECOMMENDATION_HCW,12_MONTHS,,,,,,,,EJRF
NLD,2024,POLICY_INTERVAL,POLICY_RECOMMENDATION_CA,-4444,,,,,,,,EJRF
NLD,2024,POLICY_INTERVAL,POLICY_RECOMMENDATION_CA_CHRONIC,12_MONTHS,,,,,,,,EJRF
NLD,2024,POLICY_INTERVAL,OTHER_GROUPS,6_MONTHS,,,,,,,,EJRF
NOR,2024,POLICY_INTERVAL,POLICY_RECOMMENDATION_CA_CHRONIC,OTHER,,,,,,,,EJRF
NOR,2024,POLICY_INTERVAL,OTHER_GROUPS,-4444,,,,,,,,EJRF
NOR,2024,POLICY_INTERVAL,POLICY_RECOMMENDATION_ELDERLY,12_MONTHS,,,,,,,,EJRF
NOR,2024,POLICY_INTERVAL,POLICY_RECOMMENDATION_ELDERLY_CHRONIC,OTHER,,,,,,,,EJRF
NOR,2024,POLICY_INTERVAL,POLICY_RECOMMENDATION_ADULTS,-2222,,,,,,,,EJRF
NOR,2024,POLICY_INTERVAL,POLICY_RECOMMENDATION_ADULTS_CHRONIC,OTHER,,,,,,,,EJRF
NOR,2024,POLICY_INTERVAL,PW,6_MONTHS,,,,,,,,EJRF
NOR,2024,POLICY_INTERVAL,POLICY_RECOMMENDATION_HCW,-4444,,,,,,,,EJRF
NOR,2024,POLICY_INTERVAL,POLICY_RECOMMENDATION_CA,-4444,,,,,,,,EJRF
PAK,2024,POLICY_INTERVAL,POLICY_RECOMMENDATION_CA,-4444,,,,,,,,EJRF
PAK,2024,POLICY_INTERVAL,POLICY_RECOMMENDATION_CA_CHRONIC,-4444,,,,,,,,EJRF
PAK,2024,POLICY_INTERVAL,OTHER_GROUPS,-4444,,,,,,,,EJRF
PAK,2024,POLICY_INTERVAL,PW,-4444,,,,,,,,EJRF
PAK,2024,POLICY_INTERVAL,POLICY_RECOMMENDATION_HCW,-4444,,,,,,,,EJRF
PAK,2024,POLICY_INTERVAL,POLICY_RECOMMENDATION_ELDERLY,-4444,,,,,,,,EJRF
PAK,2024,POLICY_INTERVAL,POLICY_RECOMMENDATION_ELDERLY_CHRONIC,-4444,,,,,,,,EJRF
PAK,2024,POLICY_INTERVAL,POLICY_RECOMMENDATION_ADULTS,6_MONTHS,,,,,,,,EJRF
PAK,2024,POLICY_INTERVAL,POLICY_RECOMMENDATION_ADULTS_CHRONIC,-4444,,,,,,,,EJRF
PHL,2024,POLICY_INTERVAL,PW,,,,,,,,,EJRF
PHL,2024,POLICY_INTERVAL,POLICY_RECOMMENDATION_HCW,,,,,,,,,EJRF
PHL,2024,POLICY_INTERVAL,POLICY_RECOMMENDATION_CA,,,,,,,,,EJRF
PHL,2024,POLICY_INTERVAL,POLICY_RECOMMENDATION_CA_CHRONIC,,,,,,,,,EJRF
PHL,2024,POLICY_INTERVAL,OTHER_GROUPS,,,,,,,,,EJRF
PHL,2024,POLICY_INTERVAL,POLICY_RECOMMENDATION_ELDERLY,,,,,,,,,EJRF
PHL,2024,POLICY_INTERVAL,POLICY_RECOMMENDATION_ELDERLY_CHRONIC,,,,,,,,,EJRF
PHL,2024,POLICY_INTERVAL,POLICY_RECOMMENDATION_ADULTS,,,,,,,,,EJRF
PHL,2024,POLICY_INTERVAL,POLICY_RECOMMENDATION_ADULTS_CHRONIC,,,,,,,,,EJRF
QAT,2024,POLICY_INTERVAL,POLICY_RECOMMENDATION_ELDERLY,12_MONTHS,,,,,,,,EJRF
QAT,2024,POLICY_INTERVAL,POLICY_RECOMMENDATION_ELDERLY_CHRONIC,12_MONTHS,,,,,,,,EJRF
QAT,2024,POLICY_INTERVAL,POLICY_RECOMMENDATION_ADULTS_CHRONIC,12_MONTHS,,,,,,,,EJRF
QAT,2024,POLICY_INTERVAL,PW,-4444,,,,,,,,EJRF
QAT,2024,POLICY_INTERVAL,POLICY_RECOMMENDATION_ADULTS,-4444,,,,,,,,EJRF
QAT,2024,POLICY_INTERVAL,OTHER_GROUPS,-4444,,,,,,,,EJRF
QAT,2024,POLICY_INTERVAL,POLICY_RECOMMENDATION_HCW,-4444,,,,,,,,EJRF
QAT,2024,POLICY_INTERVAL,POLICY_RECOMMENDATION_CA,-4444,,,,,,,,EJRF
QAT,2024,POLICY_INTERVAL,POLICY_RECOMMENDATION_CA_CHRONIC,12_MONTHS,,,,,,,,EJRF
MDA,2024,POLICY_INTERVAL,OTHER_GROUPS,,,,,,,,,EJRF
MDA,2024,POLICY_INTERVAL,POLICY_RECOMMENDATION_ELDERLY,12_MONTHS,,,,,,,,EJRF
MDA,2024,POLICY_INTERVAL,POLICY_RECOMMENDATION_ELDERLY_CHRONIC,12_MONTHS,,,,,,,,EJRF
MDA,2024,POLICY_INTERVAL,POLICY_RECOMMENDATION_ADULTS,,,,,,,,,EJRF
MDA,2024,POLICY_INTERVAL,POLICY_RECOMMENDATION_ADULTS_CHRONIC,12_MONTHS,,,,,,,,EJRF
MDA,2024,POLICY_INTERVAL,PW,6_MONTHS,,,,,,,,EJRF
MDA,2024,POLICY_INTERVAL,POLICY_RECOMMENDATION_HCW,12_MONTHS,,,,,,,,EJRF
MDA,2024,POLICY_INTERVAL,POLICY_RECOMMENDATION_CA,-2222,,,,,,,,EJRF
MDA,2024,POLICY_INTERVAL,POLICY_RECOMMENDATION_CA_CHRONIC,-2222,,,,,,,,EJRF
SRB,2024,POLICY_INTERVAL,POLICY_RECOMMENDATION_ELDERLY,12_MONTHS,,,,,,,,EJRF
SRB,2024,POLICY_INTERVAL,POLICY_RECOMMENDATION_ELDERLY_CHRONIC,6_MONTHS,,,,,,,,EJRF
SRB,2024,POLICY_INTERVAL,POLICY_RECOMMENDATION_ADULTS,,,,,,,,,EJRF
SRB,2024,POLICY_INTERVAL,POLICY_RECOMMENDATION_ADULTS_CHRONIC,6_MONTHS,,,,,,,,EJRF
SRB,2024,POLICY_INTERVAL,PW,,,,,,,,,EJRF
SRB,2024,POLICY_INTERVAL,POLICY_RECOMMENDATION_HCW,12_MONTHS,,,,,,,,EJRF
SRB,2024,POLICY_INTERVAL,POLICY_RECOMMENDATION_CA,,,,,,,,,EJRF
SRB,2024,POLICY_INTERVAL,POLICY_RECOMMENDATION_CA_CHRONIC,,,,,,,,,EJRF
SRB,2024,POLICY_INTERVAL,OTHER_GROUPS,,,,,,,,,EJRF
TLS,2024,POLICY_INTERVAL,POLICY_RECOMMENDATION_ELDERLY_CHRONIC,6_MONTHS,,,,,,,,EJRF
TLS,2024,POLICY_INTERVAL,POLICY_RECOMMENDATION_ELDERLY,6_MONTHS,,,,,,,,EJRF
TLS,2024,POLICY_INTERVAL,POLICY_RECOMMENDATION_ADULTS,6_MONTHS,,,,,,,,EJRF
TLS,2024,POLICY_INTERVAL,POLICY_RECOMMENDATION_ADULTS_CHRONIC,6_MONTHS,,,,,,,,EJRF
TLS,2024,POLICY_INTERVAL,PW,6_MONTHS,,,,,,,,EJRF
TLS,2024,POLICY_INTERVAL,POLICY_RECOMMENDATION_HCW,6_MONTHS,,,,,,,,EJRF
TLS,2024,POLICY_INTERVAL,POLICY_RECOMMENDATION_CA,-4444,,,,,,,,EJRF
TLS,2024,POLICY_INTERVAL,POLICY_RECOMMENDATION_CA_CHRONIC,6_MONTHS,,,,,,,,EJRF
TLS,2024,POLICY_INTERVAL,OTHER_GROUPS,-4444,,,,,,,,EJRF
TON,2024,POLICY_INTERVAL,POLICY_RECOMMENDATION_ELDERLY,,,,,,,,,EJRF
TON,2024,POLICY_INTERVAL,POLICY_RECOMMENDATION_ELDERLY_CHRONIC,,,,,,,,,EJRF
TON,2024,POLICY_INTERVAL,POLICY_RECOMMENDATION_ADULTS,,,,,,,,,EJRF
TON,2024,POLICY_INTERVAL,POLICY_RECOMMENDATION_ADULTS_CHRONIC,,,,,,,,,EJRF
TON,2024,POLICY_INTERVAL,PW,,,,,,,,,EJRF
TON,2024,POLICY_INTERVAL,POLICY_RECOMMENDATION_HCW,,,,,,,,,EJRF
TON,2024,POLICY_INTERVAL,POLICY_RECOMMENDATION_CA,,,,,,,,,EJRF
TON,2024,POLICY_INTERVAL,POLICY_RECOMMENDATION_CA_CHRONIC,,,,,,,,,EJRF
TON,2024,POLICY_INTERVAL,OTHER_GROUPS,,,,,,,,,EJRF
ZWE,2024,POLICY_INTERVAL,POLICY_RECOMMENDATION_ADULTS_CHRONIC,,,,,,,,,EJRF
ZWE,2024,POLICY_INTERVAL,POLICY_RECOMMENDATION_ELDERLY,,,,,,,,,EJRF
ZWE,2024,POLICY_INTERVAL,POLICY_RECOMMENDATION_ELDERLY_CHRONIC,,,,,,,,,EJRF
ZWE,2024,POLICY_INTERVAL,PW,,,,,,,,,EJRF
ZWE,2024,POLICY_INTERVAL,POLICY_RECOMMENDATION_HCW,,,,,,,,,EJRF
ZWE,2024,POLICY_INTERVAL,POLICY_RECOMMENDATION_CA,,,,,,,,,EJRF
ZWE,2024,POLICY_INTERVAL,POLICY_RECOMMENDATION_CA_CHRONIC,,,,,,,,,EJRF
ZWE,2024,POLICY_INTERVAL,OTHER_GROUPS,,,,,,,,,EJRF
ZWE,2024,POLICY_INTERVAL,POLICY_RECOMMENDATION_ADULTS,,,,,,,,,EJRF
ALB,2024,POLICY_VACCINATION_COM,POLICY_RECOMMENDATION_ELDERLY_CHRONIC,,,,,,,,,EJRF
ALB,2024,POLICY_VACCINATION_COM,POLICY_RECOMMENDATION_ADULTS,,,,,,,,,EJRF
ALB,2024,POLICY_VACCINATION_COM,POLICY_RECOMMENDATION_ADULTS_CHRONIC,,,,,,,,,EJRF
ALB,2024,POLICY_VACCINATION_COM,PW,,,,,,,,,EJRF
ALB,2024,POLICY_VACCINATION_COM,POLICY_RECOMMENDATION_HCW,,,,,,,,,EJRF
ALB,2024,POLICY_VACCINATION_COM,POLICY_RECOMMENDATION_CA,,,,,,,,,EJRF
ALB,2024,POLICY_VACCINATION_COM,POLICY_RECOMMENDATION_CA_CHRONIC,,,,,,,,,EJRF
ALB,2024,POLICY_VACCINATION_COM,POLICY_RECOMMENDATION_ELDERLY,,,,,,,,,EJRF
ALB,2024,POLICY_VACCINATION_COM,OTHER_GROUPS,,,,,,,,,EJRF
DZA,2024,POLICY_VACCINATION_COM,POLICY_RECOMMENDATION_ADULTS,,,,,,,,,EJRF
DZA,2024,POLICY_VACCINATION_COM,POLICY_RECOMMENDATION_ADULTS_CHRONIC,,,,,,,,,EJRF
DZA,2024,POLICY_VACCINATION_COM,PW,,,,,,,,,EJRF
DZA,2024,POLICY_VACCINATION_COM,POLICY_RECOMMENDATION_HCW,,,,,,,,,EJRF
DZA,2024,POLICY_VACCINATION_COM,POLICY_RECOMMENDATION_CA,,,,,,,,,EJRF
DZA,2024,POLICY_VACCINATION_COM,OTHER_GROUPS,,,,,,,,,EJRF
DZA,2024,POLICY_VACCINATION_COM,POLICY_RECOMMENDATION_CA_CHRONIC,,,,,,,,,EJRF
DZA,2024,POLICY_VACCINATION_COM,POLICY_RECOMMENDATION_ELDERLY,,,,,,,,,EJRF
DZA,2024,POLICY_VACCINATION_COM,POLICY_RECOMMENDATION_ELDERLY_CHRONIC,,,,,,,,,EJRF
BEL,2024,POLICY_VACCINATION_COM,POLICY_RECOMMENDATION_ELDERLY,Any person aged 65 years and over,,,,,,,,EJRF
BEL,2024,POLICY_VACCINATION_COM,POLICY_RECOMMENDATION_ELDERLY_CHRONIC,"Any patient aged 18 years or over with at least one comorbidity (underlying chronic condition, even if stabilized) of pulmonary, cardiac, hepatic, renal, metabolic or neurologic origin; obisitas; severe mental health disorders; certain rare diseases; patients with immunosuppression due to disease or treatment",,,,,,,,EJRF
BEL,2024,POLICY_VACCINATION_COM,POLICY_RECOMMENDATION_ADULTS,,,,,,,,,EJRF
BEL,2024,POLICY_VACCINATION_COM,POLICY_RECOMMENDATION_ADULTS_CHRONIC,"Any patient aged 18 years or over with at least one comorbidity (underlying chronic condition, even if stabilized) of pulmonary, cardiac, hepatic, renal, metabolic or neurologic origin; obisitas; severe mental health disorders; certain rare diseases; patients with immunosuppression due to disease or treatment",,,,,,,,EJRF
BEL,2024,POLICY_VACCINATION_COM,PW,"1) Pregnant women, at any stage of pregnancy, with comorbidities OR those expected to have a high-risk pregnancy MUST receive COVID-19 vaccination as a high priority. 2) Healthy pregnant women without comorbidities or an anticipated high-risk pregnancy MAY OPT for COVID-19 vaccination on an individual basis. This decision should involve a discussion with a healthcare professional.",,,,,,,,EJRF
BEL,2024,POLICY_VACCINATION_COM,POLICY_RECOMMENDATION_HCW,"all ""persons active in the care sector"", in and outside care institutions",,,,,,,,EJRF
BEL,2024,POLICY_VACCINATION_COM,POLICY_RECOMMENDATION_CA,,,,,,,,,EJRF
BEL,2024,POLICY_VACCINATION_COM,POLICY_RECOMMENDATION_CA_CHRONIC,"Immunocompromised patients; Severe chronic diseases affecting renal, gastro intestinal, cardiovascular, respiratory or neurological health; Certain rare conditions (including Down syndrome with associated comorbidities or immunological impairment) with an impact on cardiovascular, respiratory or neurological health.",,,,,,,,EJRF
BEL,2024,POLICY_VACCINATION_COM,OTHER_GROUPS,"Any person living in Long Term Care Facilities (LTCF) and nursing homes; all persons living in the same household (the ""cocoon"" vaccination strategy) than severe immunocompromised patients",,,,,,,,EJRF
MAC,2024,POLICY_VACCINATION_COM,POLICY_RECOMMENDATION_ELDERLY,-4444,,,,,,,,EJRF
MAC,2024,POLICY_VACCINATION_COM,POLICY_RECOMMENDATION_ELDERLY_CHRONIC,-4444,,,,,,,,EJRF
MAC,2024,POLICY_VACCINATION_COM,POLICY_RECOMMENDATION_ADULTS,-4444,,,,,,,,EJRF
MAC,2024,POLICY_VACCINATION_COM,POLICY_RECOMMENDATION_ADULTS_CHRONIC,-4444,,,,,,,,EJRF
MAC,2024,POLICY_VACCINATION_COM,PW,-4444,,,,,,,,EJRF
MAC,2024,POLICY_VACCINATION_COM,POLICY_RECOMMENDATION_HCW,-4444,,,,,,,,EJRF
MAC,2024,POLICY_VACCINATION_COM,POLICY_RECOMMENDATION_CA,-4444,,,,,,,,EJRF
MAC,2024,POLICY_VACCINATION_COM,POLICY_RECOMMENDATION_CA_CHRONIC,-4444,,,,,,,,EJRF
MAC,2024,POLICY_VACCINATION_COM,OTHER_GROUPS,-4444,,,,,,,,EJRF
COG,2024,POLICY_VACCINATION_COM,POLICY_RECOMMENDATION_ELDERLY,-4444,,,,,,,,EJRF
COG,2024,POLICY_VACCINATION_COM,POLICY_RECOMMENDATION_ADULTS,-4444,,,,,,,,EJRF
COG,2024,POLICY_VACCINATION_COM,POLICY_RECOMMENDATION_ADULTS_CHRONIC,-4444,,,,,,,,EJRF
COG,2024,POLICY_VACCINATION_COM,PW,-4444,,,,,,,,EJRF
COG,2024,POLICY_VACCINATION_COM,POLICY_RECOMMENDATION_HCW,-4444,,,,,,,,EJRF
COG,2024,POLICY_VACCINATION_COM,POLICY_RECOMMENDATION_CA,-4444,,,,,,,,EJRF
COG,2024,POLICY_VACCINATION_COM,POLICY_RECOMMENDATION_CA_CHRONIC,-4444,,,,,,,,EJRF
COG,2024,POLICY_VACCINATION_COM,OTHER_GROUPS,-4444,,,,,,,,EJRF
COG,2024,POLICY_VACCINATION_COM,POLICY_RECOMMENDATION_ELDERLY_CHRONIC,-4444,,,,,,,,EJRF
DJI,2024,POLICY_VACCINATION_COM,PW,,,,,,,,,EJRF
DJI,2024,POLICY_VACCINATION_COM,POLICY_RECOMMENDATION_HCW,,,,,,,,,EJRF
DJI,2024,POLICY_VACCINATION_COM,POLICY_RECOMMENDATION_CA,,,,,,,,,EJRF
DJI,2024,POLICY_VACCINATION_COM,POLICY_RECOMMENDATION_CA_CHRONIC,,,,,,,,,EJRF
DJI,2024,POLICY_VACCINATION_COM,OTHER_GROUPS,,,,,,,,,EJRF
DJI,2024,POLICY_VACCINATION_COM,POLICY_RECOMMENDATION_ELDERLY,-4444,,,,,,,,EJRF
DJI,2024,POLICY_VACCINATION_COM,POLICY_RECOMMENDATION_ELDERLY_CHRONIC,,,,,,,,,EJRF
DJI,2024,POLICY_VACCINATION_COM,POLICY_RECOMMENDATION_ADULTS,,,,,,,,,EJRF
DJI,2024,POLICY_VACCINATION_COM,POLICY_RECOMMENDATION_ADULTS_CHRONIC,,,,,,,,,EJRF
GNB,2024,POLICY_VACCINATION_COM,POLICY_RECOMMENDATION_HCW,-4444,,,,,,,,EJRF
GNB,2024,POLICY_VACCINATION_COM,POLICY_RECOMMENDATION_CA,-4444,,,,,,,,EJRF
GNB,2024,POLICY_VACCINATION_COM,POLICY_RECOMMENDATION_CA_CHRONIC,-4444,,,,,,,,EJRF
GNB,2024,POLICY_VACCINATION_COM,OTHER_GROUPS,-4444,,,,,,,,EJRF
GNB,2024,POLICY_VACCINATION_COM,POLICY_RECOMMENDATION_ELDERLY_CHRONIC,-4444,,,,,,,,EJRF
GNB,2024,POLICY_VACCINATION_COM,POLICY_RECOMMENDATION_ELDERLY,"A recomendação de doses de reforça e mais para pessoas idosas, técnico de saúde e pessoas com problemas de saude",,,,,,,,EJRF
GNB,2024,POLICY_VACCINATION_COM,POLICY_RECOMMENDATION_ADULTS,-4444,,,,,,,,EJRF
GNB,2024,POLICY_VACCINATION_COM,POLICY_RECOMMENDATION_ADULTS_CHRONIC,-4444,,,,,,,,EJRF
GNB,2024,POLICY_VACCINATION_COM,PW,-4444,,,,,,,,EJRF
GUY,2024,POLICY_VACCINATION_COM,PW,,,,,,,,,EJRF
GUY,2024,POLICY_VACCINATION_COM,POLICY_RECOMMENDATION_HCW,,,,,,,,,EJRF
GUY,2024,POLICY_VACCINATION_COM,POLICY_RECOMMENDATION_CA,,,,,,,,,EJRF
GUY,2024,POLICY_VACCINATION_COM,POLICY_RECOMMENDATION_CA_CHRONIC,,,,,,,,,EJRF
GUY,2024,POLICY_VACCINATION_COM,OTHER_GROUPS,,,,,,,,,EJRF
GUY,2024,POLICY_VACCINATION_COM,POLICY_RECOMMENDATION_ELDERLY,,,,,,,,,EJRF
GUY,2024,POLICY_VACCINATION_COM,POLICY_RECOMMENDATION_ELDERLY_CHRONIC,,,,,,,,,EJRF
GUY,2024,POLICY_VACCINATION_COM,POLICY_RECOMMENDATION_ADULTS,,,,,,,,,EJRF
GUY,2024,POLICY_VACCINATION_COM,POLICY_RECOMMENDATION_ADULTS_CHRONIC,,,,,,,,,EJRF
HTI,2024,POLICY_VACCINATION_COM,POLICY_RECOMMENDATION_CA,,,,,,,,,EJRF
HTI,2024,POLICY_VACCINATION_COM,POLICY_RECOMMENDATION_CA_CHRONIC,,,,,,,,,EJRF
HTI,2024,POLICY_VACCINATION_COM,OTHER_GROUPS,,,,,,,,,EJRF
HTI,2024,POLICY_VACCINATION_COM,POLICY_RECOMMENDATION_ELDERLY,,,,,,,,,EJRF
HTI,2024,POLICY_VACCINATION_COM,POLICY_RECOMMENDATION_ELDERLY_CHRONIC,-4444,,,,,,,,EJRF
HTI,2024,POLICY_VACCINATION_COM,POLICY_RECOMMENDATION_ADULTS,,,,,,,,,EJRF
HTI,2024,POLICY_VACCINATION_COM,POLICY_RECOMMENDATION_ADULTS_CHRONIC,,,,,,,,,EJRF
HTI,2024,POLICY_VACCINATION_COM,PW,,,,,,,,,EJRF
HTI,2024,POLICY_VACCINATION_COM,POLICY_RECOMMENDATION_HCW,,,,,,,,,EJRF
ISL,2024,POLICY_VACCINATION_COM,POLICY_RECOMMENDATION_ELDERLY,60+ - issued yearly,,,,,,,,EJRF
ISL,2024,POLICY_VACCINATION_COM,POLICY_RECOMMENDATION_ADULTS,,,,,,,,,EJRF
ISL,2024,POLICY_VACCINATION_COM,POLICY_RECOMMENDATION_ELDERLY_CHRONIC,,,,,,,,,EJRF
ISL,2024,POLICY_VACCINATION_COM,POLICY_RECOMMENDATION_ADULTS_CHRONIC,Generally yearly or twice a year at doctor's discretion - guidance issued yearly,,,,,,,,EJRF
ISL,2024,POLICY_VACCINATION_COM,PW,If pregnant >12wks when vaccine available,,,,,,,,EJRF
ISL,2024,POLICY_VACCINATION_COM,POLICY_RECOMMENDATION_HCW,"Available to HCW when vaccine changes, not emphatically recommended in 2024",,,,,,,,EJRF
ISL,2024,POLICY_VACCINATION_COM,POLICY_RECOMMENDATION_CA,,,,,,,,,EJRF
ISL,2024,POLICY_VACCINATION_COM,POLICY_RECOMMENDATION_CA_CHRONIC,Generally yearly or twice a year at doctor's discretion - guidance issued yearly,,,,,,,,EJRF
ISL,2024,POLICY_VACCINATION_COM,OTHER_GROUPS,,,,,,,,,EJRF
LBN,2024,POLICY_VACCINATION_COM,POLICY_RECOMMENDATION_CA,-4444,,,,,,,,EJRF
LBN,2024,POLICY_VACCINATION_COM,POLICY_RECOMMENDATION_ELDERLY_CHRONIC,-4444,,,,,,,,EJRF
LBN,2024,POLICY_VACCINATION_COM,POLICY_RECOMMENDATION_ADULTS,-4444,,,,,,,,EJRF
LBN,2024,POLICY_VACCINATION_COM,POLICY_RECOMMENDATION_ELDERLY,-4444,,,,,,,,EJRF
LBN,2024,POLICY_VACCINATION_COM,POLICY_RECOMMENDATION_ADULTS_CHRONIC,-4444,,,,,,,,EJRF
LBN,2024,POLICY_VACCINATION_COM,PW,-4444,,,,,,,,EJRF
LBN,2024,POLICY_VACCINATION_COM,POLICY_RECOMMENDATION_HCW,-4444,,,,,,,,EJRF
LBN,2024,POLICY_VACCINATION_COM,POLICY_RECOMMENDATION_CA_CHRONIC,-4444,,,,,,,,EJRF
LBN,2024,POLICY_VACCINATION_COM,OTHER_GROUPS,-4444,,,,,,,,EJRF
FSM,2024,POLICY_VACCINATION_COM,PW,,,,,,,,,EJRF
FSM,2024,POLICY_VACCINATION_COM,POLICY_RECOMMENDATION_HCW,,,,,,,,,EJRF
FSM,2024,POLICY_VACCINATION_COM,POLICY_RECOMMENDATION_CA,,,,,,,,,EJRF
FSM,2024,POLICY_VACCINATION_COM,POLICY_RECOMMENDATION_CA_CHRONIC,,,,,,,,,EJRF
FSM,2024,POLICY_VACCINATION_COM,OTHER_GROUPS,,,,,,,,,EJRF
FSM,2024,POLICY_VACCINATION_COM,POLICY_RECOMMENDATION_ELDERLY,,,,,,,,,EJRF
FSM,2024,POLICY_VACCINATION_COM,POLICY_RECOMMENDATION_ELDERLY_CHRONIC,,,,,,,,,EJRF
FSM,2024,POLICY_VACCINATION_COM,POLICY_RECOMMENDATION_ADULTS,,,,,,,,,EJRF
FSM,2024,POLICY_VACCINATION_COM,POLICY_RECOMMENDATION_ADULTS_CHRONIC,,,,,,,,,EJRF
MNE,2024,POLICY_VACCINATION_COM,POLICY_RECOMMENDATION_ELDERLY,65 +,,,,,,,,EJRF
MNE,2024,POLICY_VACCINATION_COM,POLICY_RECOMMENDATION_ELDERLY_CHRONIC,,,,,,,,,EJRF
MNE,2024,POLICY_VACCINATION_COM,POLICY_RECOMMENDATION_ADULTS,,,,,,,,,EJRF
MNE,2024,POLICY_VACCINATION_COM,POLICY_RECOMMENDATION_ADULTS_CHRONIC,,,,,,,,,EJRF
MNE,2024,POLICY_VACCINATION_COM,PW,-4444,,,,,,,,EJRF
MNE,2024,POLICY_VACCINATION_COM,POLICY_RECOMMENDATION_HCW,-2222,,,,,,,,EJRF
MNE,2024,POLICY_VACCINATION_COM,POLICY_RECOMMENDATION_CA,,,,,,,,,EJRF
MNE,2024,POLICY_VACCINATION_COM,POLICY_RECOMMENDATION_CA_CHRONIC,,,,,,,,,EJRF
MNE,2024,POLICY_VACCINATION_COM,OTHER_GROUPS,Nurse homes residents,,,,,,,,EJRF
NLD,2024,POLICY_VACCINATION_COM,POLICY_RECOMMENDATION_ELDERLY,All adults aged 60 years and over (born in 1964 or before). No distinction is made between primary vaccination or booster vaccinations.,,,,,,,,EJRF
NLD,2024,POLICY_VACCINATION_COM,POLICY_RECOMMENDATION_ELDERLY_CHRONIC,For all adults aged 60 years and over vaccination was recommended and also for all adults with chronic conditions.,,,,,,,,EJRF
NLD,2024,POLICY_VACCINATION_COM,POLICY_RECOMMENDATION_ADULTS,,,,,,,,,EJRF
NLD,2024,POLICY_VACCINATION_COM,POLICY_RECOMMENDATION_ADULTS_CHRONIC,"Adults aged between 18 and 59 who also receive an annual invitation to have the flu vaccine (source: https://lci.rivm.nl/richtlijnen/covid-19-vaccinatie#3-definitie-medische-hoog-risicogroepen, section 3.1, retrieved on 11 March 2025) ",,,,,,,,EJRF
NLD,2024,POLICY_VACCINATION_COM,PW,"Pregnant women were advised to vaccinate until March 2024.  From 4 April 2024 onwards, only pregnant women who belong to one of the risk groups were advised to be vaccinated during the 2024 autumn round.",,,,,,,,EJRF
NLD,2024,POLICY_VACCINATION_COM,POLICY_RECOMMENDATION_HCW,"Healthcare workers who are directly in contact with vulnerable patients. Source: https://lci.rivm.nl/richtlijnen/covid-19-vaccinatie#3-definitie-medische-hoog-risicogroepen, Table 3.1 (retrieved on 11 March 2025).",,,,,,,,EJRF
NLD,2024,POLICY_VACCINATION_COM,POLICY_RECOMMENDATION_CA,,,,,,,,,EJRF
NLD,2024,POLICY_VACCINATION_COM,POLICY_RECOMMENDATION_CA_CHRONIC,"children with severe lung disease, severe heart disease, hematological abnormalities, liver transplantation, using immunosupressive drugs, severe kidney disease, stem cell transplantation (up to 1 year post-treatment), oncological children being treated with chemotherapy up to 3 months after stopping treatment. Source: https://lci.rivm.nl/richtlijnen/covid-19-vaccinatie#3-definitie-medische-hoog-risicogroepen, Table 3.2 (retrieved on 11 March 2025). ",,,,,,,,EJRF
NLD,2024,POLICY_VACCINATION_COM,OTHER_GROUPS,"People from medical high-risk groups if the treating physician advises additional vaccination, for example in case of severe immunosuppression.",,,,,,,,EJRF
NOR,2024,POLICY_VACCINATION_COM,POLICY_RECOMMENDATION_CA_CHRONIC,,,,,,,,,EJRF
NOR,2024,POLICY_VACCINATION_COM,OTHER_GROUPS,,,,,,,,,EJRF
NOR,2024,POLICY_VACCINATION_COM,POLICY_RECOMMENDATION_ELDERLY,65 years and older,,,,,,,,EJRF
NOR,2024,POLICY_VACCINATION_COM,POLICY_RECOMMENDATION_ELDERLY_CHRONIC,,,,,,,,,EJRF
NOR,2024,POLICY_VACCINATION_COM,POLICY_RECOMMENDATION_ADULTS,,,,,,,,,EJRF
NOR,2024,POLICY_VACCINATION_COM,POLICY_RECOMMENDATION_ADULTS_CHRONIC,,,,,,,,,EJRF
NOR,2024,POLICY_VACCINATION_COM,PW,"2nd and 3rd trimester, 1st trimester for pregnant health care workers",,,,,,,,EJRF
NOR,2024,POLICY_VACCINATION_COM,POLICY_RECOMMENDATION_HCW,Only recommended to health care workers who are in a risk group but not recommended to alle health care personell in general,,,,,,,,EJRF
NOR,2024,POLICY_VACCINATION_COM,POLICY_RECOMMENDATION_CA,,,,,,,,,EJRF
PAK,2024,POLICY_VACCINATION_COM,POLICY_RECOMMENDATION_CA,-4444,,,,,,,,EJRF
PAK,2024,POLICY_VACCINATION_COM,POLICY_RECOMMENDATION_CA_CHRONIC,-4444,,,,,,,,EJRF
PAK,2024,POLICY_VACCINATION_COM,OTHER_GROUPS,-4444,,,,,,,,EJRF
PAK,2024,POLICY_VACCINATION_COM,PW,-4444,,,,,,,,EJRF
PAK,2024,POLICY_VACCINATION_COM,POLICY_RECOMMENDATION_HCW,-4444,,,,,,,,EJRF
PAK,2024,POLICY_VACCINATION_COM,POLICY_RECOMMENDATION_ELDERLY,-4444,,,,,,,,EJRF
PAK,2024,POLICY_VACCINATION_COM,POLICY_RECOMMENDATION_ELDERLY_CHRONIC,-4444,,,,,,,,EJRF
PAK,2024,POLICY_VACCINATION_COM,POLICY_RECOMMENDATION_ADULTS,-4444,,,,,,,,EJRF
PAK,2024,POLICY_VACCINATION_COM,POLICY_RECOMMENDATION_ADULTS_CHRONIC,-4444,,,,,,,,EJRF
PHL,2024,POLICY_VACCINATION_COM,PW,,,,,,,,,EJRF
PHL,2024,POLICY_VACCINATION_COM,POLICY_RECOMMENDATION_HCW,,,,,,,,,EJRF
PHL,2024,POLICY_VACCINATION_COM,POLICY_RECOMMENDATION_CA,,,,,,,,,EJRF
PHL,2024,POLICY_VACCINATION_COM,POLICY_RECOMMENDATION_CA_CHRONIC,,,,,,,,,EJRF
PHL,2024,POLICY_VACCINATION_COM,OTHER_GROUPS,,,,,,,,,EJRF
PHL,2024,POLICY_VACCINATION_COM,POLICY_RECOMMENDATION_ELDERLY,,,,,,,,,EJRF
PHL,2024,POLICY_VACCINATION_COM,POLICY_RECOMMENDATION_ELDERLY_CHRONIC,,,,,,,,,EJRF
PHL,2024,POLICY_VACCINATION_COM,POLICY_RECOMMENDATION_ADULTS,,,,,,,,,EJRF
PHL,2024,POLICY_VACCINATION_COM,POLICY_RECOMMENDATION_ADULTS_CHRONIC,,,,,,,,,EJRF
QAT,2024,POLICY_VACCINATION_COM,POLICY_RECOMMENDATION_ELDERLY,50+ years,,,,,,,,EJRF
QAT,2024,POLICY_VACCINATION_COM,POLICY_RECOMMENDATION_ELDERLY_CHRONIC,,,,,,,,,EJRF
QAT,2024,POLICY_VACCINATION_COM,POLICY_RECOMMENDATION_ADULTS_CHRONIC,,,,,,,,,EJRF
QAT,2024,POLICY_VACCINATION_COM,PW,,,,,,,,,EJRF
QAT,2024,POLICY_VACCINATION_COM,POLICY_RECOMMENDATION_ADULTS,,,,,,,,,EJRF
QAT,2024,POLICY_VACCINATION_COM,OTHER_GROUPS,,,,,,,,,EJRF
QAT,2024,POLICY_VACCINATION_COM,POLICY_RECOMMENDATION_HCW,,,,,,,,,EJRF
QAT,2024,POLICY_VACCINATION_COM,POLICY_RECOMMENDATION_CA,,,,,,,,,EJRF
QAT,2024,POLICY_VACCINATION_COM,POLICY_RECOMMENDATION_CA_CHRONIC,,,,,,,,,EJRF
MDA,2024,POLICY_VACCINATION_COM,OTHER_GROUPS,,,,,,,,,EJRF
MDA,2024,POLICY_VACCINATION_COM,POLICY_RECOMMENDATION_ELDERLY,-2222,,,,,,,,EJRF
MDA,2024,POLICY_VACCINATION_COM,POLICY_RECOMMENDATION_ELDERLY_CHRONIC,-2222,,,,,,,,EJRF
MDA,2024,POLICY_VACCINATION_COM,POLICY_RECOMMENDATION_ADULTS,-2222,,,,,,,,EJRF
MDA,2024,POLICY_VACCINATION_COM,POLICY_RECOMMENDATION_ADULTS_CHRONIC,-2222,,,,,,,,EJRF
MDA,2024,POLICY_VACCINATION_COM,PW,-2222,,,,,,,,EJRF
MDA,2024,POLICY_VACCINATION_COM,POLICY_RECOMMENDATION_HCW,-2222,,,,,,,,EJRF
MDA,2024,POLICY_VACCINATION_COM,POLICY_RECOMMENDATION_CA,-2222,,,,,,,,EJRF
MDA,2024,POLICY_VACCINATION_COM,POLICY_RECOMMENDATION_CA_CHRONIC,-2222,,,,,,,,EJRF
SRB,2024,POLICY_VACCINATION_COM,POLICY_RECOMMENDATION_ELDERLY,,,,,,,,,EJRF
SRB,2024,POLICY_VACCINATION_COM,POLICY_RECOMMENDATION_ELDERLY_CHRONIC,,,,,,,,,EJRF
SRB,2024,POLICY_VACCINATION_COM,POLICY_RECOMMENDATION_ADULTS,,,,,,,,,EJRF
SRB,2024,POLICY_VACCINATION_COM,POLICY_RECOMMENDATION_ADULTS_CHRONIC,,,,,,,,,EJRF
SRB,2024,POLICY_VACCINATION_COM,PW,,,,,,,,,EJRF
SRB,2024,POLICY_VACCINATION_COM,POLICY_RECOMMENDATION_HCW,,,,,,,,,EJRF
SRB,2024,POLICY_VACCINATION_COM,POLICY_RECOMMENDATION_CA,,,,,,,,,EJRF
SRB,2024,POLICY_VACCINATION_COM,POLICY_RECOMMENDATION_CA_CHRONIC,,,,,,,,,EJRF
SRB,2024,POLICY_VACCINATION_COM,OTHER_GROUPS,,,,,,,,,EJRF
TLS,2024,POLICY_VACCINATION_COM,POLICY_RECOMMENDATION_ELDERLY_CHRONIC,,,,,,,,,EJRF
TLS,2024,POLICY_VACCINATION_COM,POLICY_RECOMMENDATION_ELDERLY,-2222,,,,,,,,EJRF
TLS,2024,POLICY_VACCINATION_COM,POLICY_RECOMMENDATION_ADULTS,-4444,,,,,,,,EJRF
TLS,2024,POLICY_VACCINATION_COM,POLICY_RECOMMENDATION_ADULTS_CHRONIC,No,,,,,,,,EJRF
TLS,2024,POLICY_VACCINATION_COM,PW,No,,,,,,,,EJRF
TLS,2024,POLICY_VACCINATION_COM,POLICY_RECOMMENDATION_HCW,No,,,,,,,,EJRF
TLS,2024,POLICY_VACCINATION_COM,POLICY_RECOMMENDATION_CA,No,,,,,,,,EJRF
TLS,2024,POLICY_VACCINATION_COM,POLICY_RECOMMENDATION_CA_CHRONIC,No,,,,,,,,EJRF
TLS,2024,POLICY_VACCINATION_COM,OTHER_GROUPS,-4444,,,,,,,,EJRF
TON,2024,POLICY_VACCINATION_COM,POLICY_RECOMMENDATION_ELDERLY,,,,,,,,,EJRF
TON,2024,POLICY_VACCINATION_COM,POLICY_RECOMMENDATION_ELDERLY_CHRONIC,,,,,,,,,EJRF
TON,2024,POLICY_VACCINATION_COM,POLICY_RECOMMENDATION_ADULTS,,,,,,,,,EJRF
TON,2024,POLICY_VACCINATION_COM,POLICY_RECOMMENDATION_ADULTS_CHRONIC,,,,,,,,,EJRF
TON,2024,POLICY_VACCINATION_COM,PW,,,,,,,,,EJRF
TON,2024,POLICY_VACCINATION_COM,POLICY_RECOMMENDATION_HCW,,,,,,,,,EJRF
TON,2024,POLICY_VACCINATION_COM,POLICY_RECOMMENDATION_CA,,,,,,,,,EJRF
TON,2024,POLICY_VACCINATION_COM,POLICY_RECOMMENDATION_CA_CHRONIC,,,,,,,,,EJRF
TON,2024,POLICY_VACCINATION_COM,OTHER_GROUPS,,,,,,,,,EJRF
ZWE,2024,POLICY_VACCINATION_COM,POLICY_RECOMMENDATION_ADULTS_CHRONIC,,,,,,,,,EJRF
ZWE,2024,POLICY_VACCINATION_COM,POLICY_RECOMMENDATION_ELDERLY,,,,,,,,,EJRF
ZWE,2024,POLICY_VACCINATION_COM,POLICY_RECOMMENDATION_ELDERLY_CHRONIC,,,,,,,,,EJRF
ZWE,2024,POLICY_VACCINATION_COM,PW,,,,,,,,,EJRF
ZWE,2024,POLICY_VACCINATION_COM,POLICY_RECOMMENDATION_HCW,,,,,,,,,EJRF
ZWE,2024,POLICY_VACCINATION_COM,POLICY_RECOMMENDATION_CA,,,,,,,,,EJRF
ZWE,2024,POLICY_VACCINATION_COM,POLICY_RECOMMENDATION_CA_CHRONIC,,,,,,,,,EJRF
ZWE,2024,POLICY_VACCINATION_COM,OTHER_GROUPS,,,,,,,,,EJRF
ZWE,2024,POLICY_VACCINATION_COM,POLICY_RECOMMENDATION_ADULTS,,,,,,,,,EJRF
AFG,2024,POLICY_VACCINATION,PW,-2222,,,,,,,,EJRF
AFG,2024,POLICY_VACCINATION,POLICY_RECOMMENDATION_HCW,YES,,,,,,,,EJRF
AFG,2024,POLICY_VACCINATION,POLICY_RECOMMENDATION_CA,-2222,,,,,,,,EJRF
AFG,2024,POLICY_VACCINATION,POLICY_RECOMMENDATION_CA_CHRONIC,-2222,,,,,,,,EJRF
AFG,2024,POLICY_VACCINATION,OTHER_GROUPS,-2222,,,,,,,,EJRF
AFG,2024,POLICY_VACCINATION,POLICY_RECOMMENDATION_ADULTS,YES,,,,,,,,EJRF
AFG,2024,POLICY_VACCINATION,POLICY_RECOMMENDATION_ADULTS_CHRONIC,YES,,,,,,,,EJRF
AFG,2024,POLICY_VACCINATION,POLICY_RECOMMENDATION_ELDERLY_CHRONIC,YES,,,,,,,,EJRF
AFG,2024,POLICY_VACCINATION,POLICY_RECOMMENDATION_ELDERLY,YES,,,,,,,,EJRF
AGO,2024,POLICY_VACCINATION,POLICY_RECOMMENDATION_HCW,YES,,,,,,,,EJRF
AGO,2024,POLICY_VACCINATION,POLICY_RECOMMENDATION_CA,YES,,,,,,,,EJRF
AGO,2024,POLICY_VACCINATION,POLICY_RECOMMENDATION_CA_CHRONIC,YES,,,,,,,,EJRF
AGO,2024,POLICY_VACCINATION,OTHER_GROUPS,YES,,,,,,,,EJRF
AGO,2024,POLICY_VACCINATION,POLICY_RECOMMENDATION_ELDERLY,YES,,,,,,,,EJRF
AGO,2024,POLICY_VACCINATION,POLICY_RECOMMENDATION_ELDERLY_CHRONIC,YES,,,,,,,,EJRF
AGO,2024,POLICY_VACCINATION,POLICY_RECOMMENDATION_ADULTS,YES,,,,,,,,EJRF
AGO,2024,POLICY_VACCINATION,POLICY_RECOMMENDATION_ADULTS_CHRONIC,YES,,,,,,,,EJRF
AGO,2024,POLICY_VACCINATION,PW,YES,,,,,,,,EJRF
AIA,2024,POLICY_VACCINATION,POLICY_RECOMMENDATION_ELDERLY,YES,,,,,,,,EJRF
AIA,2024,POLICY_VACCINATION,POLICY_RECOMMENDATION_ADULTS,YES,,,,,,,,EJRF
AIA,2024,POLICY_VACCINATION,PW,YES,,,,,,,,EJRF
AIA,2024,POLICY_VACCINATION,POLICY_RECOMMENDATION_CA_CHRONIC,YES,,,,,,,,EJRF
AIA,2024,POLICY_VACCINATION,OTHER_GROUPS,YES,,,,,,,,EJRF
AIA,2024,POLICY_VACCINATION,POLICY_RECOMMENDATION_HCW,YES,,,,,,,,EJRF
AIA,2024,POLICY_VACCINATION,POLICY_RECOMMENDATION_CA,YES,,,,,,,,EJRF
AIA,2024,POLICY_VACCINATION,POLICY_RECOMMENDATION_ELDERLY_CHRONIC,YES,,,,,,,,EJRF
AIA,2024,POLICY_VACCINATION,POLICY_RECOMMENDATION_ADULTS_CHRONIC,YES,,,,,,,,EJRF
ARM,2024,POLICY_VACCINATION,POLICY_RECOMMENDATION_ADULTS,YES,,,,,,,,EJRF
ARM,2024,POLICY_VACCINATION,POLICY_RECOMMENDATION_ADULTS_CHRONIC,YES,,,,,,,,EJRF
ARM,2024,POLICY_VACCINATION,PW,-2222,,,,,,,,EJRF
ARM,2024,POLICY_VACCINATION,POLICY_RECOMMENDATION_HCW,YES,,,,,,,,EJRF
ARM,2024,POLICY_VACCINATION,POLICY_RECOMMENDATION_CA,-4444,,,,,,,,EJRF
ARM,2024,POLICY_VACCINATION,POLICY_RECOMMENDATION_CA_CHRONIC,-4444,,,,,,,,EJRF
ARM,2024,POLICY_VACCINATION,OTHER_GROUPS,-4444,,,,,,,,EJRF
ARM,2024,POLICY_VACCINATION,POLICY_RECOMMENDATION_ELDERLY,YES,,,,,,,,EJRF
ARM,2024,POLICY_VACCINATION,POLICY_RECOMMENDATION_ELDERLY_CHRONIC,YES,,,,,,,,EJRF
ABW,2024,POLICY_VACCINATION,POLICY_RECOMMENDATION_ADULTS_CHRONIC,,,,,,,,,EJRF
ABW,2024,POLICY_VACCINATION,PW,,,,,,,,,EJRF
ABW,2024,POLICY_VACCINATION,POLICY_RECOMMENDATION_HCW,,,,,,,,,EJRF
ABW,2024,POLICY_VACCINATION,POLICY_RECOMMENDATION_CA,,,,,,,,,EJRF
ABW,2024,POLICY_VACCINATION,POLICY_RECOMMENDATION_CA_CHRONIC,,,,,,,,,EJRF
ABW,2024,POLICY_VACCINATION,OTHER_GROUPS,,,,,,,,,EJRF
ABW,2024,POLICY_VACCINATION,POLICY_RECOMMENDATION_ADULTS,,,,,,,,,EJRF
ABW,2024,POLICY_VACCINATION,POLICY_RECOMMENDATION_ELDERLY,,,,,,,,,EJRF
ABW,2024,POLICY_VACCINATION,POLICY_RECOMMENDATION_ELDERLY_CHRONIC,,,,,,,,,EJRF
AUT,2024,POLICY_VACCINATION,POLICY_RECOMMENDATION_CA_CHRONIC,YES,,,,,,,,EJRF
AUT,2024,POLICY_VACCINATION,OTHER_GROUPS,-4444,,,,,,,,EJRF
AUT,2024,POLICY_VACCINATION,POLICY_RECOMMENDATION_ELDERLY,YES,,,,,,,,EJRF
AUT,2024,POLICY_VACCINATION,POLICY_RECOMMENDATION_ELDERLY_CHRONIC,YES,,,,,,,,EJRF
AUT,2024,POLICY_VACCINATION,POLICY_RECOMMENDATION_ADULTS,YES,,,,,,,,EJRF
AUT,2024,POLICY_VACCINATION,POLICY_RECOMMENDATION_ADULTS_CHRONIC,YES,,,,,,,,EJRF
AUT,2024,POLICY_VACCINATION,PW,YES,,,,,,,,EJRF
AUT,2024,POLICY_VACCINATION,POLICY_RECOMMENDATION_HCW,YES,,,,,,,,EJRF
AUT,2024,POLICY_VACCINATION,POLICY_RECOMMENDATION_CA,YES,,,,,,,,EJRF
BHS,2024,POLICY_VACCINATION,POLICY_RECOMMENDATION_ELDERLY,YES,,,,,,,,EJRF
BHS,2024,POLICY_VACCINATION,POLICY_RECOMMENDATION_ELDERLY_CHRONIC,YES,,,,,,,,EJRF
BHS,2024,POLICY_VACCINATION,POLICY_RECOMMENDATION_ADULTS_CHRONIC,YES,,,,,,,,EJRF
BHS,2024,POLICY_VACCINATION,PW,YES,,,,,,,,EJRF
BHS,2024,POLICY_VACCINATION,POLICY_RECOMMENDATION_HCW,YES,,,,,,,,EJRF
BHS,2024,POLICY_VACCINATION,POLICY_RECOMMENDATION_CA,YES,,,,,,,,EJRF
BHS,2024,POLICY_VACCINATION,POLICY_RECOMMENDATION_CA_CHRONIC,YES,,,,,,,,EJRF
BHS,2024,POLICY_VACCINATION,OTHER_GROUPS,-2222,,,,,,,,EJRF
BHS,2024,POLICY_VACCINATION,POLICY_RECOMMENDATION_ADULTS,YES,,,,,,,,EJRF
BGD,2024,POLICY_VACCINATION,POLICY_RECOMMENDATION_CA_CHRONIC,NO,,,,,,,,EJRF
BGD,2024,POLICY_VACCINATION,OTHER_GROUPS,NO,,,,,,,,EJRF
BGD,2024,POLICY_VACCINATION,POLICY_RECOMMENDATION_ELDERLY,YES,,,,,,,,EJRF
BGD,2024,POLICY_VACCINATION,POLICY_RECOMMENDATION_ELDERLY_CHRONIC,YES,,,,,,,,EJRF
BGD,2024,POLICY_VACCINATION,POLICY_RECOMMENDATION_ADULTS,YES,,,,,,,,EJRF
BGD,2024,POLICY_VACCINATION,POLICY_RECOMMENDATION_HCW,YES,,,,,,,,EJRF
BGD,2024,POLICY_VACCINATION,POLICY_RECOMMENDATION_CA,NO,,,,,,,,EJRF
BGD,2024,POLICY_VACCINATION,POLICY_RECOMMENDATION_ADULTS_CHRONIC,YES,,,,,,,,EJRF
BGD,2024,POLICY_VACCINATION,PW,YES,,,,,,,,EJRF
BOL,2024,POLICY_VACCINATION,POLICY_RECOMMENDATION_ELDERLY,YES,,,,,,,,EJRF
BOL,2024,POLICY_VACCINATION,POLICY_RECOMMENDATION_ELDERLY_CHRONIC,YES,,,,,,,,EJRF
BOL,2024,POLICY_VACCINATION,POLICY_RECOMMENDATION_ADULTS,YES,,,,,,,,EJRF
BOL,2024,POLICY_VACCINATION,POLICY_RECOMMENDATION_ADULTS_CHRONIC,YES,,,,,,,,EJRF
BOL,2024,POLICY_VACCINATION,PW,YES,,,,,,,,EJRF
BOL,2024,POLICY_VACCINATION,POLICY_RECOMMENDATION_HCW,YES,,,,,,,,EJRF
BOL,2024,POLICY_VACCINATION,POLICY_RECOMMENDATION_CA,YES,,,,,,,,EJRF
BOL,2024,POLICY_VACCINATION,POLICY_RECOMMENDATION_CA_CHRONIC,YES,,,,,,,,EJRF
BOL,2024,POLICY_VACCINATION,OTHER_GROUPS,YES,,,,,,,,EJRF
BWA,2024,POLICY_VACCINATION,POLICY_RECOMMENDATION_ELDERLY_CHRONIC,YES,,,,,,,,EJRF
BWA,2024,POLICY_VACCINATION,POLICY_RECOMMENDATION_CA,YES,,,,,,,,EJRF
BWA,2024,POLICY_VACCINATION,POLICY_RECOMMENDATION_CA_CHRONIC,YES,,,,,,,,EJRF
BWA,2024,POLICY_VACCINATION,OTHER_GROUPS,YES,,,,,,,,EJRF
BWA,2024,POLICY_VACCINATION,POLICY_RECOMMENDATION_ADULTS,YES,,,,,,,,EJRF
BWA,2024,POLICY_VACCINATION,POLICY_RECOMMENDATION_ADULTS_CHRONIC,YES,,,,,,,,EJRF
BWA,2024,POLICY_VACCINATION,PW,YES,,,,,,,,EJRF
BWA,2024,POLICY_VACCINATION,POLICY_RECOMMENDATION_HCW,YES,,,,,,,,EJRF
BWA,2024,POLICY_VACCINATION,POLICY_RECOMMENDATION_ELDERLY,YES,,,,,,,,EJRF
BRA,2024,POLICY_VACCINATION,POLICY_RECOMMENDATION_ELDERLY,YES,,,,,,,,EJRF
BRA,2024,POLICY_VACCINATION,POLICY_RECOMMENDATION_ELDERLY_CHRONIC,YES,,,,,,,,EJRF
BRA,2024,POLICY_VACCINATION,POLICY_RECOMMENDATION_ADULTS,YES,,,,,,,,EJRF
BRA,2024,POLICY_VACCINATION,POLICY_RECOMMENDATION_ADULTS_CHRONIC,YES,,,,,,,,EJRF
BRA,2024,POLICY_VACCINATION,PW,YES,,,,,,,,EJRF
BRA,2024,POLICY_VACCINATION,POLICY_RECOMMENDATION_HCW,YES,,,,,,,,EJRF
BRA,2024,POLICY_VACCINATION,POLICY_RECOMMENDATION_CA,YES,,,,,,,,EJRF
BRA,2024,POLICY_VACCINATION,POLICY_RECOMMENDATION_CA_CHRONIC,YES,,,,,,,,EJRF
BRA,2024,POLICY_VACCINATION,OTHER_GROUPS,YES,,,,,,,,EJRF
BGR,2024,POLICY_VACCINATION,PW,YES,,,,,,,,EJRF
BGR,2024,POLICY_VACCINATION,POLICY_RECOMMENDATION_HCW,YES,,,,,,,,EJRF
BGR,2024,POLICY_VACCINATION,POLICY_RECOMMENDATION_ADULTS,YES,,,,,,,,EJRF
BGR,2024,POLICY_VACCINATION,POLICY_RECOMMENDATION_CA,YES,,,,,,,,EJRF
BGR,2024,POLICY_VACCINATION,POLICY_RECOMMENDATION_CA_CHRONIC,YES,,,,,,,,EJRF
BGR,2024,POLICY_VACCINATION,POLICY_RECOMMENDATION_ADULTS_CHRONIC,YES,,,,,,,,EJRF
BGR,2024,POLICY_VACCINATION,OTHER_GROUPS,YES,,,,,,,,EJRF
BGR,2024,POLICY_VACCINATION,POLICY_RECOMMENDATION_ELDERLY,YES,,,,,,,,EJRF
BGR,2024,POLICY_VACCINATION,POLICY_RECOMMENDATION_ELDERLY_CHRONIC,YES,,,,,,,,EJRF
CPV,2024,POLICY_VACCINATION,PW,-2222,,,,,,,,EJRF
CPV,2024,POLICY_VACCINATION,POLICY_RECOMMENDATION_ELDERLY_CHRONIC,-2222,,,,,,,,EJRF
CPV,2024,POLICY_VACCINATION,POLICY_RECOMMENDATION_ADULTS,,,,,,,,,EJRF
CPV,2024,POLICY_VACCINATION,POLICY_RECOMMENDATION_ADULTS_CHRONIC,-2222,,,,,,,,EJRF
CPV,2024,POLICY_VACCINATION,POLICY_RECOMMENDATION_ELDERLY,,,,,,,,,EJRF
CPV,2024,POLICY_VACCINATION,POLICY_RECOMMENDATION_HCW,-2222,,,,,,,,EJRF
CPV,2024,POLICY_VACCINATION,POLICY_RECOMMENDATION_CA,-2222,,,,,,,,EJRF
CPV,2024,POLICY_VACCINATION,POLICY_RECOMMENDATION_CA_CHRONIC,-2222,,,,,,,,EJRF
CPV,2024,POLICY_VACCINATION,OTHER_GROUPS,-2222,,,,,,,,EJRF
CMR,2024,POLICY_VACCINATION,POLICY_RECOMMENDATION_ADULTS,YES,,,,,,,,EJRF
CMR,2024,POLICY_VACCINATION,POLICY_RECOMMENDATION_ELDERLY,YES,,,,,,,,EJRF
CMR,2024,POLICY_VACCINATION,POLICY_RECOMMENDATION_ELDERLY_CHRONIC,YES,,,,,,,,EJRF
CMR,2024,POLICY_VACCINATION,POLICY_RECOMMENDATION_ADULTS_CHRONIC,YES,,,,,,,,EJRF
CMR,2024,POLICY_VACCINATION,PW,YES,,,,,,,,EJRF
CMR,2024,POLICY_VACCINATION,POLICY_RECOMMENDATION_HCW,YES,,,,,,,,EJRF
CMR,2024,POLICY_VACCINATION,POLICY_RECOMMENDATION_CA,NO,,,,,,,,EJRF
CMR,2024,POLICY_VACCINATION,POLICY_RECOMMENDATION_CA_CHRONIC,NO,,,,,,,,EJRF
CMR,2024,POLICY_VACCINATION,OTHER_GROUPS,-4444,,,,,,,,EJRF
TCD,2024,POLICY_VACCINATION,POLICY_RECOMMENDATION_ADULTS_CHRONIC,YES,,,,,,,,EJRF
TCD,2024,POLICY_VACCINATION,PW,NO,,,,,,,,EJRF
TCD,2024,POLICY_VACCINATION,POLICY_RECOMMENDATION_HCW,YES,,,,,,,,EJRF
TCD,2024,POLICY_VACCINATION,POLICY_RECOMMENDATION_CA,NO,,,,,,,,EJRF
TCD,2024,POLICY_VACCINATION,POLICY_RECOMMENDATION_CA_CHRONIC,-4444,,,,,,,,EJRF
TCD,2024,POLICY_VACCINATION,OTHER_GROUPS,-4444,,,,,,,,EJRF
TCD,2024,POLICY_VACCINATION,POLICY_RECOMMENDATION_ELDERLY,YES,,,,,,,,EJRF
TCD,2024,POLICY_VACCINATION,POLICY_RECOMMENDATION_ELDERLY_CHRONIC,YES,,,,,,,,EJRF
TCD,2024,POLICY_VACCINATION,POLICY_RECOMMENDATION_ADULTS,NO,,,,,,,,EJRF
HRV,2024,POLICY_VACCINATION,POLICY_RECOMMENDATION_ELDERLY_CHRONIC,YES,,,,,,,,EJRF
HRV,2024,POLICY_VACCINATION,POLICY_RECOMMENDATION_ADULTS,NO,,,,,,,,EJRF
HRV,2024,POLICY_VACCINATION,POLICY_RECOMMENDATION_ADULTS_CHRONIC,YES,,,,,,,,EJRF
HRV,2024,POLICY_VACCINATION,PW,YES,,,,,,,,EJRF
HRV,2024,POLICY_VACCINATION,POLICY_RECOMMENDATION_HCW,YES,,,,,,,,EJRF
HRV,2024,POLICY_VACCINATION,POLICY_RECOMMENDATION_CA,NO,,,,,,,,EJRF
HRV,2024,POLICY_VACCINATION,POLICY_RECOMMENDATION_CA_CHRONIC,YES,,,,,,,,EJRF
HRV,2024,POLICY_VACCINATION,OTHER_GROUPS,,,,,,,,,EJRF
HRV,2024,POLICY_VACCINATION,POLICY_RECOMMENDATION_ELDERLY,YES,,,,,,,,EJRF
CYP,2024,POLICY_VACCINATION,PW,YES,,,,,,,,EJRF
CYP,2024,POLICY_VACCINATION,POLICY_RECOMMENDATION_HCW,YES,,,,,,,,EJRF
CYP,2024,POLICY_VACCINATION,POLICY_RECOMMENDATION_CA,YES,,,,,,,,EJRF
CYP,2024,POLICY_VACCINATION,POLICY_RECOMMENDATION_CA_CHRONIC,YES,,,,,,,,EJRF
CYP,2024,POLICY_VACCINATION,OTHER_GROUPS,,,,,,,,,EJRF
CYP,2024,POLICY_VACCINATION,POLICY_RECOMMENDATION_ELDERLY,YES,,,,,,,,EJRF
CYP,2024,POLICY_VACCINATION,POLICY_RECOMMENDATION_ELDERLY_CHRONIC,YES,,,,,,,,EJRF
CYP,2024,POLICY_VACCINATION,POLICY_RECOMMENDATION_ADULTS,YES,,,,,,,,EJRF
CYP,2024,POLICY_VACCINATION,POLICY_RECOMMENDATION_ADULTS_CHRONIC,YES,,,,,,,,EJRF
COD,2024,POLICY_VACCINATION,POLICY_RECOMMENDATION_ELDERLY_CHRONIC,-2222,,,,,,,,EJRF
COD,2024,POLICY_VACCINATION,POLICY_RECOMMENDATION_ELDERLY,NO,,,,,,,,EJRF
COD,2024,POLICY_VACCINATION,POLICY_RECOMMENDATION_ADULTS,NO,,,,,,,,EJRF
COD,2024,POLICY_VACCINATION,POLICY_RECOMMENDATION_ADULTS_CHRONIC,-2222,,,,,,,,EJRF
COD,2024,POLICY_VACCINATION,PW,-2222,,,,,,,,EJRF
COD,2024,POLICY_VACCINATION,POLICY_RECOMMENDATION_HCW,-2222,,,,,,,,EJRF
COD,2024,POLICY_VACCINATION,POLICY_RECOMMENDATION_CA,-2222,,,,,,,,EJRF
COD,2024,POLICY_VACCINATION,POLICY_RECOMMENDATION_CA_CHRONIC,-2222,,,,,,,,EJRF
COD,2024,POLICY_VACCINATION,OTHER_GROUPS,-4444,,,,,,,,EJRF
DOM,2024,POLICY_VACCINATION,POLICY_RECOMMENDATION_ELDERLY,,,,,,,,,EJRF
DOM,2024,POLICY_VACCINATION,POLICY_RECOMMENDATION_ELDERLY_CHRONIC,,,,,,,,,EJRF
DOM,2024,POLICY_VACCINATION,POLICY_RECOMMENDATION_ADULTS,YES,,,,,,,,EJRF
DOM,2024,POLICY_VACCINATION,POLICY_RECOMMENDATION_ADULTS_CHRONIC,,,,,,,,,EJRF
DOM,2024,POLICY_VACCINATION,PW,,,,,,,,,EJRF
DOM,2024,POLICY_VACCINATION,POLICY_RECOMMENDATION_HCW,,,,,,,,,EJRF
DOM,2024,POLICY_VACCINATION,POLICY_RECOMMENDATION_CA,YES,,,,,,,,EJRF
DOM,2024,POLICY_VACCINATION,POLICY_RECOMMENDATION_CA_CHRONIC,,,,,,,,,EJRF
DOM,2024,POLICY_VACCINATION,OTHER_GROUPS,,,,,,,,,EJRF
EGY,2024,POLICY_VACCINATION,POLICY_RECOMMENDATION_ELDERLY_CHRONIC,YES,,,,,,,,EJRF
EGY,2024,POLICY_VACCINATION,POLICY_RECOMMENDATION_ADULTS,YES,,,,,,,,EJRF
EGY,2024,POLICY_VACCINATION,POLICY_RECOMMENDATION_ADULTS_CHRONIC,YES,,,,,,,,EJRF
EGY,2024,POLICY_VACCINATION,PW,YES,,,,,,,,EJRF
EGY,2024,POLICY_VACCINATION,POLICY_RECOMMENDATION_HCW,YES,,,,,,,,EJRF
EGY,2024,POLICY_VACCINATION,POLICY_RECOMMENDATION_CA,YES,,,,,,,,EJRF
EGY,2024,POLICY_VACCINATION,POLICY_RECOMMENDATION_CA_CHRONIC,YES,,,,,,,,EJRF
EGY,2024,POLICY_VACCINATION,OTHER_GROUPS,-2222,,,,,,,,EJRF
EGY,2024,POLICY_VACCINATION,POLICY_RECOMMENDATION_ELDERLY,YES,,,,,,,,EJRF
SWZ,2024,POLICY_VACCINATION,POLICY_RECOMMENDATION_CA_CHRONIC,YES,,,,,,,,EJRF
SWZ,2024,POLICY_VACCINATION,OTHER_GROUPS,YES,,,,,,,,EJRF
SWZ,2024,POLICY_VACCINATION,POLICY_RECOMMENDATION_ELDERLY,YES,,,,,,,,EJRF
SWZ,2024,POLICY_VACCINATION,POLICY_RECOMMENDATION_ELDERLY_CHRONIC,YES,,,,,,,,EJRF
SWZ,2024,POLICY_VACCINATION,POLICY_RECOMMENDATION_ADULTS,YES,,,,,,,,EJRF
SWZ,2024,POLICY_VACCINATION,POLICY_RECOMMENDATION_ADULTS_CHRONIC,YES,,,,,,,,EJRF
SWZ,2024,POLICY_VACCINATION,PW,YES,,,,,,,,EJRF
SWZ,2024,POLICY_VACCINATION,POLICY_RECOMMENDATION_HCW,YES,,,,,,,,EJRF
SWZ,2024,POLICY_VACCINATION,POLICY_RECOMMENDATION_CA,YES,,,,,,,,EJRF
FJI,2024,POLICY_VACCINATION,POLICY_RECOMMENDATION_ELDERLY_CHRONIC,-2222,,,,,,,,EJRF
FJI,2024,POLICY_VACCINATION,POLICY_RECOMMENDATION_ADULTS,YES,,,,,,,,EJRF
FJI,2024,POLICY_VACCINATION,POLICY_RECOMMENDATION_ADULTS_CHRONIC,YES,,,,,,,,EJRF
FJI,2024,POLICY_VACCINATION,PW,YES,,,,,,,,EJRF
FJI,2024,POLICY_VACCINATION,POLICY_RECOMMENDATION_CA_CHRONIC,YES,,,,,,,,EJRF
FJI,2024,POLICY_VACCINATION,OTHER_GROUPS,-4444,,,,,,,,EJRF
FJI,2024,POLICY_VACCINATION,POLICY_RECOMMENDATION_HCW,YES,,,,,,,,EJRF
FJI,2024,POLICY_VACCINATION,POLICY_RECOMMENDATION_CA,YES,,,,,,,,EJRF
FJI,2024,POLICY_VACCINATION,POLICY_RECOMMENDATION_ELDERLY,YES,,,,,,,,EJRF
GAB,2024,POLICY_VACCINATION,OTHER_GROUPS,-2222,,,,,,,,EJRF
GAB,2024,POLICY_VACCINATION,POLICY_RECOMMENDATION_ELDERLY,-2222,,,,,,,,EJRF
GAB,2024,POLICY_VACCINATION,POLICY_RECOMMENDATION_ELDERLY_CHRONIC,-2222,,,,,,,,EJRF
GAB,2024,POLICY_VACCINATION,POLICY_RECOMMENDATION_ADULTS,-2222,,,,,,,,EJRF
GAB,2024,POLICY_VACCINATION,POLICY_RECOMMENDATION_ADULTS_CHRONIC,-2222,,,,,,,,EJRF
GAB,2024,POLICY_VACCINATION,PW,-2222,,,,,,,,EJRF
GAB,2024,POLICY_VACCINATION,POLICY_RECOMMENDATION_HCW,-2222,,,,,,,,EJRF
GAB,2024,POLICY_VACCINATION,POLICY_RECOMMENDATION_CA,-2222,,,,,,,,EJRF
GAB,2024,POLICY_VACCINATION,POLICY_RECOMMENDATION_CA_CHRONIC,-2222,,,,,,,,EJRF
GMB,2024,POLICY_VACCINATION,POLICY_RECOMMENDATION_ELDERLY,YES,,,,,,,,EJRF
GMB,2024,POLICY_VACCINATION,POLICY_RECOMMENDATION_ELDERLY_CHRONIC,YES,,,,,,,,EJRF
GMB,2024,POLICY_VACCINATION,POLICY_RECOMMENDATION_ADULTS,YES,,,,,,,,EJRF
GMB,2024,POLICY_VACCINATION,POLICY_RECOMMENDATION_ADULTS_CHRONIC,YES,,,,,,,,EJRF
GMB,2024,POLICY_VACCINATION,PW,YES,,,,,,,,EJRF
GMB,2024,POLICY_VACCINATION,POLICY_RECOMMENDATION_HCW,YES,,,,,,,,EJRF
GMB,2024,POLICY_VACCINATION,POLICY_RECOMMENDATION_CA,YES,,,,,,,,EJRF
GMB,2024,POLICY_VACCINATION,POLICY_RECOMMENDATION_CA_CHRONIC,-4444,,,,,,,,EJRF
GMB,2024,POLICY_VACCINATION,OTHER_GROUPS,-4444,,,,,,,,EJRF
GEO,2024,POLICY_VACCINATION,POLICY_RECOMMENDATION_ADULTS,-4444,,,,,,,,EJRF
GEO,2024,POLICY_VACCINATION,POLICY_RECOMMENDATION_ADULTS_CHRONIC,-4444,,,,,,,,EJRF
GEO,2024,POLICY_VACCINATION,PW,-4444,,,,,,,,EJRF
GEO,2024,POLICY_VACCINATION,POLICY_RECOMMENDATION_HCW,-4444,,,,,,,,EJRF
GEO,2024,POLICY_VACCINATION,POLICY_RECOMMENDATION_CA,-4444,,,,,,,,EJRF
GEO,2024,POLICY_VACCINATION,POLICY_RECOMMENDATION_CA_CHRONIC,-4444,,,,,,,,EJRF
GEO,2024,POLICY_VACCINATION,OTHER_GROUPS,-4444,,,,,,,,EJRF
GEO,2024,POLICY_VACCINATION,POLICY_RECOMMENDATION_ELDERLY,NO,,,,,,,,EJRF
GEO,2024,POLICY_VACCINATION,POLICY_RECOMMENDATION_ELDERLY_CHRONIC,-4444,,,,,,,,EJRF
DEU,2024,POLICY_VACCINATION,POLICY_RECOMMENDATION_HCW,YES,,,,,,,,EJRF
DEU,2024,POLICY_VACCINATION,POLICY_RECOMMENDATION_ELDERLY,YES,,,,,,,,EJRF
DEU,2024,POLICY_VACCINATION,POLICY_RECOMMENDATION_ELDERLY_CHRONIC,YES,,,,,,,,EJRF
DEU,2024,POLICY_VACCINATION,POLICY_RECOMMENDATION_ADULTS,YES,,,,,,,,EJRF
DEU,2024,POLICY_VACCINATION,POLICY_RECOMMENDATION_CA_CHRONIC,YES,,,,,,,,EJRF
DEU,2024,POLICY_VACCINATION,OTHER_GROUPS,-4444,,,,,,,,EJRF
DEU,2024,POLICY_VACCINATION,POLICY_RECOMMENDATION_CA,NO,,,,,,,,EJRF
DEU,2024,POLICY_VACCINATION,POLICY_RECOMMENDATION_ADULTS_CHRONIC,YES,,,,,,,,EJRF
DEU,2024,POLICY_VACCINATION,PW,YES,,,,,,,,EJRF
GHA,2024,POLICY_VACCINATION,POLICY_RECOMMENDATION_ELDERLY,YES,,,,,,,,EJRF
GHA,2024,POLICY_VACCINATION,POLICY_RECOMMENDATION_ELDERLY_CHRONIC,YES,,,,,,,,EJRF
GHA,2024,POLICY_VACCINATION,POLICY_RECOMMENDATION_ADULTS,YES,,,,,,,,EJRF
GHA,2024,POLICY_VACCINATION,POLICY_RECOMMENDATION_ADULTS_CHRONIC,YES,,,,,,,,EJRF
GHA,2024,POLICY_VACCINATION,PW,YES,,,,,,,,EJRF
GHA,2024,POLICY_VACCINATION,POLICY_RECOMMENDATION_HCW,YES,,,,,,,,EJRF
GHA,2024,POLICY_VACCINATION,POLICY_RECOMMENDATION_CA,NO,,,,,,,,EJRF
GHA,2024,POLICY_VACCINATION,POLICY_RECOMMENDATION_CA_CHRONIC,YES,,,,,,,,EJRF
GHA,2024,POLICY_VACCINATION,OTHER_GROUPS,NO,,,,,,,,EJRF
GRC,2024,POLICY_VACCINATION,POLICY_RECOMMENDATION_CA_CHRONIC,,,,,,,,,EJRF
GRC,2024,POLICY_VACCINATION,OTHER_GROUPS,,,,,,,,,EJRF
GRC,2024,POLICY_VACCINATION,POLICY_RECOMMENDATION_ADULTS,,,,,,,,,EJRF
GRC,2024,POLICY_VACCINATION,POLICY_RECOMMENDATION_ADULTS_CHRONIC,,,,,,,,,EJRF
GRC,2024,POLICY_VACCINATION,PW,,,,,,,,,EJRF
GRC,2024,POLICY_VACCINATION,POLICY_RECOMMENDATION_HCW,,,,,,,,,EJRF
GRC,2024,POLICY_VACCINATION,POLICY_RECOMMENDATION_CA,,,,,,,,,EJRF
GRC,2024,POLICY_VACCINATION,POLICY_RECOMMENDATION_ELDERLY,,,,,,,,,EJRF
GRC,2024,POLICY_VACCINATION,POLICY_RECOMMENDATION_ELDERLY_CHRONIC,,,,,,,,,EJRF
GTM,2024,POLICY_VACCINATION,POLICY_RECOMMENDATION_ADULTS_CHRONIC,YES,,,,,,,,EJRF
GTM,2024,POLICY_VACCINATION,PW,YES,,,,,,,,EJRF
GTM,2024,POLICY_VACCINATION,POLICY_RECOMMENDATION_HCW,YES,,,,,,,,EJRF
GTM,2024,POLICY_VACCINATION,POLICY_RECOMMENDATION_CA,YES,,,,,,,,EJRF
GTM,2024,POLICY_VACCINATION,POLICY_RECOMMENDATION_CA_CHRONIC,YES,,,,,,,,EJRF
GTM,2024,POLICY_VACCINATION,OTHER_GROUPS,YES,,,,,,,,EJRF
GTM,2024,POLICY_VACCINATION,POLICY_RECOMMENDATION_ELDERLY,NO,,,,,,,,EJRF
GTM,2024,POLICY_VACCINATION,POLICY_RECOMMENDATION_ELDERLY_CHRONIC,YES,,,,,,,,EJRF
GTM,2024,POLICY_VACCINATION,POLICY_RECOMMENDATION_ADULTS,NO,,,,,,,,EJRF
GIN,2024,POLICY_VACCINATION,POLICY_RECOMMENDATION_ELDERLY_CHRONIC,YES,,,,,,,,EJRF
GIN,2024,POLICY_VACCINATION,POLICY_RECOMMENDATION_ADULTS,YES,,,,,,,,EJRF
GIN,2024,POLICY_VACCINATION,POLICY_RECOMMENDATION_ELDERLY,YES,,,,,,,,EJRF
GIN,2024,POLICY_VACCINATION,PW,NO,,,,,,,,EJRF
GIN,2024,POLICY_VACCINATION,POLICY_RECOMMENDATION_HCW,YES,,,,,,,,EJRF
GIN,2024,POLICY_VACCINATION,POLICY_RECOMMENDATION_ADULTS_CHRONIC,YES,,,,,,,,EJRF
GIN,2024,POLICY_VACCINATION,POLICY_RECOMMENDATION_CA,YES,,,,,,,,EJRF
GIN,2024,POLICY_VACCINATION,POLICY_RECOMMENDATION_CA_CHRONIC,YES,,,,,,,,EJRF
GIN,2024,POLICY_VACCINATION,OTHER_GROUPS,YES,,,,,,,,EJRF
HND,2024,POLICY_VACCINATION,POLICY_RECOMMENDATION_ELDERLY,YES,,,,,,,,EJRF
HND,2024,POLICY_VACCINATION,POLICY_RECOMMENDATION_ELDERLY_CHRONIC,YES,,,,,,,,EJRF
HND,2024,POLICY_VACCINATION,POLICY_RECOMMENDATION_ADULTS,YES,,,,,,,,EJRF
HND,2024,POLICY_VACCINATION,POLICY_RECOMMENDATION_ADULTS_CHRONIC,YES,,,,,,,,EJRF
HND,2024,POLICY_VACCINATION,PW,YES,,,,,,,,EJRF
HND,2024,POLICY_VACCINATION,POLICY_RECOMMENDATION_HCW,YES,,,,,,,,EJRF
HND,2024,POLICY_VACCINATION,POLICY_RECOMMENDATION_CA,YES,,,,,,,,EJRF
HND,2024,POLICY_VACCINATION,POLICY_RECOMMENDATION_CA_CHRONIC,YES,,,,,,,,EJRF
HND,2024,POLICY_VACCINATION,OTHER_GROUPS,-4444,,,,,,,,EJRF
IDN,2024,POLICY_VACCINATION,POLICY_RECOMMENDATION_ADULTS_CHRONIC,YES,,,,,,,,EJRF
IDN,2024,POLICY_VACCINATION,PW,YES,,,,,,,,EJRF
IDN,2024,POLICY_VACCINATION,POLICY_RECOMMENDATION_HCW,YES,,,,,,,,EJRF
IDN,2024,POLICY_VACCINATION,POLICY_RECOMMENDATION_CA,-4444,,,,,,,,EJRF
IDN,2024,POLICY_VACCINATION,POLICY_RECOMMENDATION_CA_CHRONIC,YES,,,,,,,,EJRF
IDN,2024,POLICY_VACCINATION,OTHER_GROUPS,-4444,,,,,,,,EJRF
IDN,2024,POLICY_VACCINATION,POLICY_RECOMMENDATION_ELDERLY,YES,,,,,,,,EJRF
IDN,2024,POLICY_VACCINATION,POLICY_RECOMMENDATION_ELDERLY_CHRONIC,YES,,,,,,,,EJRF
IDN,2024,POLICY_VACCINATION,POLICY_RECOMMENDATION_ADULTS,NO,,,,,,,,EJRF
IRL,2024,POLICY_VACCINATION,POLICY_RECOMMENDATION_ELDERLY,YES,,,,,,,,EJRF
IRL,2024,POLICY_VACCINATION,POLICY_RECOMMENDATION_ELDERLY_CHRONIC,YES,,,,,,,,EJRF
IRL,2024,POLICY_VACCINATION,POLICY_RECOMMENDATION_ADULTS,NO,,,,,,,,EJRF
IRL,2024,POLICY_VACCINATION,POLICY_RECOMMENDATION_ADULTS_CHRONIC,YES,,,,,,,,EJRF
IRL,2024,POLICY_VACCINATION,PW,YES,,,,,,,,EJRF
IRL,2024,POLICY_VACCINATION,POLICY_RECOMMENDATION_HCW,YES,,,,,,,,EJRF
IRL,2024,POLICY_VACCINATION,POLICY_RECOMMENDATION_CA,NO,,,,,,,,EJRF
IRL,2024,POLICY_VACCINATION,POLICY_RECOMMENDATION_CA_CHRONIC,YES,,,,,,,,EJRF
IRL,2024,POLICY_VACCINATION,OTHER_GROUPS,YES,,,,,,,,EJRF
LVA,2024,POLICY_VACCINATION,POLICY_RECOMMENDATION_ELDERLY,YES,,,,,,,,EJRF
LVA,2024,POLICY_VACCINATION,POLICY_RECOMMENDATION_ELDERLY_CHRONIC,YES,,,,,,,,EJRF
LVA,2024,POLICY_VACCINATION,POLICY_RECOMMENDATION_ADULTS,NO,,,,,,,,EJRF
LVA,2024,POLICY_VACCINATION,POLICY_RECOMMENDATION_ADULTS_CHRONIC,NO,,,,,,,,EJRF
LVA,2024,POLICY_VACCINATION,PW,YES,,,,,,,,EJRF
LVA,2024,POLICY_VACCINATION,POLICY_RECOMMENDATION_HCW,NO,,,,,,,,EJRF
LVA,2024,POLICY_VACCINATION,POLICY_RECOMMENDATION_CA,NO,,,,,,,,EJRF
LVA,2024,POLICY_VACCINATION,POLICY_RECOMMENDATION_CA_CHRONIC,NO,,,,,,,,EJRF
LVA,2024,POLICY_VACCINATION,OTHER_GROUPS,YES,,,,,,,,EJRF
LSO,2024,POLICY_VACCINATION,POLICY_RECOMMENDATION_ADULTS_CHRONIC,,,,,,,,,EJRF
LSO,2024,POLICY_VACCINATION,PW,,,,,,,,,EJRF
LSO,2024,POLICY_VACCINATION,POLICY_RECOMMENDATION_HCW,,,,,,,,,EJRF
LSO,2024,POLICY_VACCINATION,POLICY_RECOMMENDATION_CA,,,,,,,,,EJRF
LSO,2024,POLICY_VACCINATION,POLICY_RECOMMENDATION_CA_CHRONIC,,,,,,,,,EJRF
LSO,2024,POLICY_VACCINATION,OTHER_GROUPS,,,,,,,,,EJRF
LSO,2024,POLICY_VACCINATION,POLICY_RECOMMENDATION_ELDERLY,,,,,,,,,EJRF
LSO,2024,POLICY_VACCINATION,POLICY_RECOMMENDATION_ELDERLY_CHRONIC,,,,,,,,,EJRF
LSO,2024,POLICY_VACCINATION,POLICY_RECOMMENDATION_ADULTS,,,,,,,,,EJRF
LUX,2024,POLICY_VACCINATION,POLICY_RECOMMENDATION_ELDERLY_CHRONIC,YES,,,,,,,,EJRF
LUX,2024,POLICY_VACCINATION,POLICY_RECOMMENDATION_ELDERLY,YES,,,,,,,,EJRF
LUX,2024,POLICY_VACCINATION,POLICY_RECOMMENDATION_ADULTS,NO,,,,,,,,EJRF
LUX,2024,POLICY_VACCINATION,POLICY_RECOMMENDATION_ADULTS_CHRONIC,YES,,,,,,,,EJRF
LUX,2024,POLICY_VACCINATION,PW,YES,,,,,,,,EJRF
LUX,2024,POLICY_VACCINATION,POLICY_RECOMMENDATION_HCW,,,,,,,,,EJRF
LUX,2024,POLICY_VACCINATION,POLICY_RECOMMENDATION_CA,NO,,,,,,,,EJRF
LUX,2024,POLICY_VACCINATION,POLICY_RECOMMENDATION_CA_CHRONIC,YES,,,,,,,,EJRF
LUX,2024,POLICY_VACCINATION,OTHER_GROUPS,NO,,,,,,,,EJRF
MLI,2024,POLICY_VACCINATION,POLICY_RECOMMENDATION_ELDERLY,,,,,,,,,EJRF
MLI,2024,POLICY_VACCINATION,POLICY_RECOMMENDATION_ELDERLY_CHRONIC,,,,,,,,,EJRF
MLI,2024,POLICY_VACCINATION,POLICY_RECOMMENDATION_ADULTS,,,,,,,,,EJRF
MLI,2024,POLICY_VACCINATION,PW,,,,,,,,,EJRF
MLI,2024,POLICY_VACCINATION,POLICY_RECOMMENDATION_HCW,,,,,,,,,EJRF
MLI,2024,POLICY_VACCINATION,POLICY_RECOMMENDATION_CA,,,,,,,,,EJRF
MLI,2024,POLICY_VACCINATION,POLICY_RECOMMENDATION_CA_CHRONIC,,,,,,,,,EJRF
MLI,2024,POLICY_VACCINATION,OTHER_GROUPS,,,,,,,,,EJRF
MLI,2024,POLICY_VACCINATION,POLICY_RECOMMENDATION_ADULTS_CHRONIC,,,,,,,,,EJRF
MUS,2024,POLICY_VACCINATION,POLICY_RECOMMENDATION_ELDERLY,,,,,,,,,EJRF
MUS,2024,POLICY_VACCINATION,POLICY_RECOMMENDATION_ELDERLY_CHRONIC,,,,,,,,,EJRF
MUS,2024,POLICY_VACCINATION,POLICY_RECOMMENDATION_ADULTS,,,,,,,,,EJRF
MUS,2024,POLICY_VACCINATION,POLICY_RECOMMENDATION_ADULTS_CHRONIC,,,,,,,,,EJRF
MUS,2024,POLICY_VACCINATION,PW,,,,,,,,,EJRF
MUS,2024,POLICY_VACCINATION,POLICY_RECOMMENDATION_HCW,,,,,,,,,EJRF
MUS,2024,POLICY_VACCINATION,POLICY_RECOMMENDATION_CA,,,,,,,,,EJRF
MUS,2024,POLICY_VACCINATION,POLICY_RECOMMENDATION_CA_CHRONIC,,,,,,,,,EJRF
MUS,2024,POLICY_VACCINATION,OTHER_GROUPS,,,,,,,,,EJRF
MNG,2024,POLICY_VACCINATION,POLICY_RECOMMENDATION_ELDERLY,-2222,,,,,,,,EJRF
MNG,2024,POLICY_VACCINATION,POLICY_RECOMMENDATION_ELDERLY_CHRONIC,-2222,,,,,,,,EJRF
MNG,2024,POLICY_VACCINATION,POLICY_RECOMMENDATION_ADULTS,-2222,,,,,,,,EJRF
MNG,2024,POLICY_VACCINATION,POLICY_RECOMMENDATION_ADULTS_CHRONIC,-2222,,,,,,,,EJRF
MNG,2024,POLICY_VACCINATION,PW,-2222,,,,,,,,EJRF
MNG,2024,POLICY_VACCINATION,POLICY_RECOMMENDATION_HCW,-2222,,,,,,,,EJRF
MNG,2024,POLICY_VACCINATION,POLICY_RECOMMENDATION_CA,-2222,,,,,,,,EJRF
MNG,2024,POLICY_VACCINATION,POLICY_RECOMMENDATION_CA_CHRONIC,-2222,,,,,,,,EJRF
MNG,2024,POLICY_VACCINATION,OTHER_GROUPS,-2222,,,,,,,,EJRF
MSR,2024,POLICY_VACCINATION,POLICY_RECOMMENDATION_CA,YES,,,,,,,,EJRF
MSR,2024,POLICY_VACCINATION,POLICY_RECOMMENDATION_CA_CHRONIC,YES,,,,,,,,EJRF
MSR,2024,POLICY_VACCINATION,OTHER_GROUPS,YES,,,,,,,,EJRF
MSR,2024,POLICY_VACCINATION,POLICY_RECOMMENDATION_ELDERLY,YES,,,,,,,,EJRF
MSR,2024,POLICY_VACCINATION,POLICY_RECOMMENDATION_ELDERLY_CHRONIC,YES,,,,,,,,EJRF
MSR,2024,POLICY_VACCINATION,POLICY_RECOMMENDATION_ADULTS,YES,,,,,,,,EJRF
MSR,2024,POLICY_VACCINATION,POLICY_RECOMMENDATION_ADULTS_CHRONIC,YES,,,,,,,,EJRF
MSR,2024,POLICY_VACCINATION,PW,YES,,,,,,,,EJRF
MSR,2024,POLICY_VACCINATION,POLICY_RECOMMENDATION_HCW,YES,,,,,,,,EJRF
MMR,2024,POLICY_VACCINATION,PW,YES,,,,,,,,EJRF
MMR,2024,POLICY_VACCINATION,POLICY_RECOMMENDATION_HCW,-2222,,,,,,,,EJRF
MMR,2024,POLICY_VACCINATION,POLICY_RECOMMENDATION_CA,-2222,,,,,,,,EJRF
MMR,2024,POLICY_VACCINATION,POLICY_RECOMMENDATION_CA_CHRONIC,-2222,,,,,,,,EJRF
MMR,2024,POLICY_VACCINATION,OTHER_GROUPS,-2222,,,,,,,,EJRF
MMR,2024,POLICY_VACCINATION,POLICY_RECOMMENDATION_ADULTS,YES,,,,,,,,EJRF
MMR,2024,POLICY_VACCINATION,POLICY_RECOMMENDATION_ADULTS_CHRONIC,-2222,,,,,,,,EJRF
MMR,2024,POLICY_VACCINATION,POLICY_RECOMMENDATION_ELDERLY,YES,,,,,,,,EJRF
MMR,2024,POLICY_VACCINATION,POLICY_RECOMMENDATION_ELDERLY_CHRONIC,-2222,,,,,,,,EJRF
NZL,2024,POLICY_VACCINATION,POLICY_RECOMMENDATION_CA,-2222,,,,,,,,EJRF
NZL,2024,POLICY_VACCINATION,POLICY_RECOMMENDATION_CA_CHRONIC,-2222,,,,,,,,EJRF
NZL,2024,POLICY_VACCINATION,OTHER_GROUPS,-2222,,,,,,,,EJRF
NZL,2024,POLICY_VACCINATION,POLICY_RECOMMENDATION_ELDERLY,YES,,,,,,,,EJRF
NZL,2024,POLICY_VACCINATION,POLICY_RECOMMENDATION_ELDERLY_CHRONIC,-2222,,,,,,,,EJRF
NZL,2024,POLICY_VACCINATION,POLICY_RECOMMENDATION_ADULTS,-2222,,,,,,,,EJRF
NZL,2024,POLICY_VACCINATION,POLICY_RECOMMENDATION_ADULTS_CHRONIC,-2222,,,,,,,,EJRF
NZL,2024,POLICY_VACCINATION,PW,-2222,,,,,,,,EJRF
NZL,2024,POLICY_VACCINATION,POLICY_RECOMMENDATION_HCW,-2222,,,,,,,,EJRF
NER,2024,POLICY_VACCINATION,PW,NO,,,,,,,,EJRF
NER,2024,POLICY_VACCINATION,POLICY_RECOMMENDATION_HCW,YES,,,,,,,,EJRF
NER,2024,POLICY_VACCINATION,POLICY_RECOMMENDATION_CA,NO,,,,,,,,EJRF
NER,2024,POLICY_VACCINATION,POLICY_RECOMMENDATION_CA_CHRONIC,NO,,,,,,,,EJRF
NER,2024,POLICY_VACCINATION,OTHER_GROUPS,-4444,,,,,,,,EJRF
NER,2024,POLICY_VACCINATION,POLICY_RECOMMENDATION_ELDERLY,YES,,,,,,,,EJRF
NER,2024,POLICY_VACCINATION,POLICY_RECOMMENDATION_ELDERLY_CHRONIC,YES,,,,,,,,EJRF
NER,2024,POLICY_VACCINATION,POLICY_RECOMMENDATION_ADULTS,YES,,,,,,,,EJRF
NER,2024,POLICY_VACCINATION,POLICY_RECOMMENDATION_ADULTS_CHRONIC,YES,,,,,,,,EJRF
NGA,2024,POLICY_VACCINATION,POLICY_RECOMMENDATION_ELDERLY,YES,,,,,,,,EJRF
NGA,2024,POLICY_VACCINATION,POLICY_RECOMMENDATION_HCW,YES,,,,,,,,EJRF
NGA,2024,POLICY_VACCINATION,POLICY_RECOMMENDATION_CA,NO,,,,,,,,EJRF
NGA,2024,POLICY_VACCINATION,POLICY_RECOMMENDATION_CA_CHRONIC,NO,,,,,,,,EJRF
NGA,2024,POLICY_VACCINATION,OTHER_GROUPS,YES,,,,,,,,EJRF
NGA,2024,POLICY_VACCINATION,POLICY_RECOMMENDATION_ELDERLY_CHRONIC,YES,,,,,,,,EJRF
NGA,2024,POLICY_VACCINATION,POLICY_RECOMMENDATION_ADULTS,YES,,,,,,,,EJRF
NGA,2024,POLICY_VACCINATION,POLICY_RECOMMENDATION_ADULTS_CHRONIC,YES,,,,,,,,EJRF
NGA,2024,POLICY_VACCINATION,PW,YES,,,,,,,,EJRF
OMN,2024,POLICY_VACCINATION,POLICY_RECOMMENDATION_ELDERLY,,,,,,,,,EJRF
OMN,2024,POLICY_VACCINATION,POLICY_RECOMMENDATION_ELDERLY_CHRONIC,,,,,,,,,EJRF
OMN,2024,POLICY_VACCINATION,POLICY_RECOMMENDATION_ADULTS,,,,,,,,,EJRF
OMN,2024,POLICY_VACCINATION,POLICY_RECOMMENDATION_ADULTS_CHRONIC,,,,,,,,,EJRF
OMN,2024,POLICY_VACCINATION,PW,,,,,,,,,EJRF
OMN,2024,POLICY_VACCINATION,POLICY_RECOMMENDATION_HCW,,,,,,,,,EJRF
OMN,2024,POLICY_VACCINATION,POLICY_RECOMMENDATION_CA,,,,,,,,,EJRF
OMN,2024,POLICY_VACCINATION,POLICY_RECOMMENDATION_CA_CHRONIC,,,,,,,,,EJRF
OMN,2024,POLICY_VACCINATION,OTHER_GROUPS,,,,,,,,,EJRF
PRY,2024,POLICY_VACCINATION,POLICY_RECOMMENDATION_ELDERLY,YES,,,,,,,,EJRF
PRY,2024,POLICY_VACCINATION,POLICY_RECOMMENDATION_ADULTS,NO,,,,,,,,EJRF
PRY,2024,POLICY_VACCINATION,POLICY_RECOMMENDATION_ADULTS_CHRONIC,YES,,,,,,,,EJRF
PRY,2024,POLICY_VACCINATION,PW,YES,,,,,,,,EJRF
PRY,2024,POLICY_VACCINATION,POLICY_RECOMMENDATION_ELDERLY_CHRONIC,YES,,,,,,,,EJRF
PRY,2024,POLICY_VACCINATION,POLICY_RECOMMENDATION_HCW,YES,,,,,,,,EJRF
PRY,2024,POLICY_VACCINATION,POLICY_RECOMMENDATION_CA,NO,,,,,,,,EJRF
PRY,2024,POLICY_VACCINATION,POLICY_RECOMMENDATION_CA_CHRONIC,YES,,,,,,,,EJRF
PRY,2024,POLICY_VACCINATION,OTHER_GROUPS,-4444,,,,,,,,EJRF
ROU,2024,POLICY_VACCINATION,POLICY_RECOMMENDATION_ELDERLY,YES,,,,,,,,EJRF
ROU,2024,POLICY_VACCINATION,PW,YES,,,,,,,,EJRF
ROU,2024,POLICY_VACCINATION,POLICY_RECOMMENDATION_ELDERLY_CHRONIC,YES,,,,,,,,EJRF
ROU,2024,POLICY_VACCINATION,POLICY_RECOMMENDATION_HCW,YES,,,,,,,,EJRF
ROU,2024,POLICY_VACCINATION,POLICY_RECOMMENDATION_CA,NO,,,,,,,,EJRF
ROU,2024,POLICY_VACCINATION,POLICY_RECOMMENDATION_CA_CHRONIC,YES,,,,,,,,EJRF
ROU,2024,POLICY_VACCINATION,OTHER_GROUPS,NO,,,,,,,,EJRF
ROU,2024,POLICY_VACCINATION,POLICY_RECOMMENDATION_ADULTS,NO,,,,,,,,EJRF
ROU,2024,POLICY_VACCINATION,POLICY_RECOMMENDATION_ADULTS_CHRONIC,YES,,,,,,,,EJRF
VCT,2024,POLICY_VACCINATION,POLICY_RECOMMENDATION_ADULTS,YES,,,,,,,,EJRF
VCT,2024,POLICY_VACCINATION,POLICY_RECOMMENDATION_ELDERLY,,,,,,,,,EJRF
VCT,2024,POLICY_VACCINATION,POLICY_RECOMMENDATION_ELDERLY_CHRONIC,YES,,,,,,,,EJRF
VCT,2024,POLICY_VACCINATION,POLICY_RECOMMENDATION_ADULTS_CHRONIC,YES,,,,,,,,EJRF
VCT,2024,POLICY_VACCINATION,PW,YES,,,,,,,,EJRF
VCT,2024,POLICY_VACCINATION,POLICY_RECOMMENDATION_HCW,YES,,,,,,,,EJRF
VCT,2024,POLICY_VACCINATION,POLICY_RECOMMENDATION_CA,YES,,,,,,,,EJRF
VCT,2024,POLICY_VACCINATION,POLICY_RECOMMENDATION_CA_CHRONIC,YES,,,,,,,,EJRF
VCT,2024,POLICY_VACCINATION,OTHER_GROUPS,YES,,,,,,,,EJRF
SEN,2024,POLICY_VACCINATION,POLICY_RECOMMENDATION_ADULTS,YES,,,,,,,,EJRF
SEN,2024,POLICY_VACCINATION,POLICY_RECOMMENDATION_ADULTS_CHRONIC,YES,,,,,,,,EJRF
SEN,2024,POLICY_VACCINATION,PW,YES,,,,,,,,EJRF
SEN,2024,POLICY_VACCINATION,POLICY_RECOMMENDATION_HCW,YES,,,,,,,,EJRF
SEN,2024,POLICY_VACCINATION,POLICY_RECOMMENDATION_CA,NO,,,,,,,,EJRF
SEN,2024,POLICY_VACCINATION,POLICY_RECOMMENDATION_CA_CHRONIC,YES,,,,,,,,EJRF
SEN,2024,POLICY_VACCINATION,OTHER_GROUPS,-4444,,,,,,,,EJRF
SEN,2024,POLICY_VACCINATION,POLICY_RECOMMENDATION_ELDERLY,YES,,,,,,,,EJRF
SEN,2024,POLICY_VACCINATION,POLICY_RECOMMENDATION_ELDERLY_CHRONIC,YES,,,,,,,,EJRF
SYC,2024,POLICY_VACCINATION,POLICY_RECOMMENDATION_ELDERLY,-4444,,,,,,,,EJRF
SYC,2024,POLICY_VACCINATION,POLICY_RECOMMENDATION_ELDERLY_CHRONIC,-4444,,,,,,,,EJRF
SYC,2024,POLICY_VACCINATION,POLICY_RECOMMENDATION_ADULTS,-4444,,,,,,,,EJRF
SYC,2024,POLICY_VACCINATION,POLICY_RECOMMENDATION_ADULTS_CHRONIC,-4444,,,,,,,,EJRF
SYC,2024,POLICY_VACCINATION,PW,-4444,,,,,,,,EJRF
SYC,2024,POLICY_VACCINATION,POLICY_RECOMMENDATION_HCW,-4444,,,,,,,,EJRF
SYC,2024,POLICY_VACCINATION,POLICY_RECOMMENDATION_CA,-4444,,,,,,,,EJRF
SYC,2024,POLICY_VACCINATION,POLICY_RECOMMENDATION_CA_CHRONIC,-4444,,,,,,,,EJRF
SYC,2024,POLICY_VACCINATION,OTHER_GROUPS,-4444,,,,,,,,EJRF
SVN,2024,POLICY_VACCINATION,POLICY_RECOMMENDATION_HCW,NO,,,,,,,,EJRF
SVN,2024,POLICY_VACCINATION,POLICY_RECOMMENDATION_CA,NO,,,,,,,,EJRF
SVN,2024,POLICY_VACCINATION,POLICY_RECOMMENDATION_CA_CHRONIC,YES,,,,,,,,EJRF
SVN,2024,POLICY_VACCINATION,OTHER_GROUPS,YES,,,,,,,,EJRF
SVN,2024,POLICY_VACCINATION,POLICY_RECOMMENDATION_ELDERLY,YES,,,,,,,,EJRF
SVN,2024,POLICY_VACCINATION,POLICY_RECOMMENDATION_ELDERLY_CHRONIC,YES,,,,,,,,EJRF
SVN,2024,POLICY_VACCINATION,POLICY_RECOMMENDATION_ADULTS,NO,,,,,,,,EJRF
SVN,2024,POLICY_VACCINATION,POLICY_RECOMMENDATION_ADULTS_CHRONIC,YES,,,,,,,,EJRF
SVN,2024,POLICY_VACCINATION,PW,NO,,,,,,,,EJRF
SUR,2024,POLICY_VACCINATION,POLICY_RECOMMENDATION_HCW,,,,,,,,,EJRF
SUR,2024,POLICY_VACCINATION,POLICY_RECOMMENDATION_CA,,,,,,,,,EJRF
SUR,2024,POLICY_VACCINATION,POLICY_RECOMMENDATION_CA_CHRONIC,,,,,,,,,EJRF
SUR,2024,POLICY_VACCINATION,OTHER_GROUPS,,,,,,,,,EJRF
SUR,2024,POLICY_VACCINATION,POLICY_RECOMMENDATION_ELDERLY_CHRONIC,,,,,,,,,EJRF
SUR,2024,POLICY_VACCINATION,POLICY_RECOMMENDATION_ADULTS,NO,,,,,,,,EJRF
SUR,2024,POLICY_VACCINATION,POLICY_RECOMMENDATION_ADULTS_CHRONIC,,,,,,,,,EJRF
SUR,2024,POLICY_VACCINATION,PW,,,,,,,,,EJRF
SUR,2024,POLICY_VACCINATION,POLICY_RECOMMENDATION_ELDERLY,NO,,,,,,,,EJRF
SWE,2024,POLICY_VACCINATION,POLICY_RECOMMENDATION_ELDERLY,YES,,,,,,,,EJRF
SWE,2024,POLICY_VACCINATION,POLICY_RECOMMENDATION_ELDERLY_CHRONIC,NO,,,,,,,,EJRF
SWE,2024,POLICY_VACCINATION,POLICY_RECOMMENDATION_ADULTS,NO,,,,,,,,EJRF
SWE,2024,POLICY_VACCINATION,POLICY_RECOMMENDATION_ADULTS_CHRONIC,YES,,,,,,,,EJRF
SWE,2024,POLICY_VACCINATION,PW,YES,,,,,,,,EJRF
SWE,2024,POLICY_VACCINATION,POLICY_RECOMMENDATION_HCW,NO,,,,,,,,EJRF
SWE,2024,POLICY_VACCINATION,POLICY_RECOMMENDATION_CA,NO,,,,,,,,EJRF
SWE,2024,POLICY_VACCINATION,POLICY_RECOMMENDATION_CA_CHRONIC,NO,,,,,,,,EJRF
SWE,2024,POLICY_VACCINATION,OTHER_GROUPS,NO,,,,,,,,EJRF
TJK,2024,POLICY_VACCINATION,POLICY_RECOMMENDATION_ELDERLY,NO,,,,,,,,EJRF
TJK,2024,POLICY_VACCINATION,POLICY_RECOMMENDATION_ELDERLY_CHRONIC,-4444,,,,,,,,EJRF
TJK,2024,POLICY_VACCINATION,POLICY_RECOMMENDATION_ADULTS,-4444,,,,,,,,EJRF
TJK,2024,POLICY_VACCINATION,POLICY_RECOMMENDATION_ADULTS_CHRONIC,-4444,,,,,,,,EJRF
TJK,2024,POLICY_VACCINATION,PW,-4444,,,,,,,,EJRF
TJK,2024,POLICY_VACCINATION,POLICY_RECOMMENDATION_HCW,-4444,,,,,,,,EJRF
TJK,2024,POLICY_VACCINATION,POLICY_RECOMMENDATION_CA,-4444,,,,,,,,EJRF
TJK,2024,POLICY_VACCINATION,POLICY_RECOMMENDATION_CA_CHRONIC,-4444,,,,,,,,EJRF
TJK,2024,POLICY_VACCINATION,OTHER_GROUPS,-4444,,,,,,,,EJRF
TTO,2024,POLICY_VACCINATION,POLICY_RECOMMENDATION_ELDERLY,-2222,,,,,,,,EJRF
TTO,2024,POLICY_VACCINATION,POLICY_RECOMMENDATION_ELDERLY_CHRONIC,-2222,,,,,,,,EJRF
TTO,2024,POLICY_VACCINATION,POLICY_RECOMMENDATION_ADULTS,-2222,,,,,,,,EJRF
TTO,2024,POLICY_VACCINATION,POLICY_RECOMMENDATION_ADULTS_CHRONIC,-2222,,,,,,,,EJRF
TTO,2024,POLICY_VACCINATION,PW,-2222,,,,,,,,EJRF
TTO,2024,POLICY_VACCINATION,POLICY_RECOMMENDATION_HCW,-2222,,,,,,,,EJRF
TTO,2024,POLICY_VACCINATION,POLICY_RECOMMENDATION_CA,-2222,,,,,,,,EJRF
TTO,2024,POLICY_VACCINATION,POLICY_RECOMMENDATION_CA_CHRONIC,-2222,,,,,,,,EJRF
TTO,2024,POLICY_VACCINATION,OTHER_GROUPS,-2222,,,,,,,,EJRF
UGA,2024,POLICY_VACCINATION,PW,YES,,,,,,,,EJRF
UGA,2024,POLICY_VACCINATION,POLICY_RECOMMENDATION_HCW,YES,,,,,,,,EJRF
UGA,2024,POLICY_VACCINATION,POLICY_RECOMMENDATION_CA,YES,,,,,,,,EJRF
UGA,2024,POLICY_VACCINATION,POLICY_RECOMMENDATION_CA_CHRONIC,NO,,,,,,,,EJRF
UGA,2024,POLICY_VACCINATION,OTHER_GROUPS,YES,,,,,,,,EJRF
UGA,2024,POLICY_VACCINATION,POLICY_RECOMMENDATION_ELDERLY,YES,,,,,,,,EJRF
UGA,2024,POLICY_VACCINATION,POLICY_RECOMMENDATION_ELDERLY_CHRONIC,YES,,,,,,,,EJRF
UGA,2024,POLICY_VACCINATION,POLICY_RECOMMENDATION_ADULTS,YES,,,,,,,,EJRF
UGA,2024,POLICY_VACCINATION,POLICY_RECOMMENDATION_ADULTS_CHRONIC,YES,,,,,,,,EJRF
GBR,2024,POLICY_VACCINATION,PW,NO,,,,,,,,EJRF
GBR,2024,POLICY_VACCINATION,POLICY_RECOMMENDATION_HCW,NO,,,,,,,,EJRF
GBR,2024,POLICY_VACCINATION,POLICY_RECOMMENDATION_CA,NO,,,,,,,,EJRF
GBR,2024,POLICY_VACCINATION,POLICY_RECOMMENDATION_ADULTS,NO,,,,,,,,EJRF
GBR,2024,POLICY_VACCINATION,POLICY_RECOMMENDATION_ADULTS_CHRONIC,YES,,,,,,,,EJRF
GBR,2024,POLICY_VACCINATION,POLICY_RECOMMENDATION_ELDERLY,YES,,,,,,,,EJRF
GBR,2024,POLICY_VACCINATION,POLICY_RECOMMENDATION_ELDERLY_CHRONIC,YES,,,,,,,,EJRF
GBR,2024,POLICY_VACCINATION,POLICY_RECOMMENDATION_CA_CHRONIC,YES,,,,,,,,EJRF
GBR,2024,POLICY_VACCINATION,OTHER_GROUPS,YES,,,,,,,,EJRF
TZA,2024,POLICY_VACCINATION,POLICY_RECOMMENDATION_ELDERLY,-2222,,,,,,,,EJRF
TZA,2024,POLICY_VACCINATION,POLICY_RECOMMENDATION_ELDERLY_CHRONIC,-2222,,,,,,,,EJRF
TZA,2024,POLICY_VACCINATION,POLICY_RECOMMENDATION_ADULTS,-2222,,,,,,,,EJRF
TZA,2024,POLICY_VACCINATION,POLICY_RECOMMENDATION_ADULTS_CHRONIC,-2222,,,,,,,,EJRF
TZA,2024,POLICY_VACCINATION,PW,-2222,,,,,,,,EJRF
TZA,2024,POLICY_VACCINATION,POLICY_RECOMMENDATION_HCW,-2222,,,,,,,,EJRF
TZA,2024,POLICY_VACCINATION,POLICY_RECOMMENDATION_CA,-2222,,,,,,,,EJRF
TZA,2024,POLICY_VACCINATION,POLICY_RECOMMENDATION_CA_CHRONIC,-2222,,,,,,,,EJRF
TZA,2024,POLICY_VACCINATION,OTHER_GROUPS,-2222,,,,,,,,EJRF
URY,2024,POLICY_VACCINATION,POLICY_RECOMMENDATION_ADULTS_CHRONIC,YES,,,,,,,,EJRF
URY,2024,POLICY_VACCINATION,PW,YES,,,,,,,,EJRF
URY,2024,POLICY_VACCINATION,POLICY_RECOMMENDATION_HCW,YES,,,,,,,,EJRF
URY,2024,POLICY_VACCINATION,POLICY_RECOMMENDATION_CA,NO,,,,,,,,EJRF
URY,2024,POLICY_VACCINATION,POLICY_RECOMMENDATION_CA_CHRONIC,YES,,,,,,,,EJRF
URY,2024,POLICY_VACCINATION,OTHER_GROUPS,YES,,,,,,,,EJRF
URY,2024,POLICY_VACCINATION,POLICY_RECOMMENDATION_ELDERLY,YES,,,,,,,,EJRF
URY,2024,POLICY_VACCINATION,POLICY_RECOMMENDATION_ELDERLY_CHRONIC,YES,,,,,,,,EJRF
URY,2024,POLICY_VACCINATION,POLICY_RECOMMENDATION_ADULTS,NO,,,,,,,,EJRF
YEM,2024,POLICY_VACCINATION,POLICY_RECOMMENDATION_ELDERLY,YES,,,,,,,,EJRF
YEM,2024,POLICY_VACCINATION,POLICY_RECOMMENDATION_ELDERLY_CHRONIC,YES,,,,,,,,EJRF
YEM,2024,POLICY_VACCINATION,POLICY_RECOMMENDATION_ADULTS,YES,,,,,,,,EJRF
YEM,2024,POLICY_VACCINATION,POLICY_RECOMMENDATION_ADULTS_CHRONIC,YES,,,,,,,,EJRF
YEM,2024,POLICY_VACCINATION,PW,YES,,,,,,,,EJRF
YEM,2024,POLICY_VACCINATION,POLICY_RECOMMENDATION_HCW,YES,,,,,,,,EJRF
YEM,2024,POLICY_VACCINATION,POLICY_RECOMMENDATION_CA,NO,,,,,,,,EJRF
YEM,2024,POLICY_VACCINATION,POLICY_RECOMMENDATION_CA_CHRONIC,NO,,,,,,,,EJRF
YEM,2024,POLICY_VACCINATION,OTHER_GROUPS,NO,,,,,,,,EJRF
ZMB,2024,POLICY_VACCINATION,POLICY_RECOMMENDATION_ELDERLY,YES,,,,,,,,EJRF
ZMB,2024,POLICY_VACCINATION,POLICY_RECOMMENDATION_ELDERLY_CHRONIC,YES,,,,,,,,EJRF
ZMB,2024,POLICY_VACCINATION,POLICY_RECOMMENDATION_ADULTS,YES,,,,,,,,EJRF
ZMB,2024,POLICY_VACCINATION,POLICY_RECOMMENDATION_ADULTS_CHRONIC,YES,,,,,,,,EJRF
ZMB,2024,POLICY_VACCINATION,PW,YES,,,,,,,,EJRF
ZMB,2024,POLICY_VACCINATION,POLICY_RECOMMENDATION_HCW,YES,,,,,,,,EJRF
ZMB,2024,POLICY_VACCINATION,POLICY_RECOMMENDATION_CA,YES,,,,,,,,EJRF
ZMB,2024,POLICY_VACCINATION,POLICY_RECOMMENDATION_CA_CHRONIC,YES,,,,,,,,EJRF
ZMB,2024,POLICY_VACCINATION,OTHER_GROUPS,NO,,,,,,,,EJRF
AFG,2024,POLICY_REVACCINATION,PW,-2222,,,,,,,,EJRF
AFG,2024,POLICY_REVACCINATION,POLICY_RECOMMENDATION_HCW,YES,,,,,,,,EJRF
AFG,2024,POLICY_REVACCINATION,POLICY_RECOMMENDATION_CA,-2222,,,,,,,,EJRF
AFG,2024,POLICY_REVACCINATION,POLICY_RECOMMENDATION_CA_CHRONIC,-2222,,,,,,,,EJRF
AFG,2024,POLICY_REVACCINATION,OTHER_GROUPS,-2222,,,,,,,,EJRF
AFG,2024,POLICY_REVACCINATION,POLICY_RECOMMENDATION_ADULTS,YES,,,,,,,,EJRF
AFG,2024,POLICY_REVACCINATION,POLICY_RECOMMENDATION_ADULTS_CHRONIC,YES,,,,,,,,EJRF
AFG,2024,POLICY_REVACCINATION,POLICY_RECOMMENDATION_ELDERLY_CHRONIC,YES,,,,,,,,EJRF
AFG,2024,POLICY_REVACCINATION,POLICY_RECOMMENDATION_ELDERLY,YES,,,,,,,,EJRF
AGO,2024,POLICY_REVACCINATION,POLICY_RECOMMENDATION_HCW,YES,,,,,,,,EJRF
AGO,2024,POLICY_REVACCINATION,POLICY_RECOMMENDATION_CA,YES,,,,,,,,EJRF
AGO,2024,POLICY_REVACCINATION,POLICY_RECOMMENDATION_CA_CHRONIC,YES,,,,,,,,EJRF
AGO,2024,POLICY_REVACCINATION,OTHER_GROUPS,YES,,,,,,,,EJRF
AGO,2024,POLICY_REVACCINATION,POLICY_RECOMMENDATION_ELDERLY,YES,,,,,,,,EJRF
AGO,2024,POLICY_REVACCINATION,POLICY_RECOMMENDATION_ELDERLY_CHRONIC,YES,,,,,,,,EJRF
AGO,2024,POLICY_REVACCINATION,POLICY_RECOMMENDATION_ADULTS,YES,,,,,,,,EJRF
AGO,2024,POLICY_REVACCINATION,POLICY_RECOMMENDATION_ADULTS_CHRONIC,YES,,,,,,,,EJRF
AGO,2024,POLICY_REVACCINATION,PW,YES,,,,,,,,EJRF
AIA,2024,POLICY_REVACCINATION,POLICY_RECOMMENDATION_ELDERLY,YES,,,,,,,,EJRF
AIA,2024,POLICY_REVACCINATION,POLICY_RECOMMENDATION_ADULTS,YES,,,,,,,,EJRF
AIA,2024,POLICY_REVACCINATION,PW,NO,,,,,,,,EJRF
AIA,2024,POLICY_REVACCINATION,POLICY_RECOMMENDATION_CA_CHRONIC,NO,,,,,,,,EJRF
AIA,2024,POLICY_REVACCINATION,OTHER_GROUPS,NO,,,,,,,,EJRF
AIA,2024,POLICY_REVACCINATION,POLICY_RECOMMENDATION_HCW,YES,,,,,,,,EJRF
AIA,2024,POLICY_REVACCINATION,POLICY_RECOMMENDATION_CA,NO,,,,,,,,EJRF
AIA,2024,POLICY_REVACCINATION,POLICY_RECOMMENDATION_ELDERLY_CHRONIC,YES,,,,,,,,EJRF
AIA,2024,POLICY_REVACCINATION,POLICY_RECOMMENDATION_ADULTS_CHRONIC,YES,,,,,,,,EJRF
ARM,2024,POLICY_REVACCINATION,POLICY_RECOMMENDATION_ADULTS,YES,,,,,,,,EJRF
ARM,2024,POLICY_REVACCINATION,POLICY_RECOMMENDATION_ADULTS_CHRONIC,YES,,,,,,,,EJRF
ARM,2024,POLICY_REVACCINATION,PW,-4444,,,,,,,,EJRF
ARM,2024,POLICY_REVACCINATION,POLICY_RECOMMENDATION_HCW,YES,,,,,,,,EJRF
ARM,2024,POLICY_REVACCINATION,POLICY_RECOMMENDATION_CA,-4444,,,,,,,,EJRF
ARM,2024,POLICY_REVACCINATION,POLICY_RECOMMENDATION_CA_CHRONIC,-4444,,,,,,,,EJRF
ARM,2024,POLICY_REVACCINATION,OTHER_GROUPS,-4444,,,,,,,,EJRF
ARM,2024,POLICY_REVACCINATION,POLICY_RECOMMENDATION_ELDERLY,YES,,,,,,,,EJRF
ARM,2024,POLICY_REVACCINATION,POLICY_RECOMMENDATION_ELDERLY_CHRONIC,YES,,,,,,,,EJRF
ABW,2024,POLICY_REVACCINATION,POLICY_RECOMMENDATION_ADULTS_CHRONIC,,,,,,,,,EJRF
ABW,2024,POLICY_REVACCINATION,PW,,,,,,,,,EJRF
ABW,2024,POLICY_REVACCINATION,POLICY_RECOMMENDATION_HCW,,,,,,,,,EJRF
ABW,2024,POLICY_REVACCINATION,POLICY_RECOMMENDATION_CA,,,,,,,,,EJRF
ABW,2024,POLICY_REVACCINATION,POLICY_RECOMMENDATION_CA_CHRONIC,,,,,,,,,EJRF
ABW,2024,POLICY_REVACCINATION,OTHER_GROUPS,,,,,,,,,EJRF
ABW,2024,POLICY_REVACCINATION,POLICY_RECOMMENDATION_ADULTS,,,,,,,,,EJRF
ABW,2024,POLICY_REVACCINATION,POLICY_RECOMMENDATION_ELDERLY,,,,,,,,,EJRF
ABW,2024,POLICY_REVACCINATION,POLICY_RECOMMENDATION_ELDERLY_CHRONIC,,,,,,,,,EJRF
AUT,2024,POLICY_REVACCINATION,POLICY_RECOMMENDATION_CA_CHRONIC,YES,,,,,,,,EJRF
AUT,2024,POLICY_REVACCINATION,OTHER_GROUPS,,,,,,,,,EJRF
AUT,2024,POLICY_REVACCINATION,POLICY_RECOMMENDATION_ELDERLY,YES,,,,,,,,EJRF
AUT,2024,POLICY_REVACCINATION,POLICY_RECOMMENDATION_ELDERLY_CHRONIC,YES,,,,,,,,EJRF
AUT,2024,POLICY_REVACCINATION,POLICY_RECOMMENDATION_ADULTS,YES,,,,,,,,EJRF
AUT,2024,POLICY_REVACCINATION,POLICY_RECOMMENDATION_ADULTS_CHRONIC,YES,,,,,,,,EJRF
AUT,2024,POLICY_REVACCINATION,PW,YES,,,,,,,,EJRF
AUT,2024,POLICY_REVACCINATION,POLICY_RECOMMENDATION_HCW,YES,,,,,,,,EJRF
AUT,2024,POLICY_REVACCINATION,POLICY_RECOMMENDATION_CA,YES,,,,,,,,EJRF
BHS,2024,POLICY_REVACCINATION,POLICY_RECOMMENDATION_ELDERLY,YES,,,,,,,,EJRF
BHS,2024,POLICY_REVACCINATION,POLICY_RECOMMENDATION_ELDERLY_CHRONIC,YES,,,,,,,,EJRF
BHS,2024,POLICY_REVACCINATION,POLICY_RECOMMENDATION_ADULTS_CHRONIC,YES,,,,,,,,EJRF
BHS,2024,POLICY_REVACCINATION,PW,YES,,,,,,,,EJRF
BHS,2024,POLICY_REVACCINATION,POLICY_RECOMMENDATION_HCW,YES,,,,,,,,EJRF
BHS,2024,POLICY_REVACCINATION,POLICY_RECOMMENDATION_CA,YES,,,,,,,,EJRF
BHS,2024,POLICY_REVACCINATION,POLICY_RECOMMENDATION_CA_CHRONIC,YES,,,,,,,,EJRF
BHS,2024,POLICY_REVACCINATION,OTHER_GROUPS,-2222,,,,,,,,EJRF
BHS,2024,POLICY_REVACCINATION,POLICY_RECOMMENDATION_ADULTS,YES,,,,,,,,EJRF
BGD,2024,POLICY_REVACCINATION,POLICY_RECOMMENDATION_CA_CHRONIC,NO,,,,,,,,EJRF
BGD,2024,POLICY_REVACCINATION,OTHER_GROUPS,NO,,,,,,,,EJRF
BGD,2024,POLICY_REVACCINATION,POLICY_RECOMMENDATION_ELDERLY,YES,,,,,,,,EJRF
BGD,2024,POLICY_REVACCINATION,POLICY_RECOMMENDATION_ELDERLY_CHRONIC,YES,,,,,,,,EJRF
BGD,2024,POLICY_REVACCINATION,POLICY_RECOMMENDATION_ADULTS,NO,,,,,,,,EJRF
BGD,2024,POLICY_REVACCINATION,POLICY_RECOMMENDATION_HCW,YES,,,,,,,,EJRF
BGD,2024,POLICY_REVACCINATION,POLICY_RECOMMENDATION_CA,NO,,,,,,,,EJRF
BGD,2024,POLICY_REVACCINATION,POLICY_RECOMMENDATION_ADULTS_CHRONIC,YES,,,,,,,,EJRF
BGD,2024,POLICY_REVACCINATION,PW,NO,,,,,,,,EJRF
BOL,2024,POLICY_REVACCINATION,POLICY_RECOMMENDATION_ELDERLY,YES,,,,,,,,EJRF
BOL,2024,POLICY_REVACCINATION,POLICY_RECOMMENDATION_ELDERLY_CHRONIC,YES,,,,,,,,EJRF
BOL,2024,POLICY_REVACCINATION,POLICY_RECOMMENDATION_ADULTS,NO,,,,,,,,EJRF
BOL,2024,POLICY_REVACCINATION,POLICY_RECOMMENDATION_ADULTS_CHRONIC,YES,,,,,,,,EJRF
BOL,2024,POLICY_REVACCINATION,PW,YES,,,,,,,,EJRF
BOL,2024,POLICY_REVACCINATION,POLICY_RECOMMENDATION_HCW,YES,,,,,,,,EJRF
BOL,2024,POLICY_REVACCINATION,POLICY_RECOMMENDATION_CA,YES,,,,,,,,EJRF
BOL,2024,POLICY_REVACCINATION,POLICY_RECOMMENDATION_CA_CHRONIC,YES,,,,,,,,EJRF
BOL,2024,POLICY_REVACCINATION,OTHER_GROUPS,YES,,,,,,,,EJRF
BWA,2024,POLICY_REVACCINATION,POLICY_RECOMMENDATION_ELDERLY_CHRONIC,YES,,,,,,,,EJRF
BWA,2024,POLICY_REVACCINATION,POLICY_RECOMMENDATION_CA,YES,,,,,,,,EJRF
BWA,2024,POLICY_REVACCINATION,POLICY_RECOMMENDATION_CA_CHRONIC,YES,,,,,,,,EJRF
BWA,2024,POLICY_REVACCINATION,OTHER_GROUPS,YES,,,,,,,,EJRF
BWA,2024,POLICY_REVACCINATION,POLICY_RECOMMENDATION_ADULTS,YES,,,,,,,,EJRF
BWA,2024,POLICY_REVACCINATION,POLICY_RECOMMENDATION_ADULTS_CHRONIC,YES,,,,,,,,EJRF
BWA,2024,POLICY_REVACCINATION,PW,YES,,,,,,,,EJRF
BWA,2024,POLICY_REVACCINATION,POLICY_RECOMMENDATION_HCW,YES,,,,,,,,EJRF
BWA,2024,POLICY_REVACCINATION,POLICY_RECOMMENDATION_ELDERLY,YES,,,,,,,,EJRF
BRA,2024,POLICY_REVACCINATION,POLICY_RECOMMENDATION_ELDERLY,YES,,,,,,,,EJRF
BRA,2024,POLICY_REVACCINATION,POLICY_RECOMMENDATION_ELDERLY_CHRONIC,YES,,,,,,,,EJRF
BRA,2024,POLICY_REVACCINATION,POLICY_RECOMMENDATION_ADULTS,YES,,,,,,,,EJRF
BRA,2024,POLICY_REVACCINATION,POLICY_RECOMMENDATION_ADULTS_CHRONIC,YES,,,,,,,,EJRF
BRA,2024,POLICY_REVACCINATION,PW,YES,,,,,,,,EJRF
BRA,2024,POLICY_REVACCINATION,POLICY_RECOMMENDATION_HCW,YES,,,,,,,,EJRF
BRA,2024,POLICY_REVACCINATION,POLICY_RECOMMENDATION_CA,YES,,,,,,,,EJRF
BRA,2024,POLICY_REVACCINATION,POLICY_RECOMMENDATION_CA_CHRONIC,YES,,,,,,,,EJRF
BRA,2024,POLICY_REVACCINATION,OTHER_GROUPS,-2222,,,,,,,,EJRF
BGR,2024,POLICY_REVACCINATION,PW,YES,,,,,,,,EJRF
BGR,2024,POLICY_REVACCINATION,POLICY_RECOMMENDATION_HCW,YES,,,,,,,,EJRF
BGR,2024,POLICY_REVACCINATION,POLICY_RECOMMENDATION_ADULTS,YES,,,,,,,,EJRF
BGR,2024,POLICY_REVACCINATION,POLICY_RECOMMENDATION_CA,YES,,,,,,,,EJRF
BGR,2024,POLICY_REVACCINATION,POLICY_RECOMMENDATION_CA_CHRONIC,YES,,,,,,,,EJRF
BGR,2024,POLICY_REVACCINATION,POLICY_RECOMMENDATION_ADULTS_CHRONIC,YES,,,,,,,,EJRF
BGR,2024,POLICY_REVACCINATION,OTHER_GROUPS,YES,,,,,,,,EJRF
BGR,2024,POLICY_REVACCINATION,POLICY_RECOMMENDATION_ELDERLY,YES,,,,,,,,EJRF
BGR,2024,POLICY_REVACCINATION,POLICY_RECOMMENDATION_ELDERLY_CHRONIC,YES,,,,,,,,EJRF
CPV,2024,POLICY_REVACCINATION,PW,-2222,,,,,,,,EJRF
CPV,2024,POLICY_REVACCINATION,POLICY_RECOMMENDATION_ELDERLY_CHRONIC,-2222,,,,,,,,EJRF
CPV,2024,POLICY_REVACCINATION,POLICY_RECOMMENDATION_ADULTS,,,,,,,,,EJRF
CPV,2024,POLICY_REVACCINATION,POLICY_RECOMMENDATION_ADULTS_CHRONIC,-2222,,,,,,,,EJRF
CPV,2024,POLICY_REVACCINATION,POLICY_RECOMMENDATION_ELDERLY,,,,,,,,,EJRF
CPV,2024,POLICY_REVACCINATION,POLICY_RECOMMENDATION_HCW,-2222,,,,,,,,EJRF
CPV,2024,POLICY_REVACCINATION,POLICY_RECOMMENDATION_CA,-2222,,,,,,,,EJRF
CPV,2024,POLICY_REVACCINATION,POLICY_RECOMMENDATION_CA_CHRONIC,-2222,,,,,,,,EJRF
CPV,2024,POLICY_REVACCINATION,OTHER_GROUPS,-2222,,,,,,,,EJRF
CMR,2024,POLICY_REVACCINATION,POLICY_RECOMMENDATION_ADULTS,YES,,,,,,,,EJRF
CMR,2024,POLICY_REVACCINATION,POLICY_RECOMMENDATION_ELDERLY,YES,,,,,,,,EJRF
CMR,2024,POLICY_REVACCINATION,POLICY_RECOMMENDATION_ELDERLY_CHRONIC,YES,,,,,,,,EJRF
CMR,2024,POLICY_REVACCINATION,POLICY_RECOMMENDATION_ADULTS_CHRONIC,YES,,,,,,,,EJRF
CMR,2024,POLICY_REVACCINATION,PW,YES,,,,,,,,EJRF
CMR,2024,POLICY_REVACCINATION,POLICY_RECOMMENDATION_HCW,YES,,,,,,,,EJRF
CMR,2024,POLICY_REVACCINATION,POLICY_RECOMMENDATION_CA,NO,,,,,,,,EJRF
CMR,2024,POLICY_REVACCINATION,POLICY_RECOMMENDATION_CA_CHRONIC,NO,,,,,,,,EJRF
CMR,2024,POLICY_REVACCINATION,OTHER_GROUPS,-4444,,,,,,,,EJRF
TCD,2024,POLICY_REVACCINATION,POLICY_RECOMMENDATION_ADULTS_CHRONIC,YES,,,,,,,,EJRF
TCD,2024,POLICY_REVACCINATION,PW,NO,,,,,,,,EJRF
TCD,2024,POLICY_REVACCINATION,POLICY_RECOMMENDATION_HCW,YES,,,,,,,,EJRF
TCD,2024,POLICY_REVACCINATION,POLICY_RECOMMENDATION_CA,NO,,,,,,,,EJRF
TCD,2024,POLICY_REVACCINATION,POLICY_RECOMMENDATION_CA_CHRONIC,-4444,,,,,,,,EJRF
TCD,2024,POLICY_REVACCINATION,OTHER_GROUPS,-4444,,,,,,,,EJRF
TCD,2024,POLICY_REVACCINATION,POLICY_RECOMMENDATION_ELDERLY,YES,,,,,,,,EJRF
TCD,2024,POLICY_REVACCINATION,POLICY_RECOMMENDATION_ELDERLY_CHRONIC,YES,,,,,,,,EJRF
TCD,2024,POLICY_REVACCINATION,POLICY_RECOMMENDATION_ADULTS,NO,,,,,,,,EJRF
HRV,2024,POLICY_REVACCINATION,POLICY_RECOMMENDATION_ELDERLY_CHRONIC,YES,,,,,,,,EJRF
HRV,2024,POLICY_REVACCINATION,POLICY_RECOMMENDATION_ADULTS,,,,,,,,,EJRF
HRV,2024,POLICY_REVACCINATION,POLICY_RECOMMENDATION_ADULTS_CHRONIC,YES,,,,,,,,EJRF
HRV,2024,POLICY_REVACCINATION,PW,YES,,,,,,,,EJRF
HRV,2024,POLICY_REVACCINATION,POLICY_RECOMMENDATION_HCW,YES,,,,,,,,EJRF
HRV,2024,POLICY_REVACCINATION,POLICY_RECOMMENDATION_CA,,,,,,,,,EJRF
HRV,2024,POLICY_REVACCINATION,POLICY_RECOMMENDATION_CA_CHRONIC,YES,,,,,,,,EJRF
HRV,2024,POLICY_REVACCINATION,OTHER_GROUPS,,,,,,,,,EJRF
HRV,2024,POLICY_REVACCINATION,POLICY_RECOMMENDATION_ELDERLY,YES,,,,,,,,EJRF
CYP,2024,POLICY_REVACCINATION,PW,YES,,,,,,,,EJRF
CYP,2024,POLICY_REVACCINATION,POLICY_RECOMMENDATION_HCW,YES,,,,,,,,EJRF
CYP,2024,POLICY_REVACCINATION,POLICY_RECOMMENDATION_CA,NO,,,,,,,,EJRF
CYP,2024,POLICY_REVACCINATION,POLICY_RECOMMENDATION_CA_CHRONIC,YES,,,,,,,,EJRF
CYP,2024,POLICY_REVACCINATION,OTHER_GROUPS,,,,,,,,,EJRF
CYP,2024,POLICY_REVACCINATION,POLICY_RECOMMENDATION_ELDERLY,YES,,,,,,,,EJRF
CYP,2024,POLICY_REVACCINATION,POLICY_RECOMMENDATION_ELDERLY_CHRONIC,YES,,,,,,,,EJRF
CYP,2024,POLICY_REVACCINATION,POLICY_RECOMMENDATION_ADULTS,YES,,,,,,,,EJRF
CYP,2024,POLICY_REVACCINATION,POLICY_RECOMMENDATION_ADULTS_CHRONIC,YES,,,,,,,,EJRF
COD,2024,POLICY_REVACCINATION,POLICY_RECOMMENDATION_ELDERLY_CHRONIC,-2222,,,,,,,,EJRF
COD,2024,POLICY_REVACCINATION,POLICY_RECOMMENDATION_ELDERLY,NO,,,,,,,,EJRF
COD,2024,POLICY_REVACCINATION,POLICY_RECOMMENDATION_ADULTS,NO,,,,,,,,EJRF
COD,2024,POLICY_REVACCINATION,POLICY_RECOMMENDATION_ADULTS_CHRONIC,-2222,,,,,,,,EJRF
COD,2024,POLICY_REVACCINATION,PW,-2222,,,,,,,,EJRF
COD,2024,POLICY_REVACCINATION,POLICY_RECOMMENDATION_HCW,-2222,,,,,,,,EJRF
COD,2024,POLICY_REVACCINATION,POLICY_RECOMMENDATION_CA,-2222,,,,,,,,EJRF
COD,2024,POLICY_REVACCINATION,POLICY_RECOMMENDATION_CA_CHRONIC,-2222,,,,,,,,EJRF
COD,2024,POLICY_REVACCINATION,OTHER_GROUPS,-4444,,,,,,,,EJRF
DOM,2024,POLICY_REVACCINATION,POLICY_RECOMMENDATION_ELDERLY,,,,,,,,,EJRF
DOM,2024,POLICY_REVACCINATION,POLICY_RECOMMENDATION_ELDERLY_CHRONIC,,,,,,,,,EJRF
DOM,2024,POLICY_REVACCINATION,POLICY_RECOMMENDATION_ADULTS,YES,,,,,,,,EJRF
DOM,2024,POLICY_REVACCINATION,POLICY_RECOMMENDATION_ADULTS_CHRONIC,,,,,,,,,EJRF
DOM,2024,POLICY_REVACCINATION,PW,,,,,,,,,EJRF
DOM,2024,POLICY_REVACCINATION,POLICY_RECOMMENDATION_HCW,,,,,,,,,EJRF
DOM,2024,POLICY_REVACCINATION,POLICY_RECOMMENDATION_CA,YES,,,,,,,,EJRF
DOM,2024,POLICY_REVACCINATION,POLICY_RECOMMENDATION_CA_CHRONIC,,,,,,,,,EJRF
DOM,2024,POLICY_REVACCINATION,OTHER_GROUPS,,,,,,,,,EJRF
EGY,2024,POLICY_REVACCINATION,POLICY_RECOMMENDATION_ELDERLY_CHRONIC,YES,,,,,,,,EJRF
EGY,2024,POLICY_REVACCINATION,POLICY_RECOMMENDATION_ADULTS,YES,,,,,,,,EJRF
EGY,2024,POLICY_REVACCINATION,POLICY_RECOMMENDATION_ADULTS_CHRONIC,YES,,,,,,,,EJRF
EGY,2024,POLICY_REVACCINATION,PW,YES,,,,,,,,EJRF
EGY,2024,POLICY_REVACCINATION,POLICY_RECOMMENDATION_HCW,YES,,,,,,,,EJRF
EGY,2024,POLICY_REVACCINATION,POLICY_RECOMMENDATION_CA,YES,,,,,,,,EJRF
EGY,2024,POLICY_REVACCINATION,POLICY_RECOMMENDATION_CA_CHRONIC,YES,,,,,,,,EJRF
EGY,2024,POLICY_REVACCINATION,OTHER_GROUPS,-2222,,,,,,,,EJRF
EGY,2024,POLICY_REVACCINATION,POLICY_RECOMMENDATION_ELDERLY,YES,,,,,,,,EJRF
SWZ,2024,POLICY_REVACCINATION,POLICY_RECOMMENDATION_CA_CHRONIC,NO,,,,,,,,EJRF
SWZ,2024,POLICY_REVACCINATION,OTHER_GROUPS,NO,,,,,,,,EJRF
SWZ,2024,POLICY_REVACCINATION,POLICY_RECOMMENDATION_ELDERLY,NO,,,,,,,,EJRF
SWZ,2024,POLICY_REVACCINATION,POLICY_RECOMMENDATION_ELDERLY_CHRONIC,NO,,,,,,,,EJRF
SWZ,2024,POLICY_REVACCINATION,POLICY_RECOMMENDATION_ADULTS,NO,,,,,,,,EJRF
SWZ,2024,POLICY_REVACCINATION,POLICY_RECOMMENDATION_ADULTS_CHRONIC,NO,,,,,,,,EJRF
SWZ,2024,POLICY_REVACCINATION,PW,NO,,,,,,,,EJRF
SWZ,2024,POLICY_REVACCINATION,POLICY_RECOMMENDATION_HCW,NO,,,,,,,,EJRF
SWZ,2024,POLICY_REVACCINATION,POLICY_RECOMMENDATION_CA,YES,,,,,,,,EJRF
FJI,2024,POLICY_REVACCINATION,POLICY_RECOMMENDATION_ELDERLY_CHRONIC,-2222,,,,,,,,EJRF
FJI,2024,POLICY_REVACCINATION,POLICY_RECOMMENDATION_ADULTS,YES,,,,,,,,EJRF
FJI,2024,POLICY_REVACCINATION,POLICY_RECOMMENDATION_ADULTS_CHRONIC,YES,,,,,,,,EJRF
FJI,2024,POLICY_REVACCINATION,PW,YES,,,,,,,,EJRF
FJI,2024,POLICY_REVACCINATION,POLICY_RECOMMENDATION_CA_CHRONIC,YES,,,,,,,,EJRF
FJI,2024,POLICY_REVACCINATION,OTHER_GROUPS,-4444,,,,,,,,EJRF
FJI,2024,POLICY_REVACCINATION,POLICY_RECOMMENDATION_HCW,YES,,,,,,,,EJRF
FJI,2024,POLICY_REVACCINATION,POLICY_RECOMMENDATION_CA,YES,,,,,,,,EJRF
FJI,2024,POLICY_REVACCINATION,POLICY_RECOMMENDATION_ELDERLY,YES,,,,,,,,EJRF
GAB,2024,POLICY_REVACCINATION,OTHER_GROUPS,-2222,,,,,,,,EJRF
GAB,2024,POLICY_REVACCINATION,POLICY_RECOMMENDATION_ELDERLY,-2222,,,,,,,,EJRF
GAB,2024,POLICY_REVACCINATION,POLICY_RECOMMENDATION_ELDERLY_CHRONIC,-2222,,,,,,,,EJRF
GAB,2024,POLICY_REVACCINATION,POLICY_RECOMMENDATION_ADULTS,-2222,,,,,,,,EJRF
GAB,2024,POLICY_REVACCINATION,POLICY_RECOMMENDATION_ADULTS_CHRONIC,-2222,,,,,,,,EJRF
GAB,2024,POLICY_REVACCINATION,PW,-2222,,,,,,,,EJRF
GAB,2024,POLICY_REVACCINATION,POLICY_RECOMMENDATION_HCW,-2222,,,,,,,,EJRF
GAB,2024,POLICY_REVACCINATION,POLICY_RECOMMENDATION_CA,-2222,,,,,,,,EJRF
GAB,2024,POLICY_REVACCINATION,POLICY_RECOMMENDATION_CA_CHRONIC,-2222,,,,,,,,EJRF
GMB,2024,POLICY_REVACCINATION,POLICY_RECOMMENDATION_ELDERLY,YES,,,,,,,,EJRF
GMB,2024,POLICY_REVACCINATION,POLICY_RECOMMENDATION_ELDERLY_CHRONIC,YES,,,,,,,,EJRF
GMB,2024,POLICY_REVACCINATION,POLICY_RECOMMENDATION_ADULTS,YES,,,,,,,,EJRF
GMB,2024,POLICY_REVACCINATION,POLICY_RECOMMENDATION_ADULTS_CHRONIC,YES,,,,,,,,EJRF
GMB,2024,POLICY_REVACCINATION,PW,YES,,,,,,,,EJRF
GMB,2024,POLICY_REVACCINATION,POLICY_RECOMMENDATION_HCW,YES,,,,,,,,EJRF
GMB,2024,POLICY_REVACCINATION,POLICY_RECOMMENDATION_CA,YES,,,,,,,,EJRF
GMB,2024,POLICY_REVACCINATION,POLICY_RECOMMENDATION_CA_CHRONIC,,,,,,,,,EJRF
GMB,2024,POLICY_REVACCINATION,OTHER_GROUPS,,,,,,,,,EJRF
GEO,2024,POLICY_REVACCINATION,POLICY_RECOMMENDATION_ADULTS,-4444,,,,,,,,EJRF
GEO,2024,POLICY_REVACCINATION,POLICY_RECOMMENDATION_ADULTS_CHRONIC,-4444,,,,,,,,EJRF
GEO,2024,POLICY_REVACCINATION,PW,-4444,,,,,,,,EJRF
GEO,2024,POLICY_REVACCINATION,POLICY_RECOMMENDATION_HCW,-4444,,,,,,,,EJRF
GEO,2024,POLICY_REVACCINATION,POLICY_RECOMMENDATION_CA,-4444,,,,,,,,EJRF
GEO,2024,POLICY_REVACCINATION,POLICY_RECOMMENDATION_CA_CHRONIC,-4444,,,,,,,,EJRF
GEO,2024,POLICY_REVACCINATION,OTHER_GROUPS,-4444,,,,,,,,EJRF
GEO,2024,POLICY_REVACCINATION,POLICY_RECOMMENDATION_ELDERLY,-4444,,,,,,,,EJRF
GEO,2024,POLICY_REVACCINATION,POLICY_RECOMMENDATION_ELDERLY_CHRONIC,-4444,,,,,,,,EJRF
DEU,2024,POLICY_REVACCINATION,POLICY_RECOMMENDATION_HCW,YES,,,,,,,,EJRF
DEU,2024,POLICY_REVACCINATION,POLICY_RECOMMENDATION_ELDERLY,YES,,,,,,,,EJRF
DEU,2024,POLICY_REVACCINATION,POLICY_RECOMMENDATION_ELDERLY_CHRONIC,YES,,,,,,,,EJRF
DEU,2024,POLICY_REVACCINATION,POLICY_RECOMMENDATION_ADULTS,NO,,,,,,,,EJRF
DEU,2024,POLICY_REVACCINATION,POLICY_RECOMMENDATION_CA_CHRONIC,YES,,,,,,,,EJRF
DEU,2024,POLICY_REVACCINATION,OTHER_GROUPS,-4444,,,,,,,,EJRF
DEU,2024,POLICY_REVACCINATION,POLICY_RECOMMENDATION_CA,NO,,,,,,,,EJRF
DEU,2024,POLICY_REVACCINATION,POLICY_RECOMMENDATION_ADULTS_CHRONIC,YES,,,,,,,,EJRF
DEU,2024,POLICY_REVACCINATION,PW,NO,,,,,,,,EJRF
GHA,2024,POLICY_REVACCINATION,POLICY_RECOMMENDATION_ELDERLY,NO,,,,,,,,EJRF
GHA,2024,POLICY_REVACCINATION,POLICY_RECOMMENDATION_ELDERLY_CHRONIC,YES,,,,,,,,EJRF
GHA,2024,POLICY_REVACCINATION,POLICY_RECOMMENDATION_ADULTS,NO,,,,,,,,EJRF
GHA,2024,POLICY_REVACCINATION,POLICY_RECOMMENDATION_ADULTS_CHRONIC,YES,,,,,,,,EJRF
GHA,2024,POLICY_REVACCINATION,PW,NO,,,,,,,,EJRF
GHA,2024,POLICY_REVACCINATION,POLICY_RECOMMENDATION_HCW,YES,,,,,,,,EJRF
GHA,2024,POLICY_REVACCINATION,POLICY_RECOMMENDATION_CA,NO,,,,,,,,EJRF
GHA,2024,POLICY_REVACCINATION,POLICY_RECOMMENDATION_CA_CHRONIC,YES,,,,,,,,EJRF
GHA,2024,POLICY_REVACCINATION,OTHER_GROUPS,NO,,,,,,,,EJRF
GRC,2024,POLICY_REVACCINATION,POLICY_RECOMMENDATION_CA_CHRONIC,,,,,,,,,EJRF
GRC,2024,POLICY_REVACCINATION,OTHER_GROUPS,,,,,,,,,EJRF
GRC,2024,POLICY_REVACCINATION,POLICY_RECOMMENDATION_ADULTS,,,,,,,,,EJRF
GRC,2024,POLICY_REVACCINATION,POLICY_RECOMMENDATION_ADULTS_CHRONIC,,,,,,,,,EJRF
GRC,2024,POLICY_REVACCINATION,PW,,,,,,,,,EJRF
GRC,2024,POLICY_REVACCINATION,POLICY_RECOMMENDATION_HCW,,,,,,,,,EJRF
GRC,2024,POLICY_REVACCINATION,POLICY_RECOMMENDATION_CA,,,,,,,,,EJRF
GRC,2024,POLICY_REVACCINATION,POLICY_RECOMMENDATION_ELDERLY,,,,,,,,,EJRF
GRC,2024,POLICY_REVACCINATION,POLICY_RECOMMENDATION_ELDERLY_CHRONIC,,,,,,,,,EJRF
GTM,2024,POLICY_REVACCINATION,POLICY_RECOMMENDATION_ADULTS_CHRONIC,YES,,,,,,,,EJRF
GTM,2024,POLICY_REVACCINATION,PW,YES,,,,,,,,EJRF
GTM,2024,POLICY_REVACCINATION,POLICY_RECOMMENDATION_HCW,YES,,,,,,,,EJRF
GTM,2024,POLICY_REVACCINATION,POLICY_RECOMMENDATION_CA,YES,,,,,,,,EJRF
GTM,2024,POLICY_REVACCINATION,POLICY_RECOMMENDATION_CA_CHRONIC,YES,,,,,,,,EJRF
GTM,2024,POLICY_REVACCINATION,OTHER_GROUPS,YES,,,,,,,,EJRF
GTM,2024,POLICY_REVACCINATION,POLICY_RECOMMENDATION_ELDERLY,NO,,,,,,,,EJRF
GTM,2024,POLICY_REVACCINATION,POLICY_RECOMMENDATION_ELDERLY_CHRONIC,YES,,,,,,,,EJRF
GTM,2024,POLICY_REVACCINATION,POLICY_RECOMMENDATION_ADULTS,NO,,,,,,,,EJRF
GIN,2024,POLICY_REVACCINATION,POLICY_RECOMMENDATION_ELDERLY_CHRONIC,YES,,,,,,,,EJRF
GIN,2024,POLICY_REVACCINATION,POLICY_RECOMMENDATION_ADULTS,YES,,,,,,,,EJRF
GIN,2024,POLICY_REVACCINATION,POLICY_RECOMMENDATION_ELDERLY,YES,,,,,,,,EJRF
GIN,2024,POLICY_REVACCINATION,PW,-4444,,,,,,,,EJRF
GIN,2024,POLICY_REVACCINATION,POLICY_RECOMMENDATION_HCW,YES,,,,,,,,EJRF
GIN,2024,POLICY_REVACCINATION,POLICY_RECOMMENDATION_ADULTS_CHRONIC,YES,,,,,,,,EJRF
GIN,2024,POLICY_REVACCINATION,POLICY_RECOMMENDATION_CA,YES,,,,,,,,EJRF
GIN,2024,POLICY_REVACCINATION,POLICY_RECOMMENDATION_CA_CHRONIC,YES,,,,,,,,EJRF
GIN,2024,POLICY_REVACCINATION,OTHER_GROUPS,YES,,,,,,,,EJRF
HND,2024,POLICY_REVACCINATION,POLICY_RECOMMENDATION_ELDERLY,YES,,,,,,,,EJRF
HND,2024,POLICY_REVACCINATION,POLICY_RECOMMENDATION_ELDERLY_CHRONIC,YES,,,,,,,,EJRF
HND,2024,POLICY_REVACCINATION,POLICY_RECOMMENDATION_ADULTS,NO,,,,,,,,EJRF
HND,2024,POLICY_REVACCINATION,POLICY_RECOMMENDATION_ADULTS_CHRONIC,YES,,,,,,,,EJRF
HND,2024,POLICY_REVACCINATION,PW,NO,,,,,,,,EJRF
HND,2024,POLICY_REVACCINATION,POLICY_RECOMMENDATION_HCW,YES,,,,,,,,EJRF
HND,2024,POLICY_REVACCINATION,POLICY_RECOMMENDATION_CA,NO,,,,,,,,EJRF
HND,2024,POLICY_REVACCINATION,POLICY_RECOMMENDATION_CA_CHRONIC,YES,,,,,,,,EJRF
HND,2024,POLICY_REVACCINATION,OTHER_GROUPS,-4444,,,,,,,,EJRF
IDN,2024,POLICY_REVACCINATION,POLICY_RECOMMENDATION_ADULTS_CHRONIC,YES,,,,,,,,EJRF
IDN,2024,POLICY_REVACCINATION,PW,YES,,,,,,,,EJRF
IDN,2024,POLICY_REVACCINATION,POLICY_RECOMMENDATION_HCW,YES,,,,,,,,EJRF
IDN,2024,POLICY_REVACCINATION,POLICY_RECOMMENDATION_CA,,,,,,,,,EJRF
IDN,2024,POLICY_REVACCINATION,POLICY_RECOMMENDATION_CA_CHRONIC,YES,,,,,,,,EJRF
IDN,2024,POLICY_REVACCINATION,OTHER_GROUPS,,,,,,,,,EJRF
IDN,2024,POLICY_REVACCINATION,POLICY_RECOMMENDATION_ELDERLY,YES,,,,,,,,EJRF
IDN,2024,POLICY_REVACCINATION,POLICY_RECOMMENDATION_ELDERLY_CHRONIC,YES,,,,,,,,EJRF
IDN,2024,POLICY_REVACCINATION,POLICY_RECOMMENDATION_ADULTS,-4444,,,,,,,,EJRF
IRL,2024,POLICY_REVACCINATION,POLICY_RECOMMENDATION_ELDERLY,YES,,,,,,,,EJRF
IRL,2024,POLICY_REVACCINATION,POLICY_RECOMMENDATION_ELDERLY_CHRONIC,YES,,,,,,,,EJRF
IRL,2024,POLICY_REVACCINATION,POLICY_RECOMMENDATION_ADULTS,,,,,,,,,EJRF
IRL,2024,POLICY_REVACCINATION,POLICY_RECOMMENDATION_ADULTS_CHRONIC,YES,,,,,,,,EJRF
IRL,2024,POLICY_REVACCINATION,PW,YES,,,,,,,,EJRF
IRL,2024,POLICY_REVACCINATION,POLICY_RECOMMENDATION_HCW,YES,,,,,,,,EJRF
IRL,2024,POLICY_REVACCINATION,POLICY_RECOMMENDATION_CA,,,,,,,,,EJRF
IRL,2024,POLICY_REVACCINATION,POLICY_RECOMMENDATION_CA_CHRONIC,YES,,,,,,,,EJRF
IRL,2024,POLICY_REVACCINATION,OTHER_GROUPS,YES,,,,,,,,EJRF
LVA,2024,POLICY_REVACCINATION,POLICY_RECOMMENDATION_ELDERLY,YES,,,,,,,,EJRF
LVA,2024,POLICY_REVACCINATION,POLICY_RECOMMENDATION_ELDERLY_CHRONIC,YES,,,,,,,,EJRF
LVA,2024,POLICY_REVACCINATION,POLICY_RECOMMENDATION_ADULTS,NO,,,,,,,,EJRF
LVA,2024,POLICY_REVACCINATION,POLICY_RECOMMENDATION_ADULTS_CHRONIC,NO,,,,,,,,EJRF
LVA,2024,POLICY_REVACCINATION,PW,YES,,,,,,,,EJRF
LVA,2024,POLICY_REVACCINATION,POLICY_RECOMMENDATION_HCW,NO,,,,,,,,EJRF
LVA,2024,POLICY_REVACCINATION,POLICY_RECOMMENDATION_CA,NO,,,,,,,,EJRF
LVA,2024,POLICY_REVACCINATION,POLICY_RECOMMENDATION_CA_CHRONIC,NO,,,,,,,,EJRF
LVA,2024,POLICY_REVACCINATION,OTHER_GROUPS,YES,,,,,,,,EJRF
LSO,2024,POLICY_REVACCINATION,POLICY_RECOMMENDATION_ADULTS_CHRONIC,,,,,,,,,EJRF
LSO,2024,POLICY_REVACCINATION,PW,,,,,,,,,EJRF
LSO,2024,POLICY_REVACCINATION,POLICY_RECOMMENDATION_HCW,,,,,,,,,EJRF
LSO,2024,POLICY_REVACCINATION,POLICY_RECOMMENDATION_CA,,,,,,,,,EJRF
LSO,2024,POLICY_REVACCINATION,POLICY_RECOMMENDATION_CA_CHRONIC,,,,,,,,,EJRF
LSO,2024,POLICY_REVACCINATION,OTHER_GROUPS,,,,,,,,,EJRF
LSO,2024,POLICY_REVACCINATION,POLICY_RECOMMENDATION_ELDERLY,,,,,,,,,EJRF
LSO,2024,POLICY_REVACCINATION,POLICY_RECOMMENDATION_ELDERLY_CHRONIC,,,,,,,,,EJRF
LSO,2024,POLICY_REVACCINATION,POLICY_RECOMMENDATION_ADULTS,,,,,,,,,EJRF
LUX,2024,POLICY_REVACCINATION,POLICY_RECOMMENDATION_ELDERLY_CHRONIC,YES,,,,,,,,EJRF
LUX,2024,POLICY_REVACCINATION,POLICY_RECOMMENDATION_ELDERLY,YES,,,,,,,,EJRF
LUX,2024,POLICY_REVACCINATION,POLICY_RECOMMENDATION_ADULTS,NO,,,,,,,,EJRF
LUX,2024,POLICY_REVACCINATION,POLICY_RECOMMENDATION_ADULTS_CHRONIC,YES,,,,,,,,EJRF
LUX,2024,POLICY_REVACCINATION,PW,YES,,,,,,,,EJRF
LUX,2024,POLICY_REVACCINATION,POLICY_RECOMMENDATION_HCW,YES,,,,,,,,EJRF
LUX,2024,POLICY_REVACCINATION,POLICY_RECOMMENDATION_CA,NO,,,,,,,,EJRF
LUX,2024,POLICY_REVACCINATION,POLICY_RECOMMENDATION_CA_CHRONIC,YES,,,,,,,,EJRF
LUX,2024,POLICY_REVACCINATION,OTHER_GROUPS,NO,,,,,,,,EJRF
MLI,2024,POLICY_REVACCINATION,POLICY_RECOMMENDATION_ELDERLY,,,,,,,,,EJRF
MLI,2024,POLICY_REVACCINATION,POLICY_RECOMMENDATION_ELDERLY_CHRONIC,,,,,,,,,EJRF
MLI,2024,POLICY_REVACCINATION,POLICY_RECOMMENDATION_ADULTS,,,,,,,,,EJRF
MLI,2024,POLICY_REVACCINATION,PW,,,,,,,,,EJRF
MLI,2024,POLICY_REVACCINATION,POLICY_RECOMMENDATION_HCW,,,,,,,,,EJRF
MLI,2024,POLICY_REVACCINATION,POLICY_RECOMMENDATION_CA,,,,,,,,,EJRF
MLI,2024,POLICY_REVACCINATION,POLICY_RECOMMENDATION_CA_CHRONIC,,,,,,,,,EJRF
MLI,2024,POLICY_REVACCINATION,OTHER_GROUPS,,,,,,,,,EJRF
MLI,2024,POLICY_REVACCINATION,POLICY_RECOMMENDATION_ADULTS_CHRONIC,,,,,,,,,EJRF
MUS,2024,POLICY_REVACCINATION,POLICY_RECOMMENDATION_ELDERLY,,,,,,,,,EJRF
MUS,2024,POLICY_REVACCINATION,POLICY_RECOMMENDATION_ELDERLY_CHRONIC,,,,,,,,,EJRF
MUS,2024,POLICY_REVACCINATION,POLICY_RECOMMENDATION_ADULTS,,,,,,,,,EJRF
MUS,2024,POLICY_REVACCINATION,POLICY_RECOMMENDATION_ADULTS_CHRONIC,,,,,,,,,EJRF
MUS,2024,POLICY_REVACCINATION,PW,,,,,,,,,EJRF
MUS,2024,POLICY_REVACCINATION,POLICY_RECOMMENDATION_HCW,,,,,,,,,EJRF
MUS,2024,POLICY_REVACCINATION,POLICY_RECOMMENDATION_CA,,,,,,,,,EJRF
MUS,2024,POLICY_REVACCINATION,POLICY_RECOMMENDATION_CA_CHRONIC,,,,,,,,,EJRF
MUS,2024,POLICY_REVACCINATION,OTHER_GROUPS,,,,,,,,,EJRF
MNG,2024,POLICY_REVACCINATION,POLICY_RECOMMENDATION_ELDERLY,,,,,,,,,EJRF
MNG,2024,POLICY_REVACCINATION,POLICY_RECOMMENDATION_ELDERLY_CHRONIC,,,,,,,,,EJRF
MNG,2024,POLICY_REVACCINATION,POLICY_RECOMMENDATION_ADULTS,,,,,,,,,EJRF
MNG,2024,POLICY_REVACCINATION,POLICY_RECOMMENDATION_ADULTS_CHRONIC,,,,,,,,,EJRF
MNG,2024,POLICY_REVACCINATION,PW,,,,,,,,,EJRF
MNG,2024,POLICY_REVACCINATION,POLICY_RECOMMENDATION_HCW,,,,,,,,,EJRF
MNG,2024,POLICY_REVACCINATION,POLICY_RECOMMENDATION_CA,,,,,,,,,EJRF
MNG,2024,POLICY_REVACCINATION,POLICY_RECOMMENDATION_CA_CHRONIC,,,,,,,,,EJRF
MNG,2024,POLICY_REVACCINATION,OTHER_GROUPS,,,,,,,,,EJRF
MSR,2024,POLICY_REVACCINATION,POLICY_RECOMMENDATION_CA,YES,,,,,,,,EJRF
MSR,2024,POLICY_REVACCINATION,POLICY_RECOMMENDATION_CA_CHRONIC,YES,,,,,,,,EJRF
MSR,2024,POLICY_REVACCINATION,OTHER_GROUPS,YES,,,,,,,,EJRF
MSR,2024,POLICY_REVACCINATION,POLICY_RECOMMENDATION_ELDERLY,YES,,,,,,,,EJRF
MSR,2024,POLICY_REVACCINATION,POLICY_RECOMMENDATION_ELDERLY_CHRONIC,YES,,,,,,,,EJRF
MSR,2024,POLICY_REVACCINATION,POLICY_RECOMMENDATION_ADULTS,YES,,,,,,,,EJRF
MSR,2024,POLICY_REVACCINATION,POLICY_RECOMMENDATION_ADULTS_CHRONIC,YES,,,,,,,,EJRF
MSR,2024,POLICY_REVACCINATION,PW,YES,,,,,,,,EJRF
MSR,2024,POLICY_REVACCINATION,POLICY_RECOMMENDATION_HCW,YES,,,,,,,,EJRF
MMR,2024,POLICY_REVACCINATION,PW,YES,,,,,,,,EJRF
MMR,2024,POLICY_REVACCINATION,POLICY_RECOMMENDATION_HCW,-2222,,,,,,,,EJRF
MMR,2024,POLICY_REVACCINATION,POLICY_RECOMMENDATION_CA,-2222,,,,,,,,EJRF
MMR,2024,POLICY_REVACCINATION,POLICY_RECOMMENDATION_CA_CHRONIC,-2222,,,,,,,,EJRF
MMR,2024,POLICY_REVACCINATION,OTHER_GROUPS,-2222,,,,,,,,EJRF
MMR,2024,POLICY_REVACCINATION,POLICY_RECOMMENDATION_ADULTS,YES,,,,,,,,EJRF
MMR,2024,POLICY_REVACCINATION,POLICY_RECOMMENDATION_ADULTS_CHRONIC,-2222,,,,,,,,EJRF
MMR,2024,POLICY_REVACCINATION,POLICY_RECOMMENDATION_ELDERLY,YES,,,,,,,,EJRF
MMR,2024,POLICY_REVACCINATION,POLICY_RECOMMENDATION_ELDERLY_CHRONIC,-2222,,,,,,,,EJRF
NZL,2024,POLICY_REVACCINATION,POLICY_RECOMMENDATION_CA,-2222,,,,,,,,EJRF
NZL,2024,POLICY_REVACCINATION,POLICY_RECOMMENDATION_CA_CHRONIC,-2222,,,,,,,,EJRF
NZL,2024,POLICY_REVACCINATION,OTHER_GROUPS,-2222,,,,,,,,EJRF
NZL,2024,POLICY_REVACCINATION,POLICY_RECOMMENDATION_ELDERLY,YES,,,,,,,,EJRF
NZL,2024,POLICY_REVACCINATION,POLICY_RECOMMENDATION_ELDERLY_CHRONIC,-2222,,,,,,,,EJRF
NZL,2024,POLICY_REVACCINATION,POLICY_RECOMMENDATION_ADULTS,-2222,,,,,,,,EJRF
NZL,2024,POLICY_REVACCINATION,POLICY_RECOMMENDATION_ADULTS_CHRONIC,-2222,,,,,,,,EJRF
NZL,2024,POLICY_REVACCINATION,PW,-2222,,,,,,,,EJRF
NZL,2024,POLICY_REVACCINATION,POLICY_RECOMMENDATION_HCW,-2222,,,,,,,,EJRF
NER,2024,POLICY_REVACCINATION,PW,NO,,,,,,,,EJRF
NER,2024,POLICY_REVACCINATION,POLICY_RECOMMENDATION_HCW,NO,,,,,,,,EJRF
NER,2024,POLICY_REVACCINATION,POLICY_RECOMMENDATION_CA,NO,,,,,,,,EJRF
NER,2024,POLICY_REVACCINATION,POLICY_RECOMMENDATION_CA_CHRONIC,NO,,,,,,,,EJRF
NER,2024,POLICY_REVACCINATION,OTHER_GROUPS,-4444,,,,,,,,EJRF
NER,2024,POLICY_REVACCINATION,POLICY_RECOMMENDATION_ELDERLY,NO,,,,,,,,EJRF
NER,2024,POLICY_REVACCINATION,POLICY_RECOMMENDATION_ELDERLY_CHRONIC,NO,,,,,,,,EJRF
NER,2024,POLICY_REVACCINATION,POLICY_RECOMMENDATION_ADULTS,NO,,,,,,,,EJRF
NER,2024,POLICY_REVACCINATION,POLICY_RECOMMENDATION_ADULTS_CHRONIC,NO,,,,,,,,EJRF
NGA,2024,POLICY_REVACCINATION,POLICY_RECOMMENDATION_ELDERLY,YES,,,,,,,,EJRF
NGA,2024,POLICY_REVACCINATION,POLICY_RECOMMENDATION_HCW,YES,,,,,,,,EJRF
NGA,2024,POLICY_REVACCINATION,POLICY_RECOMMENDATION_CA,NO,,,,,,,,EJRF
NGA,2024,POLICY_REVACCINATION,POLICY_RECOMMENDATION_CA_CHRONIC,NO,,,,,,,,EJRF
NGA,2024,POLICY_REVACCINATION,OTHER_GROUPS,YES,,,,,,,,EJRF
NGA,2024,POLICY_REVACCINATION,POLICY_RECOMMENDATION_ELDERLY_CHRONIC,YES,,,,,,,,EJRF
NGA,2024,POLICY_REVACCINATION,POLICY_RECOMMENDATION_ADULTS,YES,,,,,,,,EJRF
NGA,2024,POLICY_REVACCINATION,POLICY_RECOMMENDATION_ADULTS_CHRONIC,YES,,,,,,,,EJRF
NGA,2024,POLICY_REVACCINATION,PW,YES,,,,,,,,EJRF
OMN,2024,POLICY_REVACCINATION,POLICY_RECOMMENDATION_ELDERLY,,,,,,,,,EJRF
OMN,2024,POLICY_REVACCINATION,POLICY_RECOMMENDATION_ELDERLY_CHRONIC,,,,,,,,,EJRF
OMN,2024,POLICY_REVACCINATION,POLICY_RECOMMENDATION_ADULTS,,,,,,,,,EJRF
OMN,2024,POLICY_REVACCINATION,POLICY_RECOMMENDATION_ADULTS_CHRONIC,,,,,,,,,EJRF
OMN,2024,POLICY_REVACCINATION,PW,,,,,,,,,EJRF
OMN,2024,POLICY_REVACCINATION,POLICY_RECOMMENDATION_HCW,,,,,,,,,EJRF
OMN,2024,POLICY_REVACCINATION,POLICY_RECOMMENDATION_CA,,,,,,,,,EJRF
OMN,2024,POLICY_REVACCINATION,POLICY_RECOMMENDATION_CA_CHRONIC,,,,,,,,,EJRF
OMN,2024,POLICY_REVACCINATION,OTHER_GROUPS,,,,,,,,,EJRF
PRY,2024,POLICY_REVACCINATION,POLICY_RECOMMENDATION_ELDERLY,YES,,,,,,,,EJRF
PRY,2024,POLICY_REVACCINATION,POLICY_RECOMMENDATION_ADULTS,NO,,,,,,,,EJRF
PRY,2024,POLICY_REVACCINATION,POLICY_RECOMMENDATION_ADULTS_CHRONIC,YES,,,,,,,,EJRF
PRY,2024,POLICY_REVACCINATION,PW,YES,,,,,,,,EJRF
PRY,2024,POLICY_REVACCINATION,POLICY_RECOMMENDATION_ELDERLY_CHRONIC,YES,,,,,,,,EJRF
PRY,2024,POLICY_REVACCINATION,POLICY_RECOMMENDATION_HCW,YES,,,,,,,,EJRF
PRY,2024,POLICY_REVACCINATION,POLICY_RECOMMENDATION_CA,NO,,,,,,,,EJRF
PRY,2024,POLICY_REVACCINATION,POLICY_RECOMMENDATION_CA_CHRONIC,YES,,,,,,,,EJRF
PRY,2024,POLICY_REVACCINATION,OTHER_GROUPS,NO,,,,,,,,EJRF
ROU,2024,POLICY_REVACCINATION,POLICY_RECOMMENDATION_ELDERLY,-4444,,,,,,,,EJRF
ROU,2024,POLICY_REVACCINATION,PW,NO,,,,,,,,EJRF
ROU,2024,POLICY_REVACCINATION,POLICY_RECOMMENDATION_ELDERLY_CHRONIC,-4444,,,,,,,,EJRF
ROU,2024,POLICY_REVACCINATION,POLICY_RECOMMENDATION_HCW,NO,,,,,,,,EJRF
ROU,2024,POLICY_REVACCINATION,POLICY_RECOMMENDATION_CA,NO,,,,,,,,EJRF
ROU,2024,POLICY_REVACCINATION,POLICY_RECOMMENDATION_CA_CHRONIC,NO,,,,,,,,EJRF
ROU,2024,POLICY_REVACCINATION,OTHER_GROUPS,NO,,,,,,,,EJRF
ROU,2024,POLICY_REVACCINATION,POLICY_RECOMMENDATION_ADULTS,NO,,,,,,,,EJRF
ROU,2024,POLICY_REVACCINATION,POLICY_RECOMMENDATION_ADULTS_CHRONIC,NO,,,,,,,,EJRF
VCT,2024,POLICY_REVACCINATION,POLICY_RECOMMENDATION_ADULTS,YES,,,,,,,,EJRF
VCT,2024,POLICY_REVACCINATION,POLICY_RECOMMENDATION_ELDERLY,,,,,,,,,EJRF
VCT,2024,POLICY_REVACCINATION,POLICY_RECOMMENDATION_ELDERLY_CHRONIC,,,,,,,,,EJRF
VCT,2024,POLICY_REVACCINATION,POLICY_RECOMMENDATION_ADULTS_CHRONIC,YES,,,,,,,,EJRF
VCT,2024,POLICY_REVACCINATION,PW,YES,,,,,,,,EJRF
VCT,2024,POLICY_REVACCINATION,POLICY_RECOMMENDATION_HCW,YES,,,,,,,,EJRF
VCT,2024,POLICY_REVACCINATION,POLICY_RECOMMENDATION_CA,YES,,,,,,,,EJRF
VCT,2024,POLICY_REVACCINATION,POLICY_RECOMMENDATION_CA_CHRONIC,YES,,,,,,,,EJRF
VCT,2024,POLICY_REVACCINATION,OTHER_GROUPS,YES,,,,,,,,EJRF
SEN,2024,POLICY_REVACCINATION,POLICY_RECOMMENDATION_ADULTS,NO,,,,,,,,EJRF
SEN,2024,POLICY_REVACCINATION,POLICY_RECOMMENDATION_ADULTS_CHRONIC,YES,,,,,,,,EJRF
SEN,2024,POLICY_REVACCINATION,PW,NO,,,,,,,,EJRF
SEN,2024,POLICY_REVACCINATION,POLICY_RECOMMENDATION_HCW,YES,,,,,,,,EJRF
SEN,2024,POLICY_REVACCINATION,POLICY_RECOMMENDATION_CA,NO,,,,,,,,EJRF
SEN,2024,POLICY_REVACCINATION,POLICY_RECOMMENDATION_CA_CHRONIC,YES,,,,,,,,EJRF
SEN,2024,POLICY_REVACCINATION,OTHER_GROUPS,-4444,,,,,,,,EJRF
SEN,2024,POLICY_REVACCINATION,POLICY_RECOMMENDATION_ELDERLY,YES,,,,,,,,EJRF
SEN,2024,POLICY_REVACCINATION,POLICY_RECOMMENDATION_ELDERLY_CHRONIC,YES,,,,,,,,EJRF
SYC,2024,POLICY_REVACCINATION,POLICY_RECOMMENDATION_ELDERLY,-4444,,,,,,,,EJRF
SYC,2024,POLICY_REVACCINATION,POLICY_RECOMMENDATION_ELDERLY_CHRONIC,-4444,,,,,,,,EJRF
SYC,2024,POLICY_REVACCINATION,POLICY_RECOMMENDATION_ADULTS,-4444,,,,,,,,EJRF
SYC,2024,POLICY_REVACCINATION,POLICY_RECOMMENDATION_ADULTS_CHRONIC,-4444,,,,,,,,EJRF
SYC,2024,POLICY_REVACCINATION,PW,-4444,,,,,,,,EJRF
SYC,2024,POLICY_REVACCINATION,POLICY_RECOMMENDATION_HCW,-4444,,,,,,,,EJRF
SYC,2024,POLICY_REVACCINATION,POLICY_RECOMMENDATION_CA,-4444,,,,,,,,EJRF
SYC,2024,POLICY_REVACCINATION,POLICY_RECOMMENDATION_CA_CHRONIC,-4444,,,,,,,,EJRF
SYC,2024,POLICY_REVACCINATION,OTHER_GROUPS,-4444,,,,,,,,EJRF
SVN,2024,POLICY_REVACCINATION,POLICY_RECOMMENDATION_HCW,,,,,,,,,EJRF
SVN,2024,POLICY_REVACCINATION,POLICY_RECOMMENDATION_CA,,,,,,,,,EJRF
SVN,2024,POLICY_REVACCINATION,POLICY_RECOMMENDATION_CA_CHRONIC,YES,,,,,,,,EJRF
SVN,2024,POLICY_REVACCINATION,OTHER_GROUPS,YES,,,,,,,,EJRF
SVN,2024,POLICY_REVACCINATION,POLICY_RECOMMENDATION_ELDERLY,YES,,,,,,,,EJRF
SVN,2024,POLICY_REVACCINATION,POLICY_RECOMMENDATION_ELDERLY_CHRONIC,YES,,,,,,,,EJRF
SVN,2024,POLICY_REVACCINATION,POLICY_RECOMMENDATION_ADULTS,,,,,,,,,EJRF
SVN,2024,POLICY_REVACCINATION,POLICY_RECOMMENDATION_ADULTS_CHRONIC,YES,,,,,,,,EJRF
SVN,2024,POLICY_REVACCINATION,PW,,,,,,,,,EJRF
SUR,2024,POLICY_REVACCINATION,POLICY_RECOMMENDATION_HCW,,,,,,,,,EJRF
SUR,2024,POLICY_REVACCINATION,POLICY_RECOMMENDATION_CA,,,,,,,,,EJRF
SUR,2024,POLICY_REVACCINATION,POLICY_RECOMMENDATION_CA_CHRONIC,,,,,,,,,EJRF
SUR,2024,POLICY_REVACCINATION,OTHER_GROUPS,,,,,,,,,EJRF
SUR,2024,POLICY_REVACCINATION,POLICY_RECOMMENDATION_ELDERLY_CHRONIC,,,,,,,,,EJRF
SUR,2024,POLICY_REVACCINATION,POLICY_RECOMMENDATION_ADULTS,NO,,,,,,,,EJRF
SUR,2024,POLICY_REVACCINATION,POLICY_RECOMMENDATION_ADULTS_CHRONIC,,,,,,,,,EJRF
SUR,2024,POLICY_REVACCINATION,PW,,,,,,,,,EJRF
SUR,2024,POLICY_REVACCINATION,POLICY_RECOMMENDATION_ELDERLY,NO,,,,,,,,EJRF
SWE,2024,POLICY_REVACCINATION,POLICY_RECOMMENDATION_ELDERLY,YES,,,,,,,,EJRF
SWE,2024,POLICY_REVACCINATION,POLICY_RECOMMENDATION_ELDERLY_CHRONIC,,,,,,,,,EJRF
SWE,2024,POLICY_REVACCINATION,POLICY_RECOMMENDATION_ADULTS,,,,,,,,,EJRF
SWE,2024,POLICY_REVACCINATION,POLICY_RECOMMENDATION_ADULTS_CHRONIC,YES,,,,,,,,EJRF
SWE,2024,POLICY_REVACCINATION,PW,NO,,,,,,,,EJRF
SWE,2024,POLICY_REVACCINATION,POLICY_RECOMMENDATION_HCW,,,,,,,,,EJRF
SWE,2024,POLICY_REVACCINATION,POLICY_RECOMMENDATION_CA,,,,,,,,,EJRF
SWE,2024,POLICY_REVACCINATION,POLICY_RECOMMENDATION_CA_CHRONIC,,,,,,,,,EJRF
SWE,2024,POLICY_REVACCINATION,OTHER_GROUPS,,,,,,,,,EJRF
TJK,2024,POLICY_REVACCINATION,POLICY_RECOMMENDATION_ELDERLY,NO,,,,,,,,EJRF
TJK,2024,POLICY_REVACCINATION,POLICY_RECOMMENDATION_ELDERLY_CHRONIC,-4444,,,,,,,,EJRF
TJK,2024,POLICY_REVACCINATION,POLICY_RECOMMENDATION_ADULTS,-4444,,,,,,,,EJRF
TJK,2024,POLICY_REVACCINATION,POLICY_RECOMMENDATION_ADULTS_CHRONIC,-4444,,,,,,,,EJRF
TJK,2024,POLICY_REVACCINATION,PW,-4444,,,,,,,,EJRF
TJK,2024,POLICY_REVACCINATION,POLICY_RECOMMENDATION_HCW,-4444,,,,,,,,EJRF
TJK,2024,POLICY_REVACCINATION,POLICY_RECOMMENDATION_CA,-4444,,,,,,,,EJRF
TJK,2024,POLICY_REVACCINATION,POLICY_RECOMMENDATION_CA_CHRONIC,-4444,,,,,,,,EJRF
TJK,2024,POLICY_REVACCINATION,OTHER_GROUPS,-4444,,,,,,,,EJRF
TTO,2024,POLICY_REVACCINATION,POLICY_RECOMMENDATION_ELDERLY,,,,,,,,,EJRF
TTO,2024,POLICY_REVACCINATION,POLICY_RECOMMENDATION_ELDERLY_CHRONIC,-2222,,,,,,,,EJRF
TTO,2024,POLICY_REVACCINATION,POLICY_RECOMMENDATION_ADULTS,-2222,,,,,,,,EJRF
TTO,2024,POLICY_REVACCINATION,POLICY_RECOMMENDATION_ADULTS_CHRONIC,-4444,,,,,,,,EJRF
TTO,2024,POLICY_REVACCINATION,PW,-4444,,,,,,,,EJRF
TTO,2024,POLICY_REVACCINATION,POLICY_RECOMMENDATION_HCW,-4444,,,,,,,,EJRF
TTO,2024,POLICY_REVACCINATION,POLICY_RECOMMENDATION_CA,-4444,,,,,,,,EJRF
TTO,2024,POLICY_REVACCINATION,POLICY_RECOMMENDATION_CA_CHRONIC,-4444,,,,,,,,EJRF
TTO,2024,POLICY_REVACCINATION,OTHER_GROUPS,-4444,,,,,,,,EJRF
UGA,2024,POLICY_REVACCINATION,PW,YES,,,,,,,,EJRF
UGA,2024,POLICY_REVACCINATION,POLICY_RECOMMENDATION_HCW,YES,,,,,,,,EJRF
UGA,2024,POLICY_REVACCINATION,POLICY_RECOMMENDATION_CA,YES,,,,,,,,EJRF
UGA,2024,POLICY_REVACCINATION,POLICY_RECOMMENDATION_CA_CHRONIC,-4444,,,,,,,,EJRF
UGA,2024,POLICY_REVACCINATION,OTHER_GROUPS,YES,,,,,,,,EJRF
UGA,2024,POLICY_REVACCINATION,POLICY_RECOMMENDATION_ELDERLY,YES,,,,,,,,EJRF
UGA,2024,POLICY_REVACCINATION,POLICY_RECOMMENDATION_ELDERLY_CHRONIC,YES,,,,,,,,EJRF
UGA,2024,POLICY_REVACCINATION,POLICY_RECOMMENDATION_ADULTS,YES,,,,,,,,EJRF
UGA,2024,POLICY_REVACCINATION,POLICY_RECOMMENDATION_ADULTS_CHRONIC,YES,,,,,,,,EJRF
GBR,2024,POLICY_REVACCINATION,PW,-2222,,,,,,,,EJRF
GBR,2024,POLICY_REVACCINATION,POLICY_RECOMMENDATION_HCW,-2222,,,,,,,,EJRF
GBR,2024,POLICY_REVACCINATION,POLICY_RECOMMENDATION_CA,-2222,,,,,,,,EJRF
GBR,2024,POLICY_REVACCINATION,POLICY_RECOMMENDATION_ADULTS,-2222,,,,,,,,EJRF
GBR,2024,POLICY_REVACCINATION,POLICY_RECOMMENDATION_ADULTS_CHRONIC,-2222,,,,,,,,EJRF
GBR,2024,POLICY_REVACCINATION,POLICY_RECOMMENDATION_ELDERLY,YES,,,,,,,,EJRF
GBR,2024,POLICY_REVACCINATION,POLICY_RECOMMENDATION_ELDERLY_CHRONIC,YES,,,,,,,,EJRF
GBR,2024,POLICY_REVACCINATION,POLICY_RECOMMENDATION_CA_CHRONIC,YES,,,,,,,,EJRF
GBR,2024,POLICY_REVACCINATION,OTHER_GROUPS,YES,,,,,,,,EJRF
TZA,2024,POLICY_REVACCINATION,POLICY_RECOMMENDATION_ELDERLY,-2222,,,,,,,,EJRF
TZA,2024,POLICY_REVACCINATION,POLICY_RECOMMENDATION_ELDERLY_CHRONIC,-2222,,,,,,,,EJRF
TZA,2024,POLICY_REVACCINATION,POLICY_RECOMMENDATION_ADULTS,-2222,,,,,,,,EJRF
TZA,2024,POLICY_REVACCINATION,POLICY_RECOMMENDATION_ADULTS_CHRONIC,-2222,,,,,,,,EJRF
TZA,2024,POLICY_REVACCINATION,PW,-2222,,,,,,,,EJRF
TZA,2024,POLICY_REVACCINATION,POLICY_RECOMMENDATION_HCW,-2222,,,,,,,,EJRF
TZA,2024,POLICY_REVACCINATION,POLICY_RECOMMENDATION_CA,-2222,,,,,,,,EJRF
TZA,2024,POLICY_REVACCINATION,POLICY_RECOMMENDATION_CA_CHRONIC,-2222,,,,,,,,EJRF
TZA,2024,POLICY_REVACCINATION,OTHER_GROUPS,-2222,,,,,,,,EJRF
URY,2024,POLICY_REVACCINATION,POLICY_RECOMMENDATION_ADULTS_CHRONIC,YES,,,,,,,,EJRF
URY,2024,POLICY_REVACCINATION,PW,YES,,,,,,,,EJRF
URY,2024,POLICY_REVACCINATION,POLICY_RECOMMENDATION_HCW,YES,,,,,,,,EJRF
URY,2024,POLICY_REVACCINATION,POLICY_RECOMMENDATION_CA,NO,,,,,,,,EJRF
URY,2024,POLICY_REVACCINATION,POLICY_RECOMMENDATION_CA_CHRONIC,YES,,,,,,,,EJRF
URY,2024,POLICY_REVACCINATION,OTHER_GROUPS,YES,,,,,,,,EJRF
URY,2024,POLICY_REVACCINATION,POLICY_RECOMMENDATION_ELDERLY,YES,,,,,,,,EJRF
URY,2024,POLICY_REVACCINATION,POLICY_RECOMMENDATION_ELDERLY_CHRONIC,YES,,,,,,,,EJRF
URY,2024,POLICY_REVACCINATION,POLICY_RECOMMENDATION_ADULTS,NO,,,,,,,,EJRF
YEM,2024,POLICY_REVACCINATION,POLICY_RECOMMENDATION_ELDERLY,YES,,,,,,,,EJRF
YEM,2024,POLICY_REVACCINATION,POLICY_RECOMMENDATION_ELDERLY_CHRONIC,YES,,,,,,,,EJRF
YEM,2024,POLICY_REVACCINATION,POLICY_RECOMMENDATION_ADULTS,YES,,,,,,,,EJRF
YEM,2024,POLICY_REVACCINATION,POLICY_RECOMMENDATION_ADULTS_CHRONIC,YES,,,,,,,,EJRF
YEM,2024,POLICY_REVACCINATION,PW,-4444,,,,,,,,EJRF
YEM,2024,POLICY_REVACCINATION,POLICY_RECOMMENDATION_HCW,YES,,,,,,,,EJRF
YEM,2024,POLICY_REVACCINATION,POLICY_RECOMMENDATION_CA,NO,,,,,,,,EJRF
YEM,2024,POLICY_REVACCINATION,POLICY_RECOMMENDATION_CA_CHRONIC,NO,,,,,,,,EJRF
YEM,2024,POLICY_REVACCINATION,OTHER_GROUPS,NO,,,,,,,,EJRF
ZMB,2024,POLICY_REVACCINATION,POLICY_RECOMMENDATION_ELDERLY,YES,,,,,,,,EJRF
ZMB,2024,POLICY_REVACCINATION,POLICY_RECOMMENDATION_ELDERLY_CHRONIC,YES,,,,,,,,EJRF
ZMB,2024,POLICY_REVACCINATION,POLICY_RECOMMENDATION_ADULTS,YES,,,,,,,,EJRF
ZMB,2024,POLICY_REVACCINATION,POLICY_RECOMMENDATION_ADULTS_CHRONIC,YES,,,,,,,,EJRF
ZMB,2024,POLICY_REVACCINATION,PW,YES,,,,,,,,EJRF
ZMB,2024,POLICY_REVACCINATION,POLICY_RECOMMENDATION_HCW,YES,,,,,,,,EJRF
ZMB,2024,POLICY_REVACCINATION,POLICY_RECOMMENDATION_CA,YES,,,,,,,,EJRF
ZMB,2024,POLICY_REVACCINATION,POLICY_RECOMMENDATION_CA_CHRONIC,YES,,,,,,,,EJRF
ZMB,2024,POLICY_REVACCINATION,OTHER_GROUPS,NO,,,,,,,,EJRF
AFG,2024,POLICY_INTERVAL,PW,-2222,,,,,,,,EJRF
AFG,2024,POLICY_INTERVAL,POLICY_RECOMMENDATION_HCW,12_MONTHS,,,,,,,,EJRF
AFG,2024,POLICY_INTERVAL,POLICY_RECOMMENDATION_CA,-2222,,,,,,,,EJRF
AFG,2024,POLICY_INTERVAL,POLICY_RECOMMENDATION_CA_CHRONIC,-2222,,,,,,,,EJRF
AFG,2024,POLICY_INTERVAL,OTHER_GROUPS,-2222,,,,,,,,EJRF
AFG,2024,POLICY_INTERVAL,POLICY_RECOMMENDATION_ADULTS,-2222,,,,,,,,EJRF
AFG,2024,POLICY_INTERVAL,POLICY_RECOMMENDATION_ADULTS_CHRONIC,6_MONTHS,,,,,,,,EJRF
AFG,2024,POLICY_INTERVAL,POLICY_RECOMMENDATION_ELDERLY_CHRONIC,6_MONTHS,,,,,,,,EJRF
AFG,2024,POLICY_INTERVAL,POLICY_RECOMMENDATION_ELDERLY,12_MONTHS,,,,,,,,EJRF
AGO,2024,POLICY_INTERVAL,POLICY_RECOMMENDATION_HCW,-2222,,,,,,,,EJRF
AGO,2024,POLICY_INTERVAL,POLICY_RECOMMENDATION_CA,-2222,,,,,,,,EJRF
AGO,2024,POLICY_INTERVAL,POLICY_RECOMMENDATION_CA_CHRONIC,-2222,,,,,,,,EJRF
AGO,2024,POLICY_INTERVAL,OTHER_GROUPS,-2222,,,,,,,,EJRF
AGO,2024,POLICY_INTERVAL,POLICY_RECOMMENDATION_ELDERLY,-2222,,,,,,,,EJRF
AGO,2024,POLICY_INTERVAL,POLICY_RECOMMENDATION_ELDERLY_CHRONIC,-2222,,,,,,,,EJRF
AGO,2024,POLICY_INTERVAL,POLICY_RECOMMENDATION_ADULTS,-2222,,,,,,,,EJRF
AGO,2024,POLICY_INTERVAL,POLICY_RECOMMENDATION_ADULTS_CHRONIC,-2222,,,,,,,,EJRF
AGO,2024,POLICY_INTERVAL,PW,-2222,,,,,,,,EJRF
AIA,2024,POLICY_INTERVAL,POLICY_RECOMMENDATION_ELDERLY,6_MONTHS,,,,,,,,EJRF
AIA,2024,POLICY_INTERVAL,POLICY_RECOMMENDATION_ADULTS,6_MONTHS,,,,,,,,EJRF
AIA,2024,POLICY_INTERVAL,PW,-4444,,,,,,,,EJRF
AIA,2024,POLICY_INTERVAL,POLICY_RECOMMENDATION_CA_CHRONIC,-4444,,,,,,,,EJRF
AIA,2024,POLICY_INTERVAL,OTHER_GROUPS,6_MONTHS,,,,,,,,EJRF
AIA,2024,POLICY_INTERVAL,POLICY_RECOMMENDATION_HCW,6_MONTHS,,,,,,,,EJRF
AIA,2024,POLICY_INTERVAL,POLICY_RECOMMENDATION_CA,-4444,,,,,,,,EJRF
AIA,2024,POLICY_INTERVAL,POLICY_RECOMMENDATION_ELDERLY_CHRONIC,6_MONTHS,,,,,,,,EJRF
AIA,2024,POLICY_INTERVAL,POLICY_RECOMMENDATION_ADULTS_CHRONIC,6_MONTHS,,,,,,,,EJRF
ARM,2024,POLICY_INTERVAL,POLICY_RECOMMENDATION_ADULTS,-4444,,,,,,,,EJRF
ARM,2024,POLICY_INTERVAL,POLICY_RECOMMENDATION_ADULTS_CHRONIC,-4444,,,,,,,,EJRF
ARM,2024,POLICY_INTERVAL,PW,-4444,,,,,,,,EJRF
ARM,2024,POLICY_INTERVAL,POLICY_RECOMMENDATION_HCW,-4444,,,,,,,,EJRF
ARM,2024,POLICY_INTERVAL,POLICY_RECOMMENDATION_CA,-4444,,,,,,,,EJRF
ARM,2024,POLICY_INTERVAL,POLICY_RECOMMENDATION_CA_CHRONIC,-4444,,,,,,,,EJRF
ARM,2024,POLICY_INTERVAL,OTHER_GROUPS,-4444,,,,,,,,EJRF
ARM,2024,POLICY_INTERVAL,POLICY_RECOMMENDATION_ELDERLY,-4444,,,,,,,,EJRF
ARM,2024,POLICY_INTERVAL,POLICY_RECOMMENDATION_ELDERLY_CHRONIC,-4444,,,,,,,,EJRF
ABW,2024,POLICY_INTERVAL,POLICY_RECOMMENDATION_ADULTS_CHRONIC,,,,,,,,,EJRF
ABW,2024,POLICY_INTERVAL,PW,,,,,,,,,EJRF
ABW,2024,POLICY_INTERVAL,POLICY_RECOMMENDATION_HCW,,,,,,,,,EJRF
ABW,2024,POLICY_INTERVAL,POLICY_RECOMMENDATION_CA,,,,,,,,,EJRF
ABW,2024,POLICY_INTERVAL,POLICY_RECOMMENDATION_CA_CHRONIC,,,,,,,,,EJRF
ABW,2024,POLICY_INTERVAL,OTHER_GROUPS,,,,,,,,,EJRF
ABW,2024,POLICY_INTERVAL,POLICY_RECOMMENDATION_ADULTS,,,,,,,,,EJRF
ABW,2024,POLICY_INTERVAL,POLICY_RECOMMENDATION_ELDERLY,,,,,,,,,EJRF
ABW,2024,POLICY_INTERVAL,POLICY_RECOMMENDATION_ELDERLY_CHRONIC,,,,,,,,,EJRF
AUT,2024,POLICY_INTERVAL,POLICY_RECOMMENDATION_CA_CHRONIC,OTHER,,,,,,,,EJRF
AUT,2024,POLICY_INTERVAL,OTHER_GROUPS,,,,,,,,,EJRF
AUT,2024,POLICY_INTERVAL,POLICY_RECOMMENDATION_ELDERLY,OTHER,,,,,,,,EJRF
AUT,2024,POLICY_INTERVAL,POLICY_RECOMMENDATION_ELDERLY_CHRONIC,OTHER,,,,,,,,EJRF
AUT,2024,POLICY_INTERVAL,POLICY_RECOMMENDATION_ADULTS,OTHER,,,,,,,,EJRF
AUT,2024,POLICY_INTERVAL,POLICY_RECOMMENDATION_ADULTS_CHRONIC,OTHER,,,,,,,,EJRF
AUT,2024,POLICY_INTERVAL,PW,OTHER,,,,,,,,EJRF
AUT,2024,POLICY_INTERVAL,POLICY_RECOMMENDATION_HCW,OTHER,,,,,,,,EJRF
AUT,2024,POLICY_INTERVAL,POLICY_RECOMMENDATION_CA,OTHER,,,,,,,,EJRF
BHS,2024,POLICY_INTERVAL,POLICY_RECOMMENDATION_ELDERLY,12_MONTHS,,,,,,,,EJRF
BHS,2024,POLICY_INTERVAL,POLICY_RECOMMENDATION_ELDERLY_CHRONIC,12_MONTHS,,,,,,,,EJRF
BHS,2024,POLICY_INTERVAL,POLICY_RECOMMENDATION_ADULTS_CHRONIC,12_MONTHS,,,,,,,,EJRF
BHS,2024,POLICY_INTERVAL,PW,12_MONTHS,,,,,,,,EJRF
BHS,2024,POLICY_INTERVAL,POLICY_RECOMMENDATION_HCW,12_MONTHS,,,,,,,,EJRF
BHS,2024,POLICY_INTERVAL,POLICY_RECOMMENDATION_CA,12_MONTHS,,,,,,,,EJRF
BHS,2024,POLICY_INTERVAL,POLICY_RECOMMENDATION_CA_CHRONIC,12_MONTHS,,,,,,,,EJRF
BHS,2024,POLICY_INTERVAL,OTHER_GROUPS,-2222,,,,,,,,EJRF
BHS,2024,POLICY_INTERVAL,POLICY_RECOMMENDATION_ADULTS,12_MONTHS,,,,,,,,EJRF
BGD,2024,POLICY_INTERVAL,POLICY_RECOMMENDATION_CA_CHRONIC,-4444,,,,,,,,EJRF
BGD,2024,POLICY_INTERVAL,OTHER_GROUPS,-4444,,,,,,,,EJRF
BGD,2024,POLICY_INTERVAL,POLICY_RECOMMENDATION_ELDERLY,6_MONTHS,,,,,,,,EJRF
BGD,2024,POLICY_INTERVAL,POLICY_RECOMMENDATION_ELDERLY_CHRONIC,6_MONTHS,,,,,,,,EJRF
BGD,2024,POLICY_INTERVAL,POLICY_RECOMMENDATION_ADULTS,-4444,,,,,,,,EJRF
BGD,2024,POLICY_INTERVAL,POLICY_RECOMMENDATION_HCW,12_MONTHS,,,,,,,,EJRF
BGD,2024,POLICY_INTERVAL,POLICY_RECOMMENDATION_CA,-4444,,,,,,,,EJRF
BGD,2024,POLICY_INTERVAL,POLICY_RECOMMENDATION_ADULTS_CHRONIC,12_MONTHS,,,,,,,,EJRF
BGD,2024,POLICY_INTERVAL,PW,-4444,,,,,,,,EJRF
BOL,2024,POLICY_INTERVAL,POLICY_RECOMMENDATION_ELDERLY,12_MONTHS,,,,,,,,EJRF
BOL,2024,POLICY_INTERVAL,POLICY_RECOMMENDATION_ELDERLY_CHRONIC,12_MONTHS,,,,,,,,EJRF
BOL,2024,POLICY_INTERVAL,POLICY_RECOMMENDATION_ADULTS,12_MONTHS,,,,,,,,EJRF
BOL,2024,POLICY_INTERVAL,POLICY_RECOMMENDATION_ADULTS_CHRONIC,12_MONTHS,,,,,,,,EJRF
BOL,2024,POLICY_INTERVAL,PW,12_MONTHS,,,,,,,,EJRF
BOL,2024,POLICY_INTERVAL,POLICY_RECOMMENDATION_HCW,12_MONTHS,,,,,,,,EJRF
BOL,2024,POLICY_INTERVAL,POLICY_RECOMMENDATION_CA,12_MONTHS,,,,,,,,EJRF
BOL,2024,POLICY_INTERVAL,POLICY_RECOMMENDATION_CA_CHRONIC,12_MONTHS,,,,,,,,EJRF
BOL,2024,POLICY_INTERVAL,OTHER_GROUPS,12_MONTHS,,,,,,,,EJRF
BWA,2024,POLICY_INTERVAL,POLICY_RECOMMENDATION_ELDERLY_CHRONIC,6_MONTHS,,,,,,,,EJRF
BWA,2024,POLICY_INTERVAL,POLICY_RECOMMENDATION_CA,6_MONTHS,,,,,,,,EJRF
BWA,2024,POLICY_INTERVAL,POLICY_RECOMMENDATION_CA_CHRONIC,6_MONTHS,,,,,,,,EJRF
BWA,2024,POLICY_INTERVAL,OTHER_GROUPS,6_MONTHS,,,,,,,,EJRF
BWA,2024,POLICY_INTERVAL,POLICY_RECOMMENDATION_ADULTS,6_MONTHS,,,,,,,,EJRF
BWA,2024,POLICY_INTERVAL,POLICY_RECOMMENDATION_ADULTS_CHRONIC,6_MONTHS,,,,,,,,EJRF
BWA,2024,POLICY_INTERVAL,PW,6_MONTHS,,,,,,,,EJRF
BWA,2024,POLICY_INTERVAL,POLICY_RECOMMENDATION_HCW,6_MONTHS,,,,,,,,EJRF
BWA,2024,POLICY_INTERVAL,POLICY_RECOMMENDATION_ELDERLY,6_MONTHS,,,,,,,,EJRF
BRA,2024,POLICY_INTERVAL,POLICY_RECOMMENDATION_ELDERLY,6_MONTHS,,,,,,,,EJRF
BRA,2024,POLICY_INTERVAL,POLICY_RECOMMENDATION_ELDERLY_CHRONIC,12_MONTHS,,,,,,,,EJRF
BRA,2024,POLICY_INTERVAL,POLICY_RECOMMENDATION_ADULTS,-2222,,,,,,,,EJRF
BRA,2024,POLICY_INTERVAL,POLICY_RECOMMENDATION_ADULTS_CHRONIC,12_MONTHS,,,,,,,,EJRF
BRA,2024,POLICY_INTERVAL,PW,6_MONTHS,,,,,,,,EJRF
BRA,2024,POLICY_INTERVAL,POLICY_RECOMMENDATION_HCW,12_MONTHS,,,,,,,,EJRF
BRA,2024,POLICY_INTERVAL,POLICY_RECOMMENDATION_CA,-2222,,,,,,,,EJRF
BRA,2024,POLICY_INTERVAL,POLICY_RECOMMENDATION_CA_CHRONIC,12_MONTHS,,,,,,,,EJRF
BRA,2024,POLICY_INTERVAL,OTHER_GROUPS,,,,,,,,,EJRF
BGR,2024,POLICY_INTERVAL,PW,-4444,,,,,,,,EJRF
BGR,2024,POLICY_INTERVAL,POLICY_RECOMMENDATION_HCW,6_MONTHS,,,,,,,,EJRF
BGR,2024,POLICY_INTERVAL,POLICY_RECOMMENDATION_ADULTS,6_MONTHS,,,,,,,,EJRF
BGR,2024,POLICY_INTERVAL,POLICY_RECOMMENDATION_CA,6_MONTHS,,,,,,,,EJRF
BGR,2024,POLICY_INTERVAL,POLICY_RECOMMENDATION_CA_CHRONIC,6_MONTHS,,,,,,,,EJRF
BGR,2024,POLICY_INTERVAL,POLICY_RECOMMENDATION_ADULTS_CHRONIC,6_MONTHS,,,,,,,,EJRF
BGR,2024,POLICY_INTERVAL,OTHER_GROUPS,6_MONTHS,,,,,,,,EJRF
BGR,2024,POLICY_INTERVAL,POLICY_RECOMMENDATION_ELDERLY,6_MONTHS,,,,,,,,EJRF
BGR,2024,POLICY_INTERVAL,POLICY_RECOMMENDATION_ELDERLY_CHRONIC,6_MONTHS,,,,,,,,EJRF
CPV,2024,POLICY_INTERVAL,PW,-2222,,,,,,,,EJRF
CPV,2024,POLICY_INTERVAL,POLICY_RECOMMENDATION_ELDERLY_CHRONIC,-2222,,,,,,,,EJRF
CPV,2024,POLICY_INTERVAL,POLICY_RECOMMENDATION_ADULTS,,,,,,,,,EJRF
CPV,2024,POLICY_INTERVAL,POLICY_RECOMMENDATION_ADULTS_CHRONIC,-2222,,,,,,,,EJRF
CPV,2024,POLICY_INTERVAL,POLICY_RECOMMENDATION_ELDERLY,,,,,,,,,EJRF
CPV,2024,POLICY_INTERVAL,POLICY_RECOMMENDATION_HCW,-2222,,,,,,,,EJRF
CPV,2024,POLICY_INTERVAL,POLICY_RECOMMENDATION_CA,-2222,,,,,,,,EJRF
CPV,2024,POLICY_INTERVAL,POLICY_RECOMMENDATION_CA_CHRONIC,-2222,,,,,,,,EJRF
CPV,2024,POLICY_INTERVAL,OTHER_GROUPS,-2222,,,,,,,,EJRF
CMR,2024,POLICY_INTERVAL,POLICY_RECOMMENDATION_ADULTS,6_MONTHS,,,,,,,,EJRF
CMR,2024,POLICY_INTERVAL,POLICY_RECOMMENDATION_ELDERLY,6_MONTHS,,,,,,,,EJRF
CMR,2024,POLICY_INTERVAL,POLICY_RECOMMENDATION_ELDERLY_CHRONIC,6_MONTHS,,,,,,,,EJRF
CMR,2024,POLICY_INTERVAL,POLICY_RECOMMENDATION_ADULTS_CHRONIC,6_MONTHS,,,,,,,,EJRF
CMR,2024,POLICY_INTERVAL,PW,6_MONTHS,,,,,,,,EJRF
CMR,2024,POLICY_INTERVAL,POLICY_RECOMMENDATION_HCW,6_MONTHS,,,,,,,,EJRF
CMR,2024,POLICY_INTERVAL,POLICY_RECOMMENDATION_CA,-4444,,,,,,,,EJRF
CMR,2024,POLICY_INTERVAL,POLICY_RECOMMENDATION_CA_CHRONIC,-4444,,,,,,,,EJRF
CMR,2024,POLICY_INTERVAL,OTHER_GROUPS,-4444,,,,,,,,EJRF
TCD,2024,POLICY_INTERVAL,POLICY_RECOMMENDATION_ADULTS_CHRONIC,6_MONTHS,,,,,,,,EJRF
TCD,2024,POLICY_INTERVAL,PW,-4444,,,,,,,,EJRF
TCD,2024,POLICY_INTERVAL,POLICY_RECOMMENDATION_HCW,6_MONTHS,,,,,,,,EJRF
TCD,2024,POLICY_INTERVAL,POLICY_RECOMMENDATION_CA,-4444,,,,,,,,EJRF
TCD,2024,POLICY_INTERVAL,POLICY_RECOMMENDATION_CA_CHRONIC,-4444,,,,,,,,EJRF
TCD,2024,POLICY_INTERVAL,OTHER_GROUPS,-4444,,,,,,,,EJRF
TCD,2024,POLICY_INTERVAL,POLICY_RECOMMENDATION_ELDERLY,6_MONTHS,,,,,,,,EJRF
TCD,2024,POLICY_INTERVAL,POLICY_RECOMMENDATION_ELDERLY_CHRONIC,6_MONTHS,,,,,,,,EJRF
TCD,2024,POLICY_INTERVAL,POLICY_RECOMMENDATION_ADULTS,-4444,,,,,,,,EJRF
HRV,2024,POLICY_INTERVAL,POLICY_RECOMMENDATION_ELDERLY_CHRONIC,6_MONTHS,,,,,,,,EJRF
HRV,2024,POLICY_INTERVAL,POLICY_RECOMMENDATION_ADULTS,,,,,,,,,EJRF
HRV,2024,POLICY_INTERVAL,POLICY_RECOMMENDATION_ADULTS_CHRONIC,6_MONTHS,,,,,,,,EJRF
HRV,2024,POLICY_INTERVAL,PW,6_MONTHS,,,,,,,,EJRF
HRV,2024,POLICY_INTERVAL,POLICY_RECOMMENDATION_HCW,6_MONTHS,,,,,,,,EJRF
HRV,2024,POLICY_INTERVAL,POLICY_RECOMMENDATION_CA,,,,,,,,,EJRF
HRV,2024,POLICY_INTERVAL,POLICY_RECOMMENDATION_CA_CHRONIC,6_MONTHS,,,,,,,,EJRF
HRV,2024,POLICY_INTERVAL,OTHER_GROUPS,,,,,,,,,EJRF
HRV,2024,POLICY_INTERVAL,POLICY_RECOMMENDATION_ELDERLY,6_MONTHS,,,,,,,,EJRF
CYP,2024,POLICY_INTERVAL,PW,12_MONTHS,,,,,,,,EJRF
CYP,2024,POLICY_INTERVAL,POLICY_RECOMMENDATION_HCW,12_MONTHS,,,,,,,,EJRF
CYP,2024,POLICY_INTERVAL,POLICY_RECOMMENDATION_CA,,,,,,,,,EJRF
CYP,2024,POLICY_INTERVAL,POLICY_RECOMMENDATION_CA_CHRONIC,12_MONTHS,,,,,,,,EJRF
CYP,2024,POLICY_INTERVAL,OTHER_GROUPS,,,,,,,,,EJRF
CYP,2024,POLICY_INTERVAL,POLICY_RECOMMENDATION_ELDERLY,12_MONTHS,,,,,,,,EJRF
CYP,2024,POLICY_INTERVAL,POLICY_RECOMMENDATION_ELDERLY_CHRONIC,12_MONTHS,,,,,,,,EJRF
CYP,2024,POLICY_INTERVAL,POLICY_RECOMMENDATION_ADULTS,12_MONTHS,,,,,,,,EJRF
CYP,2024,POLICY_INTERVAL,POLICY_RECOMMENDATION_ADULTS_CHRONIC,12_MONTHS,,,,,,,,EJRF
COD,2024,POLICY_INTERVAL,POLICY_RECOMMENDATION_ELDERLY_CHRONIC,-2222,,,,,,,,EJRF
COD,2024,POLICY_INTERVAL,POLICY_RECOMMENDATION_ELDERLY,-4444,,,,,,,,EJRF
COD,2024,POLICY_INTERVAL,POLICY_RECOMMENDATION_ADULTS,-4444,,,,,,,,EJRF
COD,2024,POLICY_INTERVAL,POLICY_RECOMMENDATION_ADULTS_CHRONIC,-2222,,,,,,,,EJRF
COD,2024,POLICY_INTERVAL,PW,-2222,,,,,,,,EJRF
COD,2024,POLICY_INTERVAL,POLICY_RECOMMENDATION_HCW,-2222,,,,,,,,EJRF
COD,2024,POLICY_INTERVAL,POLICY_RECOMMENDATION_CA,-2222,,,,,,,,EJRF
COD,2024,POLICY_INTERVAL,POLICY_RECOMMENDATION_CA_CHRONIC,-2222,,,,,,,,EJRF
COD,2024,POLICY_INTERVAL,OTHER_GROUPS,-4444,,,,,,,,EJRF
DOM,2024,POLICY_INTERVAL,POLICY_RECOMMENDATION_ELDERLY,,,,,,,,,EJRF
DOM,2024,POLICY_INTERVAL,POLICY_RECOMMENDATION_ELDERLY_CHRONIC,,,,,,,,,EJRF
DOM,2024,POLICY_INTERVAL,POLICY_RECOMMENDATION_ADULTS,12_MONTHS,,,,,,,,EJRF
DOM,2024,POLICY_INTERVAL,POLICY_RECOMMENDATION_ADULTS_CHRONIC,,,,,,,,,EJRF
DOM,2024,POLICY_INTERVAL,PW,,,,,,,,,EJRF
DOM,2024,POLICY_INTERVAL,POLICY_RECOMMENDATION_HCW,,,,,,,,,EJRF
DOM,2024,POLICY_INTERVAL,POLICY_RECOMMENDATION_CA,12_MONTHS,,,,,,,,EJRF
DOM,2024,POLICY_INTERVAL,POLICY_RECOMMENDATION_CA_CHRONIC,,,,,,,,,EJRF
DOM,2024,POLICY_INTERVAL,OTHER_GROUPS,,,,,,,,,EJRF
EGY,2024,POLICY_INTERVAL,POLICY_RECOMMENDATION_ELDERLY_CHRONIC,OTHER,,,,,,,,EJRF
EGY,2024,POLICY_INTERVAL,POLICY_RECOMMENDATION_ADULTS,OTHER,,,,,,,,EJRF
EGY,2024,POLICY_INTERVAL,POLICY_RECOMMENDATION_ADULTS_CHRONIC,OTHER,,,,,,,,EJRF
EGY,2024,POLICY_INTERVAL,PW,OTHER,,,,,,,,EJRF
EGY,2024,POLICY_INTERVAL,POLICY_RECOMMENDATION_HCW,OTHER,,,,,,,,EJRF
EGY,2024,POLICY_INTERVAL,POLICY_RECOMMENDATION_CA,OTHER,,,,,,,,EJRF
EGY,2024,POLICY_INTERVAL,POLICY_RECOMMENDATION_CA_CHRONIC,OTHER,,,,,,,,EJRF
EGY,2024,POLICY_INTERVAL,OTHER_GROUPS,-2222,,,,,,,,EJRF
EGY,2024,POLICY_INTERVAL,POLICY_RECOMMENDATION_ELDERLY,OTHER,,,,,,,,EJRF
SWZ,2024,POLICY_INTERVAL,POLICY_RECOMMENDATION_CA_CHRONIC,-4444,,,,,,,,EJRF
SWZ,2024,POLICY_INTERVAL,OTHER_GROUPS,-4444,,,,,,,,EJRF
SWZ,2024,POLICY_INTERVAL,POLICY_RECOMMENDATION_ELDERLY,-4444,,,,,,,,EJRF
SWZ,2024,POLICY_INTERVAL,POLICY_RECOMMENDATION_ELDERLY_CHRONIC,-4444,,,,,,,,EJRF
SWZ,2024,POLICY_INTERVAL,POLICY_RECOMMENDATION_ADULTS,-4444,,,,,,,,EJRF
SWZ,2024,POLICY_INTERVAL,POLICY_RECOMMENDATION_ADULTS_CHRONIC,-4444,,,,,,,,EJRF
SWZ,2024,POLICY_INTERVAL,PW,-4444,,,,,,,,EJRF
SWZ,2024,POLICY_INTERVAL,POLICY_RECOMMENDATION_HCW,-4444,,,,,,,,EJRF
SWZ,2024,POLICY_INTERVAL,POLICY_RECOMMENDATION_CA,6_MONTHS,,,,,,,,EJRF
FJI,2024,POLICY_INTERVAL,POLICY_RECOMMENDATION_ELDERLY_CHRONIC,-2222,,,,,,,,EJRF
FJI,2024,POLICY_INTERVAL,POLICY_RECOMMENDATION_ADULTS,12_MONTHS,,,,,,,,EJRF
FJI,2024,POLICY_INTERVAL,POLICY_RECOMMENDATION_ADULTS_CHRONIC,12_MONTHS,,,,,,,,EJRF
FJI,2024,POLICY_INTERVAL,PW,OTHER,,,,,,,,EJRF
FJI,2024,POLICY_INTERVAL,POLICY_RECOMMENDATION_CA_CHRONIC,OTHER,,,,,,,,EJRF
FJI,2024,POLICY_INTERVAL,OTHER_GROUPS,-4444,,,,,,,,EJRF
FJI,2024,POLICY_INTERVAL,POLICY_RECOMMENDATION_HCW,12_MONTHS,,,,,,,,EJRF
FJI,2024,POLICY_INTERVAL,POLICY_RECOMMENDATION_CA,-2222,,,,,,,,EJRF
FJI,2024,POLICY_INTERVAL,POLICY_RECOMMENDATION_ELDERLY,12_MONTHS,,,,,,,,EJRF
GAB,2024,POLICY_INTERVAL,OTHER_GROUPS,-2222,,,,,,,,EJRF
GAB,2024,POLICY_INTERVAL,POLICY_RECOMMENDATION_ELDERLY,-2222,,,,,,,,EJRF
GAB,2024,POLICY_INTERVAL,POLICY_RECOMMENDATION_ELDERLY_CHRONIC,-2222,,,,,,,,EJRF
GAB,2024,POLICY_INTERVAL,POLICY_RECOMMENDATION_ADULTS,-2222,,,,,,,,EJRF
GAB,2024,POLICY_INTERVAL,POLICY_RECOMMENDATION_ADULTS_CHRONIC,-2222,,,,,,,,EJRF
GAB,2024,POLICY_INTERVAL,PW,-2222,,,,,,,,EJRF
GAB,2024,POLICY_INTERVAL,POLICY_RECOMMENDATION_HCW,-2222,,,,,,,,EJRF
GAB,2024,POLICY_INTERVAL,POLICY_RECOMMENDATION_CA,-2222,,,,,,,,EJRF
GAB,2024,POLICY_INTERVAL,POLICY_RECOMMENDATION_CA_CHRONIC,-2222,,,,,,,,EJRF
GMB,2024,POLICY_INTERVAL,POLICY_RECOMMENDATION_ELDERLY,6_MONTHS,,,,,,,,EJRF
GMB,2024,POLICY_INTERVAL,POLICY_RECOMMENDATION_ELDERLY_CHRONIC,6_MONTHS,,,,,,,,EJRF
GMB,2024,POLICY_INTERVAL,POLICY_RECOMMENDATION_ADULTS,6_MONTHS,,,,,,,,EJRF
GMB,2024,POLICY_INTERVAL,POLICY_RECOMMENDATION_ADULTS_CHRONIC,6_MONTHS,,,,,,,,EJRF
GMB,2024,POLICY_INTERVAL,PW,6_MONTHS,,,,,,,,EJRF
GMB,2024,POLICY_INTERVAL,POLICY_RECOMMENDATION_HCW,6_MONTHS,,,,,,,,EJRF
GMB,2024,POLICY_INTERVAL,POLICY_RECOMMENDATION_CA,12_MONTHS,,,,,,,,EJRF
GMB,2024,POLICY_INTERVAL,POLICY_RECOMMENDATION_CA_CHRONIC,,,,,,,,,EJRF
GMB,2024,POLICY_INTERVAL,OTHER_GROUPS,,,,,,,,,EJRF
GEO,2024,POLICY_INTERVAL,POLICY_RECOMMENDATION_ADULTS,-4444,,,,,,,,EJRF
GEO,2024,POLICY_INTERVAL,POLICY_RECOMMENDATION_ADULTS_CHRONIC,-4444,,,,,,,,EJRF
GEO,2024,POLICY_INTERVAL,PW,-4444,,,,,,,,EJRF
GEO,2024,POLICY_INTERVAL,POLICY_RECOMMENDATION_HCW,-4444,,,,,,,,EJRF
GEO,2024,POLICY_INTERVAL,POLICY_RECOMMENDATION_CA,-4444,,,,,,,,EJRF
GEO,2024,POLICY_INTERVAL,POLICY_RECOMMENDATION_CA_CHRONIC,-4444,,,,,,,,EJRF
GEO,2024,POLICY_INTERVAL,OTHER_GROUPS,-4444,,,,,,,,EJRF
GEO,2024,POLICY_INTERVAL,POLICY_RECOMMENDATION_ELDERLY,-4444,,,,,,,,EJRF
GEO,2024,POLICY_INTERVAL,POLICY_RECOMMENDATION_ELDERLY_CHRONIC,-4444,,,,,,,,EJRF
DEU,2024,POLICY_INTERVAL,POLICY_RECOMMENDATION_HCW,12_MONTHS,,,,,,,,EJRF
DEU,2024,POLICY_INTERVAL,POLICY_RECOMMENDATION_ELDERLY,12_MONTHS,,,,,,,,EJRF
DEU,2024,POLICY_INTERVAL,POLICY_RECOMMENDATION_ELDERLY_CHRONIC,12_MONTHS,,,,,,,,EJRF
DEU,2024,POLICY_INTERVAL,POLICY_RECOMMENDATION_ADULTS,,,,,,,,,EJRF
DEU,2024,POLICY_INTERVAL,POLICY_RECOMMENDATION_CA_CHRONIC,12_MONTHS,,,,,,,,EJRF
DEU,2024,POLICY_INTERVAL,OTHER_GROUPS,-4444,,,,,,,,EJRF
DEU,2024,POLICY_INTERVAL,POLICY_RECOMMENDATION_CA,,,,,,,,,EJRF
DEU,2024,POLICY_INTERVAL,POLICY_RECOMMENDATION_ADULTS_CHRONIC,12_MONTHS,,,,,,,,EJRF
DEU,2024,POLICY_INTERVAL,PW,,,,,,,,,EJRF
GHA,2024,POLICY_INTERVAL,POLICY_RECOMMENDATION_ELDERLY,OTHER,,,,,,,,EJRF
GHA,2024,POLICY_INTERVAL,POLICY_RECOMMENDATION_ELDERLY_CHRONIC,6_MONTHS,,,,,,,,EJRF
GHA,2024,POLICY_INTERVAL,POLICY_RECOMMENDATION_ADULTS,OTHER,,,,,,,,EJRF
GHA,2024,POLICY_INTERVAL,POLICY_RECOMMENDATION_ADULTS_CHRONIC,6_MONTHS,,,,,,,,EJRF
GHA,2024,POLICY_INTERVAL,PW,OTHER,,,,,,,,EJRF
GHA,2024,POLICY_INTERVAL,POLICY_RECOMMENDATION_HCW,12_MONTHS,,,,,,,,EJRF
GHA,2024,POLICY_INTERVAL,POLICY_RECOMMENDATION_CA,OTHER,,,,,,,,EJRF
GHA,2024,POLICY_INTERVAL,POLICY_RECOMMENDATION_CA_CHRONIC,12_MONTHS,,,,,,,,EJRF
GHA,2024,POLICY_INTERVAL,OTHER_GROUPS,OTHER,,,,,,,,EJRF
GRC,2024,POLICY_INTERVAL,POLICY_RECOMMENDATION_CA_CHRONIC,,,,,,,,,EJRF
GRC,2024,POLICY_INTERVAL,OTHER_GROUPS,,,,,,,,,EJRF
GRC,2024,POLICY_INTERVAL,POLICY_RECOMMENDATION_ADULTS,,,,,,,,,EJRF
GRC,2024,POLICY_INTERVAL,POLICY_RECOMMENDATION_ADULTS_CHRONIC,,,,,,,,,EJRF
GRC,2024,POLICY_INTERVAL,PW,,,,,,,,,EJRF
GRC,2024,POLICY_INTERVAL,POLICY_RECOMMENDATION_HCW,,,,,,,,,EJRF
GRC,2024,POLICY_INTERVAL,POLICY_RECOMMENDATION_CA,,,,,,,,,EJRF
GRC,2024,POLICY_INTERVAL,POLICY_RECOMMENDATION_ELDERLY,,,,,,,,,EJRF
GRC,2024,POLICY_INTERVAL,POLICY_RECOMMENDATION_ELDERLY_CHRONIC,,,,,,,,,EJRF
GTM,2024,POLICY_INTERVAL,POLICY_RECOMMENDATION_ADULTS_CHRONIC,6_MONTHS,,,,,,,,EJRF
GTM,2024,POLICY_INTERVAL,PW,6_MONTHS,,,,,,,,EJRF
GTM,2024,POLICY_INTERVAL,POLICY_RECOMMENDATION_HCW,6_MONTHS,,,,,,,,EJRF
GTM,2024,POLICY_INTERVAL,POLICY_RECOMMENDATION_CA,6_MONTHS,,,,,,,,EJRF
GTM,2024,POLICY_INTERVAL,POLICY_RECOMMENDATION_CA_CHRONIC,6_MONTHS,,,,,,,,EJRF
GTM,2024,POLICY_INTERVAL,OTHER_GROUPS,6_MONTHS,,,,,,,,EJRF
GTM,2024,POLICY_INTERVAL,POLICY_RECOMMENDATION_ELDERLY,-4444,,,,,,,,EJRF
GTM,2024,POLICY_INTERVAL,POLICY_RECOMMENDATION_ELDERLY_CHRONIC,6_MONTHS,,,,,,,,EJRF
GTM,2024,POLICY_INTERVAL,POLICY_RECOMMENDATION_ADULTS,-4444,,,,,,,,EJRF
GIN,2024,POLICY_INTERVAL,POLICY_RECOMMENDATION_ELDERLY_CHRONIC,6_MONTHS,,,,,,,,EJRF
GIN,2024,POLICY_INTERVAL,POLICY_RECOMMENDATION_ADULTS,6_MONTHS,,,,,,,,EJRF
GIN,2024,POLICY_INTERVAL,POLICY_RECOMMENDATION_ELDERLY,6_MONTHS,,,,,,,,EJRF
GIN,2024,POLICY_INTERVAL,PW,-4444,,,,,,,,EJRF
GIN,2024,POLICY_INTERVAL,POLICY_RECOMMENDATION_HCW,6_MONTHS,,,,,,,,EJRF
GIN,2024,POLICY_INTERVAL,POLICY_RECOMMENDATION_ADULTS_CHRONIC,6_MONTHS,,,,,,,,EJRF
GIN,2024,POLICY_INTERVAL,POLICY_RECOMMENDATION_CA,6_MONTHS,,,,,,,,EJRF
GIN,2024,POLICY_INTERVAL,POLICY_RECOMMENDATION_CA_CHRONIC,6_MONTHS,,,,,,,,EJRF
GIN,2024,POLICY_INTERVAL,OTHER_GROUPS,6_MONTHS,,,,,,,,EJRF
HND,2024,POLICY_INTERVAL,POLICY_RECOMMENDATION_ELDERLY,6_MONTHS,,,,,,,,EJRF
HND,2024,POLICY_INTERVAL,POLICY_RECOMMENDATION_ELDERLY_CHRONIC,6_MONTHS,,,,,,,,EJRF
HND,2024,POLICY_INTERVAL,POLICY_RECOMMENDATION_ADULTS,-4444,,,,,,,,EJRF
HND,2024,POLICY_INTERVAL,POLICY_RECOMMENDATION_ADULTS_CHRONIC,12_MONTHS,,,,,,,,EJRF
HND,2024,POLICY_INTERVAL,PW,-4444,,,,,,,,EJRF
HND,2024,POLICY_INTERVAL,POLICY_RECOMMENDATION_HCW,12_MONTHS,,,,,,,,EJRF
HND,2024,POLICY_INTERVAL,POLICY_RECOMMENDATION_CA,-4444,,,,,,,,EJRF
HND,2024,POLICY_INTERVAL,POLICY_RECOMMENDATION_CA_CHRONIC,12_MONTHS,,,,,,,,EJRF
HND,2024,POLICY_INTERVAL,OTHER_GROUPS,-4444,,,,,,,,EJRF
IDN,2024,POLICY_INTERVAL,POLICY_RECOMMENDATION_ADULTS_CHRONIC,12_MONTHS,,,,,,,,EJRF
IDN,2024,POLICY_INTERVAL,PW,OTHER,,,,,,,,EJRF
IDN,2024,POLICY_INTERVAL,POLICY_RECOMMENDATION_HCW,12_MONTHS,,,,,,,,EJRF
IDN,2024,POLICY_INTERVAL,POLICY_RECOMMENDATION_CA,,,,,,,,,EJRF
IDN,2024,POLICY_INTERVAL,POLICY_RECOMMENDATION_CA_CHRONIC,6_MONTHS,,,,,,,,EJRF
IDN,2024,POLICY_INTERVAL,OTHER_GROUPS,,,,,,,,,EJRF
IDN,2024,POLICY_INTERVAL,POLICY_RECOMMENDATION_ELDERLY,12_MONTHS,,,,,,,,EJRF
IDN,2024,POLICY_INTERVAL,POLICY_RECOMMENDATION_ELDERLY_CHRONIC,6_MONTHS,,,,,,,,EJRF
IDN,2024,POLICY_INTERVAL,POLICY_RECOMMENDATION_ADULTS,,,,,,,,,EJRF
IRL,2024,POLICY_INTERVAL,POLICY_RECOMMENDATION_ELDERLY,6_MONTHS,,,,,,,,EJRF
IRL,2024,POLICY_INTERVAL,POLICY_RECOMMENDATION_ELDERLY_CHRONIC,6_MONTHS,,,,,,,,EJRF
IRL,2024,POLICY_INTERVAL,POLICY_RECOMMENDATION_ADULTS,,,,,,,,,EJRF
IRL,2024,POLICY_INTERVAL,POLICY_RECOMMENDATION_ADULTS_CHRONIC,6_MONTHS,,,,,,,,EJRF
IRL,2024,POLICY_INTERVAL,PW,6_MONTHS,,,,,,,,EJRF
IRL,2024,POLICY_INTERVAL,POLICY_RECOMMENDATION_HCW,6_MONTHS,,,,,,,,EJRF
IRL,2024,POLICY_INTERVAL,POLICY_RECOMMENDATION_CA,,,,,,,,,EJRF
IRL,2024,POLICY_INTERVAL,POLICY_RECOMMENDATION_CA_CHRONIC,6_MONTHS,,,,,,,,EJRF
IRL,2024,POLICY_INTERVAL,OTHER_GROUPS,6_MONTHS,,,,,,,,EJRF
LVA,2024,POLICY_INTERVAL,POLICY_RECOMMENDATION_ELDERLY,12_MONTHS,,,,,,,,EJRF
LVA,2024,POLICY_INTERVAL,POLICY_RECOMMENDATION_ELDERLY_CHRONIC,12_MONTHS,,,,,,,,EJRF
LVA,2024,POLICY_INTERVAL,POLICY_RECOMMENDATION_ADULTS,-4444,,,,,,,,EJRF
LVA,2024,POLICY_INTERVAL,POLICY_RECOMMENDATION_ADULTS_CHRONIC,-4444,,,,,,,,EJRF
LVA,2024,POLICY_INTERVAL,PW,12_MONTHS,,,,,,,,EJRF
LVA,2024,POLICY_INTERVAL,POLICY_RECOMMENDATION_HCW,-4444,,,,,,,,EJRF
LVA,2024,POLICY_INTERVAL,POLICY_RECOMMENDATION_CA,-4444,,,,,,,,EJRF
LVA,2024,POLICY_INTERVAL,POLICY_RECOMMENDATION_CA_CHRONIC,-4444,,,,,,,,EJRF
LVA,2024,POLICY_INTERVAL,OTHER_GROUPS,12_MONTHS,,,,,,,,EJRF
LSO,2024,POLICY_INTERVAL,POLICY_RECOMMENDATION_ADULTS_CHRONIC,,,,,,,,,EJRF
LSO,2024,POLICY_INTERVAL,PW,,,,,,,,,EJRF
LSO,2024,POLICY_INTERVAL,POLICY_RECOMMENDATION_HCW,,,,,,,,,EJRF
LSO,2024,POLICY_INTERVAL,POLICY_RECOMMENDATION_CA,,,,,,,,,EJRF
LSO,2024,POLICY_INTERVAL,POLICY_RECOMMENDATION_CA_CHRONIC,,,,,,,,,EJRF
LSO,2024,POLICY_INTERVAL,OTHER_GROUPS,,,,,,,,,EJRF
LSO,2024,POLICY_INTERVAL,POLICY_RECOMMENDATION_ELDERLY,,,,,,,,,EJRF
LSO,2024,POLICY_INTERVAL,POLICY_RECOMMENDATION_ELDERLY_CHRONIC,,,,,,,,,EJRF
LSO,2024,POLICY_INTERVAL,POLICY_RECOMMENDATION_ADULTS,,,,,,,,,EJRF
LUX,2024,POLICY_INTERVAL,POLICY_RECOMMENDATION_ELDERLY_CHRONIC,12_MONTHS,,,,,,,,EJRF
LUX,2024,POLICY_INTERVAL,POLICY_RECOMMENDATION_ELDERLY,12_MONTHS,,,,,,,,EJRF
LUX,2024,POLICY_INTERVAL,POLICY_RECOMMENDATION_ADULTS,,,,,,,,,EJRF
LUX,2024,POLICY_INTERVAL,POLICY_RECOMMENDATION_ADULTS_CHRONIC,12_MONTHS,,,,,,,,EJRF
LUX,2024,POLICY_INTERVAL,PW,12_MONTHS,,,,,,,,EJRF
LUX,2024,POLICY_INTERVAL,POLICY_RECOMMENDATION_HCW,12_MONTHS,,,,,,,,EJRF
LUX,2024,POLICY_INTERVAL,POLICY_RECOMMENDATION_CA,-4444,,,,,,,,EJRF
LUX,2024,POLICY_INTERVAL,POLICY_RECOMMENDATION_CA_CHRONIC,12_MONTHS,,,,,,,,EJRF
LUX,2024,POLICY_INTERVAL,OTHER_GROUPS,-4444,,,,,,,,EJRF
MLI,2024,POLICY_INTERVAL,POLICY_RECOMMENDATION_ELDERLY,,,,,,,,,EJRF
MLI,2024,POLICY_INTERVAL,POLICY_RECOMMENDATION_ELDERLY_CHRONIC,,,,,,,,,EJRF
MLI,2024,POLICY_INTERVAL,POLICY_RECOMMENDATION_ADULTS,,,,,,,,,EJRF
MLI,2024,POLICY_INTERVAL,PW,,,,,,,,,EJRF
MLI,2024,POLICY_INTERVAL,POLICY_RECOMMENDATION_HCW,,,,,,,,,EJRF
MLI,2024,POLICY_INTERVAL,POLICY_RECOMMENDATION_CA,,,,,,,,,EJRF
MLI,2024,POLICY_INTERVAL,POLICY_RECOMMENDATION_CA_CHRONIC,,,,,,,,,EJRF
MLI,2024,POLICY_INTERVAL,OTHER_GROUPS,,,,,,,,,EJRF
MLI,2024,POLICY_INTERVAL,POLICY_RECOMMENDATION_ADULTS_CHRONIC,,,,,,,,,EJRF
MUS,2024,POLICY_INTERVAL,POLICY_RECOMMENDATION_ELDERLY,,,,,,,,,EJRF
MUS,2024,POLICY_INTERVAL,POLICY_RECOMMENDATION_ELDERLY_CHRONIC,,,,,,,,,EJRF
MUS,2024,POLICY_INTERVAL,POLICY_RECOMMENDATION_ADULTS,,,,,,,,,EJRF
MUS,2024,POLICY_INTERVAL,POLICY_RECOMMENDATION_ADULTS_CHRONIC,,,,,,,,,EJRF
MUS,2024,POLICY_INTERVAL,PW,,,,,,,,,EJRF
MUS,2024,POLICY_INTERVAL,POLICY_RECOMMENDATION_HCW,,,,,,,,,EJRF
MUS,2024,POLICY_INTERVAL,POLICY_RECOMMENDATION_CA,,,,,,,,,EJRF
MUS,2024,POLICY_INTERVAL,POLICY_RECOMMENDATION_CA_CHRONIC,,,,,,,,,EJRF
MUS,2024,POLICY_INTERVAL,OTHER_GROUPS,,,,,,,,,EJRF
MNG,2024,POLICY_INTERVAL,POLICY_RECOMMENDATION_ELDERLY,,,,,,,,,EJRF
MNG,2024,POLICY_INTERVAL,POLICY_RECOMMENDATION_ELDERLY_CHRONIC,,,,,,,,,EJRF
MNG,2024,POLICY_INTERVAL,POLICY_RECOMMENDATION_ADULTS,,,,,,,,,EJRF
MNG,2024,POLICY_INTERVAL,POLICY_RECOMMENDATION_ADULTS_CHRONIC,,,,,,,,,EJRF
MNG,2024,POLICY_INTERVAL,PW,,,,,,,,,EJRF
MNG,2024,POLICY_INTERVAL,POLICY_RECOMMENDATION_HCW,,,,,,,,,EJRF
MNG,2024,POLICY_INTERVAL,POLICY_RECOMMENDATION_CA,,,,,,,,,EJRF
MNG,2024,POLICY_INTERVAL,POLICY_RECOMMENDATION_CA_CHRONIC,,,,,,,,,EJRF
MNG,2024,POLICY_INTERVAL,OTHER_GROUPS,,,,,,,,,EJRF
MSR,2024,POLICY_INTERVAL,POLICY_RECOMMENDATION_CA,12_MONTHS,,,,,,,,EJRF
MSR,2024,POLICY_INTERVAL,POLICY_RECOMMENDATION_CA_CHRONIC,12_MONTHS,,,,,,,,EJRF
MSR,2024,POLICY_INTERVAL,OTHER_GROUPS,12_MONTHS,,,,,,,,EJRF
MSR,2024,POLICY_INTERVAL,POLICY_RECOMMENDATION_ELDERLY,12_MONTHS,,,,,,,,EJRF
MSR,2024,POLICY_INTERVAL,POLICY_RECOMMENDATION_ELDERLY_CHRONIC,12_MONTHS,,,,,,,,EJRF
MSR,2024,POLICY_INTERVAL,POLICY_RECOMMENDATION_ADULTS,12_MONTHS,,,,,,,,EJRF
MSR,2024,POLICY_INTERVAL,POLICY_RECOMMENDATION_ADULTS_CHRONIC,12_MONTHS,,,,,,,,EJRF
MSR,2024,POLICY_INTERVAL,PW,12_MONTHS,,,,,,,,EJRF
MSR,2024,POLICY_INTERVAL,POLICY_RECOMMENDATION_HCW,12_MONTHS,,,,,,,,EJRF
MMR,2024,POLICY_INTERVAL,PW,6_MONTHS,,,,,,,,EJRF
MMR,2024,POLICY_INTERVAL,POLICY_RECOMMENDATION_HCW,-2222,,,,,,,,EJRF
MMR,2024,POLICY_INTERVAL,POLICY_RECOMMENDATION_CA,-2222,,,,,,,,EJRF
MMR,2024,POLICY_INTERVAL,POLICY_RECOMMENDATION_CA_CHRONIC,-2222,,,,,,,,EJRF
MMR,2024,POLICY_INTERVAL,OTHER_GROUPS,-2222,,,,,,,,EJRF
MMR,2024,POLICY_INTERVAL,POLICY_RECOMMENDATION_ADULTS,6_MONTHS,,,,,,,,EJRF
MMR,2024,POLICY_INTERVAL,POLICY_RECOMMENDATION_ADULTS_CHRONIC,-2222,,,,,,,,EJRF
MMR,2024,POLICY_INTERVAL,POLICY_RECOMMENDATION_ELDERLY,6_MONTHS,,,,,,,,EJRF
MMR,2024,POLICY_INTERVAL,POLICY_RECOMMENDATION_ELDERLY_CHRONIC,-2222,,,,,,,,EJRF
NZL,2024,POLICY_INTERVAL,POLICY_RECOMMENDATION_CA,-2222,,,,,,,,EJRF
NZL,2024,POLICY_INTERVAL,POLICY_RECOMMENDATION_CA_CHRONIC,-2222,,,,,,,,EJRF
NZL,2024,POLICY_INTERVAL,OTHER_GROUPS,-2222,,,,,,,,EJRF
NZL,2024,POLICY_INTERVAL,POLICY_RECOMMENDATION_ELDERLY,6_MONTHS,,,,,,,,EJRF
NZL,2024,POLICY_INTERVAL,POLICY_RECOMMENDATION_ELDERLY_CHRONIC,-2222,,,,,,,,EJRF
NZL,2024,POLICY_INTERVAL,POLICY_RECOMMENDATION_ADULTS,-2222,,,,,,,,EJRF
NZL,2024,POLICY_INTERVAL,POLICY_RECOMMENDATION_ADULTS_CHRONIC,-2222,,,,,,,,EJRF
NZL,2024,POLICY_INTERVAL,PW,-2222,,,,,,,,EJRF
NZL,2024,POLICY_INTERVAL,POLICY_RECOMMENDATION_HCW,-2222,,,,,,,,EJRF
NER,2024,POLICY_INTERVAL,PW,-4444,,,,,,,,EJRF
NER,2024,POLICY_INTERVAL,POLICY_RECOMMENDATION_HCW,-4444,,,,,,,,EJRF
NER,2024,POLICY_INTERVAL,POLICY_RECOMMENDATION_CA,-4444,,,,,,,,EJRF
NER,2024,POLICY_INTERVAL,POLICY_RECOMMENDATION_CA_CHRONIC,-4444,,,,,,,,EJRF
NER,2024,POLICY_INTERVAL,OTHER_GROUPS,-4444,,,,,,,,EJRF
NER,2024,POLICY_INTERVAL,POLICY_RECOMMENDATION_ELDERLY,-4444,,,,,,,,EJRF
NER,2024,POLICY_INTERVAL,POLICY_RECOMMENDATION_ELDERLY_CHRONIC,-4444,,,,,,,,EJRF
NER,2024,POLICY_INTERVAL,POLICY_RECOMMENDATION_ADULTS,-4444,,,,,,,,EJRF
NER,2024,POLICY_INTERVAL,POLICY_RECOMMENDATION_ADULTS_CHRONIC,-4444,,,,,,,,EJRF
NGA,2024,POLICY_INTERVAL,POLICY_RECOMMENDATION_ELDERLY,OTHER,,,,,,,,EJRF
NGA,2024,POLICY_INTERVAL,POLICY_RECOMMENDATION_HCW,OTHER,,,,,,,,EJRF
NGA,2024,POLICY_INTERVAL,POLICY_RECOMMENDATION_CA,-4444,,,,,,,,EJRF
NGA,2024,POLICY_INTERVAL,POLICY_RECOMMENDATION_CA_CHRONIC,-4444,,,,,,,,EJRF
NGA,2024,POLICY_INTERVAL,OTHER_GROUPS,OTHER,,,,,,,,EJRF
NGA,2024,POLICY_INTERVAL,POLICY_RECOMMENDATION_ELDERLY_CHRONIC,OTHER,,,,,,,,EJRF
NGA,2024,POLICY_INTERVAL,POLICY_RECOMMENDATION_ADULTS,OTHER,,,,,,,,EJRF
NGA,2024,POLICY_INTERVAL,POLICY_RECOMMENDATION_ADULTS_CHRONIC,OTHER,,,,,,,,EJRF
NGA,2024,POLICY_INTERVAL,PW,OTHER,,,,,,,,EJRF
OMN,2024,POLICY_INTERVAL,POLICY_RECOMMENDATION_ELDERLY,,,,,,,,,EJRF
OMN,2024,POLICY_INTERVAL,POLICY_RECOMMENDATION_ELDERLY_CHRONIC,,,,,,,,,EJRF
OMN,2024,POLICY_INTERVAL,POLICY_RECOMMENDATION_ADULTS,,,,,,,,,EJRF
OMN,2024,POLICY_INTERVAL,POLICY_RECOMMENDATION_ADULTS_CHRONIC,,,,,,,,,EJRF
OMN,2024,POLICY_INTERVAL,PW,,,,,,,,,EJRF
OMN,2024,POLICY_INTERVAL,POLICY_RECOMMENDATION_HCW,,,,,,,,,EJRF
OMN,2024,POLICY_INTERVAL,POLICY_RECOMMENDATION_CA,,,,,,,,,EJRF
OMN,2024,POLICY_INTERVAL,POLICY_RECOMMENDATION_CA_CHRONIC,,,,,,,,,EJRF
OMN,2024,POLICY_INTERVAL,OTHER_GROUPS,,,,,,,,,EJRF
PRY,2024,POLICY_INTERVAL,POLICY_RECOMMENDATION_ELDERLY,OTHER,,,,,,,,EJRF
PRY,2024,POLICY_INTERVAL,POLICY_RECOMMENDATION_ADULTS,-4444,,,,,,,,EJRF
PRY,2024,POLICY_INTERVAL,POLICY_RECOMMENDATION_ADULTS_CHRONIC,12_MONTHS,,,,,,,,EJRF
PRY,2024,POLICY_INTERVAL,PW,12_MONTHS,,,,,,,,EJRF
PRY,2024,POLICY_INTERVAL,POLICY_RECOMMENDATION_ELDERLY_CHRONIC,OTHER,,,,,,,,EJRF
PRY,2024,POLICY_INTERVAL,POLICY_RECOMMENDATION_HCW,12_MONTHS,,,,,,,,EJRF
PRY,2024,POLICY_INTERVAL,POLICY_RECOMMENDATION_CA,-4444,,,,,,,,EJRF
PRY,2024,POLICY_INTERVAL,POLICY_RECOMMENDATION_CA_CHRONIC,12_MONTHS,,,,,,,,EJRF
PRY,2024,POLICY_INTERVAL,OTHER_GROUPS,-4444,,,,,,,,EJRF
ROU,2024,POLICY_INTERVAL,POLICY_RECOMMENDATION_ELDERLY,-4444,,,,,,,,EJRF
ROU,2024,POLICY_INTERVAL,PW,-4444,,,,,,,,EJRF
ROU,2024,POLICY_INTERVAL,POLICY_RECOMMENDATION_ELDERLY_CHRONIC,-4444,,,,,,,,EJRF
ROU,2024,POLICY_INTERVAL,POLICY_RECOMMENDATION_HCW,-4444,,,,,,,,EJRF
ROU,2024,POLICY_INTERVAL,POLICY_RECOMMENDATION_CA,-4444,,,,,,,,EJRF
ROU,2024,POLICY_INTERVAL,POLICY_RECOMMENDATION_CA_CHRONIC,-4444,,,,,,,,EJRF
ROU,2024,POLICY_INTERVAL,OTHER_GROUPS,-4444,,,,,,,,EJRF
ROU,2024,POLICY_INTERVAL,POLICY_RECOMMENDATION_ADULTS,-4444,,,,,,,,EJRF
ROU,2024,POLICY_INTERVAL,POLICY_RECOMMENDATION_ADULTS_CHRONIC,-4444,,,,,,,,EJRF
VCT,2024,POLICY_INTERVAL,POLICY_RECOMMENDATION_ADULTS,6_MONTHS,,,,,,,,EJRF
VCT,2024,POLICY_INTERVAL,POLICY_RECOMMENDATION_ELDERLY,,,,,,,,,EJRF
VCT,2024,POLICY_INTERVAL,POLICY_RECOMMENDATION_ELDERLY_CHRONIC,6_MONTHS,,,,,,,,EJRF
VCT,2024,POLICY_INTERVAL,POLICY_RECOMMENDATION_ADULTS_CHRONIC,6_MONTHS,,,,,,,,EJRF
VCT,2024,POLICY_INTERVAL,PW,6_MONTHS,,,,,,,,EJRF
VCT,2024,POLICY_INTERVAL,POLICY_RECOMMENDATION_HCW,6_MONTHS,,,,,,,,EJRF
VCT,2024,POLICY_INTERVAL,POLICY_RECOMMENDATION_CA,,,,,,,,,EJRF
VCT,2024,POLICY_INTERVAL,POLICY_RECOMMENDATION_CA_CHRONIC,6_MONTHS,,,,,,,,EJRF
VCT,2024,POLICY_INTERVAL,OTHER_GROUPS,6_MONTHS,,,,,,,,EJRF
SEN,2024,POLICY_INTERVAL,POLICY_RECOMMENDATION_ADULTS,-4444,,,,,,,,EJRF
SEN,2024,POLICY_INTERVAL,POLICY_RECOMMENDATION_ADULTS_CHRONIC,6_MONTHS,,,,,,,,EJRF
SEN,2024,POLICY_INTERVAL,PW,-4444,,,,,,,,EJRF
SEN,2024,POLICY_INTERVAL,POLICY_RECOMMENDATION_HCW,6_MONTHS,,,,,,,,EJRF
SEN,2024,POLICY_INTERVAL,POLICY_RECOMMENDATION_CA,-4444,,,,,,,,EJRF
SEN,2024,POLICY_INTERVAL,POLICY_RECOMMENDATION_CA_CHRONIC,6_MONTHS,,,,,,,,EJRF
SEN,2024,POLICY_INTERVAL,OTHER_GROUPS,-4444,,,,,,,,EJRF
SEN,2024,POLICY_INTERVAL,POLICY_RECOMMENDATION_ELDERLY,6_MONTHS,,,,,,,,EJRF
SEN,2024,POLICY_INTERVAL,POLICY_RECOMMENDATION_ELDERLY_CHRONIC,6_MONTHS,,,,,,,,EJRF
SYC,2024,POLICY_INTERVAL,POLICY_RECOMMENDATION_ELDERLY,-4444,,,,,,,,EJRF
SYC,2024,POLICY_INTERVAL,POLICY_RECOMMENDATION_ELDERLY_CHRONIC,-4444,,,,,,,,EJRF
SYC,2024,POLICY_INTERVAL,POLICY_RECOMMENDATION_ADULTS,-4444,,,,,,,,EJRF
SYC,2024,POLICY_INTERVAL,POLICY_RECOMMENDATION_ADULTS_CHRONIC,-4444,,,,,,,,EJRF
SYC,2024,POLICY_INTERVAL,PW,-4444,,,,,,,,EJRF
SYC,2024,POLICY_INTERVAL,POLICY_RECOMMENDATION_HCW,-4444,,,,,,,,EJRF
SYC,2024,POLICY_INTERVAL,POLICY_RECOMMENDATION_CA,-4444,,,,,,,,EJRF
SYC,2024,POLICY_INTERVAL,POLICY_RECOMMENDATION_CA_CHRONIC,-4444,,,,,,,,EJRF
SYC,2024,POLICY_INTERVAL,OTHER_GROUPS,-4444,,,,,,,,EJRF
SVN,2024,POLICY_INTERVAL,POLICY_RECOMMENDATION_HCW,,,,,,,,,EJRF
SVN,2024,POLICY_INTERVAL,POLICY_RECOMMENDATION_CA,,,,,,,,,EJRF
SVN,2024,POLICY_INTERVAL,POLICY_RECOMMENDATION_CA_CHRONIC,12_MONTHS,,,,,,,,EJRF
SVN,2024,POLICY_INTERVAL,OTHER_GROUPS,6_MONTHS,,,,,,,,EJRF
SVN,2024,POLICY_INTERVAL,POLICY_RECOMMENDATION_ELDERLY,12_MONTHS,,,,,,,,EJRF
SVN,2024,POLICY_INTERVAL,POLICY_RECOMMENDATION_ELDERLY_CHRONIC,12_MONTHS,,,,,,,,EJRF
SVN,2024,POLICY_INTERVAL,POLICY_RECOMMENDATION_ADULTS,,,,,,,,,EJRF
SVN,2024,POLICY_INTERVAL,POLICY_RECOMMENDATION_ADULTS_CHRONIC,12_MONTHS,,,,,,,,EJRF
SVN,2024,POLICY_INTERVAL,PW,,,,,,,,,EJRF
SUR,2024,POLICY_INTERVAL,POLICY_RECOMMENDATION_HCW,,,,,,,,,EJRF
SUR,2024,POLICY_INTERVAL,POLICY_RECOMMENDATION_CA,,,,,,,,,EJRF
SUR,2024,POLICY_INTERVAL,POLICY_RECOMMENDATION_CA_CHRONIC,,,,,,,,,EJRF
SUR,2024,POLICY_INTERVAL,OTHER_GROUPS,,,,,,,,,EJRF
SUR,2024,POLICY_INTERVAL,POLICY_RECOMMENDATION_ELDERLY_CHRONIC,,,,,,,,,EJRF
SUR,2024,POLICY_INTERVAL,POLICY_RECOMMENDATION_ADULTS,,,,,,,,,EJRF
SUR,2024,POLICY_INTERVAL,POLICY_RECOMMENDATION_ADULTS_CHRONIC,,,,,,,,,EJRF
SUR,2024,POLICY_INTERVAL,PW,,,,,,,,,EJRF
SUR,2024,POLICY_INTERVAL,POLICY_RECOMMENDATION_ELDERLY,,,,,,,,,EJRF
SWE,2024,POLICY_INTERVAL,POLICY_RECOMMENDATION_ELDERLY,6_MONTHS,,,,,,,,EJRF
SWE,2024,POLICY_INTERVAL,POLICY_RECOMMENDATION_ELDERLY_CHRONIC,,,,,,,,,EJRF
SWE,2024,POLICY_INTERVAL,POLICY_RECOMMENDATION_ADULTS,,,,,,,,,EJRF
SWE,2024,POLICY_INTERVAL,POLICY_RECOMMENDATION_ADULTS_CHRONIC,12_MONTHS,,,,,,,,EJRF
SWE,2024,POLICY_INTERVAL,PW,,,,,,,,,EJRF
SWE,2024,POLICY_INTERVAL,POLICY_RECOMMENDATION_HCW,,,,,,,,,EJRF
SWE,2024,POLICY_INTERVAL,POLICY_RECOMMENDATION_CA,,,,,,,,,EJRF
SWE,2024,POLICY_INTERVAL,POLICY_RECOMMENDATION_CA_CHRONIC,,,,,,,,,EJRF
SWE,2024,POLICY_INTERVAL,OTHER_GROUPS,,,,,,,,,EJRF
TJK,2024,POLICY_INTERVAL,POLICY_RECOMMENDATION_ELDERLY,-4444,,,,,,,,EJRF
TJK,2024,POLICY_INTERVAL,POLICY_RECOMMENDATION_ELDERLY_CHRONIC,-2222,,,,,,,,EJRF
TJK,2024,POLICY_INTERVAL,POLICY_RECOMMENDATION_ADULTS,-4444,,,,,,,,EJRF
TJK,2024,POLICY_INTERVAL,POLICY_RECOMMENDATION_ADULTS_CHRONIC,-4444,,,,,,,,EJRF
TJK,2024,POLICY_INTERVAL,PW,-4444,,,,,,,,EJRF
TJK,2024,POLICY_INTERVAL,POLICY_RECOMMENDATION_HCW,-4444,,,,,,,,EJRF
TJK,2024,POLICY_INTERVAL,POLICY_RECOMMENDATION_CA,-4444,,,,,,,,EJRF
TJK,2024,POLICY_INTERVAL,POLICY_RECOMMENDATION_CA_CHRONIC,-4444,,,,,,,,EJRF
TJK,2024,POLICY_INTERVAL,OTHER_GROUPS,-4444,,,,,,,,EJRF
TTO,2024,POLICY_INTERVAL,POLICY_RECOMMENDATION_ELDERLY,,,,,,,,,EJRF
TTO,2024,POLICY_INTERVAL,POLICY_RECOMMENDATION_ELDERLY_CHRONIC,-4444,,,,,,,,EJRF
TTO,2024,POLICY_INTERVAL,POLICY_RECOMMENDATION_ADULTS,-4444,,,,,,,,EJRF
TTO,2024,POLICY_INTERVAL,POLICY_RECOMMENDATION_ADULTS_CHRONIC,,,,,,,,,EJRF
TTO,2024,POLICY_INTERVAL,PW,-4444,,,,,,,,EJRF
TTO,2024,POLICY_INTERVAL,POLICY_RECOMMENDATION_HCW,-4444,,,,,,,,EJRF
TTO,2024,POLICY_INTERVAL,POLICY_RECOMMENDATION_CA,,,,,,,,,EJRF
TTO,2024,POLICY_INTERVAL,POLICY_RECOMMENDATION_CA_CHRONIC,,,,,,,,,EJRF
TTO,2024,POLICY_INTERVAL,OTHER_GROUPS,,,,,,,,,EJRF
UGA,2024,POLICY_INTERVAL,PW,6_MONTHS,,,,,,,,EJRF
UGA,2024,POLICY_INTERVAL,POLICY_RECOMMENDATION_HCW,6_MONTHS,,,,,,,,EJRF
UGA,2024,POLICY_INTERVAL,POLICY_RECOMMENDATION_CA,6_MONTHS,,,,,,,,EJRF
UGA,2024,POLICY_INTERVAL,POLICY_RECOMMENDATION_CA_CHRONIC,-4444,,,,,,,,EJRF
UGA,2024,POLICY_INTERVAL,OTHER_GROUPS,6_MONTHS,,,,,,,,EJRF
UGA,2024,POLICY_INTERVAL,POLICY_RECOMMENDATION_ELDERLY,6_MONTHS,,,,,,,,EJRF
UGA,2024,POLICY_INTERVAL,POLICY_RECOMMENDATION_ELDERLY_CHRONIC,6_MONTHS,,,,,,,,EJRF
UGA,2024,POLICY_INTERVAL,POLICY_RECOMMENDATION_ADULTS,6_MONTHS,,,,,,,,EJRF
UGA,2024,POLICY_INTERVAL,POLICY_RECOMMENDATION_ADULTS_CHRONIC,6_MONTHS,,,,,,,,EJRF
GBR,2024,POLICY_INTERVAL,PW,-2222,,,,,,,,EJRF
GBR,2024,POLICY_INTERVAL,POLICY_RECOMMENDATION_HCW,-2222,,,,,,,,EJRF
GBR,2024,POLICY_INTERVAL,POLICY_RECOMMENDATION_CA,-2222,,,,,,,,EJRF
GBR,2024,POLICY_INTERVAL,POLICY_RECOMMENDATION_ADULTS,-2222,,,,,,,,EJRF
GBR,2024,POLICY_INTERVAL,POLICY_RECOMMENDATION_ADULTS_CHRONIC,OTHER,,,,,,,,EJRF
GBR,2024,POLICY_INTERVAL,POLICY_RECOMMENDATION_ELDERLY,OTHER,,,,,,,,EJRF
GBR,2024,POLICY_INTERVAL,POLICY_RECOMMENDATION_ELDERLY_CHRONIC,OTHER,,,,,,,,EJRF
GBR,2024,POLICY_INTERVAL,POLICY_RECOMMENDATION_CA_CHRONIC,OTHER,,,,,,,,EJRF
GBR,2024,POLICY_INTERVAL,OTHER_GROUPS,OTHER,,,,,,,,EJRF
TZA,2024,POLICY_INTERVAL,POLICY_RECOMMENDATION_ELDERLY,-2222,,,,,,,,EJRF
TZA,2024,POLICY_INTERVAL,POLICY_RECOMMENDATION_ELDERLY_CHRONIC,-2222,,,,,,,,EJRF
TZA,2024,POLICY_INTERVAL,POLICY_RECOMMENDATION_ADULTS,-2222,,,,,,,,EJRF
TZA,2024,POLICY_INTERVAL,POLICY_RECOMMENDATION_ADULTS_CHRONIC,-2222,,,,,,,,EJRF
TZA,2024,POLICY_INTERVAL,PW,-2222,,,,,,,,EJRF
TZA,2024,POLICY_INTERVAL,POLICY_RECOMMENDATION_HCW,-2222,,,,,,,,EJRF
TZA,2024,POLICY_INTERVAL,POLICY_RECOMMENDATION_CA,-2222,,,,,,,,EJRF
TZA,2024,POLICY_INTERVAL,POLICY_RECOMMENDATION_CA_CHRONIC,-2222,,,,,,,,EJRF
TZA,2024,POLICY_INTERVAL,OTHER_GROUPS,-2222,,,,,,,,EJRF
URY,2024,POLICY_INTERVAL,POLICY_RECOMMENDATION_ADULTS_CHRONIC,6_MONTHS,,,,,,,,EJRF
URY,2024,POLICY_INTERVAL,PW,OTHER,,,,,,,,EJRF
URY,2024,POLICY_INTERVAL,POLICY_RECOMMENDATION_HCW,6_MONTHS,,,,,,,,EJRF
URY,2024,POLICY_INTERVAL,POLICY_RECOMMENDATION_CA,-4444,,,,,,,,EJRF
URY,2024,POLICY_INTERVAL,POLICY_RECOMMENDATION_CA_CHRONIC,6_MONTHS,,,,,,,,EJRF
URY,2024,POLICY_INTERVAL,OTHER_GROUPS,6_MONTHS,,,,,,,,EJRF
URY,2024,POLICY_INTERVAL,POLICY_RECOMMENDATION_ELDERLY,6_MONTHS,,,,,,,,EJRF
URY,2024,POLICY_INTERVAL,POLICY_RECOMMENDATION_ELDERLY_CHRONIC,6_MONTHS,,,,,,,,EJRF
URY,2024,POLICY_INTERVAL,POLICY_RECOMMENDATION_ADULTS,6_MONTHS,,,,,,,,EJRF
YEM,2024,POLICY_INTERVAL,POLICY_RECOMMENDATION_ELDERLY,6_MONTHS,,,,,,,,EJRF
YEM,2024,POLICY_INTERVAL,POLICY_RECOMMENDATION_ELDERLY_CHRONIC,6_MONTHS,,,,,,,,EJRF
YEM,2024,POLICY_INTERVAL,POLICY_RECOMMENDATION_ADULTS,6_MONTHS,,,,,,,,EJRF
YEM,2024,POLICY_INTERVAL,POLICY_RECOMMENDATION_ADULTS_CHRONIC,6_MONTHS,,,,,,,,EJRF
YEM,2024,POLICY_INTERVAL,PW,6_MONTHS,,,,,,,,EJRF
YEM,2024,POLICY_INTERVAL,POLICY_RECOMMENDATION_HCW,6_MONTHS,,,,,,,,EJRF
YEM,2024,POLICY_INTERVAL,POLICY_RECOMMENDATION_CA,-4444,,,,,,,,EJRF
YEM,2024,POLICY_INTERVAL,POLICY_RECOMMENDATION_CA_CHRONIC,-4444,,,,,,,,EJRF
YEM,2024,POLICY_INTERVAL,OTHER_GROUPS,OTHER,,,,,,,,EJRF
ZMB,2024,POLICY_INTERVAL,POLICY_RECOMMENDATION_ELDERLY,6_MONTHS,,,,,,,,EJRF
ZMB,2024,POLICY_INTERVAL,POLICY_RECOMMENDATION_ELDERLY_CHRONIC,6_MONTHS,,,,,,,,EJRF
ZMB,2024,POLICY_INTERVAL,POLICY_RECOMMENDATION_ADULTS,6_MONTHS,,,,,,,,EJRF
ZMB,2024,POLICY_INTERVAL,POLICY_RECOMMENDATION_ADULTS_CHRONIC,6_MONTHS,,,,,,,,EJRF
ZMB,2024,POLICY_INTERVAL,PW,6_MONTHS,,,,,,,,EJRF
ZMB,2024,POLICY_INTERVAL,POLICY_RECOMMENDATION_HCW,6_MONTHS,,,,,,,,EJRF
ZMB,2024,POLICY_INTERVAL,POLICY_RECOMMENDATION_CA,6_MONTHS,,,,,,,,EJRF
ZMB,2024,POLICY_INTERVAL,POLICY_RECOMMENDATION_CA_CHRONIC,6_MONTHS,,,,,,,,EJRF
ZMB,2024,POLICY_INTERVAL,OTHER_GROUPS,6_MONTHS,,,,,,,,EJRF
AFG,2024,POLICY_VACCINATION_COM,PW,-2222,,,,,,,,EJRF
AFG,2024,POLICY_VACCINATION_COM,POLICY_RECOMMENDATION_HCW,-2222,,,,,,,,EJRF
AFG,2024,POLICY_VACCINATION_COM,POLICY_RECOMMENDATION_CA,-2222,,,,,,,,EJRF
AFG,2024,POLICY_VACCINATION_COM,POLICY_RECOMMENDATION_CA_CHRONIC,-2222,,,,,,,,EJRF
AFG,2024,POLICY_VACCINATION_COM,OTHER_GROUPS,-2222,,,,,,,,EJRF
AFG,2024,POLICY_VACCINATION_COM,POLICY_RECOMMENDATION_ADULTS,-2222,,,,,,,,EJRF
AFG,2024,POLICY_VACCINATION_COM,POLICY_RECOMMENDATION_ADULTS_CHRONIC,-2222,,,,,,,,EJRF
AFG,2024,POLICY_VACCINATION_COM,POLICY_RECOMMENDATION_ELDERLY_CHRONIC,-2222,,,,,,,,EJRF
AFG,2024,POLICY_VACCINATION_COM,POLICY_RECOMMENDATION_ELDERLY,-2222,,,,,,,,EJRF
AGO,2024,POLICY_VACCINATION_COM,POLICY_RECOMMENDATION_HCW,-2222,,,,,,,,EJRF
AGO,2024,POLICY_VACCINATION_COM,POLICY_RECOMMENDATION_CA,-2222,,,,,,,,EJRF
AGO,2024,POLICY_VACCINATION_COM,POLICY_RECOMMENDATION_CA_CHRONIC,-2222,,,,,,,,EJRF
AGO,2024,POLICY_VACCINATION_COM,OTHER_GROUPS,-2222,,,,,,,,EJRF
AGO,2024,POLICY_VACCINATION_COM,POLICY_RECOMMENDATION_ELDERLY,-2222,,,,,,,,EJRF
AGO,2024,POLICY_VACCINATION_COM,POLICY_RECOMMENDATION_ELDERLY_CHRONIC,-2222,,,,,,,,EJRF
AGO,2024,POLICY_VACCINATION_COM,POLICY_RECOMMENDATION_ADULTS,-2222,,,,,,,,EJRF
AGO,2024,POLICY_VACCINATION_COM,POLICY_RECOMMENDATION_ADULTS_CHRONIC,-2222,,,,,,,,EJRF
AGO,2024,POLICY_VACCINATION_COM,PW,-2222,,,,,,,,EJRF
AIA,2024,POLICY_VACCINATION_COM,POLICY_RECOMMENDATION_ELDERLY,-2222,,,,,,,,EJRF
AIA,2024,POLICY_VACCINATION_COM,POLICY_RECOMMENDATION_ADULTS,65 Years plus,,,,,,,,EJRF
AIA,2024,POLICY_VACCINATION_COM,PW,-2222,,,,,,,,EJRF
AIA,2024,POLICY_VACCINATION_COM,POLICY_RECOMMENDATION_CA_CHRONIC,,,,,,,,,EJRF
AIA,2024,POLICY_VACCINATION_COM,OTHER_GROUPS,-2222,,,,,,,,EJRF
AIA,2024,POLICY_VACCINATION_COM,POLICY_RECOMMENDATION_HCW,-2222,,,,,,,,EJRF
AIA,2024,POLICY_VACCINATION_COM,POLICY_RECOMMENDATION_CA,-2222,,,,,,,,EJRF
AIA,2024,POLICY_VACCINATION_COM,POLICY_RECOMMENDATION_ELDERLY_CHRONIC,,,,,,,,,EJRF
AIA,2024,POLICY_VACCINATION_COM,POLICY_RECOMMENDATION_ADULTS_CHRONIC,-2222,,,,,,,,EJRF
ARM,2024,POLICY_VACCINATION_COM,POLICY_RECOMMENDATION_ADULTS,-2222,,,,,,,,EJRF
ARM,2024,POLICY_VACCINATION_COM,POLICY_RECOMMENDATION_ADULTS_CHRONIC,-2222,,,,,,,,EJRF
ARM,2024,POLICY_VACCINATION_COM,PW,-2222,,,,,,,,EJRF
ARM,2024,POLICY_VACCINATION_COM,POLICY_RECOMMENDATION_HCW,-2222,,,,,,,,EJRF
ARM,2024,POLICY_VACCINATION_COM,POLICY_RECOMMENDATION_CA,-4444,,,,,,,,EJRF
ARM,2024,POLICY_VACCINATION_COM,POLICY_RECOMMENDATION_CA_CHRONIC,-4444,,,,,,,,EJRF
ARM,2024,POLICY_VACCINATION_COM,OTHER_GROUPS,-4444,,,,,,,,EJRF
ARM,2024,POLICY_VACCINATION_COM,POLICY_RECOMMENDATION_ELDERLY,-2222,,,,,,,,EJRF
ARM,2024,POLICY_VACCINATION_COM,POLICY_RECOMMENDATION_ELDERLY_CHRONIC,-2222,,,,,,,,EJRF
ABW,2024,POLICY_VACCINATION_COM,POLICY_RECOMMENDATION_ADULTS_CHRONIC,,,,,,,,,EJRF
ABW,2024,POLICY_VACCINATION_COM,PW,,,,,,,,,EJRF
ABW,2024,POLICY_VACCINATION_COM,POLICY_RECOMMENDATION_HCW,,,,,,,,,EJRF
ABW,2024,POLICY_VACCINATION_COM,POLICY_RECOMMENDATION_CA,,,,,,,,,EJRF
ABW,2024,POLICY_VACCINATION_COM,POLICY_RECOMMENDATION_CA_CHRONIC,,,,,,,,,EJRF
ABW,2024,POLICY_VACCINATION_COM,OTHER_GROUPS,,,,,,,,,EJRF
ABW,2024,POLICY_VACCINATION_COM,POLICY_RECOMMENDATION_ADULTS,,,,,,,,,EJRF
ABW,2024,POLICY_VACCINATION_COM,POLICY_RECOMMENDATION_ELDERLY,,,,,,,,,EJRF
ABW,2024,POLICY_VACCINATION_COM,POLICY_RECOMMENDATION_ELDERLY_CHRONIC,,,,,,,,,EJRF
AUT,2024,POLICY_VACCINATION_COM,POLICY_RECOMMENDATION_CA_CHRONIC,according to EMA SmPC,,,,,,,,EJRF
AUT,2024,POLICY_VACCINATION_COM,OTHER_GROUPS,,,,,,,,,EJRF
AUT,2024,POLICY_VACCINATION_COM,POLICY_RECOMMENDATION_ELDERLY,People 60+ years,,,,,,,,EJRF
AUT,2024,POLICY_VACCINATION_COM,POLICY_RECOMMENDATION_ELDERLY_CHRONIC,,,,,,,,,EJRF
AUT,2024,POLICY_VACCINATION_COM,POLICY_RECOMMENDATION_ADULTS,-4444,,,,,,,,EJRF
AUT,2024,POLICY_VACCINATION_COM,POLICY_RECOMMENDATION_ADULTS_CHRONIC,,,,,,,,,EJRF
AUT,2024,POLICY_VACCINATION_COM,PW,2/3 trimester,,,,,,,,EJRF
AUT,2024,POLICY_VACCINATION_COM,POLICY_RECOMMENDATION_HCW,-4444,,,,,,,,EJRF
AUT,2024,POLICY_VACCINATION_COM,POLICY_RECOMMENDATION_CA,"people 6 months and above generally possible according to EMA SmPC, though recommendation is given for people 12 years and above",,,,,,,,EJRF
BHS,2024,POLICY_VACCINATION_COM,POLICY_RECOMMENDATION_ELDERLY,-2222,,,,,,,,EJRF
BHS,2024,POLICY_VACCINATION_COM,POLICY_RECOMMENDATION_ELDERLY_CHRONIC,-2222,,,,,,,,EJRF
BHS,2024,POLICY_VACCINATION_COM,POLICY_RECOMMENDATION_ADULTS_CHRONIC,-2222,,,,,,,,EJRF
BHS,2024,POLICY_VACCINATION_COM,PW,-2222,,,,,,,,EJRF
BHS,2024,POLICY_VACCINATION_COM,POLICY_RECOMMENDATION_HCW,-2222,,,,,,,,EJRF
BHS,2024,POLICY_VACCINATION_COM,POLICY_RECOMMENDATION_CA,-2222,,,,,,,,EJRF
BHS,2024,POLICY_VACCINATION_COM,POLICY_RECOMMENDATION_CA_CHRONIC,-2222,,,,,,,,EJRF
BHS,2024,POLICY_VACCINATION_COM,OTHER_GROUPS,-2222,,,,,,,,EJRF
BHS,2024,POLICY_VACCINATION_COM,POLICY_RECOMMENDATION_ADULTS,-2222,,,,,,,,EJRF
BGD,2024,POLICY_VACCINATION_COM,POLICY_RECOMMENDATION_CA_CHRONIC,-2222,,,,,,,,EJRF
BGD,2024,POLICY_VACCINATION_COM,OTHER_GROUPS,-2222,,,,,,,,EJRF
BGD,2024,POLICY_VACCINATION_COM,POLICY_RECOMMENDATION_ELDERLY,Periodic re-vaccination recommended for high risk group  ,,,,,,,,EJRF
BGD,2024,POLICY_VACCINATION_COM,POLICY_RECOMMENDATION_ELDERLY_CHRONIC,-2222,,,,,,,,EJRF
BGD,2024,POLICY_VACCINATION_COM,POLICY_RECOMMENDATION_ADULTS,-2222,,,,,,,,EJRF
BGD,2024,POLICY_VACCINATION_COM,POLICY_RECOMMENDATION_HCW,-2222,,,,,,,,EJRF
BGD,2024,POLICY_VACCINATION_COM,POLICY_RECOMMENDATION_CA,-2222,,,,,,,,EJRF
BGD,2024,POLICY_VACCINATION_COM,POLICY_RECOMMENDATION_ADULTS_CHRONIC,-4444,,,,,,,,EJRF
BGD,2024,POLICY_VACCINATION_COM,PW,-2222,,,,,,,,EJRF
BOL,2024,POLICY_VACCINATION_COM,POLICY_RECOMMENDATION_ELDERLY,-2222,,,,,,,,EJRF
BOL,2024,POLICY_VACCINATION_COM,POLICY_RECOMMENDATION_ELDERLY_CHRONIC,-2222,,,,,,,,EJRF
BOL,2024,POLICY_VACCINATION_COM,POLICY_RECOMMENDATION_ADULTS,Este grupo se vacuna acorde a disponibilidad,,,,,,,,EJRF
BOL,2024,POLICY_VACCINATION_COM,POLICY_RECOMMENDATION_ADULTS_CHRONIC,-2222,,,,,,,,EJRF
BOL,2024,POLICY_VACCINATION_COM,PW,-2222,,,,,,,,EJRF
BOL,2024,POLICY_VACCINATION_COM,POLICY_RECOMMENDATION_HCW,-2222,,,,,,,,EJRF
BOL,2024,POLICY_VACCINATION_COM,POLICY_RECOMMENDATION_CA,-2222,,,,,,,,EJRF
BOL,2024,POLICY_VACCINATION_COM,POLICY_RECOMMENDATION_CA_CHRONIC,-2222,,,,,,,,EJRF
BOL,2024,POLICY_VACCINATION_COM,OTHER_GROUPS,-2222,,,,,,,,EJRF
BWA,2024,POLICY_VACCINATION_COM,POLICY_RECOMMENDATION_ELDERLY_CHRONIC,,,,,,,,,EJRF
BWA,2024,POLICY_VACCINATION_COM,POLICY_RECOMMENDATION_CA,-2222,,,,,,,,EJRF
BWA,2024,POLICY_VACCINATION_COM,POLICY_RECOMMENDATION_CA_CHRONIC,-2222,,,,,,,,EJRF
BWA,2024,POLICY_VACCINATION_COM,OTHER_GROUPS,-2222,,,,,,,,EJRF
BWA,2024,POLICY_VACCINATION_COM,POLICY_RECOMMENDATION_ADULTS,-2222,,,,,,,,EJRF
BWA,2024,POLICY_VACCINATION_COM,POLICY_RECOMMENDATION_ADULTS_CHRONIC,-2222,,,,,,,,EJRF
BWA,2024,POLICY_VACCINATION_COM,PW,-2222,,,,,,,,EJRF
BWA,2024,POLICY_VACCINATION_COM,POLICY_RECOMMENDATION_HCW,-2222,,,,,,,,EJRF
BWA,2024,POLICY_VACCINATION_COM,POLICY_RECOMMENDATION_ELDERLY,-2222,,,,,,,,EJRF
BRA,2024,POLICY_VACCINATION_COM,POLICY_RECOMMENDATION_ELDERLY,"Recomendação de recebimento de uma dose a cada seis meses, para pessoas a partir de 60 anos de idade, com a vacina disponível e atualizada.",,,,,,,,EJRF
BRA,2024,POLICY_VACCINATION_COM,POLICY_RECOMMENDATION_ELDERLY_CHRONIC,"Recomendação de recebimento de uma dose a cada seis meses, para pessoas imunocomprometidas, com a vacina disponível e atualizada.",,,,,,,,EJRF
BRA,2024,POLICY_VACCINATION_COM,POLICY_RECOMMENDATION_ADULTS,-2222,,,,,,,,EJRF
BRA,2024,POLICY_VACCINATION_COM,POLICY_RECOMMENDATION_ADULTS_CHRONIC,"Foram consideradas, nesse grupo, pessoas com comorbidades.",,,,,,,,EJRF
BRA,2024,POLICY_VACCINATION_COM,PW,-2222,,,,,,,,EJRF
BRA,2024,POLICY_VACCINATION_COM,POLICY_RECOMMENDATION_HCW,-2222,,,,,,,,EJRF
BRA,2024,POLICY_VACCINATION_COM,POLICY_RECOMMENDATION_CA,-2222,,,,,,,,EJRF
BRA,2024,POLICY_VACCINATION_COM,POLICY_RECOMMENDATION_CA_CHRONIC,"Recomendação de recebimento de uma dose a cada seis meses, para pessoas imunocomprometidas a partir de cinco anos de idade, com a vacina disponível e atualizada.",,,,,,,,EJRF
BRA,2024,POLICY_VACCINATION_COM,OTHER_GROUPS,"Recomendação de vacinação de crianças de seis meses a menores de cinco anos de idade, na rotina conforme Calendário Nacional de Vacinação Infantil.",,,,,,,,EJRF
BGR,2024,POLICY_VACCINATION_COM,PW,1-3,,,,,,,,EJRF
BGR,2024,POLICY_VACCINATION_COM,POLICY_RECOMMENDATION_HCW,,,,,,,,,EJRF
BGR,2024,POLICY_VACCINATION_COM,POLICY_RECOMMENDATION_ADULTS,18,,,,,,,,EJRF
BGR,2024,POLICY_VACCINATION_COM,POLICY_RECOMMENDATION_CA,6M,,,,,,,,EJRF
BGR,2024,POLICY_VACCINATION_COM,POLICY_RECOMMENDATION_CA_CHRONIC,,,,,,,,,EJRF
BGR,2024,POLICY_VACCINATION_COM,POLICY_RECOMMENDATION_ADULTS_CHRONIC,,,,,,,,,EJRF
BGR,2024,POLICY_VACCINATION_COM,OTHER_GROUPS,for elderly in social institutions and nursing homes,,,,,,,,EJRF
BGR,2024,POLICY_VACCINATION_COM,POLICY_RECOMMENDATION_ELDERLY,60,,,,,,,,EJRF
BGR,2024,POLICY_VACCINATION_COM,POLICY_RECOMMENDATION_ELDERLY_CHRONIC,,,,,,,,,EJRF
CPV,2024,POLICY_VACCINATION_COM,PW,-2222,,,,,,,,EJRF
CPV,2024,POLICY_VACCINATION_COM,POLICY_RECOMMENDATION_ELDERLY_CHRONIC,-2222,,,,,,,,EJRF
CPV,2024,POLICY_VACCINATION_COM,POLICY_RECOMMENDATION_ADULTS,,,,,,,,,EJRF
CPV,2024,POLICY_VACCINATION_COM,POLICY_RECOMMENDATION_ADULTS_CHRONIC,-2222,,,,,,,,EJRF
CPV,2024,POLICY_VACCINATION_COM,POLICY_RECOMMENDATION_ELDERLY,,,,,,,,,EJRF
CPV,2024,POLICY_VACCINATION_COM,POLICY_RECOMMENDATION_HCW,-2222,,,,,,,,EJRF
CPV,2024,POLICY_VACCINATION_COM,POLICY_RECOMMENDATION_CA,-2222,,,,,,,,EJRF
CPV,2024,POLICY_VACCINATION_COM,POLICY_RECOMMENDATION_CA_CHRONIC,-2222,,,,,,,,EJRF
CPV,2024,POLICY_VACCINATION_COM,OTHER_GROUPS,-2222,,,,,,,,EJRF
CMR,2024,POLICY_VACCINATION_COM,POLICY_RECOMMENDATION_ADULTS,-4444,,,,,,,,EJRF
CMR,2024,POLICY_VACCINATION_COM,POLICY_RECOMMENDATION_ELDERLY,,,,,,,,,EJRF
CMR,2024,POLICY_VACCINATION_COM,POLICY_RECOMMENDATION_ELDERLY_CHRONIC,-4444,,,,,,,,EJRF
CMR,2024,POLICY_VACCINATION_COM,POLICY_RECOMMENDATION_ADULTS_CHRONIC,-4444,,,,,,,,EJRF
CMR,2024,POLICY_VACCINATION_COM,PW,-4444,,,,,,,,EJRF
CMR,2024,POLICY_VACCINATION_COM,POLICY_RECOMMENDATION_HCW,-4444,,,,,,,,EJRF
CMR,2024,POLICY_VACCINATION_COM,POLICY_RECOMMENDATION_CA,-4444,,,,,,,,EJRF
CMR,2024,POLICY_VACCINATION_COM,POLICY_RECOMMENDATION_CA_CHRONIC,-4444,,,,,,,,EJRF
CMR,2024,POLICY_VACCINATION_COM,OTHER_GROUPS,-4444,,,,,,,,EJRF
TCD,2024,POLICY_VACCINATION_COM,POLICY_RECOMMENDATION_ADULTS_CHRONIC,RAS,,,,,,,,EJRF
TCD,2024,POLICY_VACCINATION_COM,PW,-4444,,,,,,,,EJRF
TCD,2024,POLICY_VACCINATION_COM,POLICY_RECOMMENDATION_HCW,RAS,,,,,,,,EJRF
TCD,2024,POLICY_VACCINATION_COM,POLICY_RECOMMENDATION_CA,-4444,,,,,,,,EJRF
TCD,2024,POLICY_VACCINATION_COM,POLICY_RECOMMENDATION_CA_CHRONIC,-4444,,,,,,,,EJRF
TCD,2024,POLICY_VACCINATION_COM,OTHER_GROUPS,-4444,,,,,,,,EJRF
TCD,2024,POLICY_VACCINATION_COM,POLICY_RECOMMENDATION_ELDERLY,RAS,,,,,,,,EJRF
TCD,2024,POLICY_VACCINATION_COM,POLICY_RECOMMENDATION_ELDERLY_CHRONIC,RAS,,,,,,,,EJRF
TCD,2024,POLICY_VACCINATION_COM,POLICY_RECOMMENDATION_ADULTS,-4444,,,,,,,,EJRF
HRV,2024,POLICY_VACCINATION_COM,POLICY_RECOMMENDATION_ELDERLY_CHRONIC,,,,,,,,,EJRF
HRV,2024,POLICY_VACCINATION_COM,POLICY_RECOMMENDATION_ADULTS,,,,,,,,,EJRF
HRV,2024,POLICY_VACCINATION_COM,POLICY_RECOMMENDATION_ADULTS_CHRONIC,,,,,,,,,EJRF
HRV,2024,POLICY_VACCINATION_COM,PW,,,,,,,,,EJRF
HRV,2024,POLICY_VACCINATION_COM,POLICY_RECOMMENDATION_HCW,"especially HCW intensive care units, wards with particularly vulnerable patients and emergency hospital admissions",,,,,,,,EJRF
HRV,2024,POLICY_VACCINATION_COM,POLICY_RECOMMENDATION_CA,,,,,,,,,EJRF
HRV,2024,POLICY_VACCINATION_COM,POLICY_RECOMMENDATION_CA_CHRONIC,,,,,,,,,EJRF
HRV,2024,POLICY_VACCINATION_COM,OTHER_GROUPS,,,,,,,,,EJRF
HRV,2024,POLICY_VACCINATION_COM,POLICY_RECOMMENDATION_ELDERLY,≥65,,,,,,,,EJRF
CYP,2024,POLICY_VACCINATION_COM,PW,,,,,,,,,EJRF
CYP,2024,POLICY_VACCINATION_COM,POLICY_RECOMMENDATION_HCW,,,,,,,,,EJRF
CYP,2024,POLICY_VACCINATION_COM,POLICY_RECOMMENDATION_CA,,,,,,,,,EJRF
CYP,2024,POLICY_VACCINATION_COM,POLICY_RECOMMENDATION_CA_CHRONIC,,,,,,,,,EJRF
CYP,2024,POLICY_VACCINATION_COM,OTHER_GROUPS,,,,,,,,,EJRF
CYP,2024,POLICY_VACCINATION_COM,POLICY_RECOMMENDATION_ELDERLY,,,,,,,,,EJRF
CYP,2024,POLICY_VACCINATION_COM,POLICY_RECOMMENDATION_ELDERLY_CHRONIC,,,,,,,,,EJRF
CYP,2024,POLICY_VACCINATION_COM,POLICY_RECOMMENDATION_ADULTS,,,,,,,,,EJRF
CYP,2024,POLICY_VACCINATION_COM,POLICY_RECOMMENDATION_ADULTS_CHRONIC,,,,,,,,,EJRF
COD,2024,POLICY_VACCINATION_COM,POLICY_RECOMMENDATION_ELDERLY_CHRONIC,-2222,,,,,,,,EJRF
COD,2024,POLICY_VACCINATION_COM,POLICY_RECOMMENDATION_ELDERLY,-4444,,,,,,,,EJRF
COD,2024,POLICY_VACCINATION_COM,POLICY_RECOMMENDATION_ADULTS,-4444,,,,,,,,EJRF
COD,2024,POLICY_VACCINATION_COM,POLICY_RECOMMENDATION_ADULTS_CHRONIC,-2222,,,,,,,,EJRF
COD,2024,POLICY_VACCINATION_COM,PW,-2222,,,,,,,,EJRF
COD,2024,POLICY_VACCINATION_COM,POLICY_RECOMMENDATION_HCW,-2222,,,,,,,,EJRF
COD,2024,POLICY_VACCINATION_COM,POLICY_RECOMMENDATION_CA,-2222,,,,,,,,EJRF
COD,2024,POLICY_VACCINATION_COM,POLICY_RECOMMENDATION_CA_CHRONIC,-2222,,,,,,,,EJRF
COD,2024,POLICY_VACCINATION_COM,OTHER_GROUPS,-4444,,,,,,,,EJRF
DOM,2024,POLICY_VACCINATION_COM,POLICY_RECOMMENDATION_ELDERLY,,,,,,,,,EJRF
DOM,2024,POLICY_VACCINATION_COM,POLICY_RECOMMENDATION_ELDERLY_CHRONIC,,,,,,,,,EJRF
DOM,2024,POLICY_VACCINATION_COM,POLICY_RECOMMENDATION_ADULTS,,,,,,,,,EJRF
DOM,2024,POLICY_VACCINATION_COM,POLICY_RECOMMENDATION_ADULTS_CHRONIC,,,,,,,,,EJRF
DOM,2024,POLICY_VACCINATION_COM,PW,,,,,,,,,EJRF
DOM,2024,POLICY_VACCINATION_COM,POLICY_RECOMMENDATION_HCW,,,,,,,,,EJRF
DOM,2024,POLICY_VACCINATION_COM,POLICY_RECOMMENDATION_CA,,,,,,,,,EJRF
DOM,2024,POLICY_VACCINATION_COM,POLICY_RECOMMENDATION_CA_CHRONIC,,,,,,,,,EJRF
DOM,2024,POLICY_VACCINATION_COM,OTHER_GROUPS,,,,,,,,,EJRF
EGY,2024,POLICY_VACCINATION_COM,POLICY_RECOMMENDATION_ELDERLY_CHRONIC,-2222,,,,,,,,EJRF
EGY,2024,POLICY_VACCINATION_COM,POLICY_RECOMMENDATION_ADULTS,-2222,,,,,,,,EJRF
EGY,2024,POLICY_VACCINATION_COM,POLICY_RECOMMENDATION_ADULTS_CHRONIC,-4444,,,,,,,,EJRF
EGY,2024,POLICY_VACCINATION_COM,PW,-2222,,,,,,,,EJRF
EGY,2024,POLICY_VACCINATION_COM,POLICY_RECOMMENDATION_HCW,-2222,,,,,,,,EJRF
EGY,2024,POLICY_VACCINATION_COM,POLICY_RECOMMENDATION_CA,-2222,,,,,,,,EJRF
EGY,2024,POLICY_VACCINATION_COM,POLICY_RECOMMENDATION_CA_CHRONIC,-2222,,,,,,,,EJRF
EGY,2024,POLICY_VACCINATION_COM,OTHER_GROUPS,-2222,,,,,,,,EJRF
EGY,2024,POLICY_VACCINATION_COM,POLICY_RECOMMENDATION_ELDERLY,-2222,,,,,,,,EJRF
SWZ,2024,POLICY_VACCINATION_COM,POLICY_RECOMMENDATION_CA_CHRONIC,-4444,,,,,,,,EJRF
SWZ,2024,POLICY_VACCINATION_COM,OTHER_GROUPS,-4444,,,,,,,,EJRF
SWZ,2024,POLICY_VACCINATION_COM,POLICY_RECOMMENDATION_ELDERLY,-4444,,,,,,,,EJRF
SWZ,2024,POLICY_VACCINATION_COM,POLICY_RECOMMENDATION_ELDERLY_CHRONIC,-4444,,,,,,,,EJRF
SWZ,2024,POLICY_VACCINATION_COM,POLICY_RECOMMENDATION_ADULTS,-4444,,,,,,,,EJRF
SWZ,2024,POLICY_VACCINATION_COM,POLICY_RECOMMENDATION_ADULTS_CHRONIC,-4444,,,,,,,,EJRF
SWZ,2024,POLICY_VACCINATION_COM,PW,-4444,,,,,,,,EJRF
SWZ,2024,POLICY_VACCINATION_COM,POLICY_RECOMMENDATION_HCW,-4444,,,,,,,,EJRF
SWZ,2024,POLICY_VACCINATION_COM,POLICY_RECOMMENDATION_CA,No additional information,,,,,,,,EJRF
FJI,2024,POLICY_VACCINATION_COM,POLICY_RECOMMENDATION_ELDERLY_CHRONIC,-2222,,,,,,,,EJRF
FJI,2024,POLICY_VACCINATION_COM,POLICY_RECOMMENDATION_ADULTS,-2222,,,,,,,,EJRF
FJI,2024,POLICY_VACCINATION_COM,POLICY_RECOMMENDATION_ADULTS_CHRONIC,-2222,,,,,,,,EJRF
FJI,2024,POLICY_VACCINATION_COM,PW,-2222,,,,,,,,EJRF
FJI,2024,POLICY_VACCINATION_COM,POLICY_RECOMMENDATION_CA_CHRONIC,-2222,,,,,,,,EJRF
FJI,2024,POLICY_VACCINATION_COM,OTHER_GROUPS,-4444,,,,,,,,EJRF
FJI,2024,POLICY_VACCINATION_COM,POLICY_RECOMMENDATION_HCW,-2222,,,,,,,,EJRF
FJI,2024,POLICY_VACCINATION_COM,POLICY_RECOMMENDATION_CA,-2222,,,,,,,,EJRF
FJI,2024,POLICY_VACCINATION_COM,POLICY_RECOMMENDATION_ELDERLY,,,,,,,,,EJRF
GAB,2024,POLICY_VACCINATION_COM,OTHER_GROUPS,-2222,,,,,,,,EJRF
GAB,2024,POLICY_VACCINATION_COM,POLICY_RECOMMENDATION_ELDERLY,-2222,,,,,,,,EJRF
GAB,2024,POLICY_VACCINATION_COM,POLICY_RECOMMENDATION_ELDERLY_CHRONIC,-2222,,,,,,,,EJRF
GAB,2024,POLICY_VACCINATION_COM,POLICY_RECOMMENDATION_ADULTS,-2222,,,,,,,,EJRF
GAB,2024,POLICY_VACCINATION_COM,POLICY_RECOMMENDATION_ADULTS_CHRONIC,-2222,,,,,,,,EJRF
GAB,2024,POLICY_VACCINATION_COM,PW,-2222,,,,,,,,EJRF
GAB,2024,POLICY_VACCINATION_COM,POLICY_RECOMMENDATION_HCW,-2222,,,,,,,,EJRF
GAB,2024,POLICY_VACCINATION_COM,POLICY_RECOMMENDATION_CA,-2222,,,,,,,,EJRF
GAB,2024,POLICY_VACCINATION_COM,POLICY_RECOMMENDATION_CA_CHRONIC,-2222,,,,,,,,EJRF
GMB,2024,POLICY_VACCINATION_COM,POLICY_RECOMMENDATION_ELDERLY,-2222,,,,,,,,EJRF
GMB,2024,POLICY_VACCINATION_COM,POLICY_RECOMMENDATION_ELDERLY_CHRONIC,-2222,,,,,,,,EJRF
GMB,2024,POLICY_VACCINATION_COM,POLICY_RECOMMENDATION_ADULTS,-2222,,,,,,,,EJRF
GMB,2024,POLICY_VACCINATION_COM,POLICY_RECOMMENDATION_ADULTS_CHRONIC,-2222,,,,,,,,EJRF
GMB,2024,POLICY_VACCINATION_COM,PW,-2222,,,,,,,,EJRF
GMB,2024,POLICY_VACCINATION_COM,POLICY_RECOMMENDATION_HCW,-2222,,,,,,,,EJRF
GMB,2024,POLICY_VACCINATION_COM,POLICY_RECOMMENDATION_CA,-2222,,,,,,,,EJRF
GMB,2024,POLICY_VACCINATION_COM,POLICY_RECOMMENDATION_CA_CHRONIC,,,,,,,,,EJRF
GMB,2024,POLICY_VACCINATION_COM,OTHER_GROUPS,,,,,,,,,EJRF
GEO,2024,POLICY_VACCINATION_COM,POLICY_RECOMMENDATION_ADULTS,-4444,,,,,,,,EJRF
GEO,2024,POLICY_VACCINATION_COM,POLICY_RECOMMENDATION_ADULTS_CHRONIC,,,,,,,,,EJRF
GEO,2024,POLICY_VACCINATION_COM,PW,-4444,,,,,,,,EJRF
GEO,2024,POLICY_VACCINATION_COM,POLICY_RECOMMENDATION_HCW,-4444,,,,,,,,EJRF
GEO,2024,POLICY_VACCINATION_COM,POLICY_RECOMMENDATION_CA,-4444,,,,,,,,EJRF
GEO,2024,POLICY_VACCINATION_COM,POLICY_RECOMMENDATION_CA_CHRONIC,-4444,,,,,,,,EJRF
GEO,2024,POLICY_VACCINATION_COM,OTHER_GROUPS,-4444,,,,,,,,EJRF
GEO,2024,POLICY_VACCINATION_COM,POLICY_RECOMMENDATION_ELDERLY,-4444,,,,,,,,EJRF
GEO,2024,POLICY_VACCINATION_COM,POLICY_RECOMMENDATION_ELDERLY_CHRONIC,-4444,,,,,,,,EJRF
DEU,2024,POLICY_VACCINATION_COM,POLICY_RECOMMENDATION_HCW,"People of any age with an increased occupational risk of infection in healthcare and nursing settings with direct patient or resident contact: Baseline immunization consisting of ≥ 3 antigenic contacts (vaccination or infection, with at least 1 vaccine dose). Annual booster vaccination in the fall.",,,,,,,,EJRF
DEU,2024,POLICY_VACCINATION_COM,POLICY_RECOMMENDATION_ELDERLY,"For adults >= 60 years of age: Baseline immunization consisting of ≥ 3 antigenic contacts (vaccination or infection, with at least 1 vaccine dose). Annual booster vaccination in the fall.",,,,,,,,EJRF
DEU,2024,POLICY_VACCINATION_COM,POLICY_RECOMMENDATION_ELDERLY_CHRONIC,"For adults >= 60 years of age: Baseline immunization consisting of ≥ 3 antigenic contacts (vaccination or infection, with at least 1 vaccine dose). Annual booster vaccination in the fall.",,,,,,,,EJRF
DEU,2024,POLICY_VACCINATION_COM,POLICY_RECOMMENDATION_ADULTS,"For adults 18-59 years of age: Baseline immunization consisting of ≥ 3 antigenic contacts (vaccination or infection, with at least 1 vaccine dose).",,,,,,,,EJRF
DEU,2024,POLICY_VACCINATION_COM,POLICY_RECOMMENDATION_CA_CHRONIC,"Persons with relevant underlying diseases from 6 months of age: Baseline immunization consisting of ≥ 3 antigenic contacts (vaccination or infection, with at least 1 vaccine dose). Annual booster vaccination in the fall.",,,,,,,,EJRF
DEU,2024,POLICY_VACCINATION_COM,OTHER_GROUPS,,,,,,,,,EJRF
DEU,2024,POLICY_VACCINATION_COM,POLICY_RECOMMENDATION_CA,,,,,,,,,EJRF
DEU,2024,POLICY_VACCINATION_COM,POLICY_RECOMMENDATION_ADULTS_CHRONIC,"For adults 18-59 years who are: Residents of long-term care facilities, medical and/or nursing staff with direct contact to patients or residents; family members and close contacts from the age of 6 months of persons in whom COVID-19-vaccination is not expected to produce a protective immune response. Annual booster vaccination in the fall.",,,,,,,,EJRF
DEU,2024,POLICY_VACCINATION_COM,PW,"Women of childbearing age and during pregnancy: Baseline immunization consisting of ≥ 3 antigenic contacts (vaccination or infection, with at least 1 vaccine dose). ",,,,,,,,EJRF
GHA,2024,POLICY_VACCINATION_COM,POLICY_RECOMMENDATION_ELDERLY,Nil,,,,,,,,EJRF
GHA,2024,POLICY_VACCINATION_COM,POLICY_RECOMMENDATION_ELDERLY_CHRONIC,Recommended by NITAG,,,,,,,,EJRF
GHA,2024,POLICY_VACCINATION_COM,POLICY_RECOMMENDATION_ADULTS,Nil,,,,,,,,EJRF
GHA,2024,POLICY_VACCINATION_COM,POLICY_RECOMMENDATION_ADULTS_CHRONIC,Recommended by NITAG,,,,,,,,EJRF
GHA,2024,POLICY_VACCINATION_COM,PW,None,,,,,,,,EJRF
GHA,2024,POLICY_VACCINATION_COM,POLICY_RECOMMENDATION_HCW,None,,,,,,,,EJRF
GHA,2024,POLICY_VACCINATION_COM,POLICY_RECOMMENDATION_CA,,,,,,,,,EJRF
GHA,2024,POLICY_VACCINATION_COM,POLICY_RECOMMENDATION_CA_CHRONIC,None,,,,,,,,EJRF
GHA,2024,POLICY_VACCINATION_COM,OTHER_GROUPS,None,,,,,,,,EJRF
GRC,2024,POLICY_VACCINATION_COM,POLICY_RECOMMENDATION_CA_CHRONIC,,,,,,,,,EJRF
GRC,2024,POLICY_VACCINATION_COM,OTHER_GROUPS,,,,,,,,,EJRF
GRC,2024,POLICY_VACCINATION_COM,POLICY_RECOMMENDATION_ADULTS,,,,,,,,,EJRF
GRC,2024,POLICY_VACCINATION_COM,POLICY_RECOMMENDATION_ADULTS_CHRONIC,,,,,,,,,EJRF
GRC,2024,POLICY_VACCINATION_COM,PW,,,,,,,,,EJRF
GRC,2024,POLICY_VACCINATION_COM,POLICY_RECOMMENDATION_HCW,,,,,,,,,EJRF
GRC,2024,POLICY_VACCINATION_COM,POLICY_RECOMMENDATION_CA,,,,,,,,,EJRF
GRC,2024,POLICY_VACCINATION_COM,POLICY_RECOMMENDATION_ELDERLY,,,,,,,,,EJRF
GRC,2024,POLICY_VACCINATION_COM,POLICY_RECOMMENDATION_ELDERLY_CHRONIC,,,,,,,,,EJRF
GTM,2024,POLICY_VACCINATION_COM,POLICY_RECOMMENDATION_ADULTS_CHRONIC,-4444,,,,,,,,EJRF
GTM,2024,POLICY_VACCINATION_COM,PW,en cada embarazo ,,,,,,,,EJRF
GTM,2024,POLICY_VACCINATION_COM,POLICY_RECOMMENDATION_HCW,-4444,,,,,,,,EJRF
GTM,2024,POLICY_VACCINATION_COM,POLICY_RECOMMENDATION_CA,-4444,,,,,,,,EJRF
GTM,2024,POLICY_VACCINATION_COM,POLICY_RECOMMENDATION_CA_CHRONIC,,,,,,,,,EJRF
GTM,2024,POLICY_VACCINATION_COM,OTHER_GROUPS,la vacunacion esta comprendida para grupos priorizados con comorbilidades de las diferentes edades ,,,,,,,,EJRF
GTM,2024,POLICY_VACCINATION_COM,POLICY_RECOMMENDATION_ELDERLY,-4444,,,,,,,,EJRF
GTM,2024,POLICY_VACCINATION_COM,POLICY_RECOMMENDATION_ELDERLY_CHRONIC,-4444,,,,,,,,EJRF
GTM,2024,POLICY_VACCINATION_COM,POLICY_RECOMMENDATION_ADULTS,,,,,,,,,EJRF
GIN,2024,POLICY_VACCINATION_COM,POLICY_RECOMMENDATION_ELDERLY_CHRONIC,-4444,,,,,,,,EJRF
GIN,2024,POLICY_VACCINATION_COM,POLICY_RECOMMENDATION_ADULTS,-4444,,,,,,,,EJRF
GIN,2024,POLICY_VACCINATION_COM,POLICY_RECOMMENDATION_ELDERLY,-4444,,,,,,,,EJRF
GIN,2024,POLICY_VACCINATION_COM,PW,-4444,,,,,,,,EJRF
GIN,2024,POLICY_VACCINATION_COM,POLICY_RECOMMENDATION_HCW,-4444,,,,,,,,EJRF
GIN,2024,POLICY_VACCINATION_COM,POLICY_RECOMMENDATION_ADULTS_CHRONIC,-4444,,,,,,,,EJRF
GIN,2024,POLICY_VACCINATION_COM,POLICY_RECOMMENDATION_CA,-4444,,,,,,,,EJRF
GIN,2024,POLICY_VACCINATION_COM,POLICY_RECOMMENDATION_CA_CHRONIC,-4444,,,,,,,,EJRF
GIN,2024,POLICY_VACCINATION_COM,OTHER_GROUPS,-4444,,,,,,,,EJRF
HND,2024,POLICY_VACCINATION_COM,POLICY_RECOMMENDATION_ELDERLY,-4444,,,,,,,,EJRF
HND,2024,POLICY_VACCINATION_COM,POLICY_RECOMMENDATION_ELDERLY_CHRONIC,-2222,,,,,,,,EJRF
HND,2024,POLICY_VACCINATION_COM,POLICY_RECOMMENDATION_ADULTS,-4444,,,,,,,,EJRF
HND,2024,POLICY_VACCINATION_COM,POLICY_RECOMMENDATION_ADULTS_CHRONIC,-2222,,,,,,,,EJRF
HND,2024,POLICY_VACCINATION_COM,PW,-4444,,,,,,,,EJRF
HND,2024,POLICY_VACCINATION_COM,POLICY_RECOMMENDATION_HCW,No,,,,,,,,EJRF
HND,2024,POLICY_VACCINATION_COM,POLICY_RECOMMENDATION_CA,-4444,,,,,,,,EJRF
HND,2024,POLICY_VACCINATION_COM,POLICY_RECOMMENDATION_CA_CHRONIC,-4444,,,,,,,,EJRF
HND,2024,POLICY_VACCINATION_COM,OTHER_GROUPS,-4444,,,,,,,,EJRF
IDN,2024,POLICY_VACCINATION_COM,POLICY_RECOMMENDATION_ADULTS_CHRONIC,,,,,,,,,EJRF
IDN,2024,POLICY_VACCINATION_COM,PW,every pregnancy,,,,,,,,EJRF
IDN,2024,POLICY_VACCINATION_COM,POLICY_RECOMMENDATION_HCW,,,,,,,,,EJRF
IDN,2024,POLICY_VACCINATION_COM,POLICY_RECOMMENDATION_CA,,,,,,,,,EJRF
IDN,2024,POLICY_VACCINATION_COM,POLICY_RECOMMENDATION_CA_CHRONIC,,,,,,,,,EJRF
IDN,2024,POLICY_VACCINATION_COM,OTHER_GROUPS,,,,,,,,,EJRF
IDN,2024,POLICY_VACCINATION_COM,POLICY_RECOMMENDATION_ELDERLY,,,,,,,,,EJRF
IDN,2024,POLICY_VACCINATION_COM,POLICY_RECOMMENDATION_ELDERLY_CHRONIC,,,,,,,,,EJRF
IDN,2024,POLICY_VACCINATION_COM,POLICY_RECOMMENDATION_ADULTS,,,,,,,,,EJRF
IRL,2024,POLICY_VACCINATION_COM,POLICY_RECOMMENDATION_ELDERLY,"Winter 2024 campaign lasted from mid September 2024 to End February 2025, targeting those aged 60+ years",,,,,,,,EJRF
IRL,2024,POLICY_VACCINATION_COM,POLICY_RECOMMENDATION_ELDERLY_CHRONIC,"Winter 2024 campaign lasted from mid September 2024 to End February 2025, targeting those aged 60+ years a with a chronic medical condition /immunocompromised",,,,,,,,EJRF
IRL,2024,POLICY_VACCINATION_COM,POLICY_RECOMMENDATION_ADULTS,,,,,,,,,EJRF
IRL,2024,POLICY_VACCINATION_COM,POLICY_RECOMMENDATION_ADULTS_CHRONIC,"Winter 2024 campaign lasted from mid September 2024 to End February 2025, targeting those aged 18 to 59 years  with a chronic medical condition/immunocompromised",,,,,,,,EJRF
IRL,2024,POLICY_VACCINATION_COM,PW,Winter 2024 campaign lasted from mid September 2024 to End February 2025 (Pregnant women are eligible for vaccination  all year round) ,,,,,,,,EJRF
IRL,2024,POLICY_VACCINATION_COM,POLICY_RECOMMENDATION_HCW,Winter 2024 campaign lasted from mid September 2024 to End February 2025,,,,,,,,EJRF
IRL,2024,POLICY_VACCINATION_COM,POLICY_RECOMMENDATION_CA,,,,,,,,,EJRF
IRL,2024,POLICY_VACCINATION_COM,POLICY_RECOMMENDATION_CA_CHRONIC,"Winter 2024 campaign lasted from mid September 2024 to End February 2025, targeting those aged 6 months to 17 years years  with a chronic medical condition/immunocompromised",,,,,,,,EJRF
IRL,2024,POLICY_VACCINATION_COM,OTHER_GROUPS,"Winter 2024 campaign lasted from mid September 2024 to End February 2025, targeting those resident in elderly based residential care facilities who avail of a 'Fair Deal ' public funded care scheme",,,,,,,,EJRF
LVA,2024,POLICY_VACCINATION_COM,POLICY_RECOMMENDATION_ELDERLY,-2222,,,,,,,,EJRF
LVA,2024,POLICY_VACCINATION_COM,POLICY_RECOMMENDATION_ELDERLY_CHRONIC,-2222,,,,,,,,EJRF
LVA,2024,POLICY_VACCINATION_COM,POLICY_RECOMMENDATION_ADULTS,-4444,,,,,,,,EJRF
LVA,2024,POLICY_VACCINATION_COM,POLICY_RECOMMENDATION_ADULTS_CHRONIC,-4444,,,,,,,,EJRF
LVA,2024,POLICY_VACCINATION_COM,PW,-2222,,,,,,,,EJRF
LVA,2024,POLICY_VACCINATION_COM,POLICY_RECOMMENDATION_HCW,-4444,,,,,,,,EJRF
LVA,2024,POLICY_VACCINATION_COM,POLICY_RECOMMENDATION_CA,-4444,,,,,,,,EJRF
LVA,2024,POLICY_VACCINATION_COM,POLICY_RECOMMENDATION_CA_CHRONIC,-4444,,,,,,,,EJRF
LVA,2024,POLICY_VACCINATION_COM,OTHER_GROUPS,Immunosuppressed individuals,,,,,,,,EJRF
LSO,2024,POLICY_VACCINATION_COM,POLICY_RECOMMENDATION_ADULTS_CHRONIC,,,,,,,,,EJRF
LSO,2024,POLICY_VACCINATION_COM,PW,,,,,,,,,EJRF
LSO,2024,POLICY_VACCINATION_COM,POLICY_RECOMMENDATION_HCW,,,,,,,,,EJRF
LSO,2024,POLICY_VACCINATION_COM,POLICY_RECOMMENDATION_CA,,,,,,,,,EJRF
LSO,2024,POLICY_VACCINATION_COM,POLICY_RECOMMENDATION_CA_CHRONIC,,,,,,,,,EJRF
LSO,2024,POLICY_VACCINATION_COM,OTHER_GROUPS,,,,,,,,,EJRF
LSO,2024,POLICY_VACCINATION_COM,POLICY_RECOMMENDATION_ELDERLY,,,,,,,,,EJRF
LSO,2024,POLICY_VACCINATION_COM,POLICY_RECOMMENDATION_ELDERLY_CHRONIC,,,,,,,,,EJRF
LSO,2024,POLICY_VACCINATION_COM,POLICY_RECOMMENDATION_ADULTS,,,,,,,,,EJRF
LUX,2024,POLICY_VACCINATION_COM,POLICY_RECOMMENDATION_ELDERLY_CHRONIC,il y a un délai minimum de 6 mois s'il y a une infection ou une vaccination antérieure. Vaccination annuelle en automne,,,,,,,,EJRF
LUX,2024,POLICY_VACCINATION_COM,POLICY_RECOMMENDATION_ELDERLY,il y a un délai minimum de 6 mois s'il y a une infection ou une vaccination antérieure. Vaccination annuelle en automne,,,,,,,,EJRF
LUX,2024,POLICY_VACCINATION_COM,POLICY_RECOMMENDATION_ADULTS,,,,,,,,,EJRF
LUX,2024,POLICY_VACCINATION_COM,POLICY_RECOMMENDATION_ADULTS_CHRONIC,il y a un délai minimum de 6 mois s'il y a une infection ou une vaccination antérieure. Vaccination annuelle en automne,,,,,,,,EJRF
LUX,2024,POLICY_VACCINATION_COM,PW,il y a un délai minimum de 6 mois s'il y a une infection ou une vaccination antérieure. Vaccination annuelle en automne,,,,,,,,EJRF
LUX,2024,POLICY_VACCINATION_COM,POLICY_RECOMMENDATION_HCW,il y a un délai minimum de 6 mois s'il y a une infection ou une vaccination antérieure. Vaccination annuelle en automne,,,,,,,,EJRF
LUX,2024,POLICY_VACCINATION_COM,POLICY_RECOMMENDATION_CA,-4444,,,,,,,,EJRF
LUX,2024,POLICY_VACCINATION_COM,POLICY_RECOMMENDATION_CA_CHRONIC,il y a un délai minimum de 6 mois s'il y a une infection ou une vaccination antérieure. Vaccination annuelle en automne,,,,,,,,EJRF
LUX,2024,POLICY_VACCINATION_COM,OTHER_GROUPS,-4444,,,,,,,,EJRF
MLI,2024,POLICY_VACCINATION_COM,POLICY_RECOMMENDATION_ELDERLY,,,,,,,,,EJRF
MLI,2024,POLICY_VACCINATION_COM,POLICY_RECOMMENDATION_ELDERLY_CHRONIC,,,,,,,,,EJRF
MLI,2024,POLICY_VACCINATION_COM,POLICY_RECOMMENDATION_ADULTS,,,,,,,,,EJRF
MLI,2024,POLICY_VACCINATION_COM,PW,,,,,,,,,EJRF
MLI,2024,POLICY_VACCINATION_COM,POLICY_RECOMMENDATION_HCW,,,,,,,,,EJRF
MLI,2024,POLICY_VACCINATION_COM,POLICY_RECOMMENDATION_CA,,,,,,,,,EJRF
MLI,2024,POLICY_VACCINATION_COM,POLICY_RECOMMENDATION_CA_CHRONIC,,,,,,,,,EJRF
MLI,2024,POLICY_VACCINATION_COM,OTHER_GROUPS,,,,,,,,,EJRF
MLI,2024,POLICY_VACCINATION_COM,POLICY_RECOMMENDATION_ADULTS_CHRONIC,,,,,,,,,EJRF
MUS,2024,POLICY_VACCINATION_COM,POLICY_RECOMMENDATION_ELDERLY,,,,,,,,,EJRF
MUS,2024,POLICY_VACCINATION_COM,POLICY_RECOMMENDATION_ELDERLY_CHRONIC,,,,,,,,,EJRF
MUS,2024,POLICY_VACCINATION_COM,POLICY_RECOMMENDATION_ADULTS,,,,,,,,,EJRF
MUS,2024,POLICY_VACCINATION_COM,POLICY_RECOMMENDATION_ADULTS_CHRONIC,,,,,,,,,EJRF
MUS,2024,POLICY_VACCINATION_COM,PW,,,,,,,,,EJRF
MUS,2024,POLICY_VACCINATION_COM,POLICY_RECOMMENDATION_HCW,,,,,,,,,EJRF
MUS,2024,POLICY_VACCINATION_COM,POLICY_RECOMMENDATION_CA,,,,,,,,,EJRF
MUS,2024,POLICY_VACCINATION_COM,POLICY_RECOMMENDATION_CA_CHRONIC,,,,,,,,,EJRF
MUS,2024,POLICY_VACCINATION_COM,OTHER_GROUPS,,,,,,,,,EJRF
MNG,2024,POLICY_VACCINATION_COM,POLICY_RECOMMENDATION_ELDERLY,,,,,,,,,EJRF
MNG,2024,POLICY_VACCINATION_COM,POLICY_RECOMMENDATION_ELDERLY_CHRONIC,,,,,,,,,EJRF
MNG,2024,POLICY_VACCINATION_COM,POLICY_RECOMMENDATION_ADULTS,,,,,,,,,EJRF
MNG,2024,POLICY_VACCINATION_COM,POLICY_RECOMMENDATION_ADULTS_CHRONIC,,,,,,,,,EJRF
MNG,2024,POLICY_VACCINATION_COM,PW,,,,,,,,,EJRF
MNG,2024,POLICY_VACCINATION_COM,POLICY_RECOMMENDATION_HCW,,,,,,,,,EJRF
MNG,2024,POLICY_VACCINATION_COM,POLICY_RECOMMENDATION_CA,,,,,,,,,EJRF
MNG,2024,POLICY_VACCINATION_COM,POLICY_RECOMMENDATION_CA_CHRONIC,,,,,,,,,EJRF
MNG,2024,POLICY_VACCINATION_COM,OTHER_GROUPS,,,,,,,,,EJRF
MSR,2024,POLICY_VACCINATION_COM,POLICY_RECOMMENDATION_CA,-4444,,,,,,,,EJRF
MSR,2024,POLICY_VACCINATION_COM,POLICY_RECOMMENDATION_CA_CHRONIC,-4444,,,,,,,,EJRF
MSR,2024,POLICY_VACCINATION_COM,OTHER_GROUPS,-4444,,,,,,,,EJRF
MSR,2024,POLICY_VACCINATION_COM,POLICY_RECOMMENDATION_ELDERLY,-4444,,,,,,,,EJRF
MSR,2024,POLICY_VACCINATION_COM,POLICY_RECOMMENDATION_ELDERLY_CHRONIC,-4444,,,,,,,,EJRF
MSR,2024,POLICY_VACCINATION_COM,POLICY_RECOMMENDATION_ADULTS,-4444,,,,,,,,EJRF
MSR,2024,POLICY_VACCINATION_COM,POLICY_RECOMMENDATION_ADULTS_CHRONIC,-4444,,,,,,,,EJRF
MSR,2024,POLICY_VACCINATION_COM,PW,-4444,,,,,,,,EJRF
MSR,2024,POLICY_VACCINATION_COM,POLICY_RECOMMENDATION_HCW,-4444,,,,,,,,EJRF
MMR,2024,POLICY_VACCINATION_COM,PW,-2222,,,,,,,,EJRF
MMR,2024,POLICY_VACCINATION_COM,POLICY_RECOMMENDATION_HCW,-2222,,,,,,,,EJRF
MMR,2024,POLICY_VACCINATION_COM,POLICY_RECOMMENDATION_CA,-2222,,,,,,,,EJRF
MMR,2024,POLICY_VACCINATION_COM,POLICY_RECOMMENDATION_CA_CHRONIC,-2222,,,,,,,,EJRF
MMR,2024,POLICY_VACCINATION_COM,OTHER_GROUPS,-2222,,,,,,,,EJRF
MMR,2024,POLICY_VACCINATION_COM,POLICY_RECOMMENDATION_ADULTS,-2222,,,,,,,,EJRF
MMR,2024,POLICY_VACCINATION_COM,POLICY_RECOMMENDATION_ADULTS_CHRONIC,-2222,,,,,,,,EJRF
MMR,2024,POLICY_VACCINATION_COM,POLICY_RECOMMENDATION_ELDERLY,-2222,,,,,,,,EJRF
MMR,2024,POLICY_VACCINATION_COM,POLICY_RECOMMENDATION_ELDERLY_CHRONIC,-2222,,,,,,,,EJRF
NZL,2024,POLICY_VACCINATION_COM,POLICY_RECOMMENDATION_CA,-2222,,,,,,,,EJRF
NZL,2024,POLICY_VACCINATION_COM,POLICY_RECOMMENDATION_CA_CHRONIC,-2222,,,,,,,,EJRF
NZL,2024,POLICY_VACCINATION_COM,OTHER_GROUPS,-2222,,,,,,,,EJRF
NZL,2024,POLICY_VACCINATION_COM,POLICY_RECOMMENDATION_ELDERLY,-2222,,,,,,,,EJRF
NZL,2024,POLICY_VACCINATION_COM,POLICY_RECOMMENDATION_ELDERLY_CHRONIC,-2222,,,,,,,,EJRF
NZL,2024,POLICY_VACCINATION_COM,POLICY_RECOMMENDATION_ADULTS,-2222,,,,,,,,EJRF
NZL,2024,POLICY_VACCINATION_COM,POLICY_RECOMMENDATION_ADULTS_CHRONIC,-2222,,,,,,,,EJRF
NZL,2024,POLICY_VACCINATION_COM,PW,-2222,,,,,,,,EJRF
NZL,2024,POLICY_VACCINATION_COM,POLICY_RECOMMENDATION_HCW,-2222,,,,,,,,EJRF
NER,2024,POLICY_VACCINATION_COM,PW,,,,,,,,,EJRF
NER,2024,POLICY_VACCINATION_COM,POLICY_RECOMMENDATION_HCW,,,,,,,,,EJRF
NER,2024,POLICY_VACCINATION_COM,POLICY_RECOMMENDATION_CA,,,,,,,,,EJRF
NER,2024,POLICY_VACCINATION_COM,POLICY_RECOMMENDATION_CA_CHRONIC,,,,,,,,,EJRF
NER,2024,POLICY_VACCINATION_COM,OTHER_GROUPS,,,,,,,,,EJRF
NER,2024,POLICY_VACCINATION_COM,POLICY_RECOMMENDATION_ELDERLY,,,,,,,,,EJRF
NER,2024,POLICY_VACCINATION_COM,POLICY_RECOMMENDATION_ELDERLY_CHRONIC,,,,,,,,,EJRF
NER,2024,POLICY_VACCINATION_COM,POLICY_RECOMMENDATION_ADULTS,,,,,,,,,EJRF
NER,2024,POLICY_VACCINATION_COM,POLICY_RECOMMENDATION_ADULTS_CHRONIC,,,,,,,,,EJRF
NGA,2024,POLICY_VACCINATION_COM,POLICY_RECOMMENDATION_ELDERLY,Two months after 1st dose of J&J for Older Adults aged 50 years and above,,,,,,,,EJRF
NGA,2024,POLICY_VACCINATION_COM,POLICY_RECOMMENDATION_HCW,Two months after 1st dose of J&J for Health care workers aged 18 years and above,,,,,,,,EJRF
NGA,2024,POLICY_VACCINATION_COM,POLICY_RECOMMENDATION_CA,-4444,,,,,,,,EJRF
NGA,2024,POLICY_VACCINATION_COM,POLICY_RECOMMENDATION_CA_CHRONIC,-4444,,,,,,,,EJRF
NGA,2024,POLICY_VACCINATION_COM,OTHER_GROUPS,Two months after 1st dose of J&J for All Adults 18-49 years,,,,,,,,EJRF
NGA,2024,POLICY_VACCINATION_COM,POLICY_RECOMMENDATION_ELDERLY_CHRONIC,Two months after 1st dose J&J for Older adults aged 50 years and above,,,,,,,,EJRF
NGA,2024,POLICY_VACCINATION_COM,POLICY_RECOMMENDATION_ADULTS,Two months after 1st dose J&J for Adults aged 18 years and above,,,,,,,,EJRF
NGA,2024,POLICY_VACCINATION_COM,POLICY_RECOMMENDATION_ADULTS_CHRONIC,Two months after 1st dose of J&J for Adults aged 18 years and above,,,,,,,,EJRF
NGA,2024,POLICY_VACCINATION_COM,PW,Two months after 1st dose of J&J for Pregnant women aged 18 years and above,,,,,,,,EJRF
OMN,2024,POLICY_VACCINATION_COM,POLICY_RECOMMENDATION_ELDERLY,,,,,,,,,EJRF
OMN,2024,POLICY_VACCINATION_COM,POLICY_RECOMMENDATION_ELDERLY_CHRONIC,,,,,,,,,EJRF
OMN,2024,POLICY_VACCINATION_COM,POLICY_RECOMMENDATION_ADULTS,,,,,,,,,EJRF
OMN,2024,POLICY_VACCINATION_COM,POLICY_RECOMMENDATION_ADULTS_CHRONIC,,,,,,,,,EJRF
OMN,2024,POLICY_VACCINATION_COM,PW,,,,,,,,,EJRF
OMN,2024,POLICY_VACCINATION_COM,POLICY_RECOMMENDATION_HCW,,,,,,,,,EJRF
OMN,2024,POLICY_VACCINATION_COM,POLICY_RECOMMENDATION_CA,,,,,,,,,EJRF
OMN,2024,POLICY_VACCINATION_COM,POLICY_RECOMMENDATION_CA_CHRONIC,,,,,,,,,EJRF
OMN,2024,POLICY_VACCINATION_COM,OTHER_GROUPS,,,,,,,,,EJRF
PRY,2024,POLICY_VACCINATION_COM,POLICY_RECOMMENDATION_ELDERLY,60 años y más,,,,,,,,EJRF
PRY,2024,POLICY_VACCINATION_COM,POLICY_RECOMMENDATION_ADULTS,No se recomienda de forma sistemática,,,,,,,,EJRF
PRY,2024,POLICY_VACCINATION_COM,POLICY_RECOMMENDATION_ADULTS_CHRONIC,-2222,,,,,,,,EJRF
PRY,2024,POLICY_VACCINATION_COM,PW,En cada embarazo a partir de las 20 semanas de gestación. Sin importar  antecedentes de vacunación previa ,,,,,,,,EJRF
PRY,2024,POLICY_VACCINATION_COM,POLICY_RECOMMENDATION_ELDERLY_CHRONIC,60 años y más,,,,,,,,EJRF
PRY,2024,POLICY_VACCINATION_COM,POLICY_RECOMMENDATION_HCW,-2222,,,,,,,,EJRF
PRY,2024,POLICY_VACCINATION_COM,POLICY_RECOMMENDATION_CA,-4444,,,,,,,,EJRF
PRY,2024,POLICY_VACCINATION_COM,POLICY_RECOMMENDATION_CA_CHRONIC,-2222,,,,,,,,EJRF
PRY,2024,POLICY_VACCINATION_COM,OTHER_GROUPS,-4444,,,,,,,,EJRF
ROU,2024,POLICY_VACCINATION_COM,POLICY_RECOMMENDATION_ELDERLY,-4444,,,,,,,,EJRF
ROU,2024,POLICY_VACCINATION_COM,PW,-4444,,,,,,,,EJRF
ROU,2024,POLICY_VACCINATION_COM,POLICY_RECOMMENDATION_ELDERLY_CHRONIC,-4444,,,,,,,,EJRF
ROU,2024,POLICY_VACCINATION_COM,POLICY_RECOMMENDATION_HCW,-4444,,,,,,,,EJRF
ROU,2024,POLICY_VACCINATION_COM,POLICY_RECOMMENDATION_CA,-4444,,,,,,,,EJRF
ROU,2024,POLICY_VACCINATION_COM,POLICY_RECOMMENDATION_CA_CHRONIC,-4444,,,,,,,,EJRF
ROU,2024,POLICY_VACCINATION_COM,OTHER_GROUPS,-4444,,,,,,,,EJRF
ROU,2024,POLICY_VACCINATION_COM,POLICY_RECOMMENDATION_ADULTS,-4444,,,,,,,,EJRF
ROU,2024,POLICY_VACCINATION_COM,POLICY_RECOMMENDATION_ADULTS_CHRONIC,-4444,,,,,,,,EJRF
VCT,2024,POLICY_VACCINATION_COM,POLICY_RECOMMENDATION_ADULTS,,,,,,,,,EJRF
VCT,2024,POLICY_VACCINATION_COM,POLICY_RECOMMENDATION_ELDERLY,,,,,,,,,EJRF
VCT,2024,POLICY_VACCINATION_COM,POLICY_RECOMMENDATION_ELDERLY_CHRONIC,,,,,,,,,EJRF
VCT,2024,POLICY_VACCINATION_COM,POLICY_RECOMMENDATION_ADULTS_CHRONIC,,,,,,,,,EJRF
VCT,2024,POLICY_VACCINATION_COM,PW,,,,,,,,,EJRF
VCT,2024,POLICY_VACCINATION_COM,POLICY_RECOMMENDATION_HCW,,,,,,,,,EJRF
VCT,2024,POLICY_VACCINATION_COM,POLICY_RECOMMENDATION_CA,,,,,,,,,EJRF
VCT,2024,POLICY_VACCINATION_COM,POLICY_RECOMMENDATION_CA_CHRONIC,,,,,,,,,EJRF
VCT,2024,POLICY_VACCINATION_COM,OTHER_GROUPS,,,,,,,,,EJRF
SEN,2024,POLICY_VACCINATION_COM,POLICY_RECOMMENDATION_ADULTS,-4444,,,,,,,,EJRF
SEN,2024,POLICY_VACCINATION_COM,POLICY_RECOMMENDATION_ADULTS_CHRONIC,-4444,,,,,,,,EJRF
SEN,2024,POLICY_VACCINATION_COM,PW,-4444,,,,,,,,EJRF
SEN,2024,POLICY_VACCINATION_COM,POLICY_RECOMMENDATION_HCW,-4444,,,,,,,,EJRF
SEN,2024,POLICY_VACCINATION_COM,POLICY_RECOMMENDATION_CA,-4444,,,,,,,,EJRF
SEN,2024,POLICY_VACCINATION_COM,POLICY_RECOMMENDATION_CA_CHRONIC,-4444,,,,,,,,EJRF
SEN,2024,POLICY_VACCINATION_COM,OTHER_GROUPS,-4444,,,,,,,,EJRF
SEN,2024,POLICY_VACCINATION_COM,POLICY_RECOMMENDATION_ELDERLY,-4444,,,,,,,,EJRF
SEN,2024,POLICY_VACCINATION_COM,POLICY_RECOMMENDATION_ELDERLY_CHRONIC,-4444,,,,,,,,EJRF
SYC,2024,POLICY_VACCINATION_COM,POLICY_RECOMMENDATION_ELDERLY,-4444,,,,,,,,EJRF
SYC,2024,POLICY_VACCINATION_COM,POLICY_RECOMMENDATION_ELDERLY_CHRONIC,-4444,,,,,,,,EJRF
SYC,2024,POLICY_VACCINATION_COM,POLICY_RECOMMENDATION_ADULTS,-4444,,,,,,,,EJRF
SYC,2024,POLICY_VACCINATION_COM,POLICY_RECOMMENDATION_ADULTS_CHRONIC,-4444,,,,,,,,EJRF
SYC,2024,POLICY_VACCINATION_COM,PW,-4444,,,,,,,,EJRF
SYC,2024,POLICY_VACCINATION_COM,POLICY_RECOMMENDATION_HCW,-4444,,,,,,,,EJRF
SYC,2024,POLICY_VACCINATION_COM,POLICY_RECOMMENDATION_CA,-4444,,,,,,,,EJRF
SYC,2024,POLICY_VACCINATION_COM,POLICY_RECOMMENDATION_CA_CHRONIC,-4444,,,,,,,,EJRF
SYC,2024,POLICY_VACCINATION_COM,OTHER_GROUPS,-4444,,,,,,,,EJRF
SVN,2024,POLICY_VACCINATION_COM,POLICY_RECOMMENDATION_HCW,,,,,,,,,EJRF
SVN,2024,POLICY_VACCINATION_COM,POLICY_RECOMMENDATION_CA,,,,,,,,,EJRF
SVN,2024,POLICY_VACCINATION_COM,POLICY_RECOMMENDATION_CA_CHRONIC,,,,,,,,,EJRF
SVN,2024,POLICY_VACCINATION_COM,OTHER_GROUPS,"Severely immunocompromised individuals may receive an additional dose based on specialist assessment. Particularly vulnerable groups include: organ transplant recipients; cancer patients (e.g. on chemo, radiotherapy, immunotherapy, HSCT); those with severe lung disease (e.g. CF, severe asthma, COPD, IPF); rare diseases increasing infection risk; immunosuppressed (per IDSA); adults with Down syndrome; dialysis patients or those with stage 5 CKD; and those with multiple chronic conditions.",,,,,,,,EJRF
SVN,2024,POLICY_VACCINATION_COM,POLICY_RECOMMENDATION_ELDERLY,"COVID-19 vaccination is recommended for residents of long-term care facilities, vulnerable individuals with chronic conditions (from 6 months of age), and those aged 65 or older. Others may vaccinate if they wish. Each autumn, our recommendations are updated. Individuals can choose to vaccinate annually if desired.",,,,,,,,EJRF
SVN,2024,POLICY_VACCINATION_COM,POLICY_RECOMMENDATION_ELDERLY_CHRONIC,,,,,,,,,EJRF
SVN,2024,POLICY_VACCINATION_COM,POLICY_RECOMMENDATION_ADULTS,,,,,,,,,EJRF
SVN,2024,POLICY_VACCINATION_COM,POLICY_RECOMMENDATION_ADULTS_CHRONIC,,,,,,,,,EJRF
SVN,2024,POLICY_VACCINATION_COM,PW,,,,,,,,,EJRF
SUR,2024,POLICY_VACCINATION_COM,POLICY_RECOMMENDATION_HCW,,,,,,,,,EJRF
SUR,2024,POLICY_VACCINATION_COM,POLICY_RECOMMENDATION_CA,,,,,,,,,EJRF
SUR,2024,POLICY_VACCINATION_COM,POLICY_RECOMMENDATION_CA_CHRONIC,,,,,,,,,EJRF
SUR,2024,POLICY_VACCINATION_COM,OTHER_GROUPS,,,,,,,,,EJRF
SUR,2024,POLICY_VACCINATION_COM,POLICY_RECOMMENDATION_ELDERLY_CHRONIC,,,,,,,,,EJRF
SUR,2024,POLICY_VACCINATION_COM,POLICY_RECOMMENDATION_ADULTS,,,,,,,,,EJRF
SUR,2024,POLICY_VACCINATION_COM,POLICY_RECOMMENDATION_ADULTS_CHRONIC,,,,,,,,,EJRF
SUR,2024,POLICY_VACCINATION_COM,PW,,,,,,,,,EJRF
SUR,2024,POLICY_VACCINATION_COM,POLICY_RECOMMENDATION_ELDERLY,,,,,,,,,EJRF
SWE,2024,POLICY_VACCINATION_COM,POLICY_RECOMMENDATION_ELDERLY,"Alla persons >80  yrs  and persons 65-79 yrs in LTCF or with home care are recommended avaccinations twice a year. All the othe in age group 65-79 are recommended vaccination once a year, in fall",,,,,,,,EJRF
SWE,2024,POLICY_VACCINATION_COM,POLICY_RECOMMENDATION_ELDERLY_CHRONIC,,,,,,,,,EJRF
SWE,2024,POLICY_VACCINATION_COM,POLICY_RECOMMENDATION_ADULTS,,,,,,,,,EJRF
SWE,2024,POLICY_VACCINATION_COM,POLICY_RECOMMENDATION_ADULTS_CHRONIC,,,,,,,,,EJRF
SWE,2024,POLICY_VACCINATION_COM,PW,,,,,,,,,EJRF
SWE,2024,POLICY_VACCINATION_COM,POLICY_RECOMMENDATION_HCW,,,,,,,,,EJRF
SWE,2024,POLICY_VACCINATION_COM,POLICY_RECOMMENDATION_CA,,,,,,,,,EJRF
SWE,2024,POLICY_VACCINATION_COM,POLICY_RECOMMENDATION_CA_CHRONIC,,,,,,,,,EJRF
SWE,2024,POLICY_VACCINATION_COM,OTHER_GROUPS,,,,,,,,,EJRF
TJK,2024,POLICY_VACCINATION_COM,POLICY_RECOMMENDATION_ELDERLY,-4444,,,,,,,,EJRF
TJK,2024,POLICY_VACCINATION_COM,POLICY_RECOMMENDATION_ELDERLY_CHRONIC,-4444,,,,,,,,EJRF
TJK,2024,POLICY_VACCINATION_COM,POLICY_RECOMMENDATION_ADULTS,-4444,,,,,,,,EJRF
TJK,2024,POLICY_VACCINATION_COM,POLICY_RECOMMENDATION_ADULTS_CHRONIC,-4444,,,,,,,,EJRF
TJK,2024,POLICY_VACCINATION_COM,PW,-4444,,,,,,,,EJRF
TJK,2024,POLICY_VACCINATION_COM,POLICY_RECOMMENDATION_HCW,-4444,,,,,,,,EJRF
TJK,2024,POLICY_VACCINATION_COM,POLICY_RECOMMENDATION_CA,-4444,,,,,,,,EJRF
TJK,2024,POLICY_VACCINATION_COM,POLICY_RECOMMENDATION_CA_CHRONIC,-4444,,,,,,,,EJRF
TJK,2024,POLICY_VACCINATION_COM,OTHER_GROUPS,-4444,,,,,,,,EJRF
TTO,2024,POLICY_VACCINATION_COM,POLICY_RECOMMENDATION_ELDERLY,,,,,,,,,EJRF
TTO,2024,POLICY_VACCINATION_COM,POLICY_RECOMMENDATION_ELDERLY_CHRONIC,,,,,,,,,EJRF
TTO,2024,POLICY_VACCINATION_COM,POLICY_RECOMMENDATION_ADULTS,-4444,,,,,,,,EJRF
TTO,2024,POLICY_VACCINATION_COM,POLICY_RECOMMENDATION_ADULTS_CHRONIC,,,,,,,,,EJRF
TTO,2024,POLICY_VACCINATION_COM,PW,-2222,,,,,,,,EJRF
TTO,2024,POLICY_VACCINATION_COM,POLICY_RECOMMENDATION_HCW,-4444,,,,,,,,EJRF
TTO,2024,POLICY_VACCINATION_COM,POLICY_RECOMMENDATION_CA,-4444,,,,,,,,EJRF
TTO,2024,POLICY_VACCINATION_COM,POLICY_RECOMMENDATION_CA_CHRONIC,,,,,,,,,EJRF
TTO,2024,POLICY_VACCINATION_COM,OTHER_GROUPS,-4444,,,,,,,,EJRF
UGA,2024,POLICY_VACCINATION_COM,PW,-4444,,,,,,,,EJRF
UGA,2024,POLICY_VACCINATION_COM,POLICY_RECOMMENDATION_HCW,-4444,,,,,,,,EJRF
UGA,2024,POLICY_VACCINATION_COM,POLICY_RECOMMENDATION_CA,-4444,,,,,,,,EJRF
UGA,2024,POLICY_VACCINATION_COM,POLICY_RECOMMENDATION_CA_CHRONIC,-4444,,,,,,,,EJRF
UGA,2024,POLICY_VACCINATION_COM,OTHER_GROUPS,None,,,,,,,,EJRF
UGA,2024,POLICY_VACCINATION_COM,POLICY_RECOMMENDATION_ELDERLY,-2222,,,,,,,,EJRF
UGA,2024,POLICY_VACCINATION_COM,POLICY_RECOMMENDATION_ELDERLY_CHRONIC,-4444,,,,,,,,EJRF
UGA,2024,POLICY_VACCINATION_COM,POLICY_RECOMMENDATION_ADULTS,-4444,,,,,,,,EJRF
UGA,2024,POLICY_VACCINATION_COM,POLICY_RECOMMENDATION_ADULTS_CHRONIC,-4444,,,,,,,,EJRF
GBR,2024,POLICY_VACCINATION_COM,PW,-2222,,,,,,,,EJRF
GBR,2024,POLICY_VACCINATION_COM,POLICY_RECOMMENDATION_HCW,-2222,,,,,,,,EJRF
GBR,2024,POLICY_VACCINATION_COM,POLICY_RECOMMENDATION_CA,-2222,,,,,,,,EJRF
GBR,2024,POLICY_VACCINATION_COM,POLICY_RECOMMENDATION_ADULTS,-2222,,,,,,,,EJRF
GBR,2024,POLICY_VACCINATION_COM,POLICY_RECOMMENDATION_ADULTS_CHRONIC,-2222,,,,,,,,EJRF
GBR,2024,POLICY_VACCINATION_COM,POLICY_RECOMMENDATION_ELDERLY,Older adults aged 65 and over,,,,,,,,EJRF
GBR,2024,POLICY_VACCINATION_COM,POLICY_RECOMMENDATION_ELDERLY_CHRONIC,People aged 6 months and 65+ years in a clinical risk group ,,,,,,,,EJRF
GBR,2024,POLICY_VACCINATION_COM,POLICY_RECOMMENDATION_CA_CHRONIC,-2222,,,,,,,,EJRF
GBR,2024,POLICY_VACCINATION_COM,OTHER_GROUPS,-2222,,,,,,,,EJRF
TZA,2024,POLICY_VACCINATION_COM,POLICY_RECOMMENDATION_ELDERLY,-2222,,,,,,,,EJRF
TZA,2024,POLICY_VACCINATION_COM,POLICY_RECOMMENDATION_ELDERLY_CHRONIC,-2222,,,,,,,,EJRF
TZA,2024,POLICY_VACCINATION_COM,POLICY_RECOMMENDATION_ADULTS,-2222,,,,,,,,EJRF
TZA,2024,POLICY_VACCINATION_COM,POLICY_RECOMMENDATION_ADULTS_CHRONIC,-2222,,,,,,,,EJRF
TZA,2024,POLICY_VACCINATION_COM,PW,-2222,,,,,,,,EJRF
TZA,2024,POLICY_VACCINATION_COM,POLICY_RECOMMENDATION_HCW,-2222,,,,,,,,EJRF
TZA,2024,POLICY_VACCINATION_COM,POLICY_RECOMMENDATION_CA,-2222,,,,,,,,EJRF
TZA,2024,POLICY_VACCINATION_COM,POLICY_RECOMMENDATION_CA_CHRONIC,-2222,,,,,,,,EJRF
TZA,2024,POLICY_VACCINATION_COM,OTHER_GROUPS,-2222,,,,,,,,EJRF
URY,2024,POLICY_VACCINATION_COM,POLICY_RECOMMENDATION_ADULTS_CHRONIC,-4444,,,,,,,,EJRF
URY,2024,POLICY_VACCINATION_COM,PW,-4444,,,,,,,,EJRF
URY,2024,POLICY_VACCINATION_COM,POLICY_RECOMMENDATION_HCW,En función del riesgo individual,,,,,,,,EJRF
URY,2024,POLICY_VACCINATION_COM,POLICY_RECOMMENDATION_CA,-4444,,,,,,,,EJRF
URY,2024,POLICY_VACCINATION_COM,POLICY_RECOMMENDATION_CA_CHRONIC,Con enfermedades asociadas a mayor riesgo de COVID-19 grave a partir de los 5 años,,,,,,,,EJRF
URY,2024,POLICY_VACCINATION_COM,OTHER_GROUPS,"Inmunodeprimidos, Sd. de Down, Hemodiálisis, trasplantados",,,,,,,,EJRF
URY,2024,POLICY_VACCINATION_COM,POLICY_RECOMMENDATION_ELDERLY,Mayores de 65 años,,,,,,,,EJRF
URY,2024,POLICY_VACCINATION_COM,POLICY_RECOMMENDATION_ELDERLY_CHRONIC,-4444,,,,,,,,EJRF
URY,2024,POLICY_VACCINATION_COM,POLICY_RECOMMENDATION_ADULTS,-4444,,,,,,,,EJRF
YEM,2024,POLICY_VACCINATION_COM,POLICY_RECOMMENDATION_ELDERLY,50 years and above,,,,,,,,EJRF
YEM,2024,POLICY_VACCINATION_COM,POLICY_RECOMMENDATION_ELDERLY_CHRONIC,50 years and above,,,,,,,,EJRF
YEM,2024,POLICY_VACCINATION_COM,POLICY_RECOMMENDATION_ADULTS,18 - 50 years,,,,,,,,EJRF
YEM,2024,POLICY_VACCINATION_COM,POLICY_RECOMMENDATION_ADULTS_CHRONIC,18 - 50 years,,,,,,,,EJRF
YEM,2024,POLICY_VACCINATION_COM,PW,-4444,,,,,,,,EJRF
YEM,2024,POLICY_VACCINATION_COM,POLICY_RECOMMENDATION_HCW,18 years and above,,,,,,,,EJRF
YEM,2024,POLICY_VACCINATION_COM,POLICY_RECOMMENDATION_CA,-4444,,,,,,,,EJRF
YEM,2024,POLICY_VACCINATION_COM,POLICY_RECOMMENDATION_CA_CHRONIC,-4444,,,,,,,,EJRF
YEM,2024,POLICY_VACCINATION_COM,OTHER_GROUPS,,,,,,,,,EJRF
ZMB,2024,POLICY_VACCINATION_COM,POLICY_RECOMMENDATION_ELDERLY,-4444,,,,,,,,EJRF
ZMB,2024,POLICY_VACCINATION_COM,POLICY_RECOMMENDATION_ELDERLY_CHRONIC,-4444,,,,,,,,EJRF
ZMB,2024,POLICY_VACCINATION_COM,POLICY_RECOMMENDATION_ADULTS,-4444,,,,,,,,EJRF
ZMB,2024,POLICY_VACCINATION_COM,POLICY_RECOMMENDATION_ADULTS_CHRONIC,-4444,,,,,,,,EJRF
ZMB,2024,POLICY_VACCINATION_COM,PW,Depends on the vaccine reccomendations,,,,,,,,EJRF
ZMB,2024,POLICY_VACCINATION_COM,POLICY_RECOMMENDATION_HCW,-4444,,,,,,,,EJRF
ZMB,2024,POLICY_VACCINATION_COM,POLICY_RECOMMENDATION_CA,Depends on the vaccine reccomendations,,,,,,,,EJRF
ZMB,2024,POLICY_VACCINATION_COM,POLICY_RECOMMENDATION_CA_CHRONIC,Depends on the vaccine reccomendations,,,,,,,,EJRF
ZMB,2024,POLICY_VACCINATION_COM,OTHER_GROUPS,,,,,,,,,EJRF
KWT,2024,POLICY_VACCINATION,POLICY_RECOMMENDATION_ELDERLY,YES,,,,,,,,EJRF
KWT,2024,POLICY_VACCINATION,POLICY_RECOMMENDATION_ELDERLY_CHRONIC,YES,,,,,,,,EJRF
KWT,2024,POLICY_VACCINATION,POLICY_RECOMMENDATION_ADULTS,YES,,,,,,,,EJRF
KWT,2024,POLICY_VACCINATION,POLICY_RECOMMENDATION_HCW,YES,,,,,,,,EJRF
KWT,2024,POLICY_VACCINATION,POLICY_RECOMMENDATION_CA,YES,,,,,,,,EJRF
KWT,2024,POLICY_VACCINATION,POLICY_RECOMMENDATION_CA_CHRONIC,YES,,,,,,,,EJRF
KWT,2024,POLICY_VACCINATION,PW,YES,,,,,,,,EJRF
KWT,2024,POLICY_VACCINATION,OTHER_GROUPS,YES,,,,,,,,EJRF
KWT,2024,POLICY_VACCINATION,POLICY_RECOMMENDATION_ADULTS_CHRONIC,YES,,,,,,,,EJRF
LBR,2024,POLICY_VACCINATION,POLICY_RECOMMENDATION_ELDERLY_CHRONIC,NO,,,,,,,,EJRF
LBR,2024,POLICY_VACCINATION,POLICY_RECOMMENDATION_ADULTS,NO,,,,,,,,EJRF
LBR,2024,POLICY_VACCINATION,POLICY_RECOMMENDATION_ADULTS_CHRONIC,NO,,,,,,,,EJRF
LBR,2024,POLICY_VACCINATION,POLICY_RECOMMENDATION_ELDERLY,YES,,,,,,,,EJRF
LBR,2024,POLICY_VACCINATION,PW,NO,,,,,,,,EJRF
LBR,2024,POLICY_VACCINATION,POLICY_RECOMMENDATION_HCW,NO,,,,,,,,EJRF
LBR,2024,POLICY_VACCINATION,POLICY_RECOMMENDATION_CA,NO,,,,,,,,EJRF
LBR,2024,POLICY_VACCINATION,POLICY_RECOMMENDATION_CA_CHRONIC,NO,,,,,,,,EJRF
LBR,2024,POLICY_VACCINATION,OTHER_GROUPS,NO,,,,,,,,EJRF
LBY,2024,POLICY_VACCINATION,POLICY_RECOMMENDATION_ADULTS,-2222,,,,,,,,EJRF
LBY,2024,POLICY_VACCINATION,POLICY_RECOMMENDATION_ADULTS_CHRONIC,-2222,,,,,,,,EJRF
LBY,2024,POLICY_VACCINATION,PW,-2222,,,,,,,,EJRF
LBY,2024,POLICY_VACCINATION,POLICY_RECOMMENDATION_HCW,-2222,,,,,,,,EJRF
LBY,2024,POLICY_VACCINATION,POLICY_RECOMMENDATION_CA,-2222,,,,,,,,EJRF
LBY,2024,POLICY_VACCINATION,POLICY_RECOMMENDATION_CA_CHRONIC,-2222,,,,,,,,EJRF
LBY,2024,POLICY_VACCINATION,OTHER_GROUPS,-2222,,,,,,,,EJRF
LBY,2024,POLICY_VACCINATION,POLICY_RECOMMENDATION_ELDERLY,-2222,,,,,,,,EJRF
LBY,2024,POLICY_VACCINATION,POLICY_RECOMMENDATION_ELDERLY_CHRONIC,-2222,,,,,,,,EJRF
MRT,2024,POLICY_VACCINATION,POLICY_RECOMMENDATION_ADULTS_CHRONIC,NO,,,,,,,,EJRF
MRT,2024,POLICY_VACCINATION,PW,,,,,,,,,EJRF
MRT,2024,POLICY_VACCINATION,POLICY_RECOMMENDATION_HCW,,,,,,,,,EJRF
MRT,2024,POLICY_VACCINATION,POLICY_RECOMMENDATION_CA,,,,,,,,,EJRF
MRT,2024,POLICY_VACCINATION,POLICY_RECOMMENDATION_CA_CHRONIC,,,,,,,,,EJRF
MRT,2024,POLICY_VACCINATION,OTHER_GROUPS,,,,,,,,,EJRF
MRT,2024,POLICY_VACCINATION,POLICY_RECOMMENDATION_ELDERLY,NO,,,,,,,,EJRF
MRT,2024,POLICY_VACCINATION,POLICY_RECOMMENDATION_ELDERLY_CHRONIC,NO,,,,,,,,EJRF
MRT,2024,POLICY_VACCINATION,POLICY_RECOMMENDATION_ADULTS,NO,,,,,,,,EJRF
PER,2024,POLICY_VACCINATION,POLICY_RECOMMENDATION_HCW,YES,,,,,,,,EJRF
PER,2024,POLICY_VACCINATION,POLICY_RECOMMENDATION_CA,NO,,,,,,,,EJRF
PER,2024,POLICY_VACCINATION,POLICY_RECOMMENDATION_CA_CHRONIC,YES,,,,,,,,EJRF
PER,2024,POLICY_VACCINATION,OTHER_GROUPS,YES,,,,,,,,EJRF
PER,2024,POLICY_VACCINATION,POLICY_RECOMMENDATION_ADULTS_CHRONIC,YES,,,,,,,,EJRF
PER,2024,POLICY_VACCINATION,PW,YES,,,,,,,,EJRF
PER,2024,POLICY_VACCINATION,POLICY_RECOMMENDATION_ELDERLY,YES,,,,,,,,EJRF
PER,2024,POLICY_VACCINATION,POLICY_RECOMMENDATION_ELDERLY_CHRONIC,YES,,,,,,,,EJRF
PER,2024,POLICY_VACCINATION,POLICY_RECOMMENDATION_ADULTS,NO,,,,,,,,EJRF
KOR,2024,POLICY_VACCINATION,POLICY_RECOMMENDATION_ELDERLY_CHRONIC,YES,,,,,,,,EJRF
KOR,2024,POLICY_VACCINATION,POLICY_RECOMMENDATION_ADULTS,NO,,,,,,,,EJRF
KOR,2024,POLICY_VACCINATION,POLICY_RECOMMENDATION_ADULTS_CHRONIC,YES,,,,,,,,EJRF
KOR,2024,POLICY_VACCINATION,PW,NO,,,,,,,,EJRF
KOR,2024,POLICY_VACCINATION,POLICY_RECOMMENDATION_HCW,NO,,,,,,,,EJRF
KOR,2024,POLICY_VACCINATION,POLICY_RECOMMENDATION_CA,NO,,,,,,,,EJRF
KOR,2024,POLICY_VACCINATION,POLICY_RECOMMENDATION_CA_CHRONIC,YES,,,,,,,,EJRF
KOR,2024,POLICY_VACCINATION,OTHER_GROUPS,YES,,,,,,,,EJRF
KOR,2024,POLICY_VACCINATION,POLICY_RECOMMENDATION_ELDERLY,YES,,,,,,,,EJRF
RWA,2024,POLICY_VACCINATION,POLICY_RECOMMENDATION_ELDERLY_CHRONIC,-4444,,,,,,,,EJRF
RWA,2024,POLICY_VACCINATION,POLICY_RECOMMENDATION_ELDERLY,-4444,,,,,,,,EJRF
RWA,2024,POLICY_VACCINATION,POLICY_RECOMMENDATION_ADULTS,-4444,,,,,,,,EJRF
RWA,2024,POLICY_VACCINATION,POLICY_RECOMMENDATION_ADULTS_CHRONIC,-4444,,,,,,,,EJRF
RWA,2024,POLICY_VACCINATION,PW,-4444,,,,,,,,EJRF
RWA,2024,POLICY_VACCINATION,POLICY_RECOMMENDATION_HCW,-4444,,,,,,,,EJRF
RWA,2024,POLICY_VACCINATION,POLICY_RECOMMENDATION_CA,-4444,,,,,,,,EJRF
RWA,2024,POLICY_VACCINATION,POLICY_RECOMMENDATION_CA_CHRONIC,-4444,,,,,,,,EJRF
RWA,2024,POLICY_VACCINATION,OTHER_GROUPS,-4444,,,,,,,,EJRF
SOM,2024,POLICY_VACCINATION,POLICY_RECOMMENDATION_ELDERLY,YES,,,,,,,,EJRF
SOM,2024,POLICY_VACCINATION,POLICY_RECOMMENDATION_ELDERLY_CHRONIC,-2222,,,,,,,,EJRF
SOM,2024,POLICY_VACCINATION,POLICY_RECOMMENDATION_ADULTS,NO,,,,,,,,EJRF
SOM,2024,POLICY_VACCINATION,POLICY_RECOMMENDATION_ADULTS_CHRONIC,-2222,,,,,,,,EJRF
SOM,2024,POLICY_VACCINATION,PW,YES,,,,,,,,EJRF
SOM,2024,POLICY_VACCINATION,POLICY_RECOMMENDATION_HCW,-2222,,,,,,,,EJRF
SOM,2024,POLICY_VACCINATION,POLICY_RECOMMENDATION_CA,-2222,,,,,,,,EJRF
SOM,2024,POLICY_VACCINATION,POLICY_RECOMMENDATION_CA_CHRONIC,-2222,,,,,,,,EJRF
SOM,2024,POLICY_VACCINATION,OTHER_GROUPS,-2222,,,,,,,,EJRF
TGO,2024,POLICY_VACCINATION,POLICY_RECOMMENDATION_ELDERLY,YES,,,,,,,,EJRF
TGO,2024,POLICY_VACCINATION,POLICY_RECOMMENDATION_ELDERLY_CHRONIC,YES,,,,,,,,EJRF
TGO,2024,POLICY_VACCINATION,POLICY_RECOMMENDATION_ADULTS,YES,,,,,,,,EJRF
TGO,2024,POLICY_VACCINATION,POLICY_RECOMMENDATION_ADULTS_CHRONIC,YES,,,,,,,,EJRF
TGO,2024,POLICY_VACCINATION,PW,YES,,,,,,,,EJRF
TGO,2024,POLICY_VACCINATION,POLICY_RECOMMENDATION_HCW,YES,,,,,,,,EJRF
TGO,2024,POLICY_VACCINATION,POLICY_RECOMMENDATION_CA,NO,,,,,,,,EJRF
TGO,2024,POLICY_VACCINATION,POLICY_RECOMMENDATION_CA_CHRONIC,NO,,,,,,,,EJRF
TGO,2024,POLICY_VACCINATION,OTHER_GROUPS,YES,,,,,,,,EJRF
KWT,2024,POLICY_REVACCINATION,POLICY_RECOMMENDATION_ELDERLY,YES,,,,,,,,EJRF
KWT,2024,POLICY_REVACCINATION,POLICY_RECOMMENDATION_ELDERLY_CHRONIC,YES,,,,,,,,EJRF
KWT,2024,POLICY_REVACCINATION,POLICY_RECOMMENDATION_ADULTS,NO,,,,,,,,EJRF
KWT,2024,POLICY_REVACCINATION,POLICY_RECOMMENDATION_HCW,YES,,,,,,,,EJRF
KWT,2024,POLICY_REVACCINATION,POLICY_RECOMMENDATION_CA,NO,,,,,,,,EJRF
KWT,2024,POLICY_REVACCINATION,POLICY_RECOMMENDATION_CA_CHRONIC,YES,,,,,,,,EJRF
KWT,2024,POLICY_REVACCINATION,PW,YES,,,,,,,,EJRF
KWT,2024,POLICY_REVACCINATION,OTHER_GROUPS,YES,,,,,,,,EJRF
KWT,2024,POLICY_REVACCINATION,POLICY_RECOMMENDATION_ADULTS_CHRONIC,YES,,,,,,,,EJRF
LBR,2024,POLICY_REVACCINATION,POLICY_RECOMMENDATION_ELDERLY_CHRONIC,-4444,,,,,,,,EJRF
LBR,2024,POLICY_REVACCINATION,POLICY_RECOMMENDATION_ADULTS,-2222,,,,,,,,EJRF
LBR,2024,POLICY_REVACCINATION,POLICY_RECOMMENDATION_ADULTS_CHRONIC,-2222,,,,,,,,EJRF
LBR,2024,POLICY_REVACCINATION,POLICY_RECOMMENDATION_ELDERLY,-2222,,,,,,,,EJRF
LBR,2024,POLICY_REVACCINATION,PW,-2222,,,,,,,,EJRF
LBR,2024,POLICY_REVACCINATION,POLICY_RECOMMENDATION_HCW,-2222,,,,,,,,EJRF
LBR,2024,POLICY_REVACCINATION,POLICY_RECOMMENDATION_CA,-2222,,,,,,,,EJRF
LBR,2024,POLICY_REVACCINATION,POLICY_RECOMMENDATION_CA_CHRONIC,-2222,,,,,,,,EJRF
LBR,2024,POLICY_REVACCINATION,OTHER_GROUPS,-2222,,,,,,,,EJRF
LBY,2024,POLICY_REVACCINATION,POLICY_RECOMMENDATION_ADULTS,-2222,,,,,,,,EJRF
LBY,2024,POLICY_REVACCINATION,POLICY_RECOMMENDATION_ADULTS_CHRONIC,-2222,,,,,,,,EJRF
LBY,2024,POLICY_REVACCINATION,PW,-2222,,,,,,,,EJRF
LBY,2024,POLICY_REVACCINATION,POLICY_RECOMMENDATION_HCW,-2222,,,,,,,,EJRF
LBY,2024,POLICY_REVACCINATION,POLICY_RECOMMENDATION_CA,-2222,,,,,,,,EJRF
LBY,2024,POLICY_REVACCINATION,POLICY_RECOMMENDATION_CA_CHRONIC,-2222,,,,,,,,EJRF
LBY,2024,POLICY_REVACCINATION,OTHER_GROUPS,-2222,,,,,,,,EJRF
LBY,2024,POLICY_REVACCINATION,POLICY_RECOMMENDATION_ELDERLY,-2222,,,,,,,,EJRF
LBY,2024,POLICY_REVACCINATION,POLICY_RECOMMENDATION_ELDERLY_CHRONIC,-2222,,,,,,,,EJRF
MRT,2024,POLICY_REVACCINATION,POLICY_RECOMMENDATION_ADULTS_CHRONIC,NO,,,,,,,,EJRF
MRT,2024,POLICY_REVACCINATION,PW,,,,,,,,,EJRF
MRT,2024,POLICY_REVACCINATION,POLICY_RECOMMENDATION_HCW,,,,,,,,,EJRF
MRT,2024,POLICY_REVACCINATION,POLICY_RECOMMENDATION_CA,,,,,,,,,EJRF
MRT,2024,POLICY_REVACCINATION,POLICY_RECOMMENDATION_CA_CHRONIC,,,,,,,,,EJRF
MRT,2024,POLICY_REVACCINATION,OTHER_GROUPS,,,,,,,,,EJRF
MRT,2024,POLICY_REVACCINATION,POLICY_RECOMMENDATION_ELDERLY,NO,,,,,,,,EJRF
MRT,2024,POLICY_REVACCINATION,POLICY_RECOMMENDATION_ELDERLY_CHRONIC,NO,,,,,,,,EJRF
MRT,2024,POLICY_REVACCINATION,POLICY_RECOMMENDATION_ADULTS,NO,,,,,,,,EJRF
PER,2024,POLICY_REVACCINATION,POLICY_RECOMMENDATION_HCW,YES,,,,,,,,EJRF
PER,2024,POLICY_REVACCINATION,POLICY_RECOMMENDATION_CA,NO,,,,,,,,EJRF
PER,2024,POLICY_REVACCINATION,POLICY_RECOMMENDATION_CA_CHRONIC,YES,,,,,,,,EJRF
PER,2024,POLICY_REVACCINATION,OTHER_GROUPS,YES,,,,,,,,EJRF
PER,2024,POLICY_REVACCINATION,POLICY_RECOMMENDATION_ADULTS_CHRONIC,YES,,,,,,,,EJRF
PER,2024,POLICY_REVACCINATION,PW,NO,,,,,,,,EJRF
PER,2024,POLICY_REVACCINATION,POLICY_RECOMMENDATION_ELDERLY,YES,,,,,,,,EJRF
PER,2024,POLICY_REVACCINATION,POLICY_RECOMMENDATION_ELDERLY_CHRONIC,YES,,,,,,,,EJRF
PER,2024,POLICY_REVACCINATION,POLICY_RECOMMENDATION_ADULTS,NO,,,,,,,,EJRF
KOR,2024,POLICY_REVACCINATION,POLICY_RECOMMENDATION_ELDERLY_CHRONIC,YES,,,,,,,,EJRF
KOR,2024,POLICY_REVACCINATION,POLICY_RECOMMENDATION_ADULTS,NO,,,,,,,,EJRF
KOR,2024,POLICY_REVACCINATION,POLICY_RECOMMENDATION_ADULTS_CHRONIC,YES,,,,,,,,EJRF
KOR,2024,POLICY_REVACCINATION,PW,NO,,,,,,,,EJRF
KOR,2024,POLICY_REVACCINATION,POLICY_RECOMMENDATION_HCW,NO,,,,,,,,EJRF
KOR,2024,POLICY_REVACCINATION,POLICY_RECOMMENDATION_CA,NO,,,,,,,,EJRF
KOR,2024,POLICY_REVACCINATION,POLICY_RECOMMENDATION_CA_CHRONIC,YES,,,,,,,,EJRF
KOR,2024,POLICY_REVACCINATION,OTHER_GROUPS,YES,,,,,,,,EJRF
KOR,2024,POLICY_REVACCINATION,POLICY_RECOMMENDATION_ELDERLY,YES,,,,,,,,EJRF
RWA,2024,POLICY_REVACCINATION,POLICY_RECOMMENDATION_ELDERLY_CHRONIC,-4444,,,,,,,,EJRF
RWA,2024,POLICY_REVACCINATION,POLICY_RECOMMENDATION_ELDERLY,-4444,,,,,,,,EJRF
RWA,2024,POLICY_REVACCINATION,POLICY_RECOMMENDATION_ADULTS,-4444,,,,,,,,EJRF
RWA,2024,POLICY_REVACCINATION,POLICY_RECOMMENDATION_ADULTS_CHRONIC,-4444,,,,,,,,EJRF
RWA,2024,POLICY_REVACCINATION,PW,-4444,,,,,,,,EJRF
RWA,2024,POLICY_REVACCINATION,POLICY_RECOMMENDATION_HCW,-4444,,,,,,,,EJRF
RWA,2024,POLICY_REVACCINATION,POLICY_RECOMMENDATION_CA,-4444,,,,,,,,EJRF
RWA,2024,POLICY_REVACCINATION,POLICY_RECOMMENDATION_CA_CHRONIC,-4444,,,,,,,,EJRF
RWA,2024,POLICY_REVACCINATION,OTHER_GROUPS,-4444,,,,,,,,EJRF
SOM,2024,POLICY_REVACCINATION,POLICY_RECOMMENDATION_ELDERLY,-2222,,,,,,,,EJRF
SOM,2024,POLICY_REVACCINATION,POLICY_RECOMMENDATION_ELDERLY_CHRONIC,-2222,,,,,,,,EJRF
SOM,2024,POLICY_REVACCINATION,POLICY_RECOMMENDATION_ADULTS,-2222,,,,,,,,EJRF
SOM,2024,POLICY_REVACCINATION,POLICY_RECOMMENDATION_ADULTS_CHRONIC,-2222,,,,,,,,EJRF
SOM,2024,POLICY_REVACCINATION,PW,YES,,,,,,,,EJRF
SOM,2024,POLICY_REVACCINATION,POLICY_RECOMMENDATION_HCW,-2222,,,,,,,,EJRF
SOM,2024,POLICY_REVACCINATION,POLICY_RECOMMENDATION_CA,-2222,,,,,,,,EJRF
SOM,2024,POLICY_REVACCINATION,POLICY_RECOMMENDATION_CA_CHRONIC,-2222,,,,,,,,EJRF
SOM,2024,POLICY_REVACCINATION,OTHER_GROUPS,-2222,,,,,,,,EJRF
TGO,2024,POLICY_REVACCINATION,POLICY_RECOMMENDATION_ELDERLY,YES,,,,,,,,EJRF
TGO,2024,POLICY_REVACCINATION,POLICY_RECOMMENDATION_ELDERLY_CHRONIC,YES,,,,,,,,EJRF
TGO,2024,POLICY_REVACCINATION,POLICY_RECOMMENDATION_ADULTS,YES,,,,,,,,EJRF
TGO,2024,POLICY_REVACCINATION,POLICY_RECOMMENDATION_ADULTS_CHRONIC,YES,,,,,,,,EJRF
TGO,2024,POLICY_REVACCINATION,PW,YES,,,,,,,,EJRF
TGO,2024,POLICY_REVACCINATION,POLICY_RECOMMENDATION_HCW,YES,,,,,,,,EJRF
TGO,2024,POLICY_REVACCINATION,POLICY_RECOMMENDATION_CA,-4444,,,,,,,,EJRF
TGO,2024,POLICY_REVACCINATION,POLICY_RECOMMENDATION_CA_CHRONIC,-4444,,,,,,,,EJRF
TGO,2024,POLICY_REVACCINATION,OTHER_GROUPS,YES,,,,,,,,EJRF
KWT,2024,POLICY_INTERVAL,POLICY_RECOMMENDATION_ELDERLY,OTHER,,,,,,,,EJRF
KWT,2024,POLICY_INTERVAL,POLICY_RECOMMENDATION_ELDERLY_CHRONIC,OTHER,,,,,,,,EJRF
KWT,2024,POLICY_INTERVAL,POLICY_RECOMMENDATION_ADULTS,-4444,,,,,,,,EJRF
KWT,2024,POLICY_INTERVAL,POLICY_RECOMMENDATION_HCW,OTHER,,,,,,,,EJRF
KWT,2024,POLICY_INTERVAL,POLICY_RECOMMENDATION_CA,-4444,,,,,,,,EJRF
KWT,2024,POLICY_INTERVAL,POLICY_RECOMMENDATION_CA_CHRONIC,OTHER,,,,,,,,EJRF
KWT,2024,POLICY_INTERVAL,PW,OTHER,,,,,,,,EJRF
KWT,2024,POLICY_INTERVAL,OTHER_GROUPS,OTHER,,,,,,,,EJRF
KWT,2024,POLICY_INTERVAL,POLICY_RECOMMENDATION_ADULTS_CHRONIC,OTHER,,,,,,,,EJRF
LBR,2024,POLICY_INTERVAL,POLICY_RECOMMENDATION_ELDERLY_CHRONIC,-2222,,,,,,,,EJRF
LBR,2024,POLICY_INTERVAL,POLICY_RECOMMENDATION_ADULTS,-2222,,,,,,,,EJRF
LBR,2024,POLICY_INTERVAL,POLICY_RECOMMENDATION_ADULTS_CHRONIC,-2222,,,,,,,,EJRF
LBR,2024,POLICY_INTERVAL,POLICY_RECOMMENDATION_ELDERLY,-2222,,,,,,,,EJRF
LBR,2024,POLICY_INTERVAL,PW,-2222,,,,,,,,EJRF
LBR,2024,POLICY_INTERVAL,POLICY_RECOMMENDATION_HCW,-2222,,,,,,,,EJRF
LBR,2024,POLICY_INTERVAL,POLICY_RECOMMENDATION_CA,-2222,,,,,,,,EJRF
LBR,2024,POLICY_INTERVAL,POLICY_RECOMMENDATION_CA_CHRONIC,-2222,,,,,,,,EJRF
LBR,2024,POLICY_INTERVAL,OTHER_GROUPS,-2222,,,,,,,,EJRF
LBY,2024,POLICY_INTERVAL,POLICY_RECOMMENDATION_ADULTS,-2222,,,,,,,,EJRF
LBY,2024,POLICY_INTERVAL,POLICY_RECOMMENDATION_ADULTS_CHRONIC,-2222,,,,,,,,EJRF
LBY,2024,POLICY_INTERVAL,PW,-2222,,,,,,,,EJRF
LBY,2024,POLICY_INTERVAL,POLICY_RECOMMENDATION_HCW,-2222,,,,,,,,EJRF
LBY,2024,POLICY_INTERVAL,POLICY_RECOMMENDATION_CA,-2222,,,,,,,,EJRF
LBY,2024,POLICY_INTERVAL,POLICY_RECOMMENDATION_CA_CHRONIC,-2222,,,,,,,,EJRF
LBY,2024,POLICY_INTERVAL,OTHER_GROUPS,-2222,,,,,,,,EJRF
LBY,2024,POLICY_INTERVAL,POLICY_RECOMMENDATION_ELDERLY,-2222,,,,,,,,EJRF
LBY,2024,POLICY_INTERVAL,POLICY_RECOMMENDATION_ELDERLY_CHRONIC,-2222,,,,,,,,EJRF
MRT,2024,POLICY_INTERVAL,POLICY_RECOMMENDATION_ADULTS_CHRONIC,OTHER,,,,,,,,EJRF
MRT,2024,POLICY_INTERVAL,PW,,,,,,,,,EJRF
MRT,2024,POLICY_INTERVAL,POLICY_RECOMMENDATION_HCW,,,,,,,,,EJRF
MRT,2024,POLICY_INTERVAL,POLICY_RECOMMENDATION_CA,,,,,,,,,EJRF
MRT,2024,POLICY_INTERVAL,POLICY_RECOMMENDATION_CA_CHRONIC,,,,,,,,,EJRF
MRT,2024,POLICY_INTERVAL,OTHER_GROUPS,,,,,,,,,EJRF
MRT,2024,POLICY_INTERVAL,POLICY_RECOMMENDATION_ELDERLY,OTHER,,,,,,,,EJRF
MRT,2024,POLICY_INTERVAL,POLICY_RECOMMENDATION_ELDERLY_CHRONIC,OTHER,,,,,,,,EJRF
MRT,2024,POLICY_INTERVAL,POLICY_RECOMMENDATION_ADULTS,OTHER,,,,,,,,EJRF
PER,2024,POLICY_INTERVAL,POLICY_RECOMMENDATION_HCW,OTHER,,,,,,,,EJRF
PER,2024,POLICY_INTERVAL,POLICY_RECOMMENDATION_CA,-4444,,,,,,,,EJRF
PER,2024,POLICY_INTERVAL,POLICY_RECOMMENDATION_CA_CHRONIC,OTHER,,,,,,,,EJRF
PER,2024,POLICY_INTERVAL,OTHER_GROUPS,OTHER,,,,,,,,EJRF
PER,2024,POLICY_INTERVAL,POLICY_RECOMMENDATION_ADULTS_CHRONIC,OTHER,,,,,,,,EJRF
PER,2024,POLICY_INTERVAL,PW,-4444,,,,,,,,EJRF
PER,2024,POLICY_INTERVAL,POLICY_RECOMMENDATION_ELDERLY,OTHER,,,,,,,,EJRF
PER,2024,POLICY_INTERVAL,POLICY_RECOMMENDATION_ELDERLY_CHRONIC,OTHER,,,,,,,,EJRF
PER,2024,POLICY_INTERVAL,POLICY_RECOMMENDATION_ADULTS,-4444,,,,,,,,EJRF
KOR,2024,POLICY_INTERVAL,POLICY_RECOMMENDATION_ELDERLY_CHRONIC,12_MONTHS,,,,,,,,EJRF
KOR,2024,POLICY_INTERVAL,POLICY_RECOMMENDATION_ADULTS,,,,,,,,,EJRF
KOR,2024,POLICY_INTERVAL,POLICY_RECOMMENDATION_ADULTS_CHRONIC,12_MONTHS,,,,,,,,EJRF
KOR,2024,POLICY_INTERVAL,PW,,,,,,,,,EJRF
KOR,2024,POLICY_INTERVAL,POLICY_RECOMMENDATION_HCW,,,,,,,,,EJRF
KOR,2024,POLICY_INTERVAL,POLICY_RECOMMENDATION_CA,,,,,,,,,EJRF
KOR,2024,POLICY_INTERVAL,POLICY_RECOMMENDATION_CA_CHRONIC,12_MONTHS,,,,,,,,EJRF
KOR,2024,POLICY_INTERVAL,OTHER_GROUPS,12_MONTHS,,,,,,,,EJRF
KOR,2024,POLICY_INTERVAL,POLICY_RECOMMENDATION_ELDERLY,12_MONTHS,,,,,,,,EJRF
RWA,2024,POLICY_INTERVAL,POLICY_RECOMMENDATION_ELDERLY_CHRONIC,-4444,,,,,,,,EJRF
RWA,2024,POLICY_INTERVAL,POLICY_RECOMMENDATION_ELDERLY,-4444,,,,,,,,EJRF
RWA,2024,POLICY_INTERVAL,POLICY_RECOMMENDATION_ADULTS,-4444,,,,,,,,EJRF
RWA,2024,POLICY_INTERVAL,POLICY_RECOMMENDATION_ADULTS_CHRONIC,-4444,,,,,,,,EJRF
RWA,2024,POLICY_INTERVAL,PW,-4444,,,,,,,,EJRF
RWA,2024,POLICY_INTERVAL,POLICY_RECOMMENDATION_HCW,-4444,,,,,,,,EJRF
RWA,2024,POLICY_INTERVAL,POLICY_RECOMMENDATION_CA,-4444,,,,,,,,EJRF
RWA,2024,POLICY_INTERVAL,POLICY_RECOMMENDATION_CA_CHRONIC,-4444,,,,,,,,EJRF
RWA,2024,POLICY_INTERVAL,OTHER_GROUPS,-4444,,,,,,,,EJRF
SOM,2024,POLICY_INTERVAL,POLICY_RECOMMENDATION_ELDERLY,OTHER,,,,,,,,EJRF
SOM,2024,POLICY_INTERVAL,POLICY_RECOMMENDATION_ELDERLY_CHRONIC,-2222,,,,,,,,EJRF
SOM,2024,POLICY_INTERVAL,POLICY_RECOMMENDATION_ADULTS,-2222,,,,,,,,EJRF
SOM,2024,POLICY_INTERVAL,POLICY_RECOMMENDATION_ADULTS_CHRONIC,-2222,,,,,,,,EJRF
SOM,2024,POLICY_INTERVAL,PW,-2222,,,,,,,,EJRF
SOM,2024,POLICY_INTERVAL,POLICY_RECOMMENDATION_HCW,-2222,,,,,,,,EJRF
SOM,2024,POLICY_INTERVAL,POLICY_RECOMMENDATION_CA,-2222,,,,,,,,EJRF
SOM,2024,POLICY_INTERVAL,POLICY_RECOMMENDATION_CA_CHRONIC,-2222,,,,,,,,EJRF
SOM,2024,POLICY_INTERVAL,OTHER_GROUPS,-2222,,,,,,,,EJRF
TGO,2024,POLICY_INTERVAL,POLICY_RECOMMENDATION_ELDERLY,6_MONTHS,,,,,,,,EJRF
TGO,2024,POLICY_INTERVAL,POLICY_RECOMMENDATION_ELDERLY_CHRONIC,6_MONTHS,,,,,,,,EJRF
TGO,2024,POLICY_INTERVAL,POLICY_RECOMMENDATION_ADULTS,6_MONTHS,,,,,,,,EJRF
TGO,2024,POLICY_INTERVAL,POLICY_RECOMMENDATION_ADULTS_CHRONIC,6_MONTHS,,,,,,,,EJRF
TGO,2024,POLICY_INTERVAL,PW,6_MONTHS,,,,,,,,EJRF
TGO,2024,POLICY_INTERVAL,POLICY_RECOMMENDATION_HCW,6_MONTHS,,,,,,,,EJRF
TGO,2024,POLICY_INTERVAL,POLICY_RECOMMENDATION_CA,-4444,,,,,,,,EJRF
TGO,2024,POLICY_INTERVAL,POLICY_RECOMMENDATION_CA_CHRONIC,-4444,,,,,,,,EJRF
TGO,2024,POLICY_INTERVAL,OTHER_GROUPS,6_MONTHS,,,,,,,,EJRF
KWT,2024,POLICY_VACCINATION_COM,POLICY_RECOMMENDATION_ELDERLY,-4444,,,,,,,,EJRF
KWT,2024,POLICY_VACCINATION_COM,POLICY_RECOMMENDATION_ELDERLY_CHRONIC,-4444,,,,,,,,EJRF
KWT,2024,POLICY_VACCINATION_COM,POLICY_RECOMMENDATION_ADULTS,-4444,,,,,,,,EJRF
KWT,2024,POLICY_VACCINATION_COM,POLICY_RECOMMENDATION_HCW,-4444,,,,,,,,EJRF
KWT,2024,POLICY_VACCINATION_COM,POLICY_RECOMMENDATION_CA,-4444,,,,,,,,EJRF
KWT,2024,POLICY_VACCINATION_COM,POLICY_RECOMMENDATION_CA_CHRONIC,-4444,,,,,,,,EJRF
KWT,2024,POLICY_VACCINATION_COM,PW,-4444,,,,,,,,EJRF
KWT,2024,POLICY_VACCINATION_COM,OTHER_GROUPS,"Other groups (e.g: Food handlers, public service workers)",,,,,,,,EJRF
KWT,2024,POLICY_VACCINATION_COM,POLICY_RECOMMENDATION_ADULTS_CHRONIC,-4444,,,,,,,,EJRF
LBR,2024,POLICY_VACCINATION_COM,POLICY_RECOMMENDATION_ELDERLY_CHRONIC,-2222,,,,,,,,EJRF
LBR,2024,POLICY_VACCINATION_COM,POLICY_RECOMMENDATION_ADULTS,-2222,,,,,,,,EJRF
LBR,2024,POLICY_VACCINATION_COM,POLICY_RECOMMENDATION_ADULTS_CHRONIC,-2222,,,,,,,,EJRF
LBR,2024,POLICY_VACCINATION_COM,POLICY_RECOMMENDATION_ELDERLY,-2222,,,,,,,,EJRF
LBR,2024,POLICY_VACCINATION_COM,PW,-2222,,,,,,,,EJRF
LBR,2024,POLICY_VACCINATION_COM,POLICY_RECOMMENDATION_HCW,-2222,,,,,,,,EJRF
LBR,2024,POLICY_VACCINATION_COM,POLICY_RECOMMENDATION_CA,-2222,,,,,,,,EJRF
LBR,2024,POLICY_VACCINATION_COM,POLICY_RECOMMENDATION_CA_CHRONIC,-2222,,,,,,,,EJRF
LBR,2024,POLICY_VACCINATION_COM,OTHER_GROUPS,-2222,,,,,,,,EJRF
LBY,2024,POLICY_VACCINATION_COM,POLICY_RECOMMENDATION_ADULTS,,,,,,,,,EJRF
LBY,2024,POLICY_VACCINATION_COM,POLICY_RECOMMENDATION_ADULTS_CHRONIC,,,,,,,,,EJRF
LBY,2024,POLICY_VACCINATION_COM,PW,,,,,,,,,EJRF
LBY,2024,POLICY_VACCINATION_COM,POLICY_RECOMMENDATION_HCW,,,,,,,,,EJRF
LBY,2024,POLICY_VACCINATION_COM,POLICY_RECOMMENDATION_CA,,,,,,,,,EJRF
LBY,2024,POLICY_VACCINATION_COM,POLICY_RECOMMENDATION_CA_CHRONIC,,,,,,,,,EJRF
LBY,2024,POLICY_VACCINATION_COM,OTHER_GROUPS,,,,,,,,,EJRF
LBY,2024,POLICY_VACCINATION_COM,POLICY_RECOMMENDATION_ELDERLY,,,,,,,,,EJRF
LBY,2024,POLICY_VACCINATION_COM,POLICY_RECOMMENDATION_ELDERLY_CHRONIC,-2222,,,,,,,,EJRF
MRT,2024,POLICY_VACCINATION_COM,POLICY_RECOMMENDATION_ADULTS_CHRONIC,RAS,,,,,,,,EJRF
MRT,2024,POLICY_VACCINATION_COM,PW,,,,,,,,,EJRF
MRT,2024,POLICY_VACCINATION_COM,POLICY_RECOMMENDATION_HCW,,,,,,,,,EJRF
MRT,2024,POLICY_VACCINATION_COM,POLICY_RECOMMENDATION_CA,,,,,,,,,EJRF
MRT,2024,POLICY_VACCINATION_COM,POLICY_RECOMMENDATION_CA_CHRONIC,,,,,,,,,EJRF
MRT,2024,POLICY_VACCINATION_COM,OTHER_GROUPS,,,,,,,,,EJRF
MRT,2024,POLICY_VACCINATION_COM,POLICY_RECOMMENDATION_ELDERLY,RAS,,,,,,,,EJRF
MRT,2024,POLICY_VACCINATION_COM,POLICY_RECOMMENDATION_ELDERLY_CHRONIC,,,,,,,,,EJRF
MRT,2024,POLICY_VACCINATION_COM,POLICY_RECOMMENDATION_ADULTS,RAS,,,,,,,,EJRF
PER,2024,POLICY_VACCINATION_COM,POLICY_RECOMMENDATION_HCW,en el intervalo de 3 meses,,,,,,,,EJRF
PER,2024,POLICY_VACCINATION_COM,POLICY_RECOMMENDATION_CA,,,,,,,,,EJRF
PER,2024,POLICY_VACCINATION_COM,POLICY_RECOMMENDATION_CA_CHRONIC,en el intervalo de 3 meses,,,,,,,,EJRF
PER,2024,POLICY_VACCINATION_COM,OTHER_GROUPS,en el intervalo de 3 meses,,,,,,,,EJRF
PER,2024,POLICY_VACCINATION_COM,POLICY_RECOMMENDATION_ADULTS_CHRONIC,en el intervalo de 3 meses,,,,,,,,EJRF
PER,2024,POLICY_VACCINATION_COM,PW,La aplicación de la vacuna contra COVID19 es a partir de las 12 semanas de gestación,,,,,,,,EJRF
PER,2024,POLICY_VACCINATION_COM,POLICY_RECOMMENDATION_ELDERLY,en el intervalo de 3 meses,,,,,,,,EJRF
PER,2024,POLICY_VACCINATION_COM,POLICY_RECOMMENDATION_ELDERLY_CHRONIC,en el intervalo de 3 meses,,,,,,,,EJRF
PER,2024,POLICY_VACCINATION_COM,POLICY_RECOMMENDATION_ADULTS,,,,,,,,,EJRF
KOR,2024,POLICY_VACCINATION_COM,POLICY_RECOMMENDATION_ELDERLY_CHRONIC,,,,,,,,,EJRF
KOR,2024,POLICY_VACCINATION_COM,POLICY_RECOMMENDATION_ADULTS,,,,,,,,,EJRF
KOR,2024,POLICY_VACCINATION_COM,POLICY_RECOMMENDATION_ADULTS_CHRONIC,Immunocompromised indivisuals under 65 years old,,,,,,,,EJRF
KOR,2024,POLICY_VACCINATION_COM,PW,,,,,,,,,EJRF
KOR,2024,POLICY_VACCINATION_COM,POLICY_RECOMMENDATION_HCW,,,,,,,,,EJRF
KOR,2024,POLICY_VACCINATION_COM,POLICY_RECOMMENDATION_CA,,,,,,,,,EJRF
KOR,2024,POLICY_VACCINATION_COM,POLICY_RECOMMENDATION_CA_CHRONIC,Immunocompromised indivisuals or under 11 years old,,,,,,,,EJRF
KOR,2024,POLICY_VACCINATION_COM,OTHER_GROUPS,Residents of high-risk facilities under 65 years old,,,,,,,,EJRF
KOR,2024,POLICY_VACCINATION_COM,POLICY_RECOMMENDATION_ELDERLY,65 years old or older,,,,,,,,EJRF
RWA,2024,POLICY_VACCINATION_COM,POLICY_RECOMMENDATION_ELDERLY_CHRONIC,-4444,,,,,,,,EJRF
RWA,2024,POLICY_VACCINATION_COM,POLICY_RECOMMENDATION_ELDERLY,-4444,,,,,,,,EJRF
RWA,2024,POLICY_VACCINATION_COM,POLICY_RECOMMENDATION_ADULTS,,,,,,,,,EJRF
RWA,2024,POLICY_VACCINATION_COM,POLICY_RECOMMENDATION_ADULTS_CHRONIC,-4444,,,,,,,,EJRF
RWA,2024,POLICY_VACCINATION_COM,PW,-4444,,,,,,,,EJRF
RWA,2024,POLICY_VACCINATION_COM,POLICY_RECOMMENDATION_HCW,-4444,,,,,,,,EJRF
RWA,2024,POLICY_VACCINATION_COM,POLICY_RECOMMENDATION_CA,-4444,,,,,,,,EJRF
RWA,2024,POLICY_VACCINATION_COM,POLICY_RECOMMENDATION_CA_CHRONIC,-4444,,,,,,,,EJRF
RWA,2024,POLICY_VACCINATION_COM,OTHER_GROUPS,-4444,,,,,,,,EJRF
SOM,2024,POLICY_VACCINATION_COM,POLICY_RECOMMENDATION_ELDERLY,-2222,,,,,,,,EJRF
SOM,2024,POLICY_VACCINATION_COM,POLICY_RECOMMENDATION_ELDERLY_CHRONIC,-2222,,,,,,,,EJRF
SOM,2024,POLICY_VACCINATION_COM,POLICY_RECOMMENDATION_ADULTS,-2222,,,,,,,,EJRF
SOM,2024,POLICY_VACCINATION_COM,POLICY_RECOMMENDATION_ADULTS_CHRONIC,-2222,,,,,,,,EJRF
SOM,2024,POLICY_VACCINATION_COM,PW,-2222,,,,,,,,EJRF
SOM,2024,POLICY_VACCINATION_COM,POLICY_RECOMMENDATION_HCW,-2222,,,,,,,,EJRF
SOM,2024,POLICY_VACCINATION_COM,POLICY_RECOMMENDATION_CA,-2222,,,,,,,,EJRF
SOM,2024,POLICY_VACCINATION_COM,POLICY_RECOMMENDATION_CA_CHRONIC,-2222,,,,,,,,EJRF
SOM,2024,POLICY_VACCINATION_COM,OTHER_GROUPS,-2222,,,,,,,,EJRF
TGO,2024,POLICY_VACCINATION_COM,POLICY_RECOMMENDATION_ELDERLY,-4444,,,,,,,,EJRF
TGO,2024,POLICY_VACCINATION_COM,POLICY_RECOMMENDATION_ELDERLY_CHRONIC,-4444,,,,,,,,EJRF
TGO,2024,POLICY_VACCINATION_COM,POLICY_RECOMMENDATION_ADULTS,-4444,,,,,,,,EJRF
TGO,2024,POLICY_VACCINATION_COM,POLICY_RECOMMENDATION_ADULTS_CHRONIC,-4444,,,,,,,,EJRF
TGO,2024,POLICY_VACCINATION_COM,PW,-4444,,,,,,,,EJRF
TGO,2024,POLICY_VACCINATION_COM,POLICY_RECOMMENDATION_HCW,-4444,,,,,,,,EJRF
TGO,2024,POLICY_VACCINATION_COM,POLICY_RECOMMENDATION_CA,-4444,,,,,,,,EJRF
TGO,2024,POLICY_VACCINATION_COM,POLICY_RECOMMENDATION_CA_CHRONIC,-4444,,,,,,,,EJRF
TGO,2024,POLICY_VACCINATION_COM,OTHER_GROUPS,-4444,,,,,,,,EJRF
MHL,2024,POLICY_VACCINATION,POLICY_RECOMMENDATION_ELDERLY,-2222,,,,,,,,EJRF
MHL,2024,POLICY_VACCINATION,POLICY_RECOMMENDATION_CA,-4444,,,,,,,,EJRF
MHL,2024,POLICY_VACCINATION,POLICY_RECOMMENDATION_ELDERLY_CHRONIC,-2222,,,,,,,,EJRF
MHL,2024,POLICY_VACCINATION,POLICY_RECOMMENDATION_ADULTS,-2222,,,,,,,,EJRF
MHL,2024,POLICY_VACCINATION,POLICY_RECOMMENDATION_ADULTS_CHRONIC,-2222,,,,,,,,EJRF
MHL,2024,POLICY_VACCINATION,PW,-2222,,,,,,,,EJRF
MHL,2024,POLICY_VACCINATION,POLICY_RECOMMENDATION_HCW,-2222,,,,,,,,EJRF
MHL,2024,POLICY_VACCINATION,POLICY_RECOMMENDATION_CA_CHRONIC,-2222,,,,,,,,EJRF
MHL,2024,POLICY_VACCINATION,OTHER_GROUPS,-2222,,,,,,,,EJRF
MHL,2024,POLICY_REVACCINATION,POLICY_RECOMMENDATION_ELDERLY,-2222,,,,,,,,EJRF
MHL,2024,POLICY_REVACCINATION,POLICY_RECOMMENDATION_CA,-2222,,,,,,,,EJRF
MHL,2024,POLICY_REVACCINATION,POLICY_RECOMMENDATION_ELDERLY_CHRONIC,-2222,,,,,,,,EJRF
MHL,2024,POLICY_REVACCINATION,POLICY_RECOMMENDATION_ADULTS,-2222,,,,,,,,EJRF
MHL,2024,POLICY_REVACCINATION,POLICY_RECOMMENDATION_ADULTS_CHRONIC,-2222,,,,,,,,EJRF
MHL,2024,POLICY_REVACCINATION,PW,-2222,,,,,,,,EJRF
MHL,2024,POLICY_REVACCINATION,POLICY_RECOMMENDATION_HCW,-2222,,,,,,,,EJRF
MHL,2024,POLICY_REVACCINATION,POLICY_RECOMMENDATION_CA_CHRONIC,-2222,,,,,,,,EJRF
MHL,2024,POLICY_REVACCINATION,OTHER_GROUPS,-2222,,,,,,,,EJRF
MHL,2024,POLICY_INTERVAL,POLICY_RECOMMENDATION_ELDERLY,-2222,,,,,,,,EJRF
MHL,2024,POLICY_INTERVAL,POLICY_RECOMMENDATION_CA,-2222,,,,,,,,EJRF
MHL,2024,POLICY_INTERVAL,POLICY_RECOMMENDATION_ELDERLY_CHRONIC,-2222,,,,,,,,EJRF
MHL,2024,POLICY_INTERVAL,POLICY_RECOMMENDATION_ADULTS,-2222,,,,,,,,EJRF
MHL,2024,POLICY_INTERVAL,POLICY_RECOMMENDATION_ADULTS_CHRONIC,-2222,,,,,,,,EJRF
MHL,2024,POLICY_INTERVAL,PW,-2222,,,,,,,,EJRF
MHL,2024,POLICY_INTERVAL,POLICY_RECOMMENDATION_HCW,-2222,,,,,,,,EJRF
MHL,2024,POLICY_INTERVAL,POLICY_RECOMMENDATION_CA_CHRONIC,-2222,,,,,,,,EJRF
MHL,2024,POLICY_INTERVAL,OTHER_GROUPS,-2222,,,,,,,,EJRF
MHL,2024,POLICY_VACCINATION_COM,POLICY_RECOMMENDATION_ELDERLY,-2222,,,,,,,,EJRF
MHL,2024,POLICY_VACCINATION_COM,POLICY_RECOMMENDATION_CA,-2222,,,,,,,,EJRF
MHL,2024,POLICY_VACCINATION_COM,POLICY_RECOMMENDATION_ELDERLY_CHRONIC,-2222,,,,,,,,EJRF
MHL,2024,POLICY_VACCINATION_COM,POLICY_RECOMMENDATION_ADULTS,-2222,,,,,,,,EJRF
MHL,2024,POLICY_VACCINATION_COM,POLICY_RECOMMENDATION_ADULTS_CHRONIC,-2222,,,,,,,,EJRF
MHL,2024,POLICY_VACCINATION_COM,PW,-2222,,,,,,,,EJRF
MHL,2024,POLICY_VACCINATION_COM,POLICY_RECOMMENDATION_HCW,-2222,,,,,,,,EJRF
MHL,2024,POLICY_VACCINATION_COM,POLICY_RECOMMENDATION_CA_CHRONIC,-2222,,,,,,,,EJRF
MHL,2024,POLICY_VACCINATION_COM,OTHER_GROUPS,-2222,,,,,,,,EJRF
CHL,2024,POLICY_VACCINATION,POLICY_RECOMMENDATION_ELDERLY,YES,,,,,,,,EJRF
CHL,2024,POLICY_VACCINATION,POLICY_RECOMMENDATION_ELDERLY_CHRONIC,-4444,,,,,,,,EJRF
CHL,2024,POLICY_VACCINATION,POLICY_RECOMMENDATION_ADULTS,-4444,,,,,,,,EJRF
CHL,2024,POLICY_VACCINATION,POLICY_RECOMMENDATION_ADULTS_CHRONIC,YES,,,,,,,,EJRF
CHL,2024,POLICY_VACCINATION,PW,YES,,,,,,,,EJRF
CHL,2024,POLICY_VACCINATION,POLICY_RECOMMENDATION_HCW,YES,,,,,,,,EJRF
CHL,2024,POLICY_VACCINATION,POLICY_RECOMMENDATION_CA,NO,,,,,,,,EJRF
CHL,2024,POLICY_VACCINATION,POLICY_RECOMMENDATION_CA_CHRONIC,-2222,,,,,,,,EJRF
CHL,2024,POLICY_VACCINATION,OTHER_GROUPS,-4444,,,,,,,,EJRF
CRI,2024,POLICY_VACCINATION,POLICY_RECOMMENDATION_ELDERLY,YES,,,,,,,,EJRF
CRI,2024,POLICY_VACCINATION,POLICY_RECOMMENDATION_ELDERLY_CHRONIC,YES,,,,,,,,EJRF
CRI,2024,POLICY_VACCINATION,POLICY_RECOMMENDATION_ADULTS,YES,,,,,,,,EJRF
CRI,2024,POLICY_VACCINATION,POLICY_RECOMMENDATION_ADULTS_CHRONIC,YES,,,,,,,,EJRF
CRI,2024,POLICY_VACCINATION,PW,YES,,,,,,,,EJRF
CRI,2024,POLICY_VACCINATION,POLICY_RECOMMENDATION_HCW,YES,,,,,,,,EJRF
CRI,2024,POLICY_VACCINATION,POLICY_RECOMMENDATION_CA,YES,,,,,,,,EJRF
CRI,2024,POLICY_VACCINATION,POLICY_RECOMMENDATION_CA_CHRONIC,YES,,,,,,,,EJRF
CRI,2024,POLICY_VACCINATION,OTHER_GROUPS,YES,,,,,,,,EJRF
PNG,2024,POLICY_VACCINATION,POLICY_RECOMMENDATION_ELDERLY,YES,,,,,,,,EJRF
PNG,2024,POLICY_VACCINATION,POLICY_RECOMMENDATION_ELDERLY_CHRONIC,YES,,,,,,,,EJRF
PNG,2024,POLICY_VACCINATION,POLICY_RECOMMENDATION_ADULTS,YES,,,,,,,,EJRF
PNG,2024,POLICY_VACCINATION,POLICY_RECOMMENDATION_ADULTS_CHRONIC,YES,,,,,,,,EJRF
PNG,2024,POLICY_VACCINATION,PW,NO,,,,,,,,EJRF
PNG,2024,POLICY_VACCINATION,POLICY_RECOMMENDATION_HCW,YES,,,,,,,,EJRF
PNG,2024,POLICY_VACCINATION,POLICY_RECOMMENDATION_CA,NO,,,,,,,,EJRF
PNG,2024,POLICY_VACCINATION,POLICY_RECOMMENDATION_CA_CHRONIC,NO,,,,,,,,EJRF
PNG,2024,POLICY_VACCINATION,OTHER_GROUPS,NO,,,,,,,,EJRF
SLE,2024,POLICY_VACCINATION,PW,,,,,,,,,EJRF
SLE,2024,POLICY_VACCINATION,POLICY_RECOMMENDATION_HCW,,,,,,,,,EJRF
SLE,2024,POLICY_VACCINATION,POLICY_RECOMMENDATION_CA,,,,,,,,,EJRF
SLE,2024,POLICY_VACCINATION,POLICY_RECOMMENDATION_CA_CHRONIC,,,,,,,,,EJRF
SLE,2024,POLICY_VACCINATION,OTHER_GROUPS,,,,,,,,,EJRF
SLE,2024,POLICY_VACCINATION,POLICY_RECOMMENDATION_ELDERLY,,,,,,,,,EJRF
SLE,2024,POLICY_VACCINATION,POLICY_RECOMMENDATION_ELDERLY_CHRONIC,,,,,,,,,EJRF
SLE,2024,POLICY_VACCINATION,POLICY_RECOMMENDATION_ADULTS,,,,,,,,,EJRF
SLE,2024,POLICY_VACCINATION,POLICY_RECOMMENDATION_ADULTS_CHRONIC,,,,,,,,,EJRF
CHL,2024,POLICY_REVACCINATION,POLICY_RECOMMENDATION_ELDERLY,YES,,,,,,,,EJRF
CHL,2024,POLICY_REVACCINATION,POLICY_RECOMMENDATION_ELDERLY_CHRONIC,,,,,,,,,EJRF
CHL,2024,POLICY_REVACCINATION,POLICY_RECOMMENDATION_ADULTS,,,,,,,,,EJRF
CHL,2024,POLICY_REVACCINATION,POLICY_RECOMMENDATION_ADULTS_CHRONIC,YES,,,,,,,,EJRF
CHL,2024,POLICY_REVACCINATION,PW,YES,,,,,,,,EJRF
CHL,2024,POLICY_REVACCINATION,POLICY_RECOMMENDATION_HCW,YES,,,,,,,,EJRF
CHL,2024,POLICY_REVACCINATION,POLICY_RECOMMENDATION_CA,,,,,,,,,EJRF
CHL,2024,POLICY_REVACCINATION,POLICY_RECOMMENDATION_CA_CHRONIC,,,,,,,,,EJRF
CHL,2024,POLICY_REVACCINATION,OTHER_GROUPS,,,,,,,,,EJRF
CRI,2024,POLICY_REVACCINATION,POLICY_RECOMMENDATION_ELDERLY,YES,,,,,,,,EJRF
CRI,2024,POLICY_REVACCINATION,POLICY_RECOMMENDATION_ELDERLY_CHRONIC,YES,,,,,,,,EJRF
CRI,2024,POLICY_REVACCINATION,POLICY_RECOMMENDATION_ADULTS,YES,,,,,,,,EJRF
CRI,2024,POLICY_REVACCINATION,POLICY_RECOMMENDATION_ADULTS_CHRONIC,YES,,,,,,,,EJRF
CRI,2024,POLICY_REVACCINATION,PW,YES,,,,,,,,EJRF
CRI,2024,POLICY_REVACCINATION,POLICY_RECOMMENDATION_HCW,YES,,,,,,,,EJRF
CRI,2024,POLICY_REVACCINATION,POLICY_RECOMMENDATION_CA,YES,,,,,,,,EJRF
CRI,2024,POLICY_REVACCINATION,POLICY_RECOMMENDATION_CA_CHRONIC,YES,,,,,,,,EJRF
CRI,2024,POLICY_REVACCINATION,OTHER_GROUPS,YES,,,,,,,,EJRF
PNG,2024,POLICY_REVACCINATION,POLICY_RECOMMENDATION_ELDERLY,YES,,,,,,,,EJRF
PNG,2024,POLICY_REVACCINATION,POLICY_RECOMMENDATION_ELDERLY_CHRONIC,YES,,,,,,,,EJRF
PNG,2024,POLICY_REVACCINATION,POLICY_RECOMMENDATION_ADULTS,YES,,,,,,,,EJRF
PNG,2024,POLICY_REVACCINATION,POLICY_RECOMMENDATION_ADULTS_CHRONIC,YES,,,,,,,,EJRF
PNG,2024,POLICY_REVACCINATION,PW,,,,,,,,,EJRF
PNG,2024,POLICY_REVACCINATION,POLICY_RECOMMENDATION_HCW,YES,,,,,,,,EJRF
PNG,2024,POLICY_REVACCINATION,POLICY_RECOMMENDATION_CA,,,,,,,,,EJRF
PNG,2024,POLICY_REVACCINATION,POLICY_RECOMMENDATION_CA_CHRONIC,,,,,,,,,EJRF
PNG,2024,POLICY_REVACCINATION,OTHER_GROUPS,,,,,,,,,EJRF
SLE,2024,POLICY_REVACCINATION,PW,,,,,,,,,EJRF
SLE,2024,POLICY_REVACCINATION,POLICY_RECOMMENDATION_HCW,,,,,,,,,EJRF
SLE,2024,POLICY_REVACCINATION,POLICY_RECOMMENDATION_CA,,,,,,,,,EJRF
SLE,2024,POLICY_REVACCINATION,POLICY_RECOMMENDATION_CA_CHRONIC,,,,,,,,,EJRF
SLE,2024,POLICY_REVACCINATION,OTHER_GROUPS,,,,,,,,,EJRF
SLE,2024,POLICY_REVACCINATION,POLICY_RECOMMENDATION_ELDERLY,,,,,,,,,EJRF
SLE,2024,POLICY_REVACCINATION,POLICY_RECOMMENDATION_ELDERLY_CHRONIC,,,,,,,,,EJRF
SLE,2024,POLICY_REVACCINATION,POLICY_RECOMMENDATION_ADULTS,,,,,,,,,EJRF
SLE,2024,POLICY_REVACCINATION,POLICY_RECOMMENDATION_ADULTS_CHRONIC,,,,,,,,,EJRF
CHL,2024,POLICY_INTERVAL,POLICY_RECOMMENDATION_ELDERLY,,,,,,,,,EJRF
CHL,2024,POLICY_INTERVAL,POLICY_RECOMMENDATION_ELDERLY_CHRONIC,,,,,,,,,EJRF
CHL,2024,POLICY_INTERVAL,POLICY_RECOMMENDATION_ADULTS,,,,,,,,,EJRF
CHL,2024,POLICY_INTERVAL,POLICY_RECOMMENDATION_ADULTS_CHRONIC,,,,,,,,,EJRF
CHL,2024,POLICY_INTERVAL,PW,,,,,,,,,EJRF
CHL,2024,POLICY_INTERVAL,POLICY_RECOMMENDATION_HCW,,,,,,,,,EJRF
CHL,2024,POLICY_INTERVAL,POLICY_RECOMMENDATION_CA,,,,,,,,,EJRF
CHL,2024,POLICY_INTERVAL,POLICY_RECOMMENDATION_CA_CHRONIC,,,,,,,,,EJRF
CHL,2024,POLICY_INTERVAL,OTHER_GROUPS,,,,,,,,,EJRF
CRI,2024,POLICY_INTERVAL,POLICY_RECOMMENDATION_ELDERLY,12_MONTHS,,,,,,,,EJRF
CRI,2024,POLICY_INTERVAL,POLICY_RECOMMENDATION_ELDERLY_CHRONIC,12_MONTHS,,,,,,,,EJRF
CRI,2024,POLICY_INTERVAL,POLICY_RECOMMENDATION_ADULTS,12_MONTHS,,,,,,,,EJRF
CRI,2024,POLICY_INTERVAL,POLICY_RECOMMENDATION_ADULTS_CHRONIC,12_MONTHS,,,,,,,,EJRF
CRI,2024,POLICY_INTERVAL,PW,12_MONTHS,,,,,,,,EJRF
CRI,2024,POLICY_INTERVAL,POLICY_RECOMMENDATION_HCW,12_MONTHS,,,,,,,,EJRF
CRI,2024,POLICY_INTERVAL,POLICY_RECOMMENDATION_CA,12_MONTHS,,,,,,,,EJRF
CRI,2024,POLICY_INTERVAL,POLICY_RECOMMENDATION_CA_CHRONIC,12_MONTHS,,,,,,,,EJRF
CRI,2024,POLICY_INTERVAL,OTHER_GROUPS,12_MONTHS,,,,,,,,EJRF
PNG,2024,POLICY_INTERVAL,POLICY_RECOMMENDATION_ELDERLY,,,,,,,,,EJRF
PNG,2024,POLICY_INTERVAL,POLICY_RECOMMENDATION_ELDERLY_CHRONIC,,,,,,,,,EJRF
PNG,2024,POLICY_INTERVAL,POLICY_RECOMMENDATION_ADULTS,,,,,,,,,EJRF
PNG,2024,POLICY_INTERVAL,POLICY_RECOMMENDATION_ADULTS_CHRONIC,,,,,,,,,EJRF
PNG,2024,POLICY_INTERVAL,PW,,,,,,,,,EJRF
PNG,2024,POLICY_INTERVAL,POLICY_RECOMMENDATION_HCW,,,,,,,,,EJRF
PNG,2024,POLICY_INTERVAL,POLICY_RECOMMENDATION_CA,,,,,,,,,EJRF
PNG,2024,POLICY_INTERVAL,POLICY_RECOMMENDATION_CA_CHRONIC,,,,,,,,,EJRF
PNG,2024,POLICY_INTERVAL,OTHER_GROUPS,,,,,,,,,EJRF
SLE,2024,POLICY_INTERVAL,PW,,,,,,,,,EJRF
SLE,2024,POLICY_INTERVAL,POLICY_RECOMMENDATION_HCW,,,,,,,,,EJRF
SLE,2024,POLICY_INTERVAL,POLICY_RECOMMENDATION_CA,,,,,,,,,EJRF
SLE,2024,POLICY_INTERVAL,POLICY_RECOMMENDATION_CA_CHRONIC,,,,,,,,,EJRF
SLE,2024,POLICY_INTERVAL,OTHER_GROUPS,,,,,,,,,EJRF
SLE,2024,POLICY_INTERVAL,POLICY_RECOMMENDATION_ELDERLY,,,,,,,,,EJRF
SLE,2024,POLICY_INTERVAL,POLICY_RECOMMENDATION_ELDERLY_CHRONIC,,,,,,,,,EJRF
SLE,2024,POLICY_INTERVAL,POLICY_RECOMMENDATION_ADULTS,,,,,,,,,EJRF
SLE,2024,POLICY_INTERVAL,POLICY_RECOMMENDATION_ADULTS_CHRONIC,,,,,,,,,EJRF
CHL,2024,POLICY_VACCINATION_COM,POLICY_RECOMMENDATION_ELDERLY,60 años y más,,,,,,,,EJRF
CHL,2024,POLICY_VACCINATION_COM,POLICY_RECOMMENDATION_ELDERLY_CHRONIC,,,,,,,,,EJRF
CHL,2024,POLICY_VACCINATION_COM,POLICY_RECOMMENDATION_ADULTS,,,,,,,,,EJRF
CHL,2024,POLICY_VACCINATION_COM,POLICY_RECOMMENDATION_ADULTS_CHRONIC,6 meses a 59 años,,,,,,,,EJRF
CHL,2024,POLICY_VACCINATION_COM,PW,semana 28 de gestación,,,,,,,,EJRF
CHL,2024,POLICY_VACCINATION_COM,POLICY_RECOMMENDATION_HCW,públicos y privados,,,,,,,,EJRF
CHL,2024,POLICY_VACCINATION_COM,POLICY_RECOMMENDATION_CA,,,,,,,,,EJRF
CHL,2024,POLICY_VACCINATION_COM,POLICY_RECOMMENDATION_CA_CHRONIC,,,,,,,,,EJRF
CHL,2024,POLICY_VACCINATION_COM,OTHER_GROUPS,,,,,,,,,EJRF
CRI,2024,POLICY_VACCINATION_COM,POLICY_RECOMMENDATION_ELDERLY,Vacunación no es obligatoria,,,,,,,,EJRF
CRI,2024,POLICY_VACCINATION_COM,POLICY_RECOMMENDATION_ELDERLY_CHRONIC,Vacunación no es obligatoria,,,,,,,,EJRF
CRI,2024,POLICY_VACCINATION_COM,POLICY_RECOMMENDATION_ADULTS,Vacunación no es obligatoria,,,,,,,,EJRF
CRI,2024,POLICY_VACCINATION_COM,POLICY_RECOMMENDATION_ADULTS_CHRONIC,Vacunación no es obligatoria,,,,,,,,EJRF
CRI,2024,POLICY_VACCINATION_COM,PW,Vacunación no es obligatoria,,,,,,,,EJRF
CRI,2024,POLICY_VACCINATION_COM,POLICY_RECOMMENDATION_HCW,Vacunación no es obligatoria,,,,,,,,EJRF
CRI,2024,POLICY_VACCINATION_COM,POLICY_RECOMMENDATION_CA,Vacunación no es obligatoria,,,,,,,,EJRF
CRI,2024,POLICY_VACCINATION_COM,POLICY_RECOMMENDATION_CA_CHRONIC,Vacunación no es obligatoria,,,,,,,,EJRF
CRI,2024,POLICY_VACCINATION_COM,OTHER_GROUPS,Vacunación no es obligatoria,,,,,,,,EJRF
PNG,2024,POLICY_VACCINATION_COM,POLICY_RECOMMENDATION_ELDERLY,"Older adults >45 years, Booster vaccination started on 13 Jan 2022 using AZ and JJ  JJ: 2-6 months after 1st dose AZ: 6 months after 2nd dose (Sinopharm was not recommended)",,,,,,,,EJRF
PNG,2024,POLICY_VACCINATION_COM,POLICY_RECOMMENDATION_ELDERLY_CHRONIC,,,,,,,,,EJRF
PNG,2024,POLICY_VACCINATION_COM,POLICY_RECOMMENDATION_ADULTS,Booster vaccination started on 13 Jan 2022 using AZ and JJ  JJ: 2-6 months after 1st dose AZ: 6 months after 2nd dose (Sinopharm was not recommended),,,,,,,,EJRF
PNG,2024,POLICY_VACCINATION_COM,POLICY_RECOMMENDATION_ADULTS_CHRONIC,"those persons with co-morbidities of hypertension, diabetes mellitus, chronic renal and  liver disease are at risk for more serious disease if infected with COVID-19. Therefore, those  persons with comorbidity will receive priority to be vaccinated ",,,,,,,,EJRF
PNG,2024,POLICY_VACCINATION_COM,PW,,,,,,,,,EJRF
PNG,2024,POLICY_VACCINATION_COM,POLICY_RECOMMENDATION_HCW,"All Frontline healthcare workers and also essential care workers, 3% of total population",,,,,,,,EJRF
PNG,2024,POLICY_VACCINATION_COM,POLICY_RECOMMENDATION_CA,,,,,,,,,EJRF
PNG,2024,POLICY_VACCINATION_COM,POLICY_RECOMMENDATION_CA_CHRONIC,,,,,,,,,EJRF
PNG,2024,POLICY_VACCINATION_COM,OTHER_GROUPS,,,,,,,,,EJRF
SLE,2024,POLICY_VACCINATION_COM,PW,,,,,,,,,EJRF
SLE,2024,POLICY_VACCINATION_COM,POLICY_RECOMMENDATION_HCW,,,,,,,,,EJRF
SLE,2024,POLICY_VACCINATION_COM,POLICY_RECOMMENDATION_CA,,,,,,,,,EJRF
SLE,2024,POLICY_VACCINATION_COM,POLICY_RECOMMENDATION_CA_CHRONIC,,,,,,,,,EJRF
SLE,2024,POLICY_VACCINATION_COM,OTHER_GROUPS,,,,,,,,,EJRF
SLE,2024,POLICY_VACCINATION_COM,POLICY_RECOMMENDATION_ELDERLY,,,,,,,,,EJRF
SLE,2024,POLICY_VACCINATION_COM,POLICY_RECOMMENDATION_ELDERLY_CHRONIC,,,,,,,,,EJRF
SLE,2024,POLICY_VACCINATION_COM,POLICY_RECOMMENDATION_ADULTS,,,,,,,,,EJRF
SLE,2024,POLICY_VACCINATION_COM,POLICY_RECOMMENDATION_ADULTS_CHRONIC,,,,,,,,,EJRF
FIN,2024,POLICY_VACCINATION,POLICY_RECOMMENDATION_ADULTS,YES,,,,,,,,EJRF
FIN,2024,POLICY_VACCINATION,POLICY_RECOMMENDATION_ELDERLY,YES,,,,,,,,EJRF
FIN,2024,POLICY_VACCINATION,POLICY_RECOMMENDATION_ELDERLY_CHRONIC,YES,,,,,,,,EJRF
FIN,2024,POLICY_VACCINATION,PW,YES,,,,,,,,EJRF
FIN,2024,POLICY_VACCINATION,POLICY_RECOMMENDATION_ADULTS_CHRONIC,YES,,,,,,,,EJRF
FIN,2024,POLICY_VACCINATION,POLICY_RECOMMENDATION_HCW,YES,,,,,,,,EJRF
FIN,2024,POLICY_VACCINATION,POLICY_RECOMMENDATION_CA,NO,,,,,,,,EJRF
FIN,2024,POLICY_VACCINATION,POLICY_RECOMMENDATION_CA_CHRONIC,YES,,,,,,,,EJRF
FIN,2024,POLICY_VACCINATION,OTHER_GROUPS,YES,,,,,,,,EJRF
FIN,2024,POLICY_REVACCINATION,POLICY_RECOMMENDATION_ADULTS,NO,,,,,,,,EJRF
FIN,2024,POLICY_REVACCINATION,POLICY_RECOMMENDATION_ELDERLY,YES,,,,,,,,EJRF
FIN,2024,POLICY_REVACCINATION,POLICY_RECOMMENDATION_ELDERLY_CHRONIC,YES,,,,,,,,EJRF
FIN,2024,POLICY_REVACCINATION,PW,YES,,,,,,,,EJRF
FIN,2024,POLICY_REVACCINATION,POLICY_RECOMMENDATION_ADULTS_CHRONIC,YES,,,,,,,,EJRF
FIN,2024,POLICY_REVACCINATION,POLICY_RECOMMENDATION_HCW,NO,,,,,,,,EJRF
FIN,2024,POLICY_REVACCINATION,POLICY_RECOMMENDATION_CA,,,,,,,,,EJRF
FIN,2024,POLICY_REVACCINATION,POLICY_RECOMMENDATION_CA_CHRONIC,NO,,,,,,,,EJRF
FIN,2024,POLICY_REVACCINATION,OTHER_GROUPS,YES,,,,,,,,EJRF
FIN,2024,POLICY_INTERVAL,POLICY_RECOMMENDATION_ADULTS,,,,,,,,,EJRF
FIN,2024,POLICY_INTERVAL,POLICY_RECOMMENDATION_ELDERLY,12_MONTHS,,,,,,,,EJRF
FIN,2024,POLICY_INTERVAL,POLICY_RECOMMENDATION_ELDERLY_CHRONIC,12_MONTHS,,,,,,,,EJRF
FIN,2024,POLICY_INTERVAL,PW,12_MONTHS,,,,,,,,EJRF
FIN,2024,POLICY_INTERVAL,POLICY_RECOMMENDATION_ADULTS_CHRONIC,12_MONTHS,,,,,,,,EJRF
FIN,2024,POLICY_INTERVAL,POLICY_RECOMMENDATION_HCW,,,,,,,,,EJRF
FIN,2024,POLICY_INTERVAL,POLICY_RECOMMENDATION_CA,,,,,,,,,EJRF
FIN,2024,POLICY_INTERVAL,POLICY_RECOMMENDATION_CA_CHRONIC,,,,,,,,,EJRF
FIN,2024,POLICY_INTERVAL,OTHER_GROUPS,12_MONTHS,,,,,,,,EJRF
FIN,2024,POLICY_VACCINATION_COM,POLICY_RECOMMENDATION_ADULTS,,,,,,,,,EJRF
FIN,2024,POLICY_VACCINATION_COM,POLICY_RECOMMENDATION_ELDERLY,assessed yearly,,,,,,,,EJRF
FIN,2024,POLICY_VACCINATION_COM,POLICY_RECOMMENDATION_ELDERLY_CHRONIC,assessed yearly,,,,,,,,EJRF
FIN,2024,POLICY_VACCINATION_COM,PW,assessed yearly,,,,,,,,EJRF
FIN,2024,POLICY_VACCINATION_COM,POLICY_RECOMMENDATION_ADULTS_CHRONIC,assessed yearly,,,,,,,,EJRF
FIN,2024,POLICY_VACCINATION_COM,POLICY_RECOMMENDATION_HCW,,,,,,,,,EJRF
FIN,2024,POLICY_VACCINATION_COM,POLICY_RECOMMENDATION_CA,,,,,,,,,EJRF
FIN,2024,POLICY_VACCINATION_COM,POLICY_RECOMMENDATION_CA_CHRONIC,From 12 years 1 dose,,,,,,,,EJRF
FIN,2024,POLICY_VACCINATION_COM,OTHER_GROUPS,severely immunocompromised from 6 months 2-3 doses,,,,,,,,EJRF
HUN,2024,POLICY_VACCINATION,POLICY_RECOMMENDATION_CA_CHRONIC,YES,,,,,,,,EJRF
HUN,2024,POLICY_VACCINATION,OTHER_GROUPS,NO,,,,,,,,EJRF
HUN,2024,POLICY_VACCINATION,POLICY_RECOMMENDATION_ADULTS_CHRONIC,YES,,,,,,,,EJRF
HUN,2024,POLICY_VACCINATION,PW,YES,,,,,,,,EJRF
HUN,2024,POLICY_VACCINATION,POLICY_RECOMMENDATION_HCW,YES,,,,,,,,EJRF
HUN,2024,POLICY_VACCINATION,POLICY_RECOMMENDATION_CA,NO,,,,,,,,EJRF
HUN,2024,POLICY_VACCINATION,POLICY_RECOMMENDATION_ELDERLY,YES,,,,,,,,EJRF
HUN,2024,POLICY_VACCINATION,POLICY_RECOMMENDATION_ELDERLY_CHRONIC,YES,,,,,,,,EJRF
HUN,2024,POLICY_VACCINATION,POLICY_RECOMMENDATION_ADULTS,NO,,,,,,,,EJRF
MDV,2024,POLICY_VACCINATION,POLICY_RECOMMENDATION_ADULTS,YES,,,,,,,,EJRF
MDV,2024,POLICY_VACCINATION,POLICY_RECOMMENDATION_ELDERLY,YES,,,,,,,,EJRF
MDV,2024,POLICY_VACCINATION,POLICY_RECOMMENDATION_ELDERLY_CHRONIC,-2222,,,,,,,,EJRF
MDV,2024,POLICY_VACCINATION,PW,-2222,,,,,,,,EJRF
MDV,2024,POLICY_VACCINATION,POLICY_RECOMMENDATION_HCW,-2222,,,,,,,,EJRF
MDV,2024,POLICY_VACCINATION,POLICY_RECOMMENDATION_CA,YES,,,,,,,,EJRF
MDV,2024,POLICY_VACCINATION,POLICY_RECOMMENDATION_CA_CHRONIC,-2222,,,,,,,,EJRF
MDV,2024,POLICY_VACCINATION,POLICY_RECOMMENDATION_ADULTS_CHRONIC,-2222,,,,,,,,EJRF
MDV,2024,POLICY_VACCINATION,OTHER_GROUPS,-2222,,,,,,,,EJRF
SLB,2024,POLICY_VACCINATION,POLICY_RECOMMENDATION_ELDERLY,-2222,,,,,,,,EJRF
SLB,2024,POLICY_VACCINATION,POLICY_RECOMMENDATION_ELDERLY_CHRONIC,-2222,,,,,,,,EJRF
SLB,2024,POLICY_VACCINATION,POLICY_RECOMMENDATION_ADULTS,-2222,,,,,,,,EJRF
SLB,2024,POLICY_VACCINATION,POLICY_RECOMMENDATION_ADULTS_CHRONIC,-2222,,,,,,,,EJRF
SLB,2024,POLICY_VACCINATION,PW,-2222,,,,,,,,EJRF
SLB,2024,POLICY_VACCINATION,POLICY_RECOMMENDATION_HCW,NO,,,,,,,,EJRF
SLB,2024,POLICY_VACCINATION,POLICY_RECOMMENDATION_CA,-4444,,,,,,,,EJRF
SLB,2024,POLICY_VACCINATION,POLICY_RECOMMENDATION_CA_CHRONIC,-4444,,,,,,,,EJRF
SLB,2024,POLICY_VACCINATION,OTHER_GROUPS,-4444,,,,,,,,EJRF
HUN,2024,POLICY_REVACCINATION,POLICY_RECOMMENDATION_CA_CHRONIC,-2222,,,,,,,,EJRF
HUN,2024,POLICY_REVACCINATION,OTHER_GROUPS,,,,,,,,,EJRF
HUN,2024,POLICY_REVACCINATION,POLICY_RECOMMENDATION_ADULTS_CHRONIC,-2222,,,,,,,,EJRF
HUN,2024,POLICY_REVACCINATION,PW,-2222,,,,,,,,EJRF
HUN,2024,POLICY_REVACCINATION,POLICY_RECOMMENDATION_HCW,-2222,,,,,,,,EJRF
HUN,2024,POLICY_REVACCINATION,POLICY_RECOMMENDATION_CA,-2222,,,,,,,,EJRF
HUN,2024,POLICY_REVACCINATION,POLICY_RECOMMENDATION_ELDERLY,-2222,,,,,,,,EJRF
HUN,2024,POLICY_REVACCINATION,POLICY_RECOMMENDATION_ELDERLY_CHRONIC,-2222,,,,,,,,EJRF
HUN,2024,POLICY_REVACCINATION,POLICY_RECOMMENDATION_ADULTS,-2222,,,,,,,,EJRF
MDV,2024,POLICY_REVACCINATION,POLICY_RECOMMENDATION_ADULTS,NO,,,,,,,,EJRF
MDV,2024,POLICY_REVACCINATION,POLICY_RECOMMENDATION_ELDERLY,NO,,,,,,,,EJRF
MDV,2024,POLICY_REVACCINATION,POLICY_RECOMMENDATION_ELDERLY_CHRONIC,-2222,,,,,,,,EJRF
MDV,2024,POLICY_REVACCINATION,PW,-2222,,,,,,,,EJRF
MDV,2024,POLICY_REVACCINATION,POLICY_RECOMMENDATION_HCW,-2222,,,,,,,,EJRF
MDV,2024,POLICY_REVACCINATION,POLICY_RECOMMENDATION_CA,NO,,,,,,,,EJRF
MDV,2024,POLICY_REVACCINATION,POLICY_RECOMMENDATION_CA_CHRONIC,-2222,,,,,,,,EJRF
MDV,2024,POLICY_REVACCINATION,POLICY_RECOMMENDATION_ADULTS_CHRONIC,-2222,,,,,,,,EJRF
MDV,2024,POLICY_REVACCINATION,OTHER_GROUPS,-2222,,,,,,,,EJRF
SLB,2024,POLICY_REVACCINATION,POLICY_RECOMMENDATION_ELDERLY,-2222,,,,,,,,EJRF
SLB,2024,POLICY_REVACCINATION,POLICY_RECOMMENDATION_ELDERLY_CHRONIC,-2222,,,,,,,,EJRF
SLB,2024,POLICY_REVACCINATION,POLICY_RECOMMENDATION_ADULTS,-2222,,,,,,,,EJRF
SLB,2024,POLICY_REVACCINATION,POLICY_RECOMMENDATION_ADULTS_CHRONIC,-2222,,,,,,,,EJRF
SLB,2024,POLICY_REVACCINATION,PW,-2222,,,,,,,,EJRF
SLB,2024,POLICY_REVACCINATION,POLICY_RECOMMENDATION_HCW,,,,,,,,,EJRF
SLB,2024,POLICY_REVACCINATION,POLICY_RECOMMENDATION_CA,,,,,,,,,EJRF
SLB,2024,POLICY_REVACCINATION,POLICY_RECOMMENDATION_CA_CHRONIC,,,,,,,,,EJRF
SLB,2024,POLICY_REVACCINATION,OTHER_GROUPS,,,,,,,,,EJRF
HUN,2024,POLICY_INTERVAL,POLICY_RECOMMENDATION_CA_CHRONIC,,,,,,,,,EJRF
HUN,2024,POLICY_INTERVAL,OTHER_GROUPS,,,,,,,,,EJRF
HUN,2024,POLICY_INTERVAL,POLICY_RECOMMENDATION_ADULTS_CHRONIC,,,,,,,,,EJRF
HUN,2024,POLICY_INTERVAL,PW,,,,,,,,,EJRF
HUN,2024,POLICY_INTERVAL,POLICY_RECOMMENDATION_HCW,,,,,,,,,EJRF
HUN,2024,POLICY_INTERVAL,POLICY_RECOMMENDATION_CA,,,,,,,,,EJRF
HUN,2024,POLICY_INTERVAL,POLICY_RECOMMENDATION_ELDERLY,,,,,,,,,EJRF
HUN,2024,POLICY_INTERVAL,POLICY_RECOMMENDATION_ELDERLY_CHRONIC,,,,,,,,,EJRF
HUN,2024,POLICY_INTERVAL,POLICY_RECOMMENDATION_ADULTS,,,,,,,,,EJRF
MDV,2024,POLICY_INTERVAL,POLICY_RECOMMENDATION_ADULTS,-4444,,,,,,,,EJRF
MDV,2024,POLICY_INTERVAL,POLICY_RECOMMENDATION_ELDERLY,-4444,,,,,,,,EJRF
MDV,2024,POLICY_INTERVAL,POLICY_RECOMMENDATION_ELDERLY_CHRONIC,-2222,,,,,,,,EJRF
MDV,2024,POLICY_INTERVAL,PW,-2222,,,,,,,,EJRF
MDV,2024,POLICY_INTERVAL,POLICY_RECOMMENDATION_HCW,-2222,,,,,,,,EJRF
MDV,2024,POLICY_INTERVAL,POLICY_RECOMMENDATION_CA,-2222,,,,,,,,EJRF
MDV,2024,POLICY_INTERVAL,POLICY_RECOMMENDATION_CA_CHRONIC,-2222,,,,,,,,EJRF
MDV,2024,POLICY_INTERVAL,POLICY_RECOMMENDATION_ADULTS_CHRONIC,-2222,,,,,,,,EJRF
MDV,2024,POLICY_INTERVAL,OTHER_GROUPS,-2222,,,,,,,,EJRF
SLB,2024,POLICY_INTERVAL,POLICY_RECOMMENDATION_ELDERLY,-2222,,,,,,,,EJRF
SLB,2024,POLICY_INTERVAL,POLICY_RECOMMENDATION_ELDERLY_CHRONIC,-2222,,,,,,,,EJRF
SLB,2024,POLICY_INTERVAL,POLICY_RECOMMENDATION_ADULTS,-2222,,,,,,,,EJRF
SLB,2024,POLICY_INTERVAL,POLICY_RECOMMENDATION_ADULTS_CHRONIC,-2222,,,,,,,,EJRF
SLB,2024,POLICY_INTERVAL,PW,,,,,,,,,EJRF
SLB,2024,POLICY_INTERVAL,POLICY_RECOMMENDATION_HCW,,,,,,,,,EJRF
SLB,2024,POLICY_INTERVAL,POLICY_RECOMMENDATION_CA,,,,,,,,,EJRF
SLB,2024,POLICY_INTERVAL,POLICY_RECOMMENDATION_CA_CHRONIC,,,,,,,,,EJRF
SLB,2024,POLICY_INTERVAL,OTHER_GROUPS,,,,,,,,,EJRF
HUN,2024,POLICY_VACCINATION_COM,POLICY_RECOMMENDATION_CA_CHRONIC,,,,,,,,,EJRF
HUN,2024,POLICY_VACCINATION_COM,OTHER_GROUPS,,,,,,,,,EJRF
HUN,2024,POLICY_VACCINATION_COM,POLICY_RECOMMENDATION_ADULTS_CHRONIC,,,,,,,,,EJRF
HUN,2024,POLICY_VACCINATION_COM,PW,any trimester,,,,,,,,EJRF
HUN,2024,POLICY_VACCINATION_COM,POLICY_RECOMMENDATION_HCW,-2222,,,,,,,,EJRF
HUN,2024,POLICY_VACCINATION_COM,POLICY_RECOMMENDATION_CA,,,,,,,,,EJRF
HUN,2024,POLICY_VACCINATION_COM,POLICY_RECOMMENDATION_ELDERLY,>60 years,,,,,,,,EJRF
HUN,2024,POLICY_VACCINATION_COM,POLICY_RECOMMENDATION_ELDERLY_CHRONIC,,,,,,,,,EJRF
HUN,2024,POLICY_VACCINATION_COM,POLICY_RECOMMENDATION_ADULTS,,,,,,,,,EJRF
MDV,2024,POLICY_VACCINATION_COM,POLICY_RECOMMENDATION_ADULTS,-4444,,,,,,,,EJRF
MDV,2024,POLICY_VACCINATION_COM,POLICY_RECOMMENDATION_ELDERLY,-4444,,,,,,,,EJRF
MDV,2024,POLICY_VACCINATION_COM,POLICY_RECOMMENDATION_ELDERLY_CHRONIC,-2222,,,,,,,,EJRF
MDV,2024,POLICY_VACCINATION_COM,PW,-2222,,,,,,,,EJRF
MDV,2024,POLICY_VACCINATION_COM,POLICY_RECOMMENDATION_HCW,-2222,,,,,,,,EJRF
MDV,2024,POLICY_VACCINATION_COM,POLICY_RECOMMENDATION_CA,-2222,,,,,,,,EJRF
MDV,2024,POLICY_VACCINATION_COM,POLICY_RECOMMENDATION_CA_CHRONIC,-2222,,,,,,,,EJRF
MDV,2024,POLICY_VACCINATION_COM,POLICY_RECOMMENDATION_ADULTS_CHRONIC,-2222,,,,,,,,EJRF
MDV,2024,POLICY_VACCINATION_COM,OTHER_GROUPS,-2222,,,,,,,,EJRF
SLB,2024,POLICY_VACCINATION_COM,POLICY_RECOMMENDATION_ELDERLY,,,,,,,,,EJRF
SLB,2024,POLICY_VACCINATION_COM,POLICY_RECOMMENDATION_ELDERLY_CHRONIC,-2222,,,,,,,,EJRF
SLB,2024,POLICY_VACCINATION_COM,POLICY_RECOMMENDATION_ADULTS,-2222,,,,,,,,EJRF
SLB,2024,POLICY_VACCINATION_COM,POLICY_RECOMMENDATION_ADULTS_CHRONIC,-2222,,,,,,,,EJRF
SLB,2024,POLICY_VACCINATION_COM,PW,,,,,,,,,EJRF
SLB,2024,POLICY_VACCINATION_COM,POLICY_RECOMMENDATION_HCW,,,,,,,,,EJRF
SLB,2024,POLICY_VACCINATION_COM,POLICY_RECOMMENDATION_CA,,,,,,,,,EJRF
SLB,2024,POLICY_VACCINATION_COM,POLICY_RECOMMENDATION_CA_CHRONIC,,,,,,,,,EJRF
SLB,2024,POLICY_VACCINATION_COM,OTHER_GROUPS,,,,,,,,,EJRF
BEN,2024,POLICY_VACCINATION,POLICY_RECOMMENDATION_CA_CHRONIC,YES,,,,,,,,EJRF
BEN,2024,POLICY_VACCINATION,OTHER_GROUPS,-4444,,,,,,,,EJRF
BEN,2024,POLICY_VACCINATION,POLICY_RECOMMENDATION_ELDERLY,YES,,,,,,,,EJRF
BEN,2024,POLICY_VACCINATION,POLICY_RECOMMENDATION_ELDERLY_CHRONIC,YES,,,,,,,,EJRF
BEN,2024,POLICY_VACCINATION,PW,NO,,,,,,,,EJRF
BEN,2024,POLICY_VACCINATION,POLICY_RECOMMENDATION_HCW,YES,,,,,,,,EJRF
BEN,2024,POLICY_VACCINATION,POLICY_RECOMMENDATION_CA,YES,,,,,,,,EJRF
BEN,2024,POLICY_VACCINATION,POLICY_RECOMMENDATION_ADULTS_CHRONIC,YES,,,,,,,,EJRF
BEN,2024,POLICY_VACCINATION,POLICY_RECOMMENDATION_ADULTS,YES,,,,,,,,EJRF
COL,2024,POLICY_VACCINATION,POLICY_RECOMMENDATION_ELDERLY,YES,,,,,,,,EJRF
COL,2024,POLICY_VACCINATION,POLICY_RECOMMENDATION_ELDERLY_CHRONIC,YES,,,,,,,,EJRF
COL,2024,POLICY_VACCINATION,POLICY_RECOMMENDATION_ADULTS,NO,,,,,,,,EJRF
COL,2024,POLICY_VACCINATION,POLICY_RECOMMENDATION_HCW,YES,,,,,,,,EJRF
COL,2024,POLICY_VACCINATION,POLICY_RECOMMENDATION_ADULTS_CHRONIC,YES,,,,,,,,EJRF
COL,2024,POLICY_VACCINATION,POLICY_RECOMMENDATION_CA,NO,,,,,,,,EJRF
COL,2024,POLICY_VACCINATION,POLICY_RECOMMENDATION_CA_CHRONIC,YES,,,,,,,,EJRF
COL,2024,POLICY_VACCINATION,OTHER_GROUPS,-4444,,,,,,,,EJRF
COL,2024,POLICY_VACCINATION,PW,YES,,,,,,,,EJRF
PRK,2024,POLICY_VACCINATION,PW,,,,,,,,,EJRF
PRK,2024,POLICY_VACCINATION,POLICY_RECOMMENDATION_HCW,,,,,,,,,EJRF
PRK,2024,POLICY_VACCINATION,POLICY_RECOMMENDATION_CA,,,,,,,,,EJRF
PRK,2024,POLICY_VACCINATION,POLICY_RECOMMENDATION_CA_CHRONIC,,,,,,,,,EJRF
PRK,2024,POLICY_VACCINATION,OTHER_GROUPS,,,,,,,,,EJRF
PRK,2024,POLICY_VACCINATION,POLICY_RECOMMENDATION_ELDERLY,,,,,,,,,EJRF
PRK,2024,POLICY_VACCINATION,POLICY_RECOMMENDATION_ELDERLY_CHRONIC,,,,,,,,,EJRF
PRK,2024,POLICY_VACCINATION,POLICY_RECOMMENDATION_ADULTS,,,,,,,,,EJRF
PRK,2024,POLICY_VACCINATION,POLICY_RECOMMENDATION_ADULTS_CHRONIC,,,,,,,,,EJRF
MOZ,2024,POLICY_VACCINATION,POLICY_RECOMMENDATION_ELDERLY,-4444,,,,,,,,EJRF
MOZ,2024,POLICY_VACCINATION,POLICY_RECOMMENDATION_ELDERLY_CHRONIC,-4444,,,,,,,,EJRF
MOZ,2024,POLICY_VACCINATION,POLICY_RECOMMENDATION_ADULTS,-4444,,,,,,,,EJRF
MOZ,2024,POLICY_VACCINATION,POLICY_RECOMMENDATION_ADULTS_CHRONIC,-4444,,,,,,,,EJRF
MOZ,2024,POLICY_VACCINATION,PW,-4444,,,,,,,,EJRF
MOZ,2024,POLICY_VACCINATION,POLICY_RECOMMENDATION_HCW,-4444,,,,,,,,EJRF
MOZ,2024,POLICY_VACCINATION,POLICY_RECOMMENDATION_CA,-4444,,,,,,,,EJRF
MOZ,2024,POLICY_VACCINATION,POLICY_RECOMMENDATION_CA_CHRONIC,-4444,,,,,,,,EJRF
MOZ,2024,POLICY_VACCINATION,OTHER_GROUPS,-4444,,,,,,,,EJRF
LCA,2024,POLICY_VACCINATION,POLICY_RECOMMENDATION_ELDERLY,YES,,,,,,,,EJRF
LCA,2024,POLICY_VACCINATION,POLICY_RECOMMENDATION_ELDERLY_CHRONIC,YES,,,,,,,,EJRF
LCA,2024,POLICY_VACCINATION,POLICY_RECOMMENDATION_ADULTS,YES,,,,,,,,EJRF
LCA,2024,POLICY_VACCINATION,POLICY_RECOMMENDATION_ADULTS_CHRONIC,YES,,,,,,,,EJRF
LCA,2024,POLICY_VACCINATION,PW,YES,,,,,,,,EJRF
LCA,2024,POLICY_VACCINATION,POLICY_RECOMMENDATION_HCW,YES,,,,,,,,EJRF
LCA,2024,POLICY_VACCINATION,POLICY_RECOMMENDATION_CA,YES,,,,,,,,EJRF
LCA,2024,POLICY_VACCINATION,POLICY_RECOMMENDATION_CA_CHRONIC,YES,,,,,,,,EJRF
LCA,2024,POLICY_VACCINATION,OTHER_GROUPS,NO,,,,,,,,EJRF
BEN,2024,POLICY_REVACCINATION,POLICY_RECOMMENDATION_CA_CHRONIC,YES,,,,,,,,EJRF
BEN,2024,POLICY_REVACCINATION,OTHER_GROUPS,-4444,,,,,,,,EJRF
BEN,2024,POLICY_REVACCINATION,POLICY_RECOMMENDATION_ELDERLY,YES,,,,,,,,EJRF
BEN,2024,POLICY_REVACCINATION,POLICY_RECOMMENDATION_ELDERLY_CHRONIC,YES,,,,,,,,EJRF
BEN,2024,POLICY_REVACCINATION,PW,NO,,,,,,,,EJRF
BEN,2024,POLICY_REVACCINATION,POLICY_RECOMMENDATION_HCW,YES,,,,,,,,EJRF
BEN,2024,POLICY_REVACCINATION,POLICY_RECOMMENDATION_CA,YES,,,,,,,,EJRF
BEN,2024,POLICY_REVACCINATION,POLICY_RECOMMENDATION_ADULTS_CHRONIC,YES,,,,,,,,EJRF
BEN,2024,POLICY_REVACCINATION,POLICY_RECOMMENDATION_ADULTS,YES,,,,,,,,EJRF
COL,2024,POLICY_REVACCINATION,POLICY_RECOMMENDATION_ELDERLY,YES,,,,,,,,EJRF
COL,2024,POLICY_REVACCINATION,POLICY_RECOMMENDATION_ELDERLY_CHRONIC,YES,,,,,,,,EJRF
COL,2024,POLICY_REVACCINATION,POLICY_RECOMMENDATION_ADULTS,NO,,,,,,,,EJRF
COL,2024,POLICY_REVACCINATION,POLICY_RECOMMENDATION_HCW,YES,,,,,,,,EJRF
COL,2024,POLICY_REVACCINATION,POLICY_RECOMMENDATION_ADULTS_CHRONIC,YES,,,,,,,,EJRF
COL,2024,POLICY_REVACCINATION,POLICY_RECOMMENDATION_CA,NO,,,,,,,,EJRF
COL,2024,POLICY_REVACCINATION,POLICY_RECOMMENDATION_CA_CHRONIC,YES,,,,,,,,EJRF
COL,2024,POLICY_REVACCINATION,OTHER_GROUPS,-4444,,,,,,,,EJRF
COL,2024,POLICY_REVACCINATION,PW,YES,,,,,,,,EJRF
PRK,2024,POLICY_REVACCINATION,PW,,,,,,,,,EJRF
PRK,2024,POLICY_REVACCINATION,POLICY_RECOMMENDATION_HCW,,,,,,,,,EJRF
PRK,2024,POLICY_REVACCINATION,POLICY_RECOMMENDATION_CA,,,,,,,,,EJRF
PRK,2024,POLICY_REVACCINATION,POLICY_RECOMMENDATION_CA_CHRONIC,,,,,,,,,EJRF
PRK,2024,POLICY_REVACCINATION,OTHER_GROUPS,,,,,,,,,EJRF
PRK,2024,POLICY_REVACCINATION,POLICY_RECOMMENDATION_ELDERLY,,,,,,,,,EJRF
PRK,2024,POLICY_REVACCINATION,POLICY_RECOMMENDATION_ELDERLY_CHRONIC,,,,,,,,,EJRF
PRK,2024,POLICY_REVACCINATION,POLICY_RECOMMENDATION_ADULTS,,,,,,,,,EJRF
PRK,2024,POLICY_REVACCINATION,POLICY_RECOMMENDATION_ADULTS_CHRONIC,,,,,,,,,EJRF
MOZ,2024,POLICY_REVACCINATION,POLICY_RECOMMENDATION_ELDERLY,-4444,,,,,,,,EJRF
MOZ,2024,POLICY_REVACCINATION,POLICY_RECOMMENDATION_ELDERLY_CHRONIC,-4444,,,,,,,,EJRF
MOZ,2024,POLICY_REVACCINATION,POLICY_RECOMMENDATION_ADULTS,-4444,,,,,,,,EJRF
MOZ,2024,POLICY_REVACCINATION,POLICY_RECOMMENDATION_ADULTS_CHRONIC,-4444,,,,,,,,EJRF
MOZ,2024,POLICY_REVACCINATION,PW,-4444,,,,,,,,EJRF
MOZ,2024,POLICY_REVACCINATION,POLICY_RECOMMENDATION_HCW,-4444,,,,,,,,EJRF
MOZ,2024,POLICY_REVACCINATION,POLICY_RECOMMENDATION_CA,-4444,,,,,,,,EJRF
MOZ,2024,POLICY_REVACCINATION,POLICY_RECOMMENDATION_CA_CHRONIC,-4444,,,,,,,,EJRF
MOZ,2024,POLICY_REVACCINATION,OTHER_GROUPS,-4444,,,,,,,,EJRF
LCA,2024,POLICY_REVACCINATION,POLICY_RECOMMENDATION_ELDERLY,YES,,,,,,,,EJRF
LCA,2024,POLICY_REVACCINATION,POLICY_RECOMMENDATION_ELDERLY_CHRONIC,YES,,,,,,,,EJRF
LCA,2024,POLICY_REVACCINATION,POLICY_RECOMMENDATION_ADULTS,YES,,,,,,,,EJRF
LCA,2024,POLICY_REVACCINATION,POLICY_RECOMMENDATION_ADULTS_CHRONIC,YES,,,,,,,,EJRF
LCA,2024,POLICY_REVACCINATION,PW,YES,,,,,,,,EJRF
LCA,2024,POLICY_REVACCINATION,POLICY_RECOMMENDATION_HCW,YES,,,,,,,,EJRF
LCA,2024,POLICY_REVACCINATION,POLICY_RECOMMENDATION_CA,YES,,,,,,,,EJRF
LCA,2024,POLICY_REVACCINATION,POLICY_RECOMMENDATION_CA_CHRONIC,YES,,,,,,,,EJRF
LCA,2024,POLICY_REVACCINATION,OTHER_GROUPS,-4444,,,,,,,,EJRF
BEN,2024,POLICY_INTERVAL,POLICY_RECOMMENDATION_CA_CHRONIC,6_MONTHS,,,,,,,,EJRF
BEN,2024,POLICY_INTERVAL,OTHER_GROUPS,-4444,,,,,,,,EJRF
BEN,2024,POLICY_INTERVAL,POLICY_RECOMMENDATION_ELDERLY,6_MONTHS,,,,,,,,EJRF
BEN,2024,POLICY_INTERVAL,POLICY_RECOMMENDATION_ELDERLY_CHRONIC,6_MONTHS,,,,,,,,EJRF
BEN,2024,POLICY_INTERVAL,PW,-4444,,,,,,,,EJRF
BEN,2024,POLICY_INTERVAL,POLICY_RECOMMENDATION_HCW,6_MONTHS,,,,,,,,EJRF
BEN,2024,POLICY_INTERVAL,POLICY_RECOMMENDATION_CA,6_MONTHS,,,,,,,,EJRF
BEN,2024,POLICY_INTERVAL,POLICY_RECOMMENDATION_ADULTS_CHRONIC,6_MONTHS,,,,,,,,EJRF
BEN,2024,POLICY_INTERVAL,POLICY_RECOMMENDATION_ADULTS,6_MONTHS,,,,,,,,EJRF
COL,2024,POLICY_INTERVAL,POLICY_RECOMMENDATION_ELDERLY,12_MONTHS,,,,,,,,EJRF
COL,2024,POLICY_INTERVAL,POLICY_RECOMMENDATION_ELDERLY_CHRONIC,12_MONTHS,,,,,,,,EJRF
COL,2024,POLICY_INTERVAL,POLICY_RECOMMENDATION_ADULTS,-4444,,,,,,,,EJRF
COL,2024,POLICY_INTERVAL,POLICY_RECOMMENDATION_HCW,12_MONTHS,,,,,,,,EJRF
COL,2024,POLICY_INTERVAL,POLICY_RECOMMENDATION_ADULTS_CHRONIC,12_MONTHS,,,,,,,,EJRF
COL,2024,POLICY_INTERVAL,POLICY_RECOMMENDATION_CA,OTHER,,,,,,,,EJRF
COL,2024,POLICY_INTERVAL,POLICY_RECOMMENDATION_CA_CHRONIC,12_MONTHS,,,,,,,,EJRF
COL,2024,POLICY_INTERVAL,OTHER_GROUPS,-4444,,,,,,,,EJRF
COL,2024,POLICY_INTERVAL,PW,OTHER,,,,,,,,EJRF
PRK,2024,POLICY_INTERVAL,PW,,,,,,,,,EJRF
PRK,2024,POLICY_INTERVAL,POLICY_RECOMMENDATION_HCW,,,,,,,,,EJRF
PRK,2024,POLICY_INTERVAL,POLICY_RECOMMENDATION_CA,,,,,,,,,EJRF
PRK,2024,POLICY_INTERVAL,POLICY_RECOMMENDATION_CA_CHRONIC,,,,,,,,,EJRF
PRK,2024,POLICY_INTERVAL,OTHER_GROUPS,,,,,,,,,EJRF
PRK,2024,POLICY_INTERVAL,POLICY_RECOMMENDATION_ELDERLY,,,,,,,,,EJRF
PRK,2024,POLICY_INTERVAL,POLICY_RECOMMENDATION_ELDERLY_CHRONIC,,,,,,,,,EJRF
PRK,2024,POLICY_INTERVAL,POLICY_RECOMMENDATION_ADULTS,,,,,,,,,EJRF
PRK,2024,POLICY_INTERVAL,POLICY_RECOMMENDATION_ADULTS_CHRONIC,,,,,,,,,EJRF
MOZ,2024,POLICY_INTERVAL,POLICY_RECOMMENDATION_ELDERLY,-4444,,,,,,,,EJRF
MOZ,2024,POLICY_INTERVAL,POLICY_RECOMMENDATION_ELDERLY_CHRONIC,-4444,,,,,,,,EJRF
MOZ,2024,POLICY_INTERVAL,POLICY_RECOMMENDATION_ADULTS,-4444,,,,,,,,EJRF
MOZ,2024,POLICY_INTERVAL,POLICY_RECOMMENDATION_ADULTS_CHRONIC,-4444,,,,,,,,EJRF
MOZ,2024,POLICY_INTERVAL,PW,-4444,,,,,,,,EJRF
MOZ,2024,POLICY_INTERVAL,POLICY_RECOMMENDATION_HCW,-4444,,,,,,,,EJRF
MOZ,2024,POLICY_INTERVAL,POLICY_RECOMMENDATION_CA,-4444,,,,,,,,EJRF
MOZ,2024,POLICY_INTERVAL,POLICY_RECOMMENDATION_CA_CHRONIC,-4444,,,,,,,,EJRF
MOZ,2024,POLICY_INTERVAL,OTHER_GROUPS,-4444,,,,,,,,EJRF
LCA,2024,POLICY_INTERVAL,POLICY_RECOMMENDATION_ELDERLY,6_MONTHS,,,,,,,,EJRF
LCA,2024,POLICY_INTERVAL,POLICY_RECOMMENDATION_ELDERLY_CHRONIC,6_MONTHS,,,,,,,,EJRF
LCA,2024,POLICY_INTERVAL,POLICY_RECOMMENDATION_ADULTS,6_MONTHS,,,,,,,,EJRF
LCA,2024,POLICY_INTERVAL,POLICY_RECOMMENDATION_ADULTS_CHRONIC,6_MONTHS,,,,,,,,EJRF
LCA,2024,POLICY_INTERVAL,PW,6_MONTHS,,,,,,,,EJRF
LCA,2024,POLICY_INTERVAL,POLICY_RECOMMENDATION_HCW,6_MONTHS,,,,,,,,EJRF
LCA,2024,POLICY_INTERVAL,POLICY_RECOMMENDATION_CA,6_MONTHS,,,,,,,,EJRF
LCA,2024,POLICY_INTERVAL,POLICY_RECOMMENDATION_CA_CHRONIC,6_MONTHS,,,,,,,,EJRF
LCA,2024,POLICY_INTERVAL,OTHER_GROUPS,-4444,,,,,,,,EJRF
BEN,2024,POLICY_VACCINATION_COM,POLICY_RECOMMENDATION_CA_CHRONIC,-4444,,,,,,,,EJRF
BEN,2024,POLICY_VACCINATION_COM,OTHER_GROUPS,-4444,,,,,,,,EJRF
BEN,2024,POLICY_VACCINATION_COM,POLICY_RECOMMENDATION_ELDERLY,-4444,,,,,,,,EJRF
BEN,2024,POLICY_VACCINATION_COM,POLICY_RECOMMENDATION_ELDERLY_CHRONIC,-4444,,,,,,,,EJRF
BEN,2024,POLICY_VACCINATION_COM,PW,-4444,,,,,,,,EJRF
BEN,2024,POLICY_VACCINATION_COM,POLICY_RECOMMENDATION_HCW,-4444,,,,,,,,EJRF
BEN,2024,POLICY_VACCINATION_COM,POLICY_RECOMMENDATION_CA,-4444,,,,,,,,EJRF
BEN,2024,POLICY_VACCINATION_COM,POLICY_RECOMMENDATION_ADULTS_CHRONIC,-4444,,,,,,,,EJRF
BEN,2024,POLICY_VACCINATION_COM,POLICY_RECOMMENDATION_ADULTS,-4444,,,,,,,,EJRF
COL,2024,POLICY_VACCINATION_COM,POLICY_RECOMMENDATION_ELDERLY,-4444,,,,,,,,EJRF
COL,2024,POLICY_VACCINATION_COM,POLICY_RECOMMENDATION_ELDERLY_CHRONIC,-4444,,,,,,,,EJRF
COL,2024,POLICY_VACCINATION_COM,POLICY_RECOMMENDATION_ADULTS,-4444,,,,,,,,EJRF
COL,2024,POLICY_VACCINATION_COM,POLICY_RECOMMENDATION_HCW,-4444,,,,,,,,EJRF
COL,2024,POLICY_VACCINATION_COM,POLICY_RECOMMENDATION_ADULTS_CHRONIC,-4444,,,,,,,,EJRF
COL,2024,POLICY_VACCINATION_COM,POLICY_RECOMMENDATION_CA,-4444,,,,,,,,EJRF
COL,2024,POLICY_VACCINATION_COM,POLICY_RECOMMENDATION_CA_CHRONIC,-4444,,,,,,,,EJRF
COL,2024,POLICY_VACCINATION_COM,OTHER_GROUPS,-4444,,,,,,,,EJRF
COL,2024,POLICY_VACCINATION_COM,PW,-4444,,,,,,,,EJRF
PRK,2024,POLICY_VACCINATION_COM,PW,,,,,,,,,EJRF
PRK,2024,POLICY_VACCINATION_COM,POLICY_RECOMMENDATION_HCW,,,,,,,,,EJRF
PRK,2024,POLICY_VACCINATION_COM,POLICY_RECOMMENDATION_CA,,,,,,,,,EJRF
PRK,2024,POLICY_VACCINATION_COM,POLICY_RECOMMENDATION_CA_CHRONIC,,,,,,,,,EJRF
PRK,2024,POLICY_VACCINATION_COM,OTHER_GROUPS,,,,,,,,,EJRF
PRK,2024,POLICY_VACCINATION_COM,POLICY_RECOMMENDATION_ELDERLY,,,,,,,,,EJRF
PRK,2024,POLICY_VACCINATION_COM,POLICY_RECOMMENDATION_ELDERLY_CHRONIC,,,,,,,,,EJRF
PRK,2024,POLICY_VACCINATION_COM,POLICY_RECOMMENDATION_ADULTS,,,,,,,,,EJRF
PRK,2024,POLICY_VACCINATION_COM,POLICY_RECOMMENDATION_ADULTS_CHRONIC,,,,,,,,,EJRF
MOZ,2024,POLICY_VACCINATION_COM,POLICY_RECOMMENDATION_ELDERLY,-4444,,,,,,,,EJRF
MOZ,2024,POLICY_VACCINATION_COM,POLICY_RECOMMENDATION_ELDERLY_CHRONIC,-4444,,,,,,,,EJRF
MOZ,2024,POLICY_VACCINATION_COM,POLICY_RECOMMENDATION_ADULTS,-4444,,,,,,,,EJRF
MOZ,2024,POLICY_VACCINATION_COM,POLICY_RECOMMENDATION_ADULTS_CHRONIC,-4444,,,,,,,,EJRF
MOZ,2024,POLICY_VACCINATION_COM,PW,-4444,,,,,,,,EJRF
MOZ,2024,POLICY_VACCINATION_COM,POLICY_RECOMMENDATION_HCW,-4444,,,,,,,,EJRF
MOZ,2024,POLICY_VACCINATION_COM,POLICY_RECOMMENDATION_CA,-4444,,,,,,,,EJRF
MOZ,2024,POLICY_VACCINATION_COM,POLICY_RECOMMENDATION_CA_CHRONIC,-4444,,,,,,,,EJRF
MOZ,2024,POLICY_VACCINATION_COM,OTHER_GROUPS,-4444,,,,,,,,EJRF
LCA,2024,POLICY_VACCINATION_COM,POLICY_RECOMMENDATION_ELDERLY,-4444,,,,,,,,EJRF
LCA,2024,POLICY_VACCINATION_COM,POLICY_RECOMMENDATION_ELDERLY_CHRONIC,-4444,,,,,,,,EJRF
LCA,2024,POLICY_VACCINATION_COM,POLICY_RECOMMENDATION_ADULTS,-4444,,,,,,,,EJRF
LCA,2024,POLICY_VACCINATION_COM,POLICY_RECOMMENDATION_ADULTS_CHRONIC,-4444,,,,,,,,EJRF
LCA,2024,POLICY_VACCINATION_COM,PW,-4444,,,,,,,,EJRF
LCA,2024,POLICY_VACCINATION_COM,POLICY_RECOMMENDATION_HCW,-4444,,,,,,,,EJRF
LCA,2024,POLICY_VACCINATION_COM,POLICY_RECOMMENDATION_CA,-4444,,,,,,,,EJRF
LCA,2024,POLICY_VACCINATION_COM,POLICY_RECOMMENDATION_CA_CHRONIC,-4444,,,,,,,,EJRF
LCA,2024,POLICY_VACCINATION_COM,OTHER_GROUPS,-4444,,,,,,,,EJRF
KAZ,2024,POLICY_VACCINATION,POLICY_RECOMMENDATION_ADULTS,,,,,,,,,EJRF
KAZ,2024,POLICY_VACCINATION,POLICY_RECOMMENDATION_HCW,,,,,,,,,EJRF
KAZ,2024,POLICY_VACCINATION,POLICY_RECOMMENDATION_CA,,,,,,,,,EJRF
KAZ,2024,POLICY_VACCINATION,POLICY_RECOMMENDATION_CA_CHRONIC,,,,,,,,,EJRF
KAZ,2024,POLICY_VACCINATION,OTHER_GROUPS,,,,,,,,,EJRF
KAZ,2024,POLICY_VACCINATION,POLICY_RECOMMENDATION_ELDERLY,,,,,,,,,EJRF
KAZ,2024,POLICY_VACCINATION,POLICY_RECOMMENDATION_ADULTS_CHRONIC,,,,,,,,,EJRF
KAZ,2024,POLICY_VACCINATION,PW,,,,,,,,,EJRF
KAZ,2024,POLICY_VACCINATION,POLICY_RECOMMENDATION_ELDERLY_CHRONIC,,,,,,,,,EJRF
STP,2024,POLICY_VACCINATION,POLICY_RECOMMENDATION_ELDERLY,YES,,,,,,,,EJRF
STP,2024,POLICY_VACCINATION,POLICY_RECOMMENDATION_ELDERLY_CHRONIC,YES,,,,,,,,EJRF
STP,2024,POLICY_VACCINATION,POLICY_RECOMMENDATION_ADULTS,YES,,,,,,,,EJRF
STP,2024,POLICY_VACCINATION,POLICY_RECOMMENDATION_ADULTS_CHRONIC,YES,,,,,,,,EJRF
STP,2024,POLICY_VACCINATION,PW,YES,,,,,,,,EJRF
STP,2024,POLICY_VACCINATION,POLICY_RECOMMENDATION_HCW,YES,,,,,,,,EJRF
STP,2024,POLICY_VACCINATION,POLICY_RECOMMENDATION_CA,NO,,,,,,,,EJRF
STP,2024,POLICY_VACCINATION,POLICY_RECOMMENDATION_CA_CHRONIC,NO,,,,,,,,EJRF
STP,2024,POLICY_VACCINATION,OTHER_GROUPS,YES,,,,,,,,EJRF
KAZ,2024,POLICY_REVACCINATION,POLICY_RECOMMENDATION_ADULTS,,,,,,,,,EJRF
KAZ,2024,POLICY_REVACCINATION,POLICY_RECOMMENDATION_HCW,,,,,,,,,EJRF
KAZ,2024,POLICY_REVACCINATION,POLICY_RECOMMENDATION_CA,,,,,,,,,EJRF
KAZ,2024,POLICY_REVACCINATION,POLICY_RECOMMENDATION_CA_CHRONIC,,,,,,,,,EJRF
KAZ,2024,POLICY_REVACCINATION,OTHER_GROUPS,,,,,,,,,EJRF
KAZ,2024,POLICY_REVACCINATION,POLICY_RECOMMENDATION_ELDERLY,,,,,,,,,EJRF
KAZ,2024,POLICY_REVACCINATION,POLICY_RECOMMENDATION_ADULTS_CHRONIC,,,,,,,,,EJRF
KAZ,2024,POLICY_REVACCINATION,PW,,,,,,,,,EJRF
KAZ,2024,POLICY_REVACCINATION,POLICY_RECOMMENDATION_ELDERLY_CHRONIC,,,,,,,,,EJRF
STP,2024,POLICY_REVACCINATION,POLICY_RECOMMENDATION_ELDERLY,YES,,,,,,,,EJRF
STP,2024,POLICY_REVACCINATION,POLICY_RECOMMENDATION_ELDERLY_CHRONIC,YES,,,,,,,,EJRF
STP,2024,POLICY_REVACCINATION,POLICY_RECOMMENDATION_ADULTS,YES,,,,,,,,EJRF
STP,2024,POLICY_REVACCINATION,POLICY_RECOMMENDATION_ADULTS_CHRONIC,YES,,,,,,,,EJRF
STP,2024,POLICY_REVACCINATION,PW,YES,,,,,,,,EJRF
STP,2024,POLICY_REVACCINATION,POLICY_RECOMMENDATION_HCW,YES,,,,,,,,EJRF
STP,2024,POLICY_REVACCINATION,POLICY_RECOMMENDATION_CA,YES,,,,,,,,EJRF
STP,2024,POLICY_REVACCINATION,POLICY_RECOMMENDATION_CA_CHRONIC,YES,,,,,,,,EJRF
STP,2024,POLICY_REVACCINATION,OTHER_GROUPS,YES,,,,,,,,EJRF
KAZ,2024,POLICY_INTERVAL,POLICY_RECOMMENDATION_ADULTS,,,,,,,,,EJRF
KAZ,2024,POLICY_INTERVAL,POLICY_RECOMMENDATION_HCW,,,,,,,,,EJRF
KAZ,2024,POLICY_INTERVAL,POLICY_RECOMMENDATION_CA,,,,,,,,,EJRF
KAZ,2024,POLICY_INTERVAL,POLICY_RECOMMENDATION_CA_CHRONIC,,,,,,,,,EJRF
KAZ,2024,POLICY_INTERVAL,OTHER_GROUPS,,,,,,,,,EJRF
KAZ,2024,POLICY_INTERVAL,POLICY_RECOMMENDATION_ELDERLY,,,,,,,,,EJRF
KAZ,2024,POLICY_INTERVAL,POLICY_RECOMMENDATION_ADULTS_CHRONIC,,,,,,,,,EJRF
KAZ,2024,POLICY_INTERVAL,PW,,,,,,,,,EJRF
KAZ,2024,POLICY_INTERVAL,POLICY_RECOMMENDATION_ELDERLY_CHRONIC,,,,,,,,,EJRF
STP,2024,POLICY_INTERVAL,POLICY_RECOMMENDATION_ELDERLY,-4444,,,,,,,,EJRF
STP,2024,POLICY_INTERVAL,POLICY_RECOMMENDATION_ELDERLY_CHRONIC,-4444,,,,,,,,EJRF
STP,2024,POLICY_INTERVAL,POLICY_RECOMMENDATION_ADULTS,-4444,,,,,,,,EJRF
STP,2024,POLICY_INTERVAL,POLICY_RECOMMENDATION_ADULTS_CHRONIC,-4444,,,,,,,,EJRF
STP,2024,POLICY_INTERVAL,PW,-4444,,,,,,,,EJRF
STP,2024,POLICY_INTERVAL,POLICY_RECOMMENDATION_HCW,-4444,,,,,,,,EJRF
STP,2024,POLICY_INTERVAL,POLICY_RECOMMENDATION_CA,-4444,,,,,,,,EJRF
STP,2024,POLICY_INTERVAL,POLICY_RECOMMENDATION_CA_CHRONIC,-4444,,,,,,,,EJRF
STP,2024,POLICY_INTERVAL,OTHER_GROUPS,-4444,,,,,,,,EJRF
KAZ,2024,POLICY_VACCINATION_COM,POLICY_RECOMMENDATION_ADULTS,,,,,,,,,EJRF
KAZ,2024,POLICY_VACCINATION_COM,POLICY_RECOMMENDATION_HCW,,,,,,,,,EJRF
KAZ,2024,POLICY_VACCINATION_COM,POLICY_RECOMMENDATION_CA,,,,,,,,,EJRF
KAZ,2024,POLICY_VACCINATION_COM,POLICY_RECOMMENDATION_CA_CHRONIC,,,,,,,,,EJRF
KAZ,2024,POLICY_VACCINATION_COM,OTHER_GROUPS,,,,,,,,,EJRF
KAZ,2024,POLICY_VACCINATION_COM,POLICY_RECOMMENDATION_ELDERLY,,,,,,,,,EJRF
KAZ,2024,POLICY_VACCINATION_COM,POLICY_RECOMMENDATION_ADULTS_CHRONIC,,,,,,,,,EJRF
KAZ,2024,POLICY_VACCINATION_COM,PW,,,,,,,,,EJRF
KAZ,2024,POLICY_VACCINATION_COM,POLICY_RECOMMENDATION_ELDERLY_CHRONIC,,,,,,,,,EJRF
STP,2024,POLICY_VACCINATION_COM,POLICY_RECOMMENDATION_ELDERLY,-4444,,,,,,,,EJRF
STP,2024,POLICY_VACCINATION_COM,POLICY_RECOMMENDATION_ELDERLY_CHRONIC,-4444,,,,,,,,EJRF
STP,2024,POLICY_VACCINATION_COM,POLICY_RECOMMENDATION_ADULTS,-4444,,,,,,,,EJRF
STP,2024,POLICY_VACCINATION_COM,POLICY_RECOMMENDATION_ADULTS_CHRONIC,-4444,,,,,,,,EJRF
STP,2024,POLICY_VACCINATION_COM,PW,-4444,,,,,,,,EJRF
STP,2024,POLICY_VACCINATION_COM,POLICY_RECOMMENDATION_HCW,-4444,,,,,,,,EJRF
STP,2024,POLICY_VACCINATION_COM,POLICY_RECOMMENDATION_CA,-4444,,,,,,,,EJRF
STP,2024,POLICY_VACCINATION_COM,POLICY_RECOMMENDATION_CA_CHRONIC,-4444,,,,,,,,EJRF
STP,2024,POLICY_VACCINATION_COM,OTHER_GROUPS,-4444,,,,,,,,EJRF
TCA,2024,POLICY_VACCINATION,POLICY_RECOMMENDATION_ELDERLY,YES,,,,,,,,EJRF
TCA,2024,POLICY_VACCINATION,POLICY_RECOMMENDATION_ELDERLY_CHRONIC,YES,,,,,,,,EJRF
TCA,2024,POLICY_VACCINATION,POLICY_RECOMMENDATION_ADULTS,YES,,,,,,,,EJRF
TCA,2024,POLICY_VACCINATION,POLICY_RECOMMENDATION_ADULTS_CHRONIC,YES,,,,,,,,EJRF
TCA,2024,POLICY_VACCINATION,PW,YES,,,,,,,,EJRF
TCA,2024,POLICY_VACCINATION,POLICY_RECOMMENDATION_HCW,YES,,,,,,,,EJRF
TCA,2024,POLICY_VACCINATION,POLICY_RECOMMENDATION_CA,NO,,,,,,,,EJRF
TCA,2024,POLICY_VACCINATION,POLICY_RECOMMENDATION_CA_CHRONIC,YES,,,,,,,,EJRF
TCA,2024,POLICY_VACCINATION,OTHER_GROUPS,YES,,,,,,,,EJRF
TCA,2024,POLICY_REVACCINATION,POLICY_RECOMMENDATION_ELDERLY,YES,,,,,,,,EJRF
TCA,2024,POLICY_REVACCINATION,POLICY_RECOMMENDATION_ELDERLY_CHRONIC,YES,,,,,,,,EJRF
TCA,2024,POLICY_REVACCINATION,POLICY_RECOMMENDATION_ADULTS,YES,,,,,,,,EJRF
TCA,2024,POLICY_REVACCINATION,POLICY_RECOMMENDATION_ADULTS_CHRONIC,YES,,,,,,,,EJRF
TCA,2024,POLICY_REVACCINATION,PW,YES,,,,,,,,EJRF
TCA,2024,POLICY_REVACCINATION,POLICY_RECOMMENDATION_HCW,YES,,,,,,,,EJRF
TCA,2024,POLICY_REVACCINATION,POLICY_RECOMMENDATION_CA,YES,,,,,,,,EJRF
TCA,2024,POLICY_REVACCINATION,POLICY_RECOMMENDATION_CA_CHRONIC,YES,,,,,,,,EJRF
TCA,2024,POLICY_REVACCINATION,OTHER_GROUPS,YES,,,,,,,,EJRF
TCA,2024,POLICY_INTERVAL,POLICY_RECOMMENDATION_ELDERLY,6_MONTHS,,,,,,,,EJRF
TCA,2024,POLICY_INTERVAL,POLICY_RECOMMENDATION_ELDERLY_CHRONIC,6_MONTHS,,,,,,,,EJRF
TCA,2024,POLICY_INTERVAL,POLICY_RECOMMENDATION_ADULTS,6_MONTHS,,,,,,,,EJRF
TCA,2024,POLICY_INTERVAL,POLICY_RECOMMENDATION_ADULTS_CHRONIC,6_MONTHS,,,,,,,,EJRF
TCA,2024,POLICY_INTERVAL,PW,6_MONTHS,,,,,,,,EJRF
TCA,2024,POLICY_INTERVAL,POLICY_RECOMMENDATION_HCW,6_MONTHS,,,,,,,,EJRF
TCA,2024,POLICY_INTERVAL,POLICY_RECOMMENDATION_CA,6_MONTHS,,,,,,,,EJRF
TCA,2024,POLICY_INTERVAL,POLICY_RECOMMENDATION_CA_CHRONIC,6_MONTHS,,,,,,,,EJRF
TCA,2024,POLICY_INTERVAL,OTHER_GROUPS,6_MONTHS,,,,,,,,EJRF
TCA,2024,POLICY_VACCINATION_COM,POLICY_RECOMMENDATION_ELDERLY,-2222,,,,,,,,EJRF
TCA,2024,POLICY_VACCINATION_COM,POLICY_RECOMMENDATION_ELDERLY_CHRONIC,-2222,,,,,,,,EJRF
TCA,2024,POLICY_VACCINATION_COM,POLICY_RECOMMENDATION_ADULTS,-2222,,,,,,,,EJRF
TCA,2024,POLICY_VACCINATION_COM,POLICY_RECOMMENDATION_ADULTS_CHRONIC,-2222,,,,,,,,EJRF
TCA,2024,POLICY_VACCINATION_COM,PW,-2222,,,,,,,,EJRF
TCA,2024,POLICY_VACCINATION_COM,POLICY_RECOMMENDATION_HCW,-2222,,,,,,,,EJRF
TCA,2024,POLICY_VACCINATION_COM,POLICY_RECOMMENDATION_CA,-2222,,,,,,,,EJRF
TCA,2024,POLICY_VACCINATION_COM,POLICY_RECOMMENDATION_CA_CHRONIC,-2222,,,,,,,,EJRF
TCA,2024,POLICY_VACCINATION_COM,OTHER_GROUPS,-2222,,,,,,,,EJRF
KHM,2024,POLICY_VACCINATION,PW,-4444,,,,,,,,EJRF
KHM,2024,POLICY_VACCINATION,POLICY_RECOMMENDATION_ADULTS_CHRONIC,-4444,,,,,,,,EJRF
KHM,2024,POLICY_VACCINATION,POLICY_RECOMMENDATION_ELDERLY,-4444,,,,,,,,EJRF
KHM,2024,POLICY_VACCINATION,POLICY_RECOMMENDATION_ELDERLY_CHRONIC,-4444,,,,,,,,EJRF
KHM,2024,POLICY_VACCINATION,POLICY_RECOMMENDATION_ADULTS,-4444,,,,,,,,EJRF
KHM,2024,POLICY_VACCINATION,POLICY_RECOMMENDATION_HCW,-4444,,,,,,,,EJRF
KHM,2024,POLICY_VACCINATION,POLICY_RECOMMENDATION_CA,-4444,,,,,,,,EJRF
KHM,2024,POLICY_VACCINATION,POLICY_RECOMMENDATION_CA_CHRONIC,-4444,,,,,,,,EJRF
KHM,2024,POLICY_VACCINATION,OTHER_GROUPS,-4444,,,,,,,,EJRF
ECU,2024,POLICY_VACCINATION,POLICY_RECOMMENDATION_ADULTS_CHRONIC,YES,,,,,,,,EJRF
ECU,2024,POLICY_VACCINATION,POLICY_RECOMMENDATION_ELDERLY,YES,,,,,,,,EJRF
ECU,2024,POLICY_VACCINATION,POLICY_RECOMMENDATION_ELDERLY_CHRONIC,-4444,,,,,,,,EJRF
ECU,2024,POLICY_VACCINATION,POLICY_RECOMMENDATION_ADULTS,-4444,,,,,,,,EJRF
ECU,2024,POLICY_VACCINATION,PW,YES,,,,,,,,EJRF
ECU,2024,POLICY_VACCINATION,POLICY_RECOMMENDATION_HCW,YES,,,,,,,,EJRF
ECU,2024,POLICY_VACCINATION,POLICY_RECOMMENDATION_CA,-4444,,,,,,,,EJRF
ECU,2024,POLICY_VACCINATION,POLICY_RECOMMENDATION_CA_CHRONIC,-2222,,,,,,,,EJRF
ECU,2024,POLICY_VACCINATION,OTHER_GROUPS,YES,,,,,,,,EJRF
WSM,2024,POLICY_VACCINATION,POLICY_RECOMMENDATION_ELDERLY,YES,,,,,,,,EJRF
WSM,2024,POLICY_VACCINATION,POLICY_RECOMMENDATION_ELDERLY_CHRONIC,YES,,,,,,,,EJRF
WSM,2024,POLICY_VACCINATION,POLICY_RECOMMENDATION_ADULTS,NO,,,,,,,,EJRF
WSM,2024,POLICY_VACCINATION,POLICY_RECOMMENDATION_ADULTS_CHRONIC,YES,,,,,,,,EJRF
WSM,2024,POLICY_VACCINATION,PW,YES,,,,,,,,EJRF
WSM,2024,POLICY_VACCINATION,POLICY_RECOMMENDATION_HCW,YES,,,,,,,,EJRF
WSM,2024,POLICY_VACCINATION,POLICY_RECOMMENDATION_CA,NO,,,,,,,,EJRF
WSM,2024,POLICY_VACCINATION,POLICY_RECOMMENDATION_CA_CHRONIC,YES,,,,,,,,EJRF
WSM,2024,POLICY_VACCINATION,OTHER_GROUPS,-4444,,,,,,,,EJRF
KHM,2024,POLICY_REVACCINATION,PW,-4444,,,,,,,,EJRF
KHM,2024,POLICY_REVACCINATION,POLICY_RECOMMENDATION_ADULTS_CHRONIC,-4444,,,,,,,,EJRF
KHM,2024,POLICY_REVACCINATION,POLICY_RECOMMENDATION_ELDERLY,-4444,,,,,,,,EJRF
KHM,2024,POLICY_REVACCINATION,POLICY_RECOMMENDATION_ELDERLY_CHRONIC,-4444,,,,,,,,EJRF
KHM,2024,POLICY_REVACCINATION,POLICY_RECOMMENDATION_ADULTS,-4444,,,,,,,,EJRF
KHM,2024,POLICY_REVACCINATION,POLICY_RECOMMENDATION_HCW,-4444,,,,,,,,EJRF
KHM,2024,POLICY_REVACCINATION,POLICY_RECOMMENDATION_CA,-4444,,,,,,,,EJRF
KHM,2024,POLICY_REVACCINATION,POLICY_RECOMMENDATION_CA_CHRONIC,-4444,,,,,,,,EJRF
KHM,2024,POLICY_REVACCINATION,OTHER_GROUPS,-4444,,,,,,,,EJRF
ECU,2024,POLICY_REVACCINATION,POLICY_RECOMMENDATION_ADULTS_CHRONIC,YES,,,,,,,,EJRF
ECU,2024,POLICY_REVACCINATION,POLICY_RECOMMENDATION_ELDERLY,YES,,,,,,,,EJRF
ECU,2024,POLICY_REVACCINATION,POLICY_RECOMMENDATION_ELDERLY_CHRONIC,,,,,,,,,EJRF
ECU,2024,POLICY_REVACCINATION,POLICY_RECOMMENDATION_ADULTS,,,,,,,,,EJRF
ECU,2024,POLICY_REVACCINATION,PW,YES,,,,,,,,EJRF
ECU,2024,POLICY_REVACCINATION,POLICY_RECOMMENDATION_HCW,YES,,,,,,,,EJRF
ECU,2024,POLICY_REVACCINATION,POLICY_RECOMMENDATION_CA,,,,,,,,,EJRF
ECU,2024,POLICY_REVACCINATION,POLICY_RECOMMENDATION_CA_CHRONIC,,,,,,,,,EJRF
ECU,2024,POLICY_REVACCINATION,OTHER_GROUPS,YES,,,,,,,,EJRF
WSM,2024,POLICY_REVACCINATION,POLICY_RECOMMENDATION_ELDERLY,YES,,,,,,,,EJRF
WSM,2024,POLICY_REVACCINATION,POLICY_RECOMMENDATION_ELDERLY_CHRONIC,YES,,,,,,,,EJRF
WSM,2024,POLICY_REVACCINATION,POLICY_RECOMMENDATION_ADULTS,YES,,,,,,,,EJRF
WSM,2024,POLICY_REVACCINATION,POLICY_RECOMMENDATION_ADULTS_CHRONIC,YES,,,,,,,,EJRF
WSM,2024,POLICY_REVACCINATION,PW,YES,,,,,,,,EJRF
WSM,2024,POLICY_REVACCINATION,POLICY_RECOMMENDATION_HCW,YES,,,,,,,,EJRF
WSM,2024,POLICY_REVACCINATION,POLICY_RECOMMENDATION_CA,NO,,,,,,,,EJRF
WSM,2024,POLICY_REVACCINATION,POLICY_RECOMMENDATION_CA_CHRONIC,YES,,,,,,,,EJRF
WSM,2024,POLICY_REVACCINATION,OTHER_GROUPS,-4444,,,,,,,,EJRF
KHM,2024,POLICY_INTERVAL,PW,-4444,,,,,,,,EJRF
KHM,2024,POLICY_INTERVAL,POLICY_RECOMMENDATION_ADULTS_CHRONIC,-4444,,,,,,,,EJRF
KHM,2024,POLICY_INTERVAL,POLICY_RECOMMENDATION_ELDERLY,-4444,,,,,,,,EJRF
KHM,2024,POLICY_INTERVAL,POLICY_RECOMMENDATION_ELDERLY_CHRONIC,-4444,,,,,,,,EJRF
KHM,2024,POLICY_INTERVAL,POLICY_RECOMMENDATION_ADULTS,-4444,,,,,,,,EJRF
KHM,2024,POLICY_INTERVAL,POLICY_RECOMMENDATION_HCW,-4444,,,,,,,,EJRF
KHM,2024,POLICY_INTERVAL,POLICY_RECOMMENDATION_CA,-4444,,,,,,,,EJRF
KHM,2024,POLICY_INTERVAL,POLICY_RECOMMENDATION_CA_CHRONIC,-4444,,,,,,,,EJRF
KHM,2024,POLICY_INTERVAL,OTHER_GROUPS,-4444,,,,,,,,EJRF
ECU,2024,POLICY_INTERVAL,POLICY_RECOMMENDATION_ADULTS_CHRONIC,12_MONTHS,,,,,,,,EJRF
ECU,2024,POLICY_INTERVAL,POLICY_RECOMMENDATION_ELDERLY,12_MONTHS,,,,,,,,EJRF
ECU,2024,POLICY_INTERVAL,POLICY_RECOMMENDATION_ELDERLY_CHRONIC,,,,,,,,,EJRF
ECU,2024,POLICY_INTERVAL,POLICY_RECOMMENDATION_ADULTS,,,,,,,,,EJRF
ECU,2024,POLICY_INTERVAL,PW,OTHER,,,,,,,,EJRF
ECU,2024,POLICY_INTERVAL,POLICY_RECOMMENDATION_HCW,12_MONTHS,,,,,,,,EJRF
ECU,2024,POLICY_INTERVAL,POLICY_RECOMMENDATION_CA,,,,,,,,,EJRF
ECU,2024,POLICY_INTERVAL,POLICY_RECOMMENDATION_CA_CHRONIC,,,,,,,,,EJRF
ECU,2024,POLICY_INTERVAL,OTHER_GROUPS,12_MONTHS,,,,,,,,EJRF
WSM,2024,POLICY_INTERVAL,POLICY_RECOMMENDATION_ELDERLY,12_MONTHS,,,,,,,,EJRF
WSM,2024,POLICY_INTERVAL,POLICY_RECOMMENDATION_ELDERLY_CHRONIC,12_MONTHS,,,,,,,,EJRF
WSM,2024,POLICY_INTERVAL,POLICY_RECOMMENDATION_ADULTS,12_MONTHS,,,,,,,,EJRF
WSM,2024,POLICY_INTERVAL,POLICY_RECOMMENDATION_ADULTS_CHRONIC,6_MONTHS,,,,,,,,EJRF
WSM,2024,POLICY_INTERVAL,PW,12_MONTHS,,,,,,,,EJRF
WSM,2024,POLICY_INTERVAL,POLICY_RECOMMENDATION_HCW,12_MONTHS,,,,,,,,EJRF
WSM,2024,POLICY_INTERVAL,POLICY_RECOMMENDATION_CA,-4444,,,,,,,,EJRF
WSM,2024,POLICY_INTERVAL,POLICY_RECOMMENDATION_CA_CHRONIC,6_MONTHS,,,,,,,,EJRF
WSM,2024,POLICY_INTERVAL,OTHER_GROUPS,-4444,,,,,,,,EJRF
KHM,2024,POLICY_VACCINATION_COM,PW,,,,,,,,,EJRF
KHM,2024,POLICY_VACCINATION_COM,POLICY_RECOMMENDATION_ADULTS_CHRONIC,,,,,,,,,EJRF
KHM,2024,POLICY_VACCINATION_COM,POLICY_RECOMMENDATION_ELDERLY,,,,,,,,,EJRF
KHM,2024,POLICY_VACCINATION_COM,POLICY_RECOMMENDATION_ELDERLY_CHRONIC,,,,,,,,,EJRF
KHM,2024,POLICY_VACCINATION_COM,POLICY_RECOMMENDATION_ADULTS,,,,,,,,,EJRF
KHM,2024,POLICY_VACCINATION_COM,POLICY_RECOMMENDATION_HCW,,,,,,,,,EJRF
KHM,2024,POLICY_VACCINATION_COM,POLICY_RECOMMENDATION_CA,,,,,,,,,EJRF
KHM,2024,POLICY_VACCINATION_COM,POLICY_RECOMMENDATION_CA_CHRONIC,,,,,,,,,EJRF
KHM,2024,POLICY_VACCINATION_COM,OTHER_GROUPS,,,,,,,,,EJRF
ECU,2024,POLICY_VACCINATION_COM,POLICY_RECOMMENDATION_ADULTS_CHRONIC,Personas con enfermedades crónicas,,,,,,,,EJRF
ECU,2024,POLICY_VACCINATION_COM,POLICY_RECOMMENDATION_ELDERLY,Adultos mayores 65 años y más,,,,,,,,EJRF
ECU,2024,POLICY_VACCINATION_COM,POLICY_RECOMMENDATION_ELDERLY_CHRONIC,,,,,,,,,EJRF
ECU,2024,POLICY_VACCINATION_COM,POLICY_RECOMMENDATION_ADULTS,,,,,,,,,EJRF
ECU,2024,POLICY_VACCINATION_COM,PW,Embarazadas,,,,,,,,EJRF
ECU,2024,POLICY_VACCINATION_COM,POLICY_RECOMMENDATION_HCW,"Personal de salud, cuidadores a personas vulnerables",,,,,,,,EJRF
ECU,2024,POLICY_VACCINATION_COM,POLICY_RECOMMENDATION_CA,,,,,,,,,EJRF
ECU,2024,POLICY_VACCINATION_COM,POLICY_RECOMMENDATION_CA_CHRONIC,,,,,,,,,EJRF
ECU,2024,POLICY_VACCINATION_COM,OTHER_GROUPS,Personas Privadas de Libertad,,,,,,,,EJRF
WSM,2024,POLICY_VACCINATION_COM,POLICY_RECOMMENDATION_ELDERLY,-2222,,,,,,,,EJRF
WSM,2024,POLICY_VACCINATION_COM,POLICY_RECOMMENDATION_ELDERLY_CHRONIC,-4444,,,,,,,,EJRF
WSM,2024,POLICY_VACCINATION_COM,POLICY_RECOMMENDATION_ADULTS,-4444,,,,,,,,EJRF
WSM,2024,POLICY_VACCINATION_COM,POLICY_RECOMMENDATION_ADULTS_CHRONIC,-4444,,,,,,,,EJRF
WSM,2024,POLICY_VACCINATION_COM,PW,-4444,,,,,,,,EJRF
WSM,2024,POLICY_VACCINATION_COM,POLICY_RECOMMENDATION_HCW,-2222,,,,,,,,EJRF
WSM,2024,POLICY_VACCINATION_COM,POLICY_RECOMMENDATION_CA,-4444,,,,,,,,EJRF
WSM,2024,POLICY_VACCINATION_COM,POLICY_RECOMMENDATION_CA_CHRONIC,-4444,,,,,,,,EJRF
WSM,2024,POLICY_VACCINATION_COM,OTHER_GROUPS,-4444,,,,,,,,EJRF
AUS,2024,POLICY_VACCINATION,POLICY_RECOMMENDATION_ELDERLY,YES,,,,,,,,EJRF
AUS,2024,POLICY_VACCINATION,POLICY_RECOMMENDATION_ELDERLY_CHRONIC,YES,,,,,,,,EJRF
AUS,2024,POLICY_VACCINATION,POLICY_RECOMMENDATION_ADULTS,YES,,,,,,,,EJRF
AUS,2024,POLICY_VACCINATION,POLICY_RECOMMENDATION_ADULTS_CHRONIC,YES,,,,,,,,EJRF
AUS,2024,POLICY_VACCINATION,PW,YES,,,,,,,,EJRF
AUS,2024,POLICY_VACCINATION,POLICY_RECOMMENDATION_HCW,YES,,,,,,,,EJRF
AUS,2024,POLICY_VACCINATION,POLICY_RECOMMENDATION_CA,NO,,,,,,,,EJRF
AUS,2024,POLICY_VACCINATION,POLICY_RECOMMENDATION_CA_CHRONIC,YES,,,,,,,,EJRF
AUS,2024,POLICY_VACCINATION,OTHER_GROUPS,NO,,,,,,,,EJRF
BLZ,2024,POLICY_VACCINATION,POLICY_RECOMMENDATION_ADULTS,YES,,,,,,,,EJRF
BLZ,2024,POLICY_VACCINATION,POLICY_RECOMMENDATION_ADULTS_CHRONIC,YES,,,,,,,,EJRF
BLZ,2024,POLICY_VACCINATION,POLICY_RECOMMENDATION_ELDERLY,YES,,,,,,,,EJRF
BLZ,2024,POLICY_VACCINATION,POLICY_RECOMMENDATION_HCW,YES,,,,,,,,EJRF
BLZ,2024,POLICY_VACCINATION,POLICY_RECOMMENDATION_CA,YES,,,,,,,,EJRF
BLZ,2024,POLICY_VACCINATION,POLICY_RECOMMENDATION_CA_CHRONIC,YES,,,,,,,,EJRF
BLZ,2024,POLICY_VACCINATION,OTHER_GROUPS,-4444,,,,,,,,EJRF
BLZ,2024,POLICY_VACCINATION,POLICY_RECOMMENDATION_ELDERLY_CHRONIC,YES,,,,,,,,EJRF
BLZ,2024,POLICY_VACCINATION,PW,YES,,,,,,,,EJRF
CAF,2024,POLICY_VACCINATION,POLICY_RECOMMENDATION_ELDERLY,YES,,,,,,,,EJRF
CAF,2024,POLICY_VACCINATION,POLICY_RECOMMENDATION_ADULTS,YES,,,,,,,,EJRF
CAF,2024,POLICY_VACCINATION,POLICY_RECOMMENDATION_ELDERLY_CHRONIC,YES,,,,,,,,EJRF
CAF,2024,POLICY_VACCINATION,POLICY_RECOMMENDATION_ADULTS_CHRONIC,YES,,,,,,,,EJRF
CAF,2024,POLICY_VACCINATION,PW,-4444,,,,,,,,EJRF
CAF,2024,POLICY_VACCINATION,POLICY_RECOMMENDATION_HCW,YES,,,,,,,,EJRF
CAF,2024,POLICY_VACCINATION,POLICY_RECOMMENDATION_CA,YES,,,,,,,,EJRF
CAF,2024,POLICY_VACCINATION,POLICY_RECOMMENDATION_CA_CHRONIC,YES,,,,,,,,EJRF
CAF,2024,POLICY_VACCINATION,OTHER_GROUPS,NO,,,,,,,,EJRF
ERI,2024,POLICY_VACCINATION,POLICY_RECOMMENDATION_ELDERLY,NO,,,,,,,,EJRF
ERI,2024,POLICY_VACCINATION,POLICY_RECOMMENDATION_ELDERLY_CHRONIC,NO,,,,,,,,EJRF
ERI,2024,POLICY_VACCINATION,POLICY_RECOMMENDATION_ADULTS,NO,,,,,,,,EJRF
ERI,2024,POLICY_VACCINATION,POLICY_RECOMMENDATION_ADULTS_CHRONIC,NO,,,,,,,,EJRF
ERI,2024,POLICY_VACCINATION,PW,NO,,,,,,,,EJRF
ERI,2024,POLICY_VACCINATION,POLICY_RECOMMENDATION_HCW,NO,,,,,,,,EJRF
ERI,2024,POLICY_VACCINATION,POLICY_RECOMMENDATION_CA,NO,,,,,,,,EJRF
ERI,2024,POLICY_VACCINATION,POLICY_RECOMMENDATION_CA_CHRONIC,NO,,,,,,,,EJRF
ERI,2024,POLICY_VACCINATION,OTHER_GROUPS,NO,,,,,,,,EJRF
VEN,2024,POLICY_VACCINATION,POLICY_RECOMMENDATION_ELDERLY,-2222,,,,,,,,EJRF
VEN,2024,POLICY_VACCINATION,POLICY_RECOMMENDATION_ELDERLY_CHRONIC,-2222,,,,,,,,EJRF
VEN,2024,POLICY_VACCINATION,POLICY_RECOMMENDATION_ADULTS,-2222,,,,,,,,EJRF
VEN,2024,POLICY_VACCINATION,POLICY_RECOMMENDATION_ADULTS_CHRONIC,-2222,,,,,,,,EJRF
VEN,2024,POLICY_VACCINATION,PW,-2222,,,,,,,,EJRF
VEN,2024,POLICY_VACCINATION,POLICY_RECOMMENDATION_HCW,-2222,,,,,,,,EJRF
VEN,2024,POLICY_VACCINATION,POLICY_RECOMMENDATION_CA,-2222,,,,,,,,EJRF
VEN,2024,POLICY_VACCINATION,POLICY_RECOMMENDATION_CA_CHRONIC,-2222,,,,,,,,EJRF
VEN,2024,POLICY_VACCINATION,OTHER_GROUPS,-2222,,,,,,,,EJRF
AUS,2024,POLICY_REVACCINATION,POLICY_RECOMMENDATION_ELDERLY,YES,,,,,,,,EJRF
AUS,2024,POLICY_REVACCINATION,POLICY_RECOMMENDATION_ELDERLY_CHRONIC,YES,,,,,,,,EJRF
AUS,2024,POLICY_REVACCINATION,POLICY_RECOMMENDATION_ADULTS,YES,,,,,,,,EJRF
AUS,2024,POLICY_REVACCINATION,POLICY_RECOMMENDATION_ADULTS_CHRONIC,YES,,,,,,,,EJRF
AUS,2024,POLICY_REVACCINATION,PW,YES,,,,,,,,EJRF
AUS,2024,POLICY_REVACCINATION,POLICY_RECOMMENDATION_HCW,YES,,,,,,,,EJRF
AUS,2024,POLICY_REVACCINATION,POLICY_RECOMMENDATION_CA,NO,,,,,,,,EJRF
AUS,2024,POLICY_REVACCINATION,POLICY_RECOMMENDATION_CA_CHRONIC,YES,,,,,,,,EJRF
AUS,2024,POLICY_REVACCINATION,OTHER_GROUPS,NO,,,,,,,,EJRF
BLZ,2024,POLICY_REVACCINATION,POLICY_RECOMMENDATION_ADULTS,NO,,,,,,,,EJRF
BLZ,2024,POLICY_REVACCINATION,POLICY_RECOMMENDATION_ADULTS_CHRONIC,YES,,,,,,,,EJRF
BLZ,2024,POLICY_REVACCINATION,POLICY_RECOMMENDATION_ELDERLY,YES,,,,,,,,EJRF
BLZ,2024,POLICY_REVACCINATION,POLICY_RECOMMENDATION_HCW,YES,,,,,,,,EJRF
BLZ,2024,POLICY_REVACCINATION,POLICY_RECOMMENDATION_CA,NO,,,,,,,,EJRF
BLZ,2024,POLICY_REVACCINATION,POLICY_RECOMMENDATION_CA_CHRONIC,NO,,,,,,,,EJRF
BLZ,2024,POLICY_REVACCINATION,OTHER_GROUPS,-4444,,,,,,,,EJRF
BLZ,2024,POLICY_REVACCINATION,POLICY_RECOMMENDATION_ELDERLY_CHRONIC,YES,,,,,,,,EJRF
BLZ,2024,POLICY_REVACCINATION,PW,YES,,,,,,,,EJRF
CAF,2024,POLICY_REVACCINATION,POLICY_RECOMMENDATION_ELDERLY,YES,,,,,,,,EJRF
CAF,2024,POLICY_REVACCINATION,POLICY_RECOMMENDATION_ADULTS,YES,,,,,,,,EJRF
CAF,2024,POLICY_REVACCINATION,POLICY_RECOMMENDATION_ELDERLY_CHRONIC,YES,,,,,,,,EJRF
CAF,2024,POLICY_REVACCINATION,POLICY_RECOMMENDATION_ADULTS_CHRONIC,YES,,,,,,,,EJRF
CAF,2024,POLICY_REVACCINATION,PW,-4444,,,,,,,,EJRF
CAF,2024,POLICY_REVACCINATION,POLICY_RECOMMENDATION_HCW,YES,,,,,,,,EJRF
CAF,2024,POLICY_REVACCINATION,POLICY_RECOMMENDATION_CA,YES,,,,,,,,EJRF
CAF,2024,POLICY_REVACCINATION,POLICY_RECOMMENDATION_CA_CHRONIC,YES,,,,,,,,EJRF
CAF,2024,POLICY_REVACCINATION,OTHER_GROUPS,NO,,,,,,,,EJRF
ERI,2024,POLICY_REVACCINATION,POLICY_RECOMMENDATION_ELDERLY,NO,,,,,,,,EJRF
ERI,2024,POLICY_REVACCINATION,POLICY_RECOMMENDATION_ELDERLY_CHRONIC,NO,,,,,,,,EJRF
ERI,2024,POLICY_REVACCINATION,POLICY_RECOMMENDATION_ADULTS,NO,,,,,,,,EJRF
ERI,2024,POLICY_REVACCINATION,POLICY_RECOMMENDATION_ADULTS_CHRONIC,NO,,,,,,,,EJRF
ERI,2024,POLICY_REVACCINATION,PW,NO,,,,,,,,EJRF
ERI,2024,POLICY_REVACCINATION,POLICY_RECOMMENDATION_HCW,NO,,,,,,,,EJRF
ERI,2024,POLICY_REVACCINATION,POLICY_RECOMMENDATION_CA,NO,,,,,,,,EJRF
ERI,2024,POLICY_REVACCINATION,POLICY_RECOMMENDATION_CA_CHRONIC,NO,,,,,,,,EJRF
ERI,2024,POLICY_REVACCINATION,OTHER_GROUPS,NO,,,,,,,,EJRF
VEN,2024,POLICY_REVACCINATION,POLICY_RECOMMENDATION_ELDERLY,,,,,,,,,EJRF
VEN,2024,POLICY_REVACCINATION,POLICY_RECOMMENDATION_ELDERLY_CHRONIC,,,,,,,,,EJRF
VEN,2024,POLICY_REVACCINATION,POLICY_RECOMMENDATION_ADULTS,,,,,,,,,EJRF
VEN,2024,POLICY_REVACCINATION,POLICY_RECOMMENDATION_ADULTS_CHRONIC,,,,,,,,,EJRF
VEN,2024,POLICY_REVACCINATION,PW,,,,,,,,,EJRF
VEN,2024,POLICY_REVACCINATION,POLICY_RECOMMENDATION_HCW,,,,,,,,,EJRF
VEN,2024,POLICY_REVACCINATION,POLICY_RECOMMENDATION_CA,,,,,,,,,EJRF
VEN,2024,POLICY_REVACCINATION,POLICY_RECOMMENDATION_CA_CHRONIC,,,,,,,,,EJRF
VEN,2024,POLICY_REVACCINATION,OTHER_GROUPS,,,,,,,,,EJRF
AUS,2024,POLICY_INTERVAL,POLICY_RECOMMENDATION_ELDERLY,6_MONTHS,,,,,,,,EJRF
AUS,2024,POLICY_INTERVAL,POLICY_RECOMMENDATION_ELDERLY_CHRONIC,6_MONTHS,,,,,,,,EJRF
AUS,2024,POLICY_INTERVAL,POLICY_RECOMMENDATION_ADULTS,12_MONTHS,,,,,,,,EJRF
AUS,2024,POLICY_INTERVAL,POLICY_RECOMMENDATION_ADULTS_CHRONIC,12_MONTHS,,,,,,,,EJRF
AUS,2024,POLICY_INTERVAL,PW,12_MONTHS,,,,,,,,EJRF
AUS,2024,POLICY_INTERVAL,POLICY_RECOMMENDATION_HCW,12_MONTHS,,,,,,,,EJRF
AUS,2024,POLICY_INTERVAL,POLICY_RECOMMENDATION_CA,-4444,,,,,,,,EJRF
AUS,2024,POLICY_INTERVAL,POLICY_RECOMMENDATION_CA_CHRONIC,12_MONTHS,,,,,,,,EJRF
AUS,2024,POLICY_INTERVAL,OTHER_GROUPS,-4444,,,,,,,,EJRF
BLZ,2024,POLICY_INTERVAL,POLICY_RECOMMENDATION_ADULTS,-4444,,,,,,,,EJRF
BLZ,2024,POLICY_INTERVAL,POLICY_RECOMMENDATION_ADULTS_CHRONIC,6_MONTHS,,,,,,,,EJRF
BLZ,2024,POLICY_INTERVAL,POLICY_RECOMMENDATION_ELDERLY,6_MONTHS,,,,,,,,EJRF
BLZ,2024,POLICY_INTERVAL,POLICY_RECOMMENDATION_HCW,6_MONTHS,,,,,,,,EJRF
BLZ,2024,POLICY_INTERVAL,POLICY_RECOMMENDATION_CA,-4444,,,,,,,,EJRF
BLZ,2024,POLICY_INTERVAL,POLICY_RECOMMENDATION_CA_CHRONIC,-4444,,,,,,,,EJRF
BLZ,2024,POLICY_INTERVAL,OTHER_GROUPS,-4444,,,,,,,,EJRF
BLZ,2024,POLICY_INTERVAL,POLICY_RECOMMENDATION_ELDERLY_CHRONIC,6_MONTHS,,,,,,,,EJRF
BLZ,2024,POLICY_INTERVAL,PW,OTHER,,,,,,,,EJRF
CAF,2024,POLICY_INTERVAL,POLICY_RECOMMENDATION_ELDERLY,12_MONTHS,,,,,,,,EJRF
CAF,2024,POLICY_INTERVAL,POLICY_RECOMMENDATION_ADULTS,12_MONTHS,,,,,,,,EJRF
CAF,2024,POLICY_INTERVAL,POLICY_RECOMMENDATION_ELDERLY_CHRONIC,12_MONTHS,,,,,,,,EJRF
CAF,2024,POLICY_INTERVAL,POLICY_RECOMMENDATION_ADULTS_CHRONIC,12_MONTHS,,,,,,,,EJRF
CAF,2024,POLICY_INTERVAL,PW,-4444,,,,,,,,EJRF
CAF,2024,POLICY_INTERVAL,POLICY_RECOMMENDATION_HCW,12_MONTHS,,,,,,,,EJRF
CAF,2024,POLICY_INTERVAL,POLICY_RECOMMENDATION_CA,12_MONTHS,,,,,,,,EJRF
CAF,2024,POLICY_INTERVAL,POLICY_RECOMMENDATION_CA_CHRONIC,12_MONTHS,,,,,,,,EJRF
CAF,2024,POLICY_INTERVAL,OTHER_GROUPS,12_MONTHS,,,,,,,,EJRF
ERI,2024,POLICY_INTERVAL,POLICY_RECOMMENDATION_ELDERLY,-4444,,,,,,,,EJRF
ERI,2024,POLICY_INTERVAL,POLICY_RECOMMENDATION_ELDERLY_CHRONIC,-4444,,,,,,,,EJRF
ERI,2024,POLICY_INTERVAL,POLICY_RECOMMENDATION_ADULTS,-4444,,,,,,,,EJRF
ERI,2024,POLICY_INTERVAL,POLICY_RECOMMENDATION_ADULTS_CHRONIC,-4444,,,,,,,,EJRF
ERI,2024,POLICY_INTERVAL,PW,-4444,,,,,,,,EJRF
ERI,2024,POLICY_INTERVAL,POLICY_RECOMMENDATION_HCW,-4444,,,,,,,,EJRF
ERI,2024,POLICY_INTERVAL,POLICY_RECOMMENDATION_CA,-4444,,,,,,,,EJRF
ERI,2024,POLICY_INTERVAL,POLICY_RECOMMENDATION_CA_CHRONIC,-4444,,,,,,,,EJRF
ERI,2024,POLICY_INTERVAL,OTHER_GROUPS,-4444,,,,,,,,EJRF
VEN,2024,POLICY_INTERVAL,POLICY_RECOMMENDATION_ELDERLY,,,,,,,,,EJRF
VEN,2024,POLICY_INTERVAL,POLICY_RECOMMENDATION_ELDERLY_CHRONIC,,,,,,,,,EJRF
VEN,2024,POLICY_INTERVAL,POLICY_RECOMMENDATION_ADULTS,,,,,,,,,EJRF
VEN,2024,POLICY_INTERVAL,POLICY_RECOMMENDATION_ADULTS_CHRONIC,,,,,,,,,EJRF
VEN,2024,POLICY_INTERVAL,PW,,,,,,,,,EJRF
VEN,2024,POLICY_INTERVAL,POLICY_RECOMMENDATION_HCW,,,,,,,,,EJRF
VEN,2024,POLICY_INTERVAL,POLICY_RECOMMENDATION_CA,,,,,,,,,EJRF
VEN,2024,POLICY_INTERVAL,POLICY_RECOMMENDATION_CA_CHRONIC,,,,,,,,,EJRF
VEN,2024,POLICY_INTERVAL,OTHER_GROUPS,,,,,,,,,EJRF
AUS,2024,POLICY_VACCINATION_COM,POLICY_RECOMMENDATION_ELDERLY,"≥ 75 years, Recommended every 6 months",,,,,,,,EJRF
AUS,2024,POLICY_VACCINATION_COM,POLICY_RECOMMENDATION_ELDERLY_CHRONIC,"≥ 75 years, Recommended every 6 months",,,,,,,,EJRF
AUS,2024,POLICY_VACCINATION_COM,POLICY_RECOMMENDATION_ADULTS,"≥ 18 years, Eligible every 12 months",,,,,,,,EJRF
AUS,2024,POLICY_VACCINATION_COM,POLICY_RECOMMENDATION_ADULTS_CHRONIC,"≥ 18 years, Recommended every 12 months, eligible every 6 months",,,,,,,,EJRF
AUS,2024,POLICY_VACCINATION_COM,PW,Vaccine recommendations for pregnant women are the same as the general population. Vaccination in a specific trimester of pregnancy has not been highlighted. ,,,,,,,,EJRF
AUS,2024,POLICY_VACCINATION_COM,POLICY_RECOMMENDATION_HCW,Healthcare workers are identified in administrative data as those who received payments from Australian Business Numbers associated with the healthcare industry in the six months prior to 31 January 2025 or who reported a healthcare worker occupation in their Personal Income Tax data from FY 2020-2022.,,,,,,,,EJRF
AUS,2024,POLICY_VACCINATION_COM,POLICY_RECOMMENDATION_CA,"5-17 years, Not recommended",,,,,,,,EJRF
AUS,2024,POLICY_VACCINATION_COM,POLICY_RECOMMENDATION_CA_CHRONIC,"5-17 years, Eligible every 12 months",,,,,,,,EJRF
AUS,2024,POLICY_VACCINATION_COM,OTHER_GROUPS,-4444,,,,,,,,EJRF
BLZ,2024,POLICY_VACCINATION_COM,POLICY_RECOMMENDATION_ADULTS,Not routinely recommended,,,,,,,,EJRF
BLZ,2024,POLICY_VACCINATION_COM,POLICY_RECOMMENDATION_ADULTS_CHRONIC,-4444,,,,,,,,EJRF
BLZ,2024,POLICY_VACCINATION_COM,POLICY_RECOMMENDATION_ELDERLY,-4444,,,,,,,,EJRF
BLZ,2024,POLICY_VACCINATION_COM,POLICY_RECOMMENDATION_HCW,-4444,,,,,,,,EJRF
BLZ,2024,POLICY_VACCINATION_COM,POLICY_RECOMMENDATION_CA,-4444,,,,,,,,EJRF
BLZ,2024,POLICY_VACCINATION_COM,POLICY_RECOMMENDATION_CA_CHRONIC,-4444,,,,,,,,EJRF
BLZ,2024,POLICY_VACCINATION_COM,OTHER_GROUPS,-4444,,,,,,,,EJRF
BLZ,2024,POLICY_VACCINATION_COM,POLICY_RECOMMENDATION_ELDERLY_CHRONIC,-4444,,,,,,,,EJRF
BLZ,2024,POLICY_VACCINATION_COM,PW,Single dose in each pregnancy,,,,,,,,EJRF
CAF,2024,POLICY_VACCINATION_COM,POLICY_RECOMMENDATION_ELDERLY,-2222,,,,,,,,EJRF
CAF,2024,POLICY_VACCINATION_COM,POLICY_RECOMMENDATION_ADULTS,-2222,,,,,,,,EJRF
CAF,2024,POLICY_VACCINATION_COM,POLICY_RECOMMENDATION_ELDERLY_CHRONIC,-2222,,,,,,,,EJRF
CAF,2024,POLICY_VACCINATION_COM,POLICY_RECOMMENDATION_ADULTS_CHRONIC,-2222,,,,,,,,EJRF
CAF,2024,POLICY_VACCINATION_COM,PW,-4444,,,,,,,,EJRF
CAF,2024,POLICY_VACCINATION_COM,POLICY_RECOMMENDATION_HCW,-2222,,,,,,,,EJRF
CAF,2024,POLICY_VACCINATION_COM,POLICY_RECOMMENDATION_CA,-2222,,,,,,,,EJRF
CAF,2024,POLICY_VACCINATION_COM,POLICY_RECOMMENDATION_CA_CHRONIC,-2222,,,,,,,,EJRF
CAF,2024,POLICY_VACCINATION_COM,OTHER_GROUPS,-4444,,,,,,,,EJRF
ERI,2024,POLICY_VACCINATION_COM,POLICY_RECOMMENDATION_ELDERLY,-4444,,,,,,,,EJRF
ERI,2024,POLICY_VACCINATION_COM,POLICY_RECOMMENDATION_ELDERLY_CHRONIC,-4444,,,,,,,,EJRF
ERI,2024,POLICY_VACCINATION_COM,POLICY_RECOMMENDATION_ADULTS,-4444,,,,,,,,EJRF
ERI,2024,POLICY_VACCINATION_COM,POLICY_RECOMMENDATION_ADULTS_CHRONIC,-4444,,,,,,,,EJRF
ERI,2024,POLICY_VACCINATION_COM,PW,-4444,,,,,,,,EJRF
ERI,2024,POLICY_VACCINATION_COM,POLICY_RECOMMENDATION_HCW,-4444,,,,,,,,EJRF
ERI,2024,POLICY_VACCINATION_COM,POLICY_RECOMMENDATION_CA,-4444,,,,,,,,EJRF
ERI,2024,POLICY_VACCINATION_COM,POLICY_RECOMMENDATION_CA_CHRONIC,-4444,,,,,,,,EJRF
ERI,2024,POLICY_VACCINATION_COM,OTHER_GROUPS,-4444,,,,,,,,EJRF
VEN,2024,POLICY_VACCINATION_COM,POLICY_RECOMMENDATION_ELDERLY,,,,,,,,,EJRF
VEN,2024,POLICY_VACCINATION_COM,POLICY_RECOMMENDATION_ELDERLY_CHRONIC,,,,,,,,,EJRF
VEN,2024,POLICY_VACCINATION_COM,POLICY_RECOMMENDATION_ADULTS,,,,,,,,,EJRF
VEN,2024,POLICY_VACCINATION_COM,POLICY_RECOMMENDATION_ADULTS_CHRONIC,,,,,,,,,EJRF
VEN,2024,POLICY_VACCINATION_COM,PW,,,,,,,,,EJRF
VEN,2024,POLICY_VACCINATION_COM,POLICY_RECOMMENDATION_HCW,,,,,,,,,EJRF
VEN,2024,POLICY_VACCINATION_COM,POLICY_RECOMMENDATION_CA,,,,,,,,,EJRF
VEN,2024,POLICY_VACCINATION_COM,POLICY_RECOMMENDATION_CA_CHRONIC,,,,,,,,,EJRF
VEN,2024,POLICY_VACCINATION_COM,OTHER_GROUPS,,,,,,,,,EJRF
CHN,2024,POLICY_VACCINATION,PW,,,,,,,,,EJRF
CHN,2024,POLICY_VACCINATION,POLICY_RECOMMENDATION_HCW,,,,,,,,,EJRF
CHN,2024,POLICY_VACCINATION,POLICY_RECOMMENDATION_CA,,,,,,,,,EJRF
CHN,2024,POLICY_VACCINATION,POLICY_RECOMMENDATION_CA_CHRONIC,,,,,,,,,EJRF
CHN,2024,POLICY_VACCINATION,OTHER_GROUPS,,,,,,,,,EJRF
CHN,2024,POLICY_VACCINATION,POLICY_RECOMMENDATION_ELDERLY,,,,,,,,,EJRF
CHN,2024,POLICY_VACCINATION,POLICY_RECOMMENDATION_ELDERLY_CHRONIC,,,,,,,,,EJRF
CHN,2024,POLICY_VACCINATION,POLICY_RECOMMENDATION_ADULTS,,,,,,,,,EJRF
CHN,2024,POLICY_VACCINATION,POLICY_RECOMMENDATION_ADULTS_CHRONIC,,,,,,,,,EJRF
ETH,2024,POLICY_VACCINATION,POLICY_RECOMMENDATION_ELDERLY_CHRONIC,YES,,,,,,,,EJRF
ETH,2024,POLICY_VACCINATION,POLICY_RECOMMENDATION_ADULTS,YES,,,,,,,,EJRF
ETH,2024,POLICY_VACCINATION,POLICY_RECOMMENDATION_ADULTS_CHRONIC,YES,,,,,,,,EJRF
ETH,2024,POLICY_VACCINATION,PW,YES,,,,,,,,EJRF
ETH,2024,POLICY_VACCINATION,POLICY_RECOMMENDATION_HCW,YES,,,,,,,,EJRF
ETH,2024,POLICY_VACCINATION,POLICY_RECOMMENDATION_CA,YES,,,,,,,,EJRF
ETH,2024,POLICY_VACCINATION,POLICY_RECOMMENDATION_CA_CHRONIC,YES,,,,,,,,EJRF
ETH,2024,POLICY_VACCINATION,OTHER_GROUPS,YES,,,,,,,,EJRF
ETH,2024,POLICY_VACCINATION,POLICY_RECOMMENDATION_ELDERLY,YES,,,,,,,,EJRF
CHN,2024,POLICY_REVACCINATION,PW,,,,,,,,,EJRF
CHN,2024,POLICY_REVACCINATION,POLICY_RECOMMENDATION_HCW,,,,,,,,,EJRF
CHN,2024,POLICY_REVACCINATION,POLICY_RECOMMENDATION_CA,,,,,,,,,EJRF
CHN,2024,POLICY_REVACCINATION,POLICY_RECOMMENDATION_CA_CHRONIC,,,,,,,,,EJRF
CHN,2024,POLICY_REVACCINATION,OTHER_GROUPS,,,,,,,,,EJRF
CHN,2024,POLICY_REVACCINATION,POLICY_RECOMMENDATION_ELDERLY,,,,,,,,,EJRF
CHN,2024,POLICY_REVACCINATION,POLICY_RECOMMENDATION_ELDERLY_CHRONIC,,,,,,,,,EJRF
CHN,2024,POLICY_REVACCINATION,POLICY_RECOMMENDATION_ADULTS,,,,,,,,,EJRF
CHN,2024,POLICY_REVACCINATION,POLICY_RECOMMENDATION_ADULTS_CHRONIC,,,,,,,,,EJRF
ETH,2024,POLICY_REVACCINATION,POLICY_RECOMMENDATION_ELDERLY_CHRONIC,YES,,,,,,,,EJRF
ETH,2024,POLICY_REVACCINATION,POLICY_RECOMMENDATION_ADULTS,YES,,,,,,,,EJRF
ETH,2024,POLICY_REVACCINATION,POLICY_RECOMMENDATION_ADULTS_CHRONIC,YES,,,,,,,,EJRF
ETH,2024,POLICY_REVACCINATION,PW,YES,,,,,,,,EJRF
ETH,2024,POLICY_REVACCINATION,POLICY_RECOMMENDATION_HCW,YES,,,,,,,,EJRF
ETH,2024,POLICY_REVACCINATION,POLICY_RECOMMENDATION_CA,YES,,,,,,,,EJRF
ETH,2024,POLICY_REVACCINATION,POLICY_RECOMMENDATION_CA_CHRONIC,YES,,,,,,,,EJRF
ETH,2024,POLICY_REVACCINATION,OTHER_GROUPS,YES,,,,,,,,EJRF
ETH,2024,POLICY_REVACCINATION,POLICY_RECOMMENDATION_ELDERLY,YES,,,,,,,,EJRF
CHN,2024,POLICY_INTERVAL,PW,,,,,,,,,EJRF
CHN,2024,POLICY_INTERVAL,POLICY_RECOMMENDATION_HCW,,,,,,,,,EJRF
CHN,2024,POLICY_INTERVAL,POLICY_RECOMMENDATION_CA,,,,,,,,,EJRF
CHN,2024,POLICY_INTERVAL,POLICY_RECOMMENDATION_CA_CHRONIC,,,,,,,,,EJRF
CHN,2024,POLICY_INTERVAL,OTHER_GROUPS,,,,,,,,,EJRF
CHN,2024,POLICY_INTERVAL,POLICY_RECOMMENDATION_ELDERLY,,,,,,,,,EJRF
CHN,2024,POLICY_INTERVAL,POLICY_RECOMMENDATION_ELDERLY_CHRONIC,,,,,,,,,EJRF
CHN,2024,POLICY_INTERVAL,POLICY_RECOMMENDATION_ADULTS,,,,,,,,,EJRF
CHN,2024,POLICY_INTERVAL,POLICY_RECOMMENDATION_ADULTS_CHRONIC,,,,,,,,,EJRF
ETH,2024,POLICY_INTERVAL,POLICY_RECOMMENDATION_ELDERLY_CHRONIC,6_MONTHS,,,,,,,,EJRF
ETH,2024,POLICY_INTERVAL,POLICY_RECOMMENDATION_ADULTS,6_MONTHS,,,,,,,,EJRF
ETH,2024,POLICY_INTERVAL,POLICY_RECOMMENDATION_ADULTS_CHRONIC,6_MONTHS,,,,,,,,EJRF
ETH,2024,POLICY_INTERVAL,PW,6_MONTHS,,,,,,,,EJRF
ETH,2024,POLICY_INTERVAL,POLICY_RECOMMENDATION_HCW,6_MONTHS,,,,,,,,EJRF
ETH,2024,POLICY_INTERVAL,POLICY_RECOMMENDATION_CA,6_MONTHS,,,,,,,,EJRF
ETH,2024,POLICY_INTERVAL,POLICY_RECOMMENDATION_CA_CHRONIC,6_MONTHS,,,,,,,,EJRF
ETH,2024,POLICY_INTERVAL,OTHER_GROUPS,6_MONTHS,,,,,,,,EJRF
ETH,2024,POLICY_INTERVAL,POLICY_RECOMMENDATION_ELDERLY,6_MONTHS,,,,,,,,EJRF
CHN,2024,POLICY_VACCINATION_COM,PW,,,,,,,,,EJRF
CHN,2024,POLICY_VACCINATION_COM,POLICY_RECOMMENDATION_HCW,,,,,,,,,EJRF
CHN,2024,POLICY_VACCINATION_COM,POLICY_RECOMMENDATION_CA,,,,,,,,,EJRF
CHN,2024,POLICY_VACCINATION_COM,POLICY_RECOMMENDATION_CA_CHRONIC,,,,,,,,,EJRF
CHN,2024,POLICY_VACCINATION_COM,OTHER_GROUPS,,,,,,,,,EJRF
CHN,2024,POLICY_VACCINATION_COM,POLICY_RECOMMENDATION_ELDERLY,,,,,,,,,EJRF
CHN,2024,POLICY_VACCINATION_COM,POLICY_RECOMMENDATION_ELDERLY_CHRONIC,,,,,,,,,EJRF
CHN,2024,POLICY_VACCINATION_COM,POLICY_RECOMMENDATION_ADULTS,,,,,,,,,EJRF
CHN,2024,POLICY_VACCINATION_COM,POLICY_RECOMMENDATION_ADULTS_CHRONIC,,,,,,,,,EJRF
ETH,2024,POLICY_VACCINATION_COM,POLICY_RECOMMENDATION_ELDERLY_CHRONIC,,,,,,,,,EJRF
ETH,2024,POLICY_VACCINATION_COM,POLICY_RECOMMENDATION_ADULTS,,,,,,,,,EJRF
ETH,2024,POLICY_VACCINATION_COM,POLICY_RECOMMENDATION_ADULTS_CHRONIC,,,,,,,,,EJRF
ETH,2024,POLICY_VACCINATION_COM,PW,,,,,,,,,EJRF
ETH,2024,POLICY_VACCINATION_COM,POLICY_RECOMMENDATION_HCW,,,,,,,,,EJRF
ETH,2024,POLICY_VACCINATION_COM,POLICY_RECOMMENDATION_CA,,,,,,,,,EJRF
ETH,2024,POLICY_VACCINATION_COM,POLICY_RECOMMENDATION_CA_CHRONIC,,,,,,,,,EJRF
ETH,2024,POLICY_VACCINATION_COM,OTHER_GROUPS,,,,,,,,,EJRF
ETH,2024,POLICY_VACCINATION_COM,POLICY_RECOMMENDATION_ELDERLY,,,,,,,,,EJRF
JPN,2024,POLICY_VACCINATION,POLICY_RECOMMENDATION_ELDERLY,YES,,,,,,,,EJRF
JPN,2024,POLICY_VACCINATION,POLICY_RECOMMENDATION_ADULTS_CHRONIC,,,,,,,,,EJRF
JPN,2024,POLICY_VACCINATION,PW,,,,,,,,,EJRF
JPN,2024,POLICY_VACCINATION,POLICY_RECOMMENDATION_HCW,,,,,,,,,EJRF
JPN,2024,POLICY_VACCINATION,POLICY_RECOMMENDATION_CA,,,,,,,,,EJRF
JPN,2024,POLICY_VACCINATION,POLICY_RECOMMENDATION_CA_CHRONIC,,,,,,,,,EJRF
JPN,2024,POLICY_VACCINATION,OTHER_GROUPS,,,,,,,,,EJRF
JPN,2024,POLICY_VACCINATION,POLICY_RECOMMENDATION_ELDERLY_CHRONIC,YES,,,,,,,,EJRF
JPN,2024,POLICY_VACCINATION,POLICY_RECOMMENDATION_ADULTS,,,,,,,,,EJRF
NCL,2024,POLICY_VACCINATION,POLICY_RECOMMENDATION_ELDERLY,YES,,,,,,,,EJRF
NCL,2024,POLICY_VACCINATION,POLICY_RECOMMENDATION_ELDERLY_CHRONIC,YES,,,,,,,,EJRF
NCL,2024,POLICY_VACCINATION,POLICY_RECOMMENDATION_ADULTS,YES,,,,,,,,EJRF
NCL,2024,POLICY_VACCINATION,POLICY_RECOMMENDATION_ADULTS_CHRONIC,YES,,,,,,,,EJRF
NCL,2024,POLICY_VACCINATION,PW,YES,,,,,,,,EJRF
NCL,2024,POLICY_VACCINATION,POLICY_RECOMMENDATION_HCW,YES,,,,,,,,EJRF
NCL,2024,POLICY_VACCINATION,POLICY_RECOMMENDATION_CA,NO,,,,,,,,EJRF
NCL,2024,POLICY_VACCINATION,POLICY_RECOMMENDATION_CA_CHRONIC,YES,,,,,,,,EJRF
NCL,2024,POLICY_VACCINATION,OTHER_GROUPS,,,,,,,,,EJRF
ARE,2024,POLICY_VACCINATION,POLICY_RECOMMENDATION_ADULTS_CHRONIC,-4444,,,,,,,,EJRF
ARE,2024,POLICY_VACCINATION,PW,-4444,,,,,,,,EJRF
ARE,2024,POLICY_VACCINATION,POLICY_RECOMMENDATION_HCW,-4444,,,,,,,,EJRF
ARE,2024,POLICY_VACCINATION,POLICY_RECOMMENDATION_CA,-4444,,,,,,,,EJRF
ARE,2024,POLICY_VACCINATION,POLICY_RECOMMENDATION_CA_CHRONIC,-4444,,,,,,,,EJRF
ARE,2024,POLICY_VACCINATION,OTHER_GROUPS,-4444,,,,,,,,EJRF
ARE,2024,POLICY_VACCINATION,POLICY_RECOMMENDATION_ELDERLY,-4444,,,,,,,,EJRF
ARE,2024,POLICY_VACCINATION,POLICY_RECOMMENDATION_ELDERLY_CHRONIC,-4444,,,,,,,,EJRF
ARE,2024,POLICY_VACCINATION,POLICY_RECOMMENDATION_ADULTS,-4444,,,,,,,,EJRF
JPN,2024,POLICY_REVACCINATION,POLICY_RECOMMENDATION_ELDERLY,YES,,,,,,,,EJRF
JPN,2024,POLICY_REVACCINATION,POLICY_RECOMMENDATION_ADULTS_CHRONIC,,,,,,,,,EJRF
JPN,2024,POLICY_REVACCINATION,PW,,,,,,,,,EJRF
JPN,2024,POLICY_REVACCINATION,POLICY_RECOMMENDATION_HCW,,,,,,,,,EJRF
JPN,2024,POLICY_REVACCINATION,POLICY_RECOMMENDATION_CA,,,,,,,,,EJRF
JPN,2024,POLICY_REVACCINATION,POLICY_RECOMMENDATION_CA_CHRONIC,,,,,,,,,EJRF
JPN,2024,POLICY_REVACCINATION,OTHER_GROUPS,,,,,,,,,EJRF
JPN,2024,POLICY_REVACCINATION,POLICY_RECOMMENDATION_ELDERLY_CHRONIC,NO,,,,,,,,EJRF
JPN,2024,POLICY_REVACCINATION,POLICY_RECOMMENDATION_ADULTS,,,,,,,,,EJRF
NCL,2024,POLICY_REVACCINATION,POLICY_RECOMMENDATION_ELDERLY,YES,,,,,,,,EJRF
NCL,2024,POLICY_REVACCINATION,POLICY_RECOMMENDATION_ELDERLY_CHRONIC,YES,,,,,,,,EJRF
NCL,2024,POLICY_REVACCINATION,POLICY_RECOMMENDATION_ADULTS,NO,,,,,,,,EJRF
NCL,2024,POLICY_REVACCINATION,POLICY_RECOMMENDATION_ADULTS_CHRONIC,YES,,,,,,,,EJRF
NCL,2024,POLICY_REVACCINATION,PW,YES,,,,,,,,EJRF
NCL,2024,POLICY_REVACCINATION,POLICY_RECOMMENDATION_HCW,YES,,,,,,,,EJRF
NCL,2024,POLICY_REVACCINATION,POLICY_RECOMMENDATION_CA,NO,,,,,,,,EJRF
NCL,2024,POLICY_REVACCINATION,POLICY_RECOMMENDATION_CA_CHRONIC,YES,,,,,,,,EJRF
NCL,2024,POLICY_REVACCINATION,OTHER_GROUPS,,,,,,,,,EJRF
ARE,2024,POLICY_REVACCINATION,POLICY_RECOMMENDATION_ADULTS_CHRONIC,-4444,,,,,,,,EJRF
ARE,2024,POLICY_REVACCINATION,PW,-4444,,,,,,,,EJRF
ARE,2024,POLICY_REVACCINATION,POLICY_RECOMMENDATION_HCW,-4444,,,,,,,,EJRF
ARE,2024,POLICY_REVACCINATION,POLICY_RECOMMENDATION_CA,-4444,,,,,,,,EJRF
ARE,2024,POLICY_REVACCINATION,POLICY_RECOMMENDATION_CA_CHRONIC,-4444,,,,,,,,EJRF
ARE,2024,POLICY_REVACCINATION,OTHER_GROUPS,-4444,,,,,,,,EJRF
ARE,2024,POLICY_REVACCINATION,POLICY_RECOMMENDATION_ELDERLY,-4444,,,,,,,,EJRF
ARE,2024,POLICY_REVACCINATION,POLICY_RECOMMENDATION_ELDERLY_CHRONIC,-4444,,,,,,,,EJRF
ARE,2024,POLICY_REVACCINATION,POLICY_RECOMMENDATION_ADULTS,-4444,,,,,,,,EJRF
JPN,2024,POLICY_INTERVAL,POLICY_RECOMMENDATION_ELDERLY,,,,,,,,,EJRF
JPN,2024,POLICY_INTERVAL,POLICY_RECOMMENDATION_ADULTS_CHRONIC,,,,,,,,,EJRF
JPN,2024,POLICY_INTERVAL,PW,,,,,,,,,EJRF
JPN,2024,POLICY_INTERVAL,POLICY_RECOMMENDATION_HCW,,,,,,,,,EJRF
JPN,2024,POLICY_INTERVAL,POLICY_RECOMMENDATION_CA,,,,,,,,,EJRF
JPN,2024,POLICY_INTERVAL,POLICY_RECOMMENDATION_CA_CHRONIC,,,,,,,,,EJRF
JPN,2024,POLICY_INTERVAL,OTHER_GROUPS,,,,,,,,,EJRF
JPN,2024,POLICY_INTERVAL,POLICY_RECOMMENDATION_ELDERLY_CHRONIC,,,,,,,,,EJRF
JPN,2024,POLICY_INTERVAL,POLICY_RECOMMENDATION_ADULTS,,,,,,,,,EJRF
NCL,2024,POLICY_INTERVAL,POLICY_RECOMMENDATION_ELDERLY,12_MONTHS,,,,,,,,EJRF
NCL,2024,POLICY_INTERVAL,POLICY_RECOMMENDATION_ELDERLY_CHRONIC,6_MONTHS,,,,,,,,EJRF
NCL,2024,POLICY_INTERVAL,POLICY_RECOMMENDATION_ADULTS,,,,,,,,,EJRF
NCL,2024,POLICY_INTERVAL,POLICY_RECOMMENDATION_ADULTS_CHRONIC,12_MONTHS,,,,,,,,EJRF
NCL,2024,POLICY_INTERVAL,PW,,,,,,,,,EJRF
NCL,2024,POLICY_INTERVAL,POLICY_RECOMMENDATION_HCW,12_MONTHS,,,,,,,,EJRF
NCL,2024,POLICY_INTERVAL,POLICY_RECOMMENDATION_CA,,,,,,,,,EJRF
NCL,2024,POLICY_INTERVAL,POLICY_RECOMMENDATION_CA_CHRONIC,12_MONTHS,,,,,,,,EJRF
NCL,2024,POLICY_INTERVAL,OTHER_GROUPS,,,,,,,,,EJRF
ARE,2024,POLICY_INTERVAL,POLICY_RECOMMENDATION_ADULTS_CHRONIC,-4444,,,,,,,,EJRF
ARE,2024,POLICY_INTERVAL,PW,-4444,,,,,,,,EJRF
ARE,2024,POLICY_INTERVAL,POLICY_RECOMMENDATION_HCW,-4444,,,,,,,,EJRF
ARE,2024,POLICY_INTERVAL,POLICY_RECOMMENDATION_CA,-4444,,,,,,,,EJRF
ARE,2024,POLICY_INTERVAL,POLICY_RECOMMENDATION_CA_CHRONIC,-4444,,,,,,,,EJRF
ARE,2024,POLICY_INTERVAL,OTHER_GROUPS,,,,,,,,,EJRF
ARE,2024,POLICY_INTERVAL,POLICY_RECOMMENDATION_ELDERLY,-4444,,,,,,,,EJRF
ARE,2024,POLICY_INTERVAL,POLICY_RECOMMENDATION_ELDERLY_CHRONIC,-4444,,,,,,,,EJRF
ARE,2024,POLICY_INTERVAL,POLICY_RECOMMENDATION_ADULTS,-4444,,,,,,,,EJRF
JPN,2024,POLICY_VACCINATION_COM,POLICY_RECOMMENDATION_ELDERLY,,,,,,,,,EJRF
JPN,2024,POLICY_VACCINATION_COM,POLICY_RECOMMENDATION_ADULTS_CHRONIC,,,,,,,,,EJRF
JPN,2024,POLICY_VACCINATION_COM,PW,,,,,,,,,EJRF
JPN,2024,POLICY_VACCINATION_COM,POLICY_RECOMMENDATION_HCW,,,,,,,,,EJRF
JPN,2024,POLICY_VACCINATION_COM,POLICY_RECOMMENDATION_CA,,,,,,,,,EJRF
JPN,2024,POLICY_VACCINATION_COM,POLICY_RECOMMENDATION_CA_CHRONIC,,,,,,,,,EJRF
JPN,2024,POLICY_VACCINATION_COM,OTHER_GROUPS,,,,,,,,,EJRF
JPN,2024,POLICY_VACCINATION_COM,POLICY_RECOMMENDATION_ELDERLY_CHRONIC,,,,,,,,,EJRF
JPN,2024,POLICY_VACCINATION_COM,POLICY_RECOMMENDATION_ADULTS,,,,,,,,,EJRF
NCL,2024,POLICY_VACCINATION_COM,POLICY_RECOMMENDATION_ELDERLY,,,,,,,,,EJRF
NCL,2024,POLICY_VACCINATION_COM,POLICY_RECOMMENDATION_ELDERLY_CHRONIC,,,,,,,,,EJRF
NCL,2024,POLICY_VACCINATION_COM,POLICY_RECOMMENDATION_ADULTS,,,,,,,,,EJRF
NCL,2024,POLICY_VACCINATION_COM,POLICY_RECOMMENDATION_ADULTS_CHRONIC,,,,,,,,,EJRF
NCL,2024,POLICY_VACCINATION_COM,PW,,,,,,,,,EJRF
NCL,2024,POLICY_VACCINATION_COM,POLICY_RECOMMENDATION_HCW,,,,,,,,,EJRF
NCL,2024,POLICY_VACCINATION_COM,POLICY_RECOMMENDATION_CA,,,,,,,,,EJRF
NCL,2024,POLICY_VACCINATION_COM,POLICY_RECOMMENDATION_CA_CHRONIC,,,,,,,,,EJRF
NCL,2024,POLICY_VACCINATION_COM,OTHER_GROUPS,,,,,,,,,EJRF
ARE,2024,POLICY_VACCINATION_COM,POLICY_RECOMMENDATION_ADULTS_CHRONIC,-4444,,,,,,,,EJRF
ARE,2024,POLICY_VACCINATION_COM,PW,-4444,,,,,,,,EJRF
ARE,2024,POLICY_VACCINATION_COM,POLICY_RECOMMENDATION_HCW,-4444,,,,,,,,EJRF
ARE,2024,POLICY_VACCINATION_COM,POLICY_RECOMMENDATION_CA,-4444,,,,,,,,EJRF
ARE,2024,POLICY_VACCINATION_COM,POLICY_RECOMMENDATION_CA_CHRONIC,-4444,,,,,,,,EJRF
ARE,2024,POLICY_VACCINATION_COM,OTHER_GROUPS,,,,,,,,,EJRF
ARE,2024,POLICY_VACCINATION_COM,POLICY_RECOMMENDATION_ELDERLY,-4444,,,,,,,,EJRF
ARE,2024,POLICY_VACCINATION_COM,POLICY_RECOMMENDATION_ELDERLY_CHRONIC,-4444,,,,,,,,EJRF
ARE,2024,POLICY_VACCINATION_COM,POLICY_RECOMMENDATION_ADULTS,-4444,,,,,,,,EJRF
LAO,2024,POLICY_VACCINATION,POLICY_RECOMMENDATION_ELDERLY_CHRONIC,YES,,,,,,,,EJRF
LAO,2024,POLICY_VACCINATION,POLICY_RECOMMENDATION_ADULTS_CHRONIC,YES,,,,,,,,EJRF
LAO,2024,POLICY_VACCINATION,PW,YES,,,,,,,,EJRF
LAO,2024,POLICY_VACCINATION,POLICY_RECOMMENDATION_HCW,YES,,,,,,,,EJRF
LAO,2024,POLICY_VACCINATION,POLICY_RECOMMENDATION_CA,YES,,,,,,,,EJRF
LAO,2024,POLICY_VACCINATION,POLICY_RECOMMENDATION_CA_CHRONIC,YES,,,,,,,,EJRF
LAO,2024,POLICY_VACCINATION,OTHER_GROUPS,NO,,,,,,,,EJRF
LAO,2024,POLICY_VACCINATION,POLICY_RECOMMENDATION_ELDERLY,YES,,,,,,,,EJRF
LAO,2024,POLICY_VACCINATION,POLICY_RECOMMENDATION_ADULTS,YES,,,,,,,,EJRF
MWI,2024,POLICY_VACCINATION,POLICY_RECOMMENDATION_ADULTS,YES,,,,,,,,EJRF
MWI,2024,POLICY_VACCINATION,POLICY_RECOMMENDATION_ADULTS_CHRONIC,YES,,,,,,,,EJRF
MWI,2024,POLICY_VACCINATION,PW,YES,,,,,,,,EJRF
MWI,2024,POLICY_VACCINATION,POLICY_RECOMMENDATION_HCW,YES,,,,,,,,EJRF
MWI,2024,POLICY_VACCINATION,POLICY_RECOMMENDATION_CA,NO,,,,,,,,EJRF
MWI,2024,POLICY_VACCINATION,POLICY_RECOMMENDATION_CA_CHRONIC,YES,,,,,,,,EJRF
MWI,2024,POLICY_VACCINATION,OTHER_GROUPS,-4444,,,,,,,,EJRF
MWI,2024,POLICY_VACCINATION,POLICY_RECOMMENDATION_ELDERLY,YES,,,,,,,,EJRF
MWI,2024,POLICY_VACCINATION,POLICY_RECOMMENDATION_ELDERLY_CHRONIC,YES,,,,,,,,EJRF
VUT,2024,POLICY_VACCINATION,POLICY_RECOMMENDATION_ELDERLY,-4444,,,,,,,,EJRF
VUT,2024,POLICY_VACCINATION,POLICY_RECOMMENDATION_ELDERLY_CHRONIC,-4444,,,,,,,,EJRF
VUT,2024,POLICY_VACCINATION,POLICY_RECOMMENDATION_ADULTS,-4444,,,,,,,,EJRF
VUT,2024,POLICY_VACCINATION,POLICY_RECOMMENDATION_ADULTS_CHRONIC,-4444,,,,,,,,EJRF
VUT,2024,POLICY_VACCINATION,PW,-4444,,,,,,,,EJRF
VUT,2024,POLICY_VACCINATION,POLICY_RECOMMENDATION_HCW,-4444,,,,,,,,EJRF
VUT,2024,POLICY_VACCINATION,POLICY_RECOMMENDATION_CA,-4444,,,,,,,,EJRF
VUT,2024,POLICY_VACCINATION,POLICY_RECOMMENDATION_CA_CHRONIC,-4444,,,,,,,,EJRF
VUT,2024,POLICY_VACCINATION,OTHER_GROUPS,-4444,,,,,,,,EJRF
LAO,2024,POLICY_REVACCINATION,POLICY_RECOMMENDATION_ELDERLY_CHRONIC,YES,,,,,,,,EJRF
LAO,2024,POLICY_REVACCINATION,POLICY_RECOMMENDATION_ADULTS_CHRONIC,YES,,,,,,,,EJRF
LAO,2024,POLICY_REVACCINATION,PW,YES,,,,,,,,EJRF
LAO,2024,POLICY_REVACCINATION,POLICY_RECOMMENDATION_HCW,YES,,,,,,,,EJRF
LAO,2024,POLICY_REVACCINATION,POLICY_RECOMMENDATION_CA,YES,,,,,,,,EJRF
LAO,2024,POLICY_REVACCINATION,POLICY_RECOMMENDATION_CA_CHRONIC,YES,,,,,,,,EJRF
LAO,2024,POLICY_REVACCINATION,OTHER_GROUPS,NO,,,,,,,,EJRF
LAO,2024,POLICY_REVACCINATION,POLICY_RECOMMENDATION_ELDERLY,YES,,,,,,,,EJRF
LAO,2024,POLICY_REVACCINATION,POLICY_RECOMMENDATION_ADULTS,YES,,,,,,,,EJRF
MWI,2024,POLICY_REVACCINATION,POLICY_RECOMMENDATION_ADULTS,YES,,,,,,,,EJRF
MWI,2024,POLICY_REVACCINATION,POLICY_RECOMMENDATION_ADULTS_CHRONIC,YES,,,,,,,,EJRF
MWI,2024,POLICY_REVACCINATION,PW,YES,,,,,,,,EJRF
MWI,2024,POLICY_REVACCINATION,POLICY_RECOMMENDATION_HCW,YES,,,,,,,,EJRF
MWI,2024,POLICY_REVACCINATION,POLICY_RECOMMENDATION_CA,NO,,,,,,,,EJRF
MWI,2024,POLICY_REVACCINATION,POLICY_RECOMMENDATION_CA_CHRONIC,YES,,,,,,,,EJRF
MWI,2024,POLICY_REVACCINATION,OTHER_GROUPS,-4444,,,,,,,,EJRF
MWI,2024,POLICY_REVACCINATION,POLICY_RECOMMENDATION_ELDERLY,YES,,,,,,,,EJRF
MWI,2024,POLICY_REVACCINATION,POLICY_RECOMMENDATION_ELDERLY_CHRONIC,YES,,,,,,,,EJRF
VUT,2024,POLICY_REVACCINATION,POLICY_RECOMMENDATION_ELDERLY,-4444,,,,,,,,EJRF
VUT,2024,POLICY_REVACCINATION,POLICY_RECOMMENDATION_ELDERLY_CHRONIC,-4444,,,,,,,,EJRF
VUT,2024,POLICY_REVACCINATION,POLICY_RECOMMENDATION_ADULTS,-4444,,,,,,,,EJRF
VUT,2024,POLICY_REVACCINATION,POLICY_RECOMMENDATION_ADULTS_CHRONIC,-4444,,,,,,,,EJRF
VUT,2024,POLICY_REVACCINATION,PW,-4444,,,,,,,,EJRF
VUT,2024,POLICY_REVACCINATION,POLICY_RECOMMENDATION_HCW,-4444,,,,,,,,EJRF
VUT,2024,POLICY_REVACCINATION,POLICY_RECOMMENDATION_CA,-4444,,,,,,,,EJRF
VUT,2024,POLICY_REVACCINATION,POLICY_RECOMMENDATION_CA_CHRONIC,-4444,,,,,,,,EJRF
VUT,2024,POLICY_REVACCINATION,OTHER_GROUPS,-4444,,,,,,,,EJRF
LAO,2024,POLICY_INTERVAL,POLICY_RECOMMENDATION_ELDERLY_CHRONIC,,,,,,,,,EJRF
LAO,2024,POLICY_INTERVAL,POLICY_RECOMMENDATION_ADULTS_CHRONIC,,,,,,,,,EJRF
LAO,2024,POLICY_INTERVAL,PW,,,,,,,,,EJRF
LAO,2024,POLICY_INTERVAL,POLICY_RECOMMENDATION_HCW,,,,,,,,,EJRF
LAO,2024,POLICY_INTERVAL,POLICY_RECOMMENDATION_CA,,,,,,,,,EJRF
LAO,2024,POLICY_INTERVAL,POLICY_RECOMMENDATION_CA_CHRONIC,,,,,,,,,EJRF
LAO,2024,POLICY_INTERVAL,OTHER_GROUPS,,,,,,,,,EJRF
LAO,2024,POLICY_INTERVAL,POLICY_RECOMMENDATION_ELDERLY,,,,,,,,,EJRF
LAO,2024,POLICY_INTERVAL,POLICY_RECOMMENDATION_ADULTS,,,,,,,,,EJRF
MWI,2024,POLICY_INTERVAL,POLICY_RECOMMENDATION_ADULTS,6_MONTHS,,,,,,,,EJRF
MWI,2024,POLICY_INTERVAL,POLICY_RECOMMENDATION_ADULTS_CHRONIC,6_MONTHS,,,,,,,,EJRF
MWI,2024,POLICY_INTERVAL,PW,6_MONTHS,,,,,,,,EJRF
MWI,2024,POLICY_INTERVAL,POLICY_RECOMMENDATION_HCW,6_MONTHS,,,,,,,,EJRF
MWI,2024,POLICY_INTERVAL,POLICY_RECOMMENDATION_CA,-4444,,,,,,,,EJRF
MWI,2024,POLICY_INTERVAL,POLICY_RECOMMENDATION_CA_CHRONIC,6_MONTHS,,,,,,,,EJRF
MWI,2024,POLICY_INTERVAL,OTHER_GROUPS,-4444,,,,,,,,EJRF
MWI,2024,POLICY_INTERVAL,POLICY_RECOMMENDATION_ELDERLY,6_MONTHS,,,,,,,,EJRF
MWI,2024,POLICY_INTERVAL,POLICY_RECOMMENDATION_ELDERLY_CHRONIC,6_MONTHS,,,,,,,,EJRF
VUT,2024,POLICY_INTERVAL,POLICY_RECOMMENDATION_ELDERLY,-4444,,,,,,,,EJRF
VUT,2024,POLICY_INTERVAL,POLICY_RECOMMENDATION_ELDERLY_CHRONIC,-4444,,,,,,,,EJRF
VUT,2024,POLICY_INTERVAL,POLICY_RECOMMENDATION_ADULTS,-4444,,,,,,,,EJRF
VUT,2024,POLICY_INTERVAL,POLICY_RECOMMENDATION_ADULTS_CHRONIC,-4444,,,,,,,,EJRF
VUT,2024,POLICY_INTERVAL,PW,-4444,,,,,,,,EJRF
VUT,2024,POLICY_INTERVAL,POLICY_RECOMMENDATION_HCW,-4444,,,,,,,,EJRF
VUT,2024,POLICY_INTERVAL,POLICY_RECOMMENDATION_CA,-4444,,,,,,,,EJRF
VUT,2024,POLICY_INTERVAL,POLICY_RECOMMENDATION_CA_CHRONIC,-4444,,,,,,,,EJRF
VUT,2024,POLICY_INTERVAL,OTHER_GROUPS,-4444,,,,,,,,EJRF
LAO,2024,POLICY_VACCINATION_COM,POLICY_RECOMMENDATION_ELDERLY_CHRONIC,,,,,,,,,EJRF
LAO,2024,POLICY_VACCINATION_COM,POLICY_RECOMMENDATION_ADULTS_CHRONIC,,,,,,,,,EJRF
LAO,2024,POLICY_VACCINATION_COM,PW,After first trimester,,,,,,,,EJRF
LAO,2024,POLICY_VACCINATION_COM,POLICY_RECOMMENDATION_HCW,"HCWs include professionals from the Ministry of Health, Ministry of Defense and Police Hospitals, including laboratory staff, pharmacists, village health volunteers and health workers in the private health facilities either with clinical and non-clinical functions",,,,,,,,EJRF
LAO,2024,POLICY_VACCINATION_COM,POLICY_RECOMMENDATION_CA,< 18 years old,,,,,,,,EJRF
LAO,2024,POLICY_VACCINATION_COM,POLICY_RECOMMENDATION_CA_CHRONIC,,,,,,,,,EJRF
LAO,2024,POLICY_VACCINATION_COM,OTHER_GROUPS,,,,,,,,,EJRF
LAO,2024,POLICY_VACCINATION_COM,POLICY_RECOMMENDATION_ELDERLY,≥ 60 years old,,,,,,,,EJRF
LAO,2024,POLICY_VACCINATION_COM,POLICY_RECOMMENDATION_ADULTS,18-59 years old,,,,,,,,EJRF
MWI,2024,POLICY_VACCINATION_COM,POLICY_RECOMMENDATION_ADULTS,>60 years and above,,,,,,,,EJRF
MWI,2024,POLICY_VACCINATION_COM,POLICY_RECOMMENDATION_ADULTS_CHRONIC,,,,,,,,,EJRF
MWI,2024,POLICY_VACCINATION_COM,PW,Starting from the first trimester,,,,,,,,EJRF
MWI,2024,POLICY_VACCINATION_COM,POLICY_RECOMMENDATION_HCW,"All staff working in health facilities including drivers, administrative and casual staff",,,,,,,,EJRF
MWI,2024,POLICY_VACCINATION_COM,POLICY_RECOMMENDATION_CA,,,,,,,,,EJRF
MWI,2024,POLICY_VACCINATION_COM,POLICY_RECOMMENDATION_CA_CHRONIC,,,,,,,,,EJRF
MWI,2024,POLICY_VACCINATION_COM,OTHER_GROUPS,,,,,,,,,EJRF
MWI,2024,POLICY_VACCINATION_COM,POLICY_RECOMMENDATION_ELDERLY,>60 years and above,,,,,,,,EJRF
MWI,2024,POLICY_VACCINATION_COM,POLICY_RECOMMENDATION_ELDERLY_CHRONIC,,,,,,,,,EJRF
VUT,2024,POLICY_VACCINATION_COM,POLICY_RECOMMENDATION_ELDERLY,-4444,,,,,,,,EJRF
VUT,2024,POLICY_VACCINATION_COM,POLICY_RECOMMENDATION_ELDERLY_CHRONIC,-4444,,,,,,,,EJRF
VUT,2024,POLICY_VACCINATION_COM,POLICY_RECOMMENDATION_ADULTS,-4444,,,,,,,,EJRF
VUT,2024,POLICY_VACCINATION_COM,POLICY_RECOMMENDATION_ADULTS_CHRONIC,-4444,,,,,,,,EJRF
VUT,2024,POLICY_VACCINATION_COM,PW,-4444,,,,,,,,EJRF
VUT,2024,POLICY_VACCINATION_COM,POLICY_RECOMMENDATION_HCW,-4444,,,,,,,,EJRF
VUT,2024,POLICY_VACCINATION_COM,POLICY_RECOMMENDATION_CA,-4444,,,,,,,,EJRF
VUT,2024,POLICY_VACCINATION_COM,POLICY_RECOMMENDATION_CA_CHRONIC,-4444,,,,,,,,EJRF
VUT,2024,POLICY_VACCINATION_COM,OTHER_GROUPS,-4444,,,,,,,,EJRF
MKD,2024,POLICY_VACCINATION,POLICY_RECOMMENDATION_ADULTS,NO,,,,,,,,EJRF
MKD,2024,POLICY_VACCINATION,POLICY_RECOMMENDATION_ADULTS_CHRONIC,YES,,,,,,,,EJRF
MKD,2024,POLICY_VACCINATION,PW,YES,,,,,,,,EJRF
MKD,2024,POLICY_VACCINATION,POLICY_RECOMMENDATION_HCW,YES,,,,,,,,EJRF
MKD,2024,POLICY_VACCINATION,POLICY_RECOMMENDATION_CA,NO,,,,,,,,EJRF
MKD,2024,POLICY_VACCINATION,POLICY_RECOMMENDATION_CA_CHRONIC,YES,,,,,,,,EJRF
MKD,2024,POLICY_VACCINATION,OTHER_GROUPS,NO,,,,,,,,EJRF
MKD,2024,POLICY_VACCINATION,POLICY_RECOMMENDATION_ELDERLY,YES,,,,,,,,EJRF
MKD,2024,POLICY_VACCINATION,POLICY_RECOMMENDATION_ELDERLY_CHRONIC,YES,,,,,,,,EJRF
MKD,2024,POLICY_REVACCINATION,POLICY_RECOMMENDATION_ADULTS,NO,,,,,,,,EJRF
MKD,2024,POLICY_REVACCINATION,POLICY_RECOMMENDATION_ADULTS_CHRONIC,YES,,,,,,,,EJRF
MKD,2024,POLICY_REVACCINATION,PW,NO,,,,,,,,EJRF
MKD,2024,POLICY_REVACCINATION,POLICY_RECOMMENDATION_HCW,YES,,,,,,,,EJRF
MKD,2024,POLICY_REVACCINATION,POLICY_RECOMMENDATION_CA,-4444,,,,,,,,EJRF
MKD,2024,POLICY_REVACCINATION,POLICY_RECOMMENDATION_CA_CHRONIC,YES,,,,,,,,EJRF
MKD,2024,POLICY_REVACCINATION,OTHER_GROUPS,NO,,,,,,,,EJRF
MKD,2024,POLICY_REVACCINATION,POLICY_RECOMMENDATION_ELDERLY,YES,,,,,,,,EJRF
MKD,2024,POLICY_REVACCINATION,POLICY_RECOMMENDATION_ELDERLY_CHRONIC,YES,,,,,,,,EJRF
MKD,2024,POLICY_INTERVAL,POLICY_RECOMMENDATION_ADULTS,-4444,,,,,,,,EJRF
MKD,2024,POLICY_INTERVAL,POLICY_RECOMMENDATION_ADULTS_CHRONIC,6_MONTHS,,,,,,,,EJRF
MKD,2024,POLICY_INTERVAL,PW,-4444,,,,,,,,EJRF
MKD,2024,POLICY_INTERVAL,POLICY_RECOMMENDATION_HCW,12_MONTHS,,,,,,,,EJRF
MKD,2024,POLICY_INTERVAL,POLICY_RECOMMENDATION_CA,-4444,,,,,,,,EJRF
MKD,2024,POLICY_INTERVAL,POLICY_RECOMMENDATION_CA_CHRONIC,6_MONTHS,,,,,,,,EJRF
MKD,2024,POLICY_INTERVAL,OTHER_GROUPS,-4444,,,,,,,,EJRF
MKD,2024,POLICY_INTERVAL,POLICY_RECOMMENDATION_ELDERLY,6_MONTHS,,,,,,,,EJRF
MKD,2024,POLICY_INTERVAL,POLICY_RECOMMENDATION_ELDERLY_CHRONIC,12_MONTHS,,,,,,,,EJRF
MKD,2024,POLICY_VACCINATION_COM,POLICY_RECOMMENDATION_ADULTS,-4444,,,,,,,,EJRF
MKD,2024,POLICY_VACCINATION_COM,POLICY_RECOMMENDATION_ADULTS_CHRONIC,-2222,,,,,,,,EJRF
MKD,2024,POLICY_VACCINATION_COM,PW,-2222,,,,,,,,EJRF
MKD,2024,POLICY_VACCINATION_COM,POLICY_RECOMMENDATION_HCW,-2222,,,,,,,,EJRF
MKD,2024,POLICY_VACCINATION_COM,POLICY_RECOMMENDATION_CA,-4444,,,,,,,,EJRF
MKD,2024,POLICY_VACCINATION_COM,POLICY_RECOMMENDATION_CA_CHRONIC,-2222,,,,,,,,EJRF
MKD,2024,POLICY_VACCINATION_COM,OTHER_GROUPS,-4444,,,,,,,,EJRF
MKD,2024,POLICY_VACCINATION_COM,POLICY_RECOMMENDATION_ELDERLY,≥65 yoa,,,,,,,,EJRF
MKD,2024,POLICY_VACCINATION_COM,POLICY_RECOMMENDATION_ELDERLY_CHRONIC,-2222,,,,,,,,EJRF
MAR,2024,POLICY_VACCINATION,POLICY_RECOMMENDATION_ADULTS_CHRONIC,,,,,,,,,EJRF
MAR,2024,POLICY_VACCINATION,POLICY_RECOMMENDATION_ELDERLY,,,,,,,,,EJRF
MAR,2024,POLICY_VACCINATION,PW,,,,,,,,,EJRF
MAR,2024,POLICY_VACCINATION,POLICY_RECOMMENDATION_HCW,,,,,,,,,EJRF
MAR,2024,POLICY_VACCINATION,POLICY_RECOMMENDATION_CA,,,,,,,,,EJRF
MAR,2024,POLICY_VACCINATION,POLICY_RECOMMENDATION_CA_CHRONIC,,,,,,,,,EJRF
MAR,2024,POLICY_VACCINATION,OTHER_GROUPS,,,,,,,,,EJRF
MAR,2024,POLICY_VACCINATION,POLICY_RECOMMENDATION_ELDERLY_CHRONIC,,,,,,,,,EJRF
MAR,2024,POLICY_VACCINATION,POLICY_RECOMMENDATION_ADULTS,,,,,,,,,EJRF
TUN,2024,POLICY_VACCINATION,POLICY_RECOMMENDATION_ADULTS,-2222,,,,,,,,EJRF
TUN,2024,POLICY_VACCINATION,POLICY_RECOMMENDATION_ADULTS_CHRONIC,-2222,,,,,,,,EJRF
TUN,2024,POLICY_VACCINATION,PW,-2222,,,,,,,,EJRF
TUN,2024,POLICY_VACCINATION,POLICY_RECOMMENDATION_HCW,-2222,,,,,,,,EJRF
TUN,2024,POLICY_VACCINATION,POLICY_RECOMMENDATION_CA,-2222,,,,,,,,EJRF
TUN,2024,POLICY_VACCINATION,POLICY_RECOMMENDATION_CA_CHRONIC,-2222,,,,,,,,EJRF
TUN,2024,POLICY_VACCINATION,OTHER_GROUPS,-2222,,,,,,,,EJRF
TUN,2024,POLICY_VACCINATION,POLICY_RECOMMENDATION_ELDERLY,-2222,,,,,,,,EJRF
TUN,2024,POLICY_VACCINATION,POLICY_RECOMMENDATION_ELDERLY_CHRONIC,-2222,,,,,,,,EJRF
MAR,2024,POLICY_REVACCINATION,POLICY_RECOMMENDATION_ADULTS_CHRONIC,,,,,,,,,EJRF
MAR,2024,POLICY_REVACCINATION,POLICY_RECOMMENDATION_ELDERLY,,,,,,,,,EJRF
MAR,2024,POLICY_REVACCINATION,PW,,,,,,,,,EJRF
MAR,2024,POLICY_REVACCINATION,POLICY_RECOMMENDATION_HCW,,,,,,,,,EJRF
MAR,2024,POLICY_REVACCINATION,POLICY_RECOMMENDATION_CA,,,,,,,,,EJRF
MAR,2024,POLICY_REVACCINATION,POLICY_RECOMMENDATION_CA_CHRONIC,,,,,,,,,EJRF
MAR,2024,POLICY_REVACCINATION,OTHER_GROUPS,,,,,,,,,EJRF
MAR,2024,POLICY_REVACCINATION,POLICY_RECOMMENDATION_ELDERLY_CHRONIC,,,,,,,,,EJRF
MAR,2024,POLICY_REVACCINATION,POLICY_RECOMMENDATION_ADULTS,,,,,,,,,EJRF
TUN,2024,POLICY_REVACCINATION,POLICY_RECOMMENDATION_ADULTS,,,,,,,,,EJRF
TUN,2024,POLICY_REVACCINATION,POLICY_RECOMMENDATION_ADULTS_CHRONIC,,,,,,,,,EJRF
TUN,2024,POLICY_REVACCINATION,PW,,,,,,,,,EJRF
TUN,2024,POLICY_REVACCINATION,POLICY_RECOMMENDATION_HCW,,,,,,,,,EJRF
TUN,2024,POLICY_REVACCINATION,POLICY_RECOMMENDATION_CA,,,,,,,,,EJRF
TUN,2024,POLICY_REVACCINATION,POLICY_RECOMMENDATION_CA_CHRONIC,,,,,,,,,EJRF
TUN,2024,POLICY_REVACCINATION,OTHER_GROUPS,,,,,,,,,EJRF
TUN,2024,POLICY_REVACCINATION,POLICY_RECOMMENDATION_ELDERLY,,,,,,,,,EJRF
TUN,2024,POLICY_REVACCINATION,POLICY_RECOMMENDATION_ELDERLY_CHRONIC,,,,,,,,,EJRF
MAR,2024,POLICY_INTERVAL,POLICY_RECOMMENDATION_ADULTS_CHRONIC,,,,,,,,,EJRF
MAR,2024,POLICY_INTERVAL,POLICY_RECOMMENDATION_ELDERLY,,,,,,,,,EJRF
MAR,2024,POLICY_INTERVAL,PW,,,,,,,,,EJRF
MAR,2024,POLICY_INTERVAL,POLICY_RECOMMENDATION_HCW,,,,,,,,,EJRF
MAR,2024,POLICY_INTERVAL,POLICY_RECOMMENDATION_CA,,,,,,,,,EJRF
MAR,2024,POLICY_INTERVAL,POLICY_RECOMMENDATION_CA_CHRONIC,,,,,,,,,EJRF
MAR,2024,POLICY_INTERVAL,OTHER_GROUPS,,,,,,,,,EJRF
MAR,2024,POLICY_INTERVAL,POLICY_RECOMMENDATION_ELDERLY_CHRONIC,,,,,,,,,EJRF
MAR,2024,POLICY_INTERVAL,POLICY_RECOMMENDATION_ADULTS,,,,,,,,,EJRF
TUN,2024,POLICY_INTERVAL,POLICY_RECOMMENDATION_ADULTS,,,,,,,,,EJRF
TUN,2024,POLICY_INTERVAL,POLICY_RECOMMENDATION_ADULTS_CHRONIC,,,,,,,,,EJRF
TUN,2024,POLICY_INTERVAL,PW,,,,,,,,,EJRF
TUN,2024,POLICY_INTERVAL,POLICY_RECOMMENDATION_HCW,,,,,,,,,EJRF
TUN,2024,POLICY_INTERVAL,POLICY_RECOMMENDATION_CA,,,,,,,,,EJRF
TUN,2024,POLICY_INTERVAL,POLICY_RECOMMENDATION_CA_CHRONIC,,,,,,,,,EJRF
TUN,2024,POLICY_INTERVAL,OTHER_GROUPS,,,,,,,,,EJRF
TUN,2024,POLICY_INTERVAL,POLICY_RECOMMENDATION_ELDERLY,,,,,,,,,EJRF
TUN,2024,POLICY_INTERVAL,POLICY_RECOMMENDATION_ELDERLY_CHRONIC,,,,,,,,,EJRF
MAR,2024,POLICY_VACCINATION_COM,POLICY_RECOMMENDATION_ADULTS_CHRONIC,,,,,,,,,EJRF
MAR,2024,POLICY_VACCINATION_COM,POLICY_RECOMMENDATION_ELDERLY,,,,,,,,,EJRF
MAR,2024,POLICY_VACCINATION_COM,PW,,,,,,,,,EJRF
MAR,2024,POLICY_VACCINATION_COM,POLICY_RECOMMENDATION_HCW,,,,,,,,,EJRF
MAR,2024,POLICY_VACCINATION_COM,POLICY_RECOMMENDATION_CA,,,,,,,,,EJRF
MAR,2024,POLICY_VACCINATION_COM,POLICY_RECOMMENDATION_CA_CHRONIC,,,,,,,,,EJRF
MAR,2024,POLICY_VACCINATION_COM,OTHER_GROUPS,,,,,,,,,EJRF
MAR,2024,POLICY_VACCINATION_COM,POLICY_RECOMMENDATION_ELDERLY_CHRONIC,,,,,,,,,EJRF
MAR,2024,POLICY_VACCINATION_COM,POLICY_RECOMMENDATION_ADULTS,,,,,,,,,EJRF
TUN,2024,POLICY_VACCINATION_COM,POLICY_RECOMMENDATION_ADULTS,,,,,,,,,EJRF
TUN,2024,POLICY_VACCINATION_COM,POLICY_RECOMMENDATION_ADULTS_CHRONIC,,,,,,,,,EJRF
TUN,2024,POLICY_VACCINATION_COM,PW,,,,,,,,,EJRF
TUN,2024,POLICY_VACCINATION_COM,POLICY_RECOMMENDATION_HCW,,,,,,,,,EJRF
TUN,2024,POLICY_VACCINATION_COM,POLICY_RECOMMENDATION_CA,,,,,,,,,EJRF
TUN,2024,POLICY_VACCINATION_COM,POLICY_RECOMMENDATION_CA_CHRONIC,,,,,,,,,EJRF
TUN,2024,POLICY_VACCINATION_COM,OTHER_GROUPS,,,,,,,,,EJRF
TUN,2024,POLICY_VACCINATION_COM,POLICY_RECOMMENDATION_ELDERLY,,,,,,,,,EJRF
TUN,2024,POLICY_VACCINATION_COM,POLICY_RECOMMENDATION_ELDERLY_CHRONIC,,,,,,,,,EJRF
GNQ,2024,POLICY_VACCINATION,POLICY_RECOMMENDATION_HCW,-4444,,,,,,,,EJRF
GNQ,2024,POLICY_VACCINATION,POLICY_RECOMMENDATION_CA,-4444,,,,,,,,EJRF
GNQ,2024,POLICY_VACCINATION,POLICY_RECOMMENDATION_CA_CHRONIC,-4444,,,,,,,,EJRF
GNQ,2024,POLICY_VACCINATION,OTHER_GROUPS,-4444,,,,,,,,EJRF
GNQ,2024,POLICY_VACCINATION,POLICY_RECOMMENDATION_ELDERLY,-4444,,,,,,,,EJRF
GNQ,2024,POLICY_VACCINATION,POLICY_RECOMMENDATION_ELDERLY_CHRONIC,-4444,,,,,,,,EJRF
GNQ,2024,POLICY_VACCINATION,POLICY_RECOMMENDATION_ADULTS,-4444,,,,,,,,EJRF
GNQ,2024,POLICY_VACCINATION,POLICY_RECOMMENDATION_ADULTS_CHRONIC,-4444,,,,,,,,EJRF
GNQ,2024,POLICY_VACCINATION,PW,-4444,,,,,,,,EJRF
MYS,2024,POLICY_VACCINATION,POLICY_RECOMMENDATION_ELDERLY,YES,,,,,,,,EJRF
MYS,2024,POLICY_VACCINATION,POLICY_RECOMMENDATION_ELDERLY_CHRONIC,YES,,,,,,,,EJRF
MYS,2024,POLICY_VACCINATION,POLICY_RECOMMENDATION_ADULTS,NO,,,,,,,,EJRF
MYS,2024,POLICY_VACCINATION,POLICY_RECOMMENDATION_ADULTS_CHRONIC,YES,,,,,,,,EJRF
MYS,2024,POLICY_VACCINATION,PW,YES,,,,,,,,EJRF
MYS,2024,POLICY_VACCINATION,POLICY_RECOMMENDATION_HCW,YES,,,,,,,,EJRF
MYS,2024,POLICY_VACCINATION,POLICY_RECOMMENDATION_CA,NO,,,,,,,,EJRF
MYS,2024,POLICY_VACCINATION,POLICY_RECOMMENDATION_CA_CHRONIC,YES,,,,,,,,EJRF
MYS,2024,POLICY_VACCINATION,OTHER_GROUPS,NO,,,,,,,,EJRF
CHE,2024,POLICY_VACCINATION,POLICY_RECOMMENDATION_ELDERLY,YES,,,,,,,,EJRF
CHE,2024,POLICY_VACCINATION,POLICY_RECOMMENDATION_ELDERLY_CHRONIC,YES,,,,,,,,EJRF
CHE,2024,POLICY_VACCINATION,POLICY_RECOMMENDATION_ADULTS,NO,,,,,,,,EJRF
CHE,2024,POLICY_VACCINATION,POLICY_RECOMMENDATION_ADULTS_CHRONIC,YES,,,,,,,,EJRF
CHE,2024,POLICY_VACCINATION,PW,YES,,,,,,,,EJRF
CHE,2024,POLICY_VACCINATION,POLICY_RECOMMENDATION_HCW,NO,,,,,,,,EJRF
CHE,2024,POLICY_VACCINATION,POLICY_RECOMMENDATION_CA,NO,,,,,,,,EJRF
CHE,2024,POLICY_VACCINATION,POLICY_RECOMMENDATION_CA_CHRONIC,YES,,,,,,,,EJRF
CHE,2024,POLICY_VACCINATION,OTHER_GROUPS,NO,,,,,,,,EJRF
GNQ,2024,POLICY_REVACCINATION,POLICY_RECOMMENDATION_HCW,-4444,,,,,,,,EJRF
GNQ,2024,POLICY_REVACCINATION,POLICY_RECOMMENDATION_CA,-4444,,,,,,,,EJRF
GNQ,2024,POLICY_REVACCINATION,POLICY_RECOMMENDATION_CA_CHRONIC,-4444,,,,,,,,EJRF
GNQ,2024,POLICY_REVACCINATION,OTHER_GROUPS,-4444,,,,,,,,EJRF
GNQ,2024,POLICY_REVACCINATION,POLICY_RECOMMENDATION_ELDERLY,-4444,,,,,,,,EJRF
GNQ,2024,POLICY_REVACCINATION,POLICY_RECOMMENDATION_ELDERLY_CHRONIC,-4444,,,,,,,,EJRF
GNQ,2024,POLICY_REVACCINATION,POLICY_RECOMMENDATION_ADULTS,-4444,,,,,,,,EJRF
GNQ,2024,POLICY_REVACCINATION,POLICY_RECOMMENDATION_ADULTS_CHRONIC,-4444,,,,,,,,EJRF
GNQ,2024,POLICY_REVACCINATION,PW,-4444,,,,,,,,EJRF
MYS,2024,POLICY_REVACCINATION,POLICY_RECOMMENDATION_ELDERLY,YES,,,,,,,,EJRF
MYS,2024,POLICY_REVACCINATION,POLICY_RECOMMENDATION_ELDERLY_CHRONIC,YES,,,,,,,,EJRF
MYS,2024,POLICY_REVACCINATION,POLICY_RECOMMENDATION_ADULTS,NO,,,,,,,,EJRF
MYS,2024,POLICY_REVACCINATION,POLICY_RECOMMENDATION_ADULTS_CHRONIC,YES,,,,,,,,EJRF
MYS,2024,POLICY_REVACCINATION,PW,YES,,,,,,,,EJRF
MYS,2024,POLICY_REVACCINATION,POLICY_RECOMMENDATION_HCW,YES,,,,,,,,EJRF
MYS,2024,POLICY_REVACCINATION,POLICY_RECOMMENDATION_CA,NO,,,,,,,,EJRF
MYS,2024,POLICY_REVACCINATION,POLICY_RECOMMENDATION_CA_CHRONIC,YES,,,,,,,,EJRF
MYS,2024,POLICY_REVACCINATION,OTHER_GROUPS,NO,,,,,,,,EJRF
CHE,2024,POLICY_REVACCINATION,POLICY_RECOMMENDATION_ELDERLY,YES,,,,,,,,EJRF
CHE,2024,POLICY_REVACCINATION,POLICY_RECOMMENDATION_ELDERLY_CHRONIC,YES,,,,,,,,EJRF
CHE,2024,POLICY_REVACCINATION,POLICY_RECOMMENDATION_ADULTS,NO,,,,,,,,EJRF
CHE,2024,POLICY_REVACCINATION,POLICY_RECOMMENDATION_ADULTS_CHRONIC,YES,,,,,,,,EJRF
CHE,2024,POLICY_REVACCINATION,PW,YES,,,,,,,,EJRF
CHE,2024,POLICY_REVACCINATION,POLICY_RECOMMENDATION_HCW,NO,,,,,,,,EJRF
CHE,2024,POLICY_REVACCINATION,POLICY_RECOMMENDATION_CA,NO,,,,,,,,EJRF
CHE,2024,POLICY_REVACCINATION,POLICY_RECOMMENDATION_CA_CHRONIC,YES,,,,,,,,EJRF
CHE,2024,POLICY_REVACCINATION,OTHER_GROUPS,NO,,,,,,,,EJRF
GNQ,2024,POLICY_INTERVAL,POLICY_RECOMMENDATION_HCW,-4444,,,,,,,,EJRF
GNQ,2024,POLICY_INTERVAL,POLICY_RECOMMENDATION_CA,-4444,,,,,,,,EJRF
GNQ,2024,POLICY_INTERVAL,POLICY_RECOMMENDATION_CA_CHRONIC,-4444,,,,,,,,EJRF
GNQ,2024,POLICY_INTERVAL,OTHER_GROUPS,-4444,,,,,,,,EJRF
GNQ,2024,POLICY_INTERVAL,POLICY_RECOMMENDATION_ELDERLY,-4444,,,,,,,,EJRF
GNQ,2024,POLICY_INTERVAL,POLICY_RECOMMENDATION_ELDERLY_CHRONIC,-4444,,,,,,,,EJRF
GNQ,2024,POLICY_INTERVAL,POLICY_RECOMMENDATION_ADULTS,-4444,,,,,,,,EJRF
GNQ,2024,POLICY_INTERVAL,POLICY_RECOMMENDATION_ADULTS_CHRONIC,-4444,,,,,,,,EJRF
GNQ,2024,POLICY_INTERVAL,PW,-4444,,,,,,,,EJRF
MYS,2024,POLICY_INTERVAL,POLICY_RECOMMENDATION_ELDERLY,6_MONTHS,,,,,,,,EJRF
MYS,2024,POLICY_INTERVAL,POLICY_RECOMMENDATION_ELDERLY_CHRONIC,12_MONTHS,,,,,,,,EJRF
MYS,2024,POLICY_INTERVAL,POLICY_RECOMMENDATION_ADULTS,-4444,,,,,,,,EJRF
MYS,2024,POLICY_INTERVAL,POLICY_RECOMMENDATION_ADULTS_CHRONIC,12_MONTHS,,,,,,,,EJRF
MYS,2024,POLICY_INTERVAL,PW,12_MONTHS,,,,,,,,EJRF
MYS,2024,POLICY_INTERVAL,POLICY_RECOMMENDATION_HCW,12_MONTHS,,,,,,,,EJRF
MYS,2024,POLICY_INTERVAL,POLICY_RECOMMENDATION_CA,-4444,,,,,,,,EJRF
MYS,2024,POLICY_INTERVAL,POLICY_RECOMMENDATION_CA_CHRONIC,12_MONTHS,,,,,,,,EJRF
MYS,2024,POLICY_INTERVAL,OTHER_GROUPS,-4444,,,,,,,,EJRF
CHE,2024,POLICY_INTERVAL,POLICY_RECOMMENDATION_ELDERLY,6_MONTHS,,,,,,,,EJRF
CHE,2024,POLICY_INTERVAL,POLICY_RECOMMENDATION_ELDERLY_CHRONIC,6_MONTHS,,,,,,,,EJRF
CHE,2024,POLICY_INTERVAL,POLICY_RECOMMENDATION_ADULTS,6_MONTHS,,,,,,,,EJRF
CHE,2024,POLICY_INTERVAL,POLICY_RECOMMENDATION_ADULTS_CHRONIC,6_MONTHS,,,,,,,,EJRF
CHE,2024,POLICY_INTERVAL,PW,6_MONTHS,,,,,,,,EJRF
CHE,2024,POLICY_INTERVAL,POLICY_RECOMMENDATION_HCW,6_MONTHS,,,,,,,,EJRF
CHE,2024,POLICY_INTERVAL,POLICY_RECOMMENDATION_CA,6_MONTHS,,,,,,,,EJRF
CHE,2024,POLICY_INTERVAL,POLICY_RECOMMENDATION_CA_CHRONIC,6_MONTHS,,,,,,,,EJRF
CHE,2024,POLICY_INTERVAL,OTHER_GROUPS,6_MONTHS,,,,,,,,EJRF
GNQ,2024,POLICY_VACCINATION_COM,POLICY_RECOMMENDATION_HCW,-4444,,,,,,,,EJRF
GNQ,2024,POLICY_VACCINATION_COM,POLICY_RECOMMENDATION_CA,-4444,,,,,,,,EJRF
GNQ,2024,POLICY_VACCINATION_COM,POLICY_RECOMMENDATION_CA_CHRONIC,-4444,,,,,,,,EJRF
GNQ,2024,POLICY_VACCINATION_COM,OTHER_GROUPS,-4444,,,,,,,,EJRF
GNQ,2024,POLICY_VACCINATION_COM,POLICY_RECOMMENDATION_ELDERLY,-4444,,,,,,,,EJRF
GNQ,2024,POLICY_VACCINATION_COM,POLICY_RECOMMENDATION_ELDERLY_CHRONIC,-4444,,,,,,,,EJRF
GNQ,2024,POLICY_VACCINATION_COM,POLICY_RECOMMENDATION_ADULTS,-4444,,,,,,,,EJRF
GNQ,2024,POLICY_VACCINATION_COM,POLICY_RECOMMENDATION_ADULTS_CHRONIC,-4444,,,,,,,,EJRF
GNQ,2024,POLICY_VACCINATION_COM,PW,-4444,,,,,,,,EJRF
MYS,2024,POLICY_VACCINATION_COM,POLICY_RECOMMENDATION_ELDERLY,60 years old,,,,,,,,EJRF
MYS,2024,POLICY_VACCINATION_COM,POLICY_RECOMMENDATION_ELDERLY_CHRONIC,,,,,,,,,EJRF
MYS,2024,POLICY_VACCINATION_COM,POLICY_RECOMMENDATION_ADULTS,,,,,,,,,EJRF
MYS,2024,POLICY_VACCINATION_COM,POLICY_RECOMMENDATION_ADULTS_CHRONIC,,,,,,,,,EJRF
MYS,2024,POLICY_VACCINATION_COM,PW,14 weeks POA,,,,,,,,EJRF
MYS,2024,POLICY_VACCINATION_COM,POLICY_RECOMMENDATION_HCW,fronliner HCW,,,,,,,,EJRF
MYS,2024,POLICY_VACCINATION_COM,POLICY_RECOMMENDATION_CA,,,,,,,,,EJRF
MYS,2024,POLICY_VACCINATION_COM,POLICY_RECOMMENDATION_CA_CHRONIC,12 years and above,,,,,,,,EJRF
MYS,2024,POLICY_VACCINATION_COM,OTHER_GROUPS,-4444,,,,,,,,EJRF
CHE,2024,POLICY_VACCINATION_COM,POLICY_RECOMMENDATION_ELDERLY,-2222,,,,,,,,EJRF
CHE,2024,POLICY_VACCINATION_COM,POLICY_RECOMMENDATION_ELDERLY_CHRONIC,-2222,,,,,,,,EJRF
CHE,2024,POLICY_VACCINATION_COM,POLICY_RECOMMENDATION_ADULTS,-2222,,,,,,,,EJRF
CHE,2024,POLICY_VACCINATION_COM,POLICY_RECOMMENDATION_ADULTS_CHRONIC,-2222,,,,,,,,EJRF
CHE,2024,POLICY_VACCINATION_COM,PW,-2222,,,,,,,,EJRF
CHE,2024,POLICY_VACCINATION_COM,POLICY_RECOMMENDATION_HCW,-2222,,,,,,,,EJRF
CHE,2024,POLICY_VACCINATION_COM,POLICY_RECOMMENDATION_CA,-2222,,,,,,,,EJRF
CHE,2024,POLICY_VACCINATION_COM,POLICY_RECOMMENDATION_CA_CHRONIC,Boosters only for >=16y,,,,,,,,EJRF
CHE,2024,POLICY_VACCINATION_COM,OTHER_GROUPS,-2222,,,,,,,,EJRF
BRN,2024,POLICY_VACCINATION,POLICY_RECOMMENDATION_ELDERLY,YES,,,,,,,,EJRF
BRN,2024,POLICY_VACCINATION,POLICY_RECOMMENDATION_ELDERLY_CHRONIC,YES,,,,,,,,EJRF
BRN,2024,POLICY_VACCINATION,POLICY_RECOMMENDATION_ADULTS,YES,,,,,,,,EJRF
BRN,2024,POLICY_VACCINATION,POLICY_RECOMMENDATION_ADULTS_CHRONIC,YES,,,,,,,,EJRF
BRN,2024,POLICY_VACCINATION,PW,YES,,,,,,,,EJRF
BRN,2024,POLICY_VACCINATION,POLICY_RECOMMENDATION_HCW,YES,,,,,,,,EJRF
BRN,2024,POLICY_VACCINATION,POLICY_RECOMMENDATION_CA,YES,,,,,,,,EJRF
BRN,2024,POLICY_VACCINATION,POLICY_RECOMMENDATION_CA_CHRONIC,YES,,,,,,,,EJRF
BRN,2024,POLICY_VACCINATION,OTHER_GROUPS,YES,,,,,,,,EJRF
KIR,2024,POLICY_VACCINATION,POLICY_RECOMMENDATION_ELDERLY,,,,,,,,,EJRF
KIR,2024,POLICY_VACCINATION,POLICY_RECOMMENDATION_ELDERLY_CHRONIC,,,,,,,,,EJRF
KIR,2024,POLICY_VACCINATION,POLICY_RECOMMENDATION_ADULTS,,,,,,,,,EJRF
KIR,2024,POLICY_VACCINATION,POLICY_RECOMMENDATION_ADULTS_CHRONIC,,,,,,,,,EJRF
KIR,2024,POLICY_VACCINATION,PW,,,,,,,,,EJRF
KIR,2024,POLICY_VACCINATION,POLICY_RECOMMENDATION_HCW,,,,,,,,,EJRF
KIR,2024,POLICY_VACCINATION,POLICY_RECOMMENDATION_CA,,,,,,,,,EJRF
KIR,2024,POLICY_VACCINATION,POLICY_RECOMMENDATION_CA_CHRONIC,,,,,,,,,EJRF
KIR,2024,POLICY_VACCINATION,OTHER_GROUPS,,,,,,,,,EJRF
BRN,2024,POLICY_REVACCINATION,POLICY_RECOMMENDATION_ELDERLY,YES,,,,,,,,EJRF
BRN,2024,POLICY_REVACCINATION,POLICY_RECOMMENDATION_ELDERLY_CHRONIC,YES,,,,,,,,EJRF
BRN,2024,POLICY_REVACCINATION,POLICY_RECOMMENDATION_ADULTS,YES,,,,,,,,EJRF
BRN,2024,POLICY_REVACCINATION,POLICY_RECOMMENDATION_ADULTS_CHRONIC,YES,,,,,,,,EJRF
BRN,2024,POLICY_REVACCINATION,PW,YES,,,,,,,,EJRF
BRN,2024,POLICY_REVACCINATION,POLICY_RECOMMENDATION_HCW,YES,,,,,,,,EJRF
BRN,2024,POLICY_REVACCINATION,POLICY_RECOMMENDATION_CA,YES,,,,,,,,EJRF
BRN,2024,POLICY_REVACCINATION,POLICY_RECOMMENDATION_CA_CHRONIC,YES,,,,,,,,EJRF
BRN,2024,POLICY_REVACCINATION,OTHER_GROUPS,YES,,,,,,,,EJRF
KIR,2024,POLICY_REVACCINATION,POLICY_RECOMMENDATION_ELDERLY,,,,,,,,,EJRF
KIR,2024,POLICY_REVACCINATION,POLICY_RECOMMENDATION_ELDERLY_CHRONIC,,,,,,,,,EJRF
KIR,2024,POLICY_REVACCINATION,POLICY_RECOMMENDATION_ADULTS,,,,,,,,,EJRF
KIR,2024,POLICY_REVACCINATION,POLICY_RECOMMENDATION_ADULTS_CHRONIC,,,,,,,,,EJRF
KIR,2024,POLICY_REVACCINATION,PW,,,,,,,,,EJRF
KIR,2024,POLICY_REVACCINATION,POLICY_RECOMMENDATION_HCW,,,,,,,,,EJRF
KIR,2024,POLICY_REVACCINATION,POLICY_RECOMMENDATION_CA,,,,,,,,,EJRF
KIR,2024,POLICY_REVACCINATION,POLICY_RECOMMENDATION_CA_CHRONIC,,,,,,,,,EJRF
KIR,2024,POLICY_REVACCINATION,OTHER_GROUPS,,,,,,,,,EJRF
BRN,2024,POLICY_INTERVAL,POLICY_RECOMMENDATION_ELDERLY,12_MONTHS,,,,,,,,EJRF
BRN,2024,POLICY_INTERVAL,POLICY_RECOMMENDATION_ELDERLY_CHRONIC,12_MONTHS,,,,,,,,EJRF
BRN,2024,POLICY_INTERVAL,POLICY_RECOMMENDATION_ADULTS,12_MONTHS,,,,,,,,EJRF
BRN,2024,POLICY_INTERVAL,POLICY_RECOMMENDATION_ADULTS_CHRONIC,12_MONTHS,,,,,,,,EJRF
BRN,2024,POLICY_INTERVAL,PW,12_MONTHS,,,,,,,,EJRF
BRN,2024,POLICY_INTERVAL,POLICY_RECOMMENDATION_HCW,12_MONTHS,,,,,,,,EJRF
BRN,2024,POLICY_INTERVAL,POLICY_RECOMMENDATION_CA,12_MONTHS,,,,,,,,EJRF
BRN,2024,POLICY_INTERVAL,POLICY_RECOMMENDATION_CA_CHRONIC,12_MONTHS,,,,,,,,EJRF
BRN,2024,POLICY_INTERVAL,OTHER_GROUPS,12_MONTHS,,,,,,,,EJRF
KIR,2024,POLICY_INTERVAL,POLICY_RECOMMENDATION_ELDERLY,,,,,,,,,EJRF
KIR,2024,POLICY_INTERVAL,POLICY_RECOMMENDATION_ELDERLY_CHRONIC,,,,,,,,,EJRF
KIR,2024,POLICY_INTERVAL,POLICY_RECOMMENDATION_ADULTS,,,,,,,,,EJRF
KIR,2024,POLICY_INTERVAL,POLICY_RECOMMENDATION_ADULTS_CHRONIC,,,,,,,,,EJRF
KIR,2024,POLICY_INTERVAL,PW,,,,,,,,,EJRF
KIR,2024,POLICY_INTERVAL,POLICY_RECOMMENDATION_HCW,,,,,,,,,EJRF
KIR,2024,POLICY_INTERVAL,POLICY_RECOMMENDATION_CA,,,,,,,,,EJRF
KIR,2024,POLICY_INTERVAL,POLICY_RECOMMENDATION_CA_CHRONIC,,,,,,,,,EJRF
KIR,2024,POLICY_INTERVAL,OTHER_GROUPS,,,,,,,,,EJRF
BRN,2024,POLICY_VACCINATION_COM,POLICY_RECOMMENDATION_ELDERLY,-2222,,,,,,,,EJRF
BRN,2024,POLICY_VACCINATION_COM,POLICY_RECOMMENDATION_ELDERLY_CHRONIC,-2222,,,,,,,,EJRF
BRN,2024,POLICY_VACCINATION_COM,POLICY_RECOMMENDATION_ADULTS,-2222,,,,,,,,EJRF
BRN,2024,POLICY_VACCINATION_COM,POLICY_RECOMMENDATION_ADULTS_CHRONIC,-2222,,,,,,,,EJRF
BRN,2024,POLICY_VACCINATION_COM,PW,-2222,,,,,,,,EJRF
BRN,2024,POLICY_VACCINATION_COM,POLICY_RECOMMENDATION_HCW,-2222,,,,,,,,EJRF
BRN,2024,POLICY_VACCINATION_COM,POLICY_RECOMMENDATION_CA,-2222,,,,,,,,EJRF
BRN,2024,POLICY_VACCINATION_COM,POLICY_RECOMMENDATION_CA_CHRONIC,-2222,,,,,,,,EJRF
BRN,2024,POLICY_VACCINATION_COM,OTHER_GROUPS,-2222,,,,,,,,EJRF
KIR,2024,POLICY_VACCINATION_COM,POLICY_RECOMMENDATION_ELDERLY,,,,,,,,,EJRF
KIR,2024,POLICY_VACCINATION_COM,POLICY_RECOMMENDATION_ELDERLY_CHRONIC,,,,,,,,,EJRF
KIR,2024,POLICY_VACCINATION_COM,POLICY_RECOMMENDATION_ADULTS,,,,,,,,,EJRF
KIR,2024,POLICY_VACCINATION_COM,POLICY_RECOMMENDATION_ADULTS_CHRONIC,,,,,,,,,EJRF
KIR,2024,POLICY_VACCINATION_COM,PW,,,,,,,,,EJRF
KIR,2024,POLICY_VACCINATION_COM,POLICY_RECOMMENDATION_HCW,,,,,,,,,EJRF
KIR,2024,POLICY_VACCINATION_COM,POLICY_RECOMMENDATION_CA,,,,,,,,,EJRF
KIR,2024,POLICY_VACCINATION_COM,POLICY_RECOMMENDATION_CA_CHRONIC,,,,,,,,,EJRF
KIR,2024,POLICY_VACCINATION_COM,OTHER_GROUPS,,,,,,,,,EJRF
KEN,2024,POLICY_VACCINATION,POLICY_RECOMMENDATION_ELDERLY,YES,,,,,,,,EJRF
KEN,2024,POLICY_VACCINATION,POLICY_RECOMMENDATION_ELDERLY_CHRONIC,-4444,,,,,,,,EJRF
KEN,2024,POLICY_VACCINATION,POLICY_RECOMMENDATION_ADULTS,YES,,,,,,,,EJRF
KEN,2024,POLICY_VACCINATION,POLICY_RECOMMENDATION_ADULTS_CHRONIC,-4444,,,,,,,,EJRF
KEN,2024,POLICY_VACCINATION,PW,-4444,,,,,,,,EJRF
KEN,2024,POLICY_VACCINATION,POLICY_RECOMMENDATION_HCW,-4444,,,,,,,,EJRF
KEN,2024,POLICY_VACCINATION,POLICY_RECOMMENDATION_CA,YES,,,,,,,,EJRF
KEN,2024,POLICY_VACCINATION,POLICY_RECOMMENDATION_CA_CHRONIC,-4444,,,,,,,,EJRF
KEN,2024,POLICY_VACCINATION,OTHER_GROUPS,YES,,,,,,,,EJRF
MNP,2024,POLICY_VACCINATION,OTHER_GROUPS,YES,,,,,,,,EJRF
MNP,2024,POLICY_VACCINATION,POLICY_RECOMMENDATION_ELDERLY,YES,,,,,,,,EJRF
MNP,2024,POLICY_VACCINATION,POLICY_RECOMMENDATION_ELDERLY_CHRONIC,YES,,,,,,,,EJRF
MNP,2024,POLICY_VACCINATION,POLICY_RECOMMENDATION_ADULTS,YES,,,,,,,,EJRF
MNP,2024,POLICY_VACCINATION,POLICY_RECOMMENDATION_ADULTS_CHRONIC,YES,,,,,,,,EJRF
MNP,2024,POLICY_VACCINATION,PW,YES,,,,,,,,EJRF
MNP,2024,POLICY_VACCINATION,POLICY_RECOMMENDATION_HCW,YES,,,,,,,,EJRF
MNP,2024,POLICY_VACCINATION,POLICY_RECOMMENDATION_CA,YES,,,,,,,,EJRF
MNP,2024,POLICY_VACCINATION,POLICY_RECOMMENDATION_CA_CHRONIC,YES,,,,,,,,EJRF
KEN,2024,POLICY_REVACCINATION,POLICY_RECOMMENDATION_ELDERLY,YES,,,,,,,,EJRF
KEN,2024,POLICY_REVACCINATION,POLICY_RECOMMENDATION_ELDERLY_CHRONIC,-4444,,,,,,,,EJRF
KEN,2024,POLICY_REVACCINATION,POLICY_RECOMMENDATION_ADULTS,YES,,,,,,,,EJRF
KEN,2024,POLICY_REVACCINATION,POLICY_RECOMMENDATION_ADULTS_CHRONIC,-4444,,,,,,,,EJRF
KEN,2024,POLICY_REVACCINATION,PW,-4444,,,,,,,,EJRF
KEN,2024,POLICY_REVACCINATION,POLICY_RECOMMENDATION_HCW,-4444,,,,,,,,EJRF
KEN,2024,POLICY_REVACCINATION,POLICY_RECOMMENDATION_CA,YES,,,,,,,,EJRF
KEN,2024,POLICY_REVACCINATION,POLICY_RECOMMENDATION_CA_CHRONIC,-4444,,,,,,,,EJRF
KEN,2024,POLICY_REVACCINATION,OTHER_GROUPS,YES,,,,,,,,EJRF
MNP,2024,POLICY_REVACCINATION,OTHER_GROUPS,YES,,,,,,,,EJRF
MNP,2024,POLICY_REVACCINATION,POLICY_RECOMMENDATION_ELDERLY,YES,,,,,,,,EJRF
MNP,2024,POLICY_REVACCINATION,POLICY_RECOMMENDATION_ELDERLY_CHRONIC,YES,,,,,,,,EJRF
MNP,2024,POLICY_REVACCINATION,POLICY_RECOMMENDATION_ADULTS,YES,,,,,,,,EJRF
MNP,2024,POLICY_REVACCINATION,POLICY_RECOMMENDATION_ADULTS_CHRONIC,YES,,,,,,,,EJRF
MNP,2024,POLICY_REVACCINATION,PW,YES,,,,,,,,EJRF
MNP,2024,POLICY_REVACCINATION,POLICY_RECOMMENDATION_HCW,YES,,,,,,,,EJRF
MNP,2024,POLICY_REVACCINATION,POLICY_RECOMMENDATION_CA,YES,,,,,,,,EJRF
MNP,2024,POLICY_REVACCINATION,POLICY_RECOMMENDATION_CA_CHRONIC,YES,,,,,,,,EJRF
KEN,2024,POLICY_INTERVAL,POLICY_RECOMMENDATION_ELDERLY,6_MONTHS,,,,,,,,EJRF
KEN,2024,POLICY_INTERVAL,POLICY_RECOMMENDATION_ELDERLY_CHRONIC,-4444,,,,,,,,EJRF
KEN,2024,POLICY_INTERVAL,POLICY_RECOMMENDATION_ADULTS,6_MONTHS,,,,,,,,EJRF
KEN,2024,POLICY_INTERVAL,POLICY_RECOMMENDATION_ADULTS_CHRONIC,-4444,,,,,,,,EJRF
KEN,2024,POLICY_INTERVAL,PW,-4444,,,,,,,,EJRF
KEN,2024,POLICY_INTERVAL,POLICY_RECOMMENDATION_HCW,-4444,,,,,,,,EJRF
KEN,2024,POLICY_INTERVAL,POLICY_RECOMMENDATION_CA,6_MONTHS,,,,,,,,EJRF
KEN,2024,POLICY_INTERVAL,POLICY_RECOMMENDATION_CA_CHRONIC,-4444,,,,,,,,EJRF
KEN,2024,POLICY_INTERVAL,OTHER_GROUPS,6_MONTHS,,,,,,,,EJRF
MNP,2024,POLICY_INTERVAL,OTHER_GROUPS,OTHER,,,,,,,,EJRF
MNP,2024,POLICY_INTERVAL,POLICY_RECOMMENDATION_ELDERLY,OTHER,,,,,,,,EJRF
MNP,2024,POLICY_INTERVAL,POLICY_RECOMMENDATION_ELDERLY_CHRONIC,OTHER,,,,,,,,EJRF
MNP,2024,POLICY_INTERVAL,POLICY_RECOMMENDATION_ADULTS,OTHER,,,,,,,,EJRF
MNP,2024,POLICY_INTERVAL,POLICY_RECOMMENDATION_ADULTS_CHRONIC,OTHER,,,,,,,,EJRF
MNP,2024,POLICY_INTERVAL,PW,OTHER,,,,,,,,EJRF
MNP,2024,POLICY_INTERVAL,POLICY_RECOMMENDATION_HCW,OTHER,,,,,,,,EJRF
MNP,2024,POLICY_INTERVAL,POLICY_RECOMMENDATION_CA,OTHER,,,,,,,,EJRF
MNP,2024,POLICY_INTERVAL,POLICY_RECOMMENDATION_CA_CHRONIC,OTHER,,,,,,,,EJRF
KEN,2024,POLICY_VACCINATION_COM,POLICY_RECOMMENDATION_ELDERLY,60 + year old adults,,,,,,,,EJRF
KEN,2024,POLICY_VACCINATION_COM,POLICY_RECOMMENDATION_ELDERLY_CHRONIC,-4444,,,,,,,,EJRF
KEN,2024,POLICY_VACCINATION_COM,POLICY_RECOMMENDATION_ADULTS,Yes,,,,,,,,EJRF
KEN,2024,POLICY_VACCINATION_COM,POLICY_RECOMMENDATION_ADULTS_CHRONIC,-4444,,,,,,,,EJRF
KEN,2024,POLICY_VACCINATION_COM,PW,-4444,,,,,,,,EJRF
KEN,2024,POLICY_VACCINATION_COM,POLICY_RECOMMENDATION_HCW,-4444,,,,,,,,EJRF
KEN,2024,POLICY_VACCINATION_COM,POLICY_RECOMMENDATION_CA,15 years and younger,,,,,,,,EJRF
KEN,2024,POLICY_VACCINATION_COM,POLICY_RECOMMENDATION_CA_CHRONIC,-4444,,,,,,,,EJRF
KEN,2024,POLICY_VACCINATION_COM,OTHER_GROUPS,Below 60 year olds,,,,,,,,EJRF
MNP,2024,POLICY_VACCINATION_COM,OTHER_GROUPS,COVID-19 vaccination is recommended seasonally,,,,,,,,EJRF
MNP,2024,POLICY_VACCINATION_COM,POLICY_RECOMMENDATION_ELDERLY,"COVID-19 booster vaccination is recommended seasonally, especially for older adults and those with chronic conditions, with eligibility for an updated dose if at least six months have passed since the last vaccination.",,,,,,,,EJRF
MNP,2024,POLICY_VACCINATION_COM,POLICY_RECOMMENDATION_ELDERLY_CHRONIC,"COVID-19 booster vaccination is recommended seasonally, especially for older adults and those with chronic conditions, with eligibility for an updated dose if at least six months have passed since the last vaccination.",,,,,,,,EJRF
MNP,2024,POLICY_VACCINATION_COM,POLICY_RECOMMENDATION_ADULTS,"Periodic COVID-19 re-vaccination/booster is currently recommended seasonally, similar to the annual influenza vaccine.",,,,,,,,EJRF
MNP,2024,POLICY_VACCINATION_COM,POLICY_RECOMMENDATION_ADULTS_CHRONIC,COVID-19 vaccination is recommended seasonally,,,,,,,,EJRF
MNP,2024,POLICY_VACCINATION_COM,PW,COVID-19 vaccination is recommended seasonally,,,,,,,,EJRF
MNP,2024,POLICY_VACCINATION_COM,POLICY_RECOMMENDATION_HCW,COVID-19 vaccination is recommended seasonally,,,,,,,,EJRF
MNP,2024,POLICY_VACCINATION_COM,POLICY_RECOMMENDATION_CA,COVID-19 vaccination is recommended seasonally,,,,,,,,EJRF
MNP,2024,POLICY_VACCINATION_COM,POLICY_RECOMMENDATION_CA_CHRONIC,COVID-19 vaccination is recommended seasonally,,,,,,,,EJRF
ZAF,2024,POLICY_VACCINATION,POLICY_RECOMMENDATION_ELDERLY,NO,,,,,,,,EJRF
ZAF,2024,POLICY_VACCINATION,POLICY_RECOMMENDATION_ELDERLY_CHRONIC,-4444,,,,,,,,EJRF
ZAF,2024,POLICY_VACCINATION,POLICY_RECOMMENDATION_ADULTS,-4444,,,,,,,,EJRF
ZAF,2024,POLICY_VACCINATION,POLICY_RECOMMENDATION_ADULTS_CHRONIC,-4444,,,,,,,,EJRF
ZAF,2024,POLICY_VACCINATION,PW,-4444,,,,,,,,EJRF
ZAF,2024,POLICY_VACCINATION,POLICY_RECOMMENDATION_HCW,-4444,,,,,,,,EJRF
ZAF,2024,POLICY_VACCINATION,POLICY_RECOMMENDATION_CA,-4444,,,,,,,,EJRF
ZAF,2024,POLICY_VACCINATION,POLICY_RECOMMENDATION_CA_CHRONIC,-4444,,,,,,,,EJRF
ZAF,2024,POLICY_VACCINATION,OTHER_GROUPS,-4444,,,,,,,,EJRF
ZAF,2024,POLICY_REVACCINATION,POLICY_RECOMMENDATION_ELDERLY,NO,,,,,,,,EJRF
ZAF,2024,POLICY_REVACCINATION,POLICY_RECOMMENDATION_ELDERLY_CHRONIC,-4444,,,,,,,,EJRF
ZAF,2024,POLICY_REVACCINATION,POLICY_RECOMMENDATION_ADULTS,-4444,,,,,,,,EJRF
ZAF,2024,POLICY_REVACCINATION,POLICY_RECOMMENDATION_ADULTS_CHRONIC,-4444,,,,,,,,EJRF
ZAF,2024,POLICY_REVACCINATION,PW,-4444,,,,,,,,EJRF
ZAF,2024,POLICY_REVACCINATION,POLICY_RECOMMENDATION_HCW,-4444,,,,,,,,EJRF
ZAF,2024,POLICY_REVACCINATION,POLICY_RECOMMENDATION_CA,-4444,,,,,,,,EJRF
ZAF,2024,POLICY_REVACCINATION,POLICY_RECOMMENDATION_CA_CHRONIC,-4444,,,,,,,,EJRF
ZAF,2024,POLICY_REVACCINATION,OTHER_GROUPS,-4444,,,,,,,,EJRF
ZAF,2024,POLICY_INTERVAL,POLICY_RECOMMENDATION_ELDERLY,-4444,,,,,,,,EJRF
ZAF,2024,POLICY_INTERVAL,POLICY_RECOMMENDATION_ELDERLY_CHRONIC,-4444,,,,,,,,EJRF
ZAF,2024,POLICY_INTERVAL,POLICY_RECOMMENDATION_ADULTS,-4444,,,,,,,,EJRF
ZAF,2024,POLICY_INTERVAL,POLICY_RECOMMENDATION_ADULTS_CHRONIC,-4444,,,,,,,,EJRF
ZAF,2024,POLICY_INTERVAL,PW,-4444,,,,,,,,EJRF
ZAF,2024,POLICY_INTERVAL,POLICY_RECOMMENDATION_HCW,-4444,,,,,,,,EJRF
ZAF,2024,POLICY_INTERVAL,POLICY_RECOMMENDATION_CA,-4444,,,,,,,,EJRF
ZAF,2024,POLICY_INTERVAL,POLICY_RECOMMENDATION_CA_CHRONIC,-4444,,,,,,,,EJRF
ZAF,2024,POLICY_INTERVAL,OTHER_GROUPS,-4444,,,,,,,,EJRF
ZAF,2024,POLICY_VACCINATION_COM,POLICY_RECOMMENDATION_ELDERLY,-4444,,,,,,,,EJRF
ZAF,2024,POLICY_VACCINATION_COM,POLICY_RECOMMENDATION_ELDERLY_CHRONIC,-4444,,,,,,,,EJRF
ZAF,2024,POLICY_VACCINATION_COM,POLICY_RECOMMENDATION_ADULTS,-4444,,,,,,,,EJRF
ZAF,2024,POLICY_VACCINATION_COM,POLICY_RECOMMENDATION_ADULTS_CHRONIC,-4444,,,,,,,,EJRF
ZAF,2024,POLICY_VACCINATION_COM,PW,-4444,,,,,,,,EJRF
ZAF,2024,POLICY_VACCINATION_COM,POLICY_RECOMMENDATION_HCW,-4444,,,,,,,,EJRF
ZAF,2024,POLICY_VACCINATION_COM,POLICY_RECOMMENDATION_CA,-4444,,,,,,,,EJRF
ZAF,2024,POLICY_VACCINATION_COM,POLICY_RECOMMENDATION_CA_CHRONIC,-4444,,,,,,,,EJRF
ZAF,2024,POLICY_VACCINATION_COM,OTHER_GROUPS,-4444,,,,,,,,EJRF
COM,2024,POLICY_VACCINATION,POLICY_RECOMMENDATION_ADULTS,YES,,,,,,,,EJRF
COM,2024,POLICY_VACCINATION,POLICY_RECOMMENDATION_ADULTS_CHRONIC,YES,,,,,,,,EJRF
COM,2024,POLICY_VACCINATION,PW,YES,,,,,,,,EJRF
COM,2024,POLICY_VACCINATION,POLICY_RECOMMENDATION_HCW,YES,,,,,,,,EJRF
COM,2024,POLICY_VACCINATION,POLICY_RECOMMENDATION_CA,YES,,,,,,,,EJRF
COM,2024,POLICY_VACCINATION,POLICY_RECOMMENDATION_CA_CHRONIC,YES,,,,,,,,EJRF
COM,2024,POLICY_VACCINATION,OTHER_GROUPS,-4444,,,,,,,,EJRF
COM,2024,POLICY_VACCINATION,POLICY_RECOMMENDATION_ELDERLY,YES,,,,,,,,EJRF
COM,2024,POLICY_VACCINATION,POLICY_RECOMMENDATION_ELDERLY_CHRONIC,YES,,,,,,,,EJRF
JAM,2024,POLICY_VACCINATION,POLICY_RECOMMENDATION_ELDERLY,YES,,,,,,,,EJRF
JAM,2024,POLICY_VACCINATION,POLICY_RECOMMENDATION_ELDERLY_CHRONIC,YES,,,,,,,,EJRF
JAM,2024,POLICY_VACCINATION,POLICY_RECOMMENDATION_ADULTS,YES,,,,,,,,EJRF
JAM,2024,POLICY_VACCINATION,POLICY_RECOMMENDATION_ADULTS_CHRONIC,YES,,,,,,,,EJRF
JAM,2024,POLICY_VACCINATION,PW,YES,,,,,,,,EJRF
JAM,2024,POLICY_VACCINATION,POLICY_RECOMMENDATION_HCW,YES,,,,,,,,EJRF
JAM,2024,POLICY_VACCINATION,POLICY_RECOMMENDATION_CA,NO,,,,,,,,EJRF
JAM,2024,POLICY_VACCINATION,POLICY_RECOMMENDATION_CA_CHRONIC,YES,,,,,,,,EJRF
JAM,2024,POLICY_VACCINATION,OTHER_GROUPS,NO,,,,,,,,EJRF
LKA,2024,POLICY_VACCINATION,POLICY_RECOMMENDATION_ELDERLY,NO,,,,,,,,EJRF
LKA,2024,POLICY_VACCINATION,POLICY_RECOMMENDATION_ELDERLY_CHRONIC,NO,,,,,,,,EJRF
LKA,2024,POLICY_VACCINATION,POLICY_RECOMMENDATION_ADULTS,NO,,,,,,,,EJRF
LKA,2024,POLICY_VACCINATION,POLICY_RECOMMENDATION_ADULTS_CHRONIC,NO,,,,,,,,EJRF
LKA,2024,POLICY_VACCINATION,POLICY_RECOMMENDATION_HCW,NO,,,,,,,,EJRF
LKA,2024,POLICY_VACCINATION,POLICY_RECOMMENDATION_CA,NO,,,,,,,,EJRF
LKA,2024,POLICY_VACCINATION,POLICY_RECOMMENDATION_CA_CHRONIC,NO,,,,,,,,EJRF
LKA,2024,POLICY_VACCINATION,OTHER_GROUPS,NO,,,,,,,,EJRF
LKA,2024,POLICY_VACCINATION,PW,NO,,,,,,,,EJRF
COM,2024,POLICY_REVACCINATION,POLICY_RECOMMENDATION_ADULTS,YES,,,,,,,,EJRF
COM,2024,POLICY_REVACCINATION,POLICY_RECOMMENDATION_ADULTS_CHRONIC,YES,,,,,,,,EJRF
COM,2024,POLICY_REVACCINATION,PW,YES,,,,,,,,EJRF
COM,2024,POLICY_REVACCINATION,POLICY_RECOMMENDATION_HCW,YES,,,,,,,,EJRF
COM,2024,POLICY_REVACCINATION,POLICY_RECOMMENDATION_CA,YES,,,,,,,,EJRF
COM,2024,POLICY_REVACCINATION,POLICY_RECOMMENDATION_CA_CHRONIC,YES,,,,,,,,EJRF
COM,2024,POLICY_REVACCINATION,OTHER_GROUPS,-4444,,,,,,,,EJRF
COM,2024,POLICY_REVACCINATION,POLICY_RECOMMENDATION_ELDERLY,YES,,,,,,,,EJRF
COM,2024,POLICY_REVACCINATION,POLICY_RECOMMENDATION_ELDERLY_CHRONIC,YES,,,,,,,,EJRF
JAM,2024,POLICY_REVACCINATION,POLICY_RECOMMENDATION_ELDERLY,YES,,,,,,,,EJRF
JAM,2024,POLICY_REVACCINATION,POLICY_RECOMMENDATION_ELDERLY_CHRONIC,YES,,,,,,,,EJRF
JAM,2024,POLICY_REVACCINATION,POLICY_RECOMMENDATION_ADULTS,YES,,,,,,,,EJRF
JAM,2024,POLICY_REVACCINATION,POLICY_RECOMMENDATION_ADULTS_CHRONIC,YES,,,,,,,,EJRF
JAM,2024,POLICY_REVACCINATION,PW,YES,,,,,,,,EJRF
JAM,2024,POLICY_REVACCINATION,POLICY_RECOMMENDATION_HCW,YES,,,,,,,,EJRF
JAM,2024,POLICY_REVACCINATION,POLICY_RECOMMENDATION_CA,NO,,,,,,,,EJRF
JAM,2024,POLICY_REVACCINATION,POLICY_RECOMMENDATION_CA_CHRONIC,NO,,,,,,,,EJRF
JAM,2024,POLICY_REVACCINATION,OTHER_GROUPS,NO,,,,,,,,EJRF
LKA,2024,POLICY_REVACCINATION,POLICY_RECOMMENDATION_ELDERLY,,,,,,,,,EJRF
LKA,2024,POLICY_REVACCINATION,POLICY_RECOMMENDATION_ELDERLY_CHRONIC,,,,,,,,,EJRF
LKA,2024,POLICY_REVACCINATION,POLICY_RECOMMENDATION_ADULTS,,,,,,,,,EJRF
LKA,2024,POLICY_REVACCINATION,POLICY_RECOMMENDATION_ADULTS_CHRONIC,,,,,,,,,EJRF
LKA,2024,POLICY_REVACCINATION,POLICY_RECOMMENDATION_HCW,,,,,,,,,EJRF
LKA,2024,POLICY_REVACCINATION,POLICY_RECOMMENDATION_CA,,,,,,,,,EJRF
LKA,2024,POLICY_REVACCINATION,POLICY_RECOMMENDATION_CA_CHRONIC,,,,,,,,,EJRF
LKA,2024,POLICY_REVACCINATION,OTHER_GROUPS,,,,,,,,,EJRF
LKA,2024,POLICY_REVACCINATION,PW,,,,,,,,,EJRF
COM,2024,POLICY_INTERVAL,POLICY_RECOMMENDATION_ADULTS,6_MONTHS,,,,,,,,EJRF
COM,2024,POLICY_INTERVAL,POLICY_RECOMMENDATION_ADULTS_CHRONIC,6_MONTHS,,,,,,,,EJRF
COM,2024,POLICY_INTERVAL,PW,6_MONTHS,,,,,,,,EJRF
COM,2024,POLICY_INTERVAL,POLICY_RECOMMENDATION_HCW,6_MONTHS,,,,,,,,EJRF
COM,2024,POLICY_INTERVAL,POLICY_RECOMMENDATION_CA,6_MONTHS,,,,,,,,EJRF
COM,2024,POLICY_INTERVAL,POLICY_RECOMMENDATION_CA_CHRONIC,6_MONTHS,,,,,,,,EJRF
COM,2024,POLICY_INTERVAL,OTHER_GROUPS,-4444,,,,,,,,EJRF
COM,2024,POLICY_INTERVAL,POLICY_RECOMMENDATION_ELDERLY,6_MONTHS,,,,,,,,EJRF
COM,2024,POLICY_INTERVAL,POLICY_RECOMMENDATION_ELDERLY_CHRONIC,6_MONTHS,,,,,,,,EJRF
JAM,2024,POLICY_INTERVAL,POLICY_RECOMMENDATION_ELDERLY,12_MONTHS,,,,,,,,EJRF
JAM,2024,POLICY_INTERVAL,POLICY_RECOMMENDATION_ELDERLY_CHRONIC,6_MONTHS,,,,,,,,EJRF
JAM,2024,POLICY_INTERVAL,POLICY_RECOMMENDATION_ADULTS,OTHER,,,,,,,,EJRF
JAM,2024,POLICY_INTERVAL,POLICY_RECOMMENDATION_ADULTS_CHRONIC,OTHER,,,,,,,,EJRF
JAM,2024,POLICY_INTERVAL,PW,OTHER,,,,,,,,EJRF
JAM,2024,POLICY_INTERVAL,POLICY_RECOMMENDATION_HCW,12_MONTHS,,,,,,,,EJRF
JAM,2024,POLICY_INTERVAL,POLICY_RECOMMENDATION_CA,-4444,,,,,,,,EJRF
JAM,2024,POLICY_INTERVAL,POLICY_RECOMMENDATION_CA_CHRONIC,6_MONTHS,,,,,,,,EJRF
JAM,2024,POLICY_INTERVAL,OTHER_GROUPS,-4444,,,,,,,,EJRF
LKA,2024,POLICY_INTERVAL,POLICY_RECOMMENDATION_ELDERLY,,,,,,,,,EJRF
LKA,2024,POLICY_INTERVAL,POLICY_RECOMMENDATION_ELDERLY_CHRONIC,,,,,,,,,EJRF
LKA,2024,POLICY_INTERVAL,POLICY_RECOMMENDATION_ADULTS,,,,,,,,,EJRF
LKA,2024,POLICY_INTERVAL,POLICY_RECOMMENDATION_ADULTS_CHRONIC,,,,,,,,,EJRF
LKA,2024,POLICY_INTERVAL,POLICY_RECOMMENDATION_HCW,,,,,,,,,EJRF
LKA,2024,POLICY_INTERVAL,POLICY_RECOMMENDATION_CA,,,,,,,,,EJRF
LKA,2024,POLICY_INTERVAL,POLICY_RECOMMENDATION_CA_CHRONIC,,,,,,,,,EJRF
LKA,2024,POLICY_INTERVAL,OTHER_GROUPS,,,,,,,,,EJRF
LKA,2024,POLICY_INTERVAL,PW,,,,,,,,,EJRF
COM,2024,POLICY_VACCINATION_COM,POLICY_RECOMMENDATION_ADULTS,-4444,,,,,,,,EJRF
COM,2024,POLICY_VACCINATION_COM,POLICY_RECOMMENDATION_ADULTS_CHRONIC,-4444,,,,,,,,EJRF
COM,2024,POLICY_VACCINATION_COM,PW,-4444,,,,,,,,EJRF
COM,2024,POLICY_VACCINATION_COM,POLICY_RECOMMENDATION_HCW,-4444,,,,,,,,EJRF
COM,2024,POLICY_VACCINATION_COM,POLICY_RECOMMENDATION_CA,-4444,,,,,,,,EJRF
COM,2024,POLICY_VACCINATION_COM,POLICY_RECOMMENDATION_CA_CHRONIC,-4444,,,,,,,,EJRF
COM,2024,POLICY_VACCINATION_COM,OTHER_GROUPS,-4444,,,,,,,,EJRF
COM,2024,POLICY_VACCINATION_COM,POLICY_RECOMMENDATION_ELDERLY,-4444,,,,,,,,EJRF
COM,2024,POLICY_VACCINATION_COM,POLICY_RECOMMENDATION_ELDERLY_CHRONIC,-4444,,,,,,,,EJRF
JAM,2024,POLICY_VACCINATION_COM,POLICY_RECOMMENDATION_ELDERLY,-2222,,,,,,,,EJRF
JAM,2024,POLICY_VACCINATION_COM,POLICY_RECOMMENDATION_ELDERLY_CHRONIC,-2222,,,,,,,,EJRF
JAM,2024,POLICY_VACCINATION_COM,POLICY_RECOMMENDATION_ADULTS,Not recommended for healthy adults,,,,,,,,EJRF
JAM,2024,POLICY_VACCINATION_COM,POLICY_RECOMMENDATION_ADULTS_CHRONIC,"6-12 month interval for immunocompromised, based on discretion",,,,,,,,EJRF
JAM,2024,POLICY_VACCINATION_COM,PW,Boosters are administered each time a woman gets pregnant,,,,,,,,EJRF
JAM,2024,POLICY_VACCINATION_COM,POLICY_RECOMMENDATION_HCW,Those with direct patient contact,,,,,,,,EJRF
JAM,2024,POLICY_VACCINATION_COM,POLICY_RECOMMENDATION_CA,-4444,,,,,,,,EJRF
JAM,2024,POLICY_VACCINATION_COM,POLICY_RECOMMENDATION_CA_CHRONIC,-2222,,,,,,,,EJRF
JAM,2024,POLICY_VACCINATION_COM,OTHER_GROUPS,-4444,,,,,,,,EJRF
LKA,2024,POLICY_VACCINATION_COM,POLICY_RECOMMENDATION_ELDERLY,COVID vacciantion was not conducted in the country in 2024,,,,,,,,EJRF
LKA,2024,POLICY_VACCINATION_COM,POLICY_RECOMMENDATION_ELDERLY_CHRONIC,,,,,,,,,EJRF
LKA,2024,POLICY_VACCINATION_COM,POLICY_RECOMMENDATION_ADULTS,,,,,,,,,EJRF
LKA,2024,POLICY_VACCINATION_COM,POLICY_RECOMMENDATION_ADULTS_CHRONIC,,,,,,,,,EJRF
LKA,2024,POLICY_VACCINATION_COM,POLICY_RECOMMENDATION_HCW,,,,,,,,,EJRF
LKA,2024,POLICY_VACCINATION_COM,POLICY_RECOMMENDATION_CA,,,,,,,,,EJRF
LKA,2024,POLICY_VACCINATION_COM,POLICY_RECOMMENDATION_CA_CHRONIC,,,,,,,,,EJRF
LKA,2024,POLICY_VACCINATION_COM,OTHER_GROUPS,,,,,,,,,EJRF
LKA,2024,POLICY_VACCINATION_COM,PW,,,,,,,,,EJRF
CAN,2024,POLICY_VACCINATION,POLICY_RECOMMENDATION_HCW,YES,,,,,,,,EJRF
CAN,2024,POLICY_VACCINATION,POLICY_RECOMMENDATION_ELDERLY_CHRONIC,YES,,,,,,,,EJRF
CAN,2024,POLICY_VACCINATION,POLICY_RECOMMENDATION_ADULTS,YES,,,,,,,,EJRF
CAN,2024,POLICY_VACCINATION,POLICY_RECOMMENDATION_ADULTS_CHRONIC,YES,,,,,,,,EJRF
CAN,2024,POLICY_VACCINATION,POLICY_RECOMMENDATION_ELDERLY,YES,,,,,,,,EJRF
CAN,2024,POLICY_VACCINATION,PW,YES,,,,,,,,EJRF
CAN,2024,POLICY_VACCINATION,POLICY_RECOMMENDATION_CA,YES,,,,,,,,EJRF
CAN,2024,POLICY_VACCINATION,POLICY_RECOMMENDATION_CA_CHRONIC,YES,,,,,,,,EJRF
CAN,2024,POLICY_VACCINATION,OTHER_GROUPS,YES,,,,,,,,EJRF
CAN,2024,POLICY_REVACCINATION,POLICY_RECOMMENDATION_HCW,YES,,,,,,,,EJRF
CAN,2024,POLICY_REVACCINATION,POLICY_RECOMMENDATION_ELDERLY_CHRONIC,YES,,,,,,,,EJRF
CAN,2024,POLICY_REVACCINATION,POLICY_RECOMMENDATION_ADULTS,YES,,,,,,,,EJRF
CAN,2024,POLICY_REVACCINATION,POLICY_RECOMMENDATION_ADULTS_CHRONIC,YES,,,,,,,,EJRF
CAN,2024,POLICY_REVACCINATION,POLICY_RECOMMENDATION_ELDERLY,YES,,,,,,,,EJRF
CAN,2024,POLICY_REVACCINATION,PW,YES,,,,,,,,EJRF
CAN,2024,POLICY_REVACCINATION,POLICY_RECOMMENDATION_CA,YES,,,,,,,,EJRF
CAN,2024,POLICY_REVACCINATION,POLICY_RECOMMENDATION_CA_CHRONIC,YES,,,,,,,,EJRF
CAN,2024,POLICY_REVACCINATION,OTHER_GROUPS,YES,,,,,,,,EJRF
CAN,2024,POLICY_INTERVAL,POLICY_RECOMMENDATION_HCW,6_MONTHS,,,,,,,,EJRF
CAN,2024,POLICY_INTERVAL,POLICY_RECOMMENDATION_ELDERLY_CHRONIC,6_MONTHS,,,,,,,,EJRF
CAN,2024,POLICY_INTERVAL,POLICY_RECOMMENDATION_ADULTS,6_MONTHS,,,,,,,,EJRF
CAN,2024,POLICY_INTERVAL,POLICY_RECOMMENDATION_ADULTS_CHRONIC,6_MONTHS,,,,,,,,EJRF
CAN,2024,POLICY_INTERVAL,POLICY_RECOMMENDATION_ELDERLY,6_MONTHS,,,,,,,,EJRF
CAN,2024,POLICY_INTERVAL,PW,6_MONTHS,,,,,,,,EJRF
CAN,2024,POLICY_INTERVAL,POLICY_RECOMMENDATION_CA,6_MONTHS,,,,,,,,EJRF
CAN,2024,POLICY_INTERVAL,POLICY_RECOMMENDATION_CA_CHRONIC,6_MONTHS,,,,,,,,EJRF
CAN,2024,POLICY_INTERVAL,OTHER_GROUPS,6_MONTHS,,,,,,,,EJRF
CAN,2024,POLICY_VACCINATION_COM,POLICY_RECOMMENDATION_HCW,People who provide essential community services should get an updated dose in fall 2024. Vaccination recommended once a year,,,,,,,,EJRF
CAN,2024,POLICY_VACCINATION_COM,POLICY_RECOMMENDATION_ELDERLY_CHRONIC,"Vaccination recommended once a year for individuals 6 months of age and older with underlying medical conditions that place them at higher risk of severe COVID-19.   Subpopulations recommended for vaccination twice a year: adults 65 years and older, residents of long-term care homes and other congregate living settings for seniors, and individuals 6 months of age and older who are moderately to severely immunocompromised due to underlying condition or treatment. ",,,,,,,,EJRF
CAN,2024,POLICY_VACCINATION_COM,POLICY_RECOMMENDATION_ADULTS,All individuals with underlying medical conditions that put them at high risk of severe COVID-19 should get an updated dose; vaccination recommended once a year except for those mentioned above (8.2.3.1 and 8.2.3.2). All other adults may get an updated dose; vaccination recommended once a year.,,,,,,,,EJRF
CAN,2024,POLICY_VACCINATION_COM,POLICY_RECOMMENDATION_ADULTS_CHRONIC,"Vaccination recommended once a year for individuals 6 months of age and older with underlying medical conditions that place them at higher risk of severe COVID-19.   Subpopulations recommended for vaccination twice a year: adults 65 years and older, residents of long-term care homes and other congregate living settings for seniors, and individuals 6 months of age and older who are moderately to severely immunocompromised due to underlying condition or treatment.",,,,,,,,EJRF
CAN,2024,POLICY_VACCINATION_COM,POLICY_RECOMMENDATION_ELDERLY,Vaccination recommended two times a year for adults 65 years and older,,,,,,,,EJRF
CAN,2024,POLICY_VACCINATION_COM,PW,All pregnant individuals should get an updated dose in fall 2024. Vaccination recommended once a year.,,,,,,,,EJRF
CAN,2024,POLICY_VACCINATION_COM,POLICY_RECOMMENDATION_CA,"All individuals with underlying medical conditions that put them at high risk of severe COVID-19, including children with complex health needs, should get an updated dose. All individuals 6 months of age and older may receive an updated dose. Vaccination recommended once a year (see below for sub-populations recommended for vaccination twice a year).",,,,,,,,EJRF
CAN,2024,POLICY_VACCINATION_COM,POLICY_RECOMMENDATION_CA_CHRONIC,"All individuals 6 months of age and older with underlying medical conditions that put them at high risk of severe COVID-19, including children with complex health needs, should get an updated dose. Vaccination recommended once a year. Subpopulation of children and adolescents who are moderately to severely immunocompromised recommended vaccination 2 times a year (min 3 months from last dose). ",,,,,,,,EJRF
CAN,2024,POLICY_VACCINATION_COM,OTHER_GROUPS,"Vaccination recommended once a year   Other groups include: •	Residents of long-term care homes and other congregate living settings should get an updated dose  (twice a year for older adults; once a year for others) •	Members of racialized and other equity-deserving communities should get an updated dose •	Individuals in or from First Nations, Metis and Inuit communities should get an updated dose.",,,,,,,,EJRF
PYF,2024,POLICY_VACCINATION,POLICY_RECOMMENDATION_ELDERLY_CHRONIC,YES,,,,,,,,EJRF
PYF,2024,POLICY_VACCINATION,POLICY_RECOMMENDATION_ADULTS,NO,,,,,,,,EJRF
PYF,2024,POLICY_VACCINATION,POLICY_RECOMMENDATION_ADULTS_CHRONIC,YES,,,,,,,,EJRF
PYF,2024,POLICY_VACCINATION,PW,YES,,,,,,,,EJRF
PYF,2024,POLICY_VACCINATION,POLICY_RECOMMENDATION_HCW,YES,,,,,,,,EJRF
PYF,2024,POLICY_VACCINATION,POLICY_RECOMMENDATION_CA,NO,,,,,,,,EJRF
PYF,2024,POLICY_VACCINATION,POLICY_RECOMMENDATION_CA_CHRONIC,YES,,,,,,,,EJRF
PYF,2024,POLICY_VACCINATION,OTHER_GROUPS,YES,,,,,,,,EJRF
PYF,2024,POLICY_VACCINATION,POLICY_RECOMMENDATION_ELDERLY,YES,,,,,,,,EJRF
PYF,2024,POLICY_REVACCINATION,POLICY_RECOMMENDATION_ELDERLY_CHRONIC,NO,,,,,,,,EJRF
PYF,2024,POLICY_REVACCINATION,POLICY_RECOMMENDATION_ADULTS,-4444,,,,,,,,EJRF
PYF,2024,POLICY_REVACCINATION,POLICY_RECOMMENDATION_ADULTS_CHRONIC,NO,,,,,,,,EJRF
PYF,2024,POLICY_REVACCINATION,PW,NO,,,,,,,,EJRF
PYF,2024,POLICY_REVACCINATION,POLICY_RECOMMENDATION_HCW,NO,,,,,,,,EJRF
PYF,2024,POLICY_REVACCINATION,POLICY_RECOMMENDATION_CA,-4444,,,,,,,,EJRF
PYF,2024,POLICY_REVACCINATION,POLICY_RECOMMENDATION_CA_CHRONIC,NO,,,,,,,,EJRF
PYF,2024,POLICY_REVACCINATION,OTHER_GROUPS,NO,,,,,,,,EJRF
PYF,2024,POLICY_REVACCINATION,POLICY_RECOMMENDATION_ELDERLY,NO,,,,,,,,EJRF
PYF,2024,POLICY_INTERVAL,POLICY_RECOMMENDATION_ELDERLY_CHRONIC,-4444,,,,,,,,EJRF
PYF,2024,POLICY_INTERVAL,POLICY_RECOMMENDATION_ADULTS,-4444,,,,,,,,EJRF
PYF,2024,POLICY_INTERVAL,POLICY_RECOMMENDATION_ADULTS_CHRONIC,-4444,,,,,,,,EJRF
PYF,2024,POLICY_INTERVAL,PW,-4444,,,,,,,,EJRF
PYF,2024,POLICY_INTERVAL,POLICY_RECOMMENDATION_HCW,-4444,,,,,,,,EJRF
PYF,2024,POLICY_INTERVAL,POLICY_RECOMMENDATION_CA,-4444,,,,,,,,EJRF
PYF,2024,POLICY_INTERVAL,POLICY_RECOMMENDATION_CA_CHRONIC,-4444,,,,,,,,EJRF
PYF,2024,POLICY_INTERVAL,OTHER_GROUPS,-4444,,,,,,,,EJRF
PYF,2024,POLICY_INTERVAL,POLICY_RECOMMENDATION_ELDERLY,-4444,,,,,,,,EJRF
PYF,2024,POLICY_VACCINATION_COM,POLICY_RECOMMENDATION_ELDERLY_CHRONIC,,,,,,,,,EJRF
PYF,2024,POLICY_VACCINATION_COM,POLICY_RECOMMENDATION_ADULTS,,,,,,,,,EJRF
PYF,2024,POLICY_VACCINATION_COM,POLICY_RECOMMENDATION_ADULTS_CHRONIC,,,,,,,,,EJRF
PYF,2024,POLICY_VACCINATION_COM,PW,,,,,,,,,EJRF
PYF,2024,POLICY_VACCINATION_COM,POLICY_RECOMMENDATION_HCW,,,,,,,,,EJRF
PYF,2024,POLICY_VACCINATION_COM,POLICY_RECOMMENDATION_CA,,,,,,,,,EJRF
PYF,2024,POLICY_VACCINATION_COM,POLICY_RECOMMENDATION_CA_CHRONIC,,,,,,,,,EJRF
PYF,2024,POLICY_VACCINATION_COM,OTHER_GROUPS,,,,,,,,,EJRF
PYF,2024,POLICY_VACCINATION_COM,POLICY_RECOMMENDATION_ELDERLY,,,,,,,,,EJRF
BLR,2024,POLICY_REVACCINATION,POLICY_RECOMMENDATION_CA_CHRONIC,-4444,,,,,,,,EJRF
BLR,2024,POLICY_REVACCINATION,OTHER_GROUPS,YES,,,,,,,,EJRF
BLR,2024,POLICY_REVACCINATION,POLICY_RECOMMENDATION_ADULTS_CHRONIC,YES,,,,,,,,EJRF
BLR,2024,POLICY_REVACCINATION,PW,-4444,,,,,,,,EJRF
BLR,2024,POLICY_REVACCINATION,POLICY_RECOMMENDATION_HCW,NO,,,,,,,,EJRF
BLR,2024,POLICY_REVACCINATION,POLICY_RECOMMENDATION_CA,-4444,,,,,,,,EJRF
BLR,2024,POLICY_REVACCINATION,POLICY_RECOMMENDATION_ELDERLY_CHRONIC,-4444,,,,,,,,EJRF
BLR,2024,POLICY_REVACCINATION,POLICY_RECOMMENDATION_ADULTS,YES,,,,,,,,EJRF
BLR,2024,POLICY_REVACCINATION,POLICY_RECOMMENDATION_ELDERLY,YES,,,,,,,,EJRF
EST,2024,POLICY_REVACCINATION,POLICY_RECOMMENDATION_CA,NO,,,,,,,,EJRF
EST,2024,POLICY_REVACCINATION,POLICY_RECOMMENDATION_CA_CHRONIC,YES,,,,,,,,EJRF
EST,2024,POLICY_REVACCINATION,OTHER_GROUPS,-4444,,,,,,,,EJRF
EST,2024,POLICY_REVACCINATION,POLICY_RECOMMENDATION_ELDERLY,YES,,,,,,,,EJRF
EST,2024,POLICY_REVACCINATION,POLICY_RECOMMENDATION_ELDERLY_CHRONIC,YES,,,,,,,,EJRF
EST,2024,POLICY_REVACCINATION,POLICY_RECOMMENDATION_ADULTS,NO,,,,,,,,EJRF
EST,2024,POLICY_REVACCINATION,POLICY_RECOMMENDATION_ADULTS_CHRONIC,YES,,,,,,,,EJRF
EST,2024,POLICY_REVACCINATION,PW,YES,,,,,,,,EJRF
EST,2024,POLICY_REVACCINATION,POLICY_RECOMMENDATION_HCW,YES,,,,,,,,EJRF
NPL,2024,POLICY_REVACCINATION,POLICY_RECOMMENDATION_ELDERLY_CHRONIC,YES,,,,,,,,EJRF
NPL,2024,POLICY_REVACCINATION,POLICY_RECOMMENDATION_ADULTS,YES,,,,,,,,EJRF
NPL,2024,POLICY_REVACCINATION,POLICY_RECOMMENDATION_ADULTS_CHRONIC,YES,,,,,,,,EJRF
NPL,2024,POLICY_REVACCINATION,PW,YES,,,,,,,,EJRF
NPL,2024,POLICY_REVACCINATION,POLICY_RECOMMENDATION_HCW,YES,,,,,,,,EJRF
NPL,2024,POLICY_REVACCINATION,POLICY_RECOMMENDATION_CA,NO,,,,,,,,EJRF
NPL,2024,POLICY_REVACCINATION,POLICY_RECOMMENDATION_CA_CHRONIC,YES,,,,,,,,EJRF
NPL,2024,POLICY_REVACCINATION,OTHER_GROUPS,-4444,,,,,,,,EJRF
NPL,2024,POLICY_REVACCINATION,POLICY_RECOMMENDATION_ELDERLY,YES,,,,,,,,EJRF
BLR,2024,POLICY_INTERVAL,POLICY_RECOMMENDATION_CA_CHRONIC,-4444,,,,,,,,EJRF
BLR,2024,POLICY_INTERVAL,OTHER_GROUPS,12_MONTHS,,,,,,,,EJRF
BLR,2024,POLICY_INTERVAL,POLICY_RECOMMENDATION_ADULTS_CHRONIC,12_MONTHS,,,,,,,,EJRF
BLR,2024,POLICY_INTERVAL,PW,-4444,,,,,,,,EJRF
BLR,2024,POLICY_INTERVAL,POLICY_RECOMMENDATION_HCW,12_MONTHS,,,,,,,,EJRF
BLR,2024,POLICY_INTERVAL,POLICY_RECOMMENDATION_CA,-4444,,,,,,,,EJRF
BLR,2024,POLICY_INTERVAL,POLICY_RECOMMENDATION_ELDERLY_CHRONIC,-4444,,,,,,,,EJRF
BLR,2024,POLICY_INTERVAL,POLICY_RECOMMENDATION_ADULTS,12_MONTHS,,,,,,,,EJRF
BLR,2024,POLICY_INTERVAL,POLICY_RECOMMENDATION_ELDERLY,12_MONTHS,,,,,,,,EJRF
EST,2024,POLICY_INTERVAL,POLICY_RECOMMENDATION_CA,,,,,,,,,EJRF
EST,2024,POLICY_INTERVAL,POLICY_RECOMMENDATION_CA_CHRONIC,6_MONTHS,,,,,,,,EJRF
EST,2024,POLICY_INTERVAL,OTHER_GROUPS,,,,,,,,,EJRF
EST,2024,POLICY_INTERVAL,POLICY_RECOMMENDATION_ELDERLY,6_MONTHS,,,,,,,,EJRF
BLR,2024,POLICY_VACCINATION,POLICY_RECOMMENDATION_CA_CHRONIC,-4444,,,,,,,,EJRF
BLR,2024,POLICY_VACCINATION,OTHER_GROUPS,YES,,,,,,,,EJRF
BLR,2024,POLICY_VACCINATION,POLICY_RECOMMENDATION_ADULTS_CHRONIC,YES,,,,,,,,EJRF
BLR,2024,POLICY_VACCINATION,PW,-4444,,,,,,,,EJRF
BLR,2024,POLICY_VACCINATION,POLICY_RECOMMENDATION_HCW,NO,,,,,,,,EJRF
BLR,2024,POLICY_VACCINATION,POLICY_RECOMMENDATION_CA,-4444,,,,,,,,EJRF
BLR,2024,POLICY_VACCINATION,POLICY_RECOMMENDATION_ELDERLY_CHRONIC,-4444,,,,,,,,EJRF
BLR,2024,POLICY_VACCINATION,POLICY_RECOMMENDATION_ADULTS,YES,,,,,,,,EJRF
BLR,2024,POLICY_VACCINATION,POLICY_RECOMMENDATION_ELDERLY,YES,,,,,,,,EJRF
EST,2024,POLICY_VACCINATION,POLICY_RECOMMENDATION_CA,NO,,,,,,,,EJRF
EST,2024,POLICY_VACCINATION,POLICY_RECOMMENDATION_CA_CHRONIC,YES,,,,,,,,EJRF
EST,2024,POLICY_VACCINATION,OTHER_GROUPS,-4444,,,,,,,,EJRF
EST,2024,POLICY_VACCINATION,POLICY_RECOMMENDATION_ELDERLY,YES,,,,,,,,EJRF
EST,2024,POLICY_VACCINATION,POLICY_RECOMMENDATION_ELDERLY_CHRONIC,YES,,,,,,,,EJRF
EST,2024,POLICY_VACCINATION,POLICY_RECOMMENDATION_ADULTS,NO,,,,,,,,EJRF
EST,2024,POLICY_VACCINATION,POLICY_RECOMMENDATION_ADULTS_CHRONIC,YES,,,,,,,,EJRF
EST,2024,POLICY_VACCINATION,PW,YES,,,,,,,,EJRF
EST,2024,POLICY_VACCINATION,POLICY_RECOMMENDATION_HCW,YES,,,,,,,,EJRF
NPL,2024,POLICY_VACCINATION,POLICY_RECOMMENDATION_ELDERLY_CHRONIC,YES,,,,,,,,EJRF
NPL,2024,POLICY_VACCINATION,POLICY_RECOMMENDATION_ADULTS,YES,,,,,,,,EJRF
NPL,2024,POLICY_VACCINATION,POLICY_RECOMMENDATION_ADULTS_CHRONIC,YES,,,,,,,,EJRF
NPL,2024,POLICY_VACCINATION,PW,YES,,,,,,,,EJRF
NPL,2024,POLICY_VACCINATION,POLICY_RECOMMENDATION_HCW,YES,,,,,,,,EJRF
NPL,2024,POLICY_VACCINATION,POLICY_RECOMMENDATION_CA,YES,,,,,,,,EJRF
NPL,2024,POLICY_VACCINATION,POLICY_RECOMMENDATION_CA_CHRONIC,YES,,,,,,,,EJRF
NPL,2024,POLICY_VACCINATION,OTHER_GROUPS,-4444,,,,,,,,EJRF
NPL,2024,POLICY_VACCINATION,POLICY_RECOMMENDATION_ELDERLY,YES,,,,,,,,EJRF
BLR,2024,POLICY_VACCINATION_COM,POLICY_RECOMMENDATION_CA_CHRONIC,-4444,,,,,,,,EJRF
BLR,2024,POLICY_VACCINATION_COM,OTHER_GROUPS,-4444,,,,,,,,EJRF
BLR,2024,POLICY_VACCINATION_COM,POLICY_RECOMMENDATION_ADULTS_CHRONIC,-4444,,,,,,,,EJRF
BLR,2024,POLICY_VACCINATION_COM,PW,-4444,,,,,,,,EJRF
BLR,2024,POLICY_VACCINATION_COM,POLICY_RECOMMENDATION_HCW,-4444,,,,,,,,EJRF
BLR,2024,POLICY_VACCINATION_COM,POLICY_RECOMMENDATION_CA,-4444,,,,,,,,EJRF
BLR,2024,POLICY_VACCINATION_COM,POLICY_RECOMMENDATION_ELDERLY_CHRONIC,-4444,,,,,,,,EJRF
BLR,2024,POLICY_VACCINATION_COM,POLICY_RECOMMENDATION_ADULTS,-4444,,,,,,,,EJRF
BLR,2024,POLICY_VACCINATION_COM,POLICY_RECOMMENDATION_ELDERLY,-4444,,,,,,,,EJRF
EST,2024,POLICY_VACCINATION_COM,POLICY_RECOMMENDATION_CA,-4444,,,,,,,,EJRF
EST,2024,POLICY_VACCINATION_COM,POLICY_RECOMMENDATION_CA_CHRONIC,-4444,,,,,,,,EJRF
EST,2024,POLICY_VACCINATION_COM,OTHER_GROUPS,-4444,,,,,,,,EJRF
EST,2024,POLICY_VACCINATION_COM,POLICY_RECOMMENDATION_ELDERLY,-4444,,,,,,,,EJRF
EST,2024,POLICY_VACCINATION_COM,POLICY_RECOMMENDATION_ELDERLY_CHRONIC,-4444,,,,,,,,EJRF
EST,2024,POLICY_VACCINATION_COM,POLICY_RECOMMENDATION_ADULTS,-4444,,,,,,,,EJRF
EST,2024,POLICY_VACCINATION_COM,POLICY_RECOMMENDATION_ADULTS_CHRONIC,-4444,,,,,,,,EJRF
EST,2024,POLICY_VACCINATION_COM,PW,-4444,,,,,,,,EJRF
EST,2024,POLICY_VACCINATION_COM,POLICY_RECOMMENDATION_HCW,-4444,,,,,,,,EJRF
NPL,2024,POLICY_VACCINATION_COM,POLICY_RECOMMENDATION_ELDERLY_CHRONIC,-4444,,,,,,,,EJRF
NPL,2024,POLICY_VACCINATION_COM,POLICY_RECOMMENDATION_ADULTS,-4444,,,,,,,,EJRF
NPL,2024,POLICY_VACCINATION_COM,POLICY_RECOMMENDATION_ADULTS_CHRONIC,-4444,,,,,,,,EJRF
NPL,2024,POLICY_VACCINATION_COM,PW,-4444,,,,,,,,EJRF
NPL,2024,POLICY_VACCINATION_COM,POLICY_RECOMMENDATION_HCW,-4444,,,,,,,,EJRF
NPL,2024,POLICY_VACCINATION_COM,POLICY_RECOMMENDATION_CA,-4444,,,,,,,,EJRF
NPL,2024,POLICY_VACCINATION_COM,POLICY_RECOMMENDATION_CA_CHRONIC,,,,,,,,,EJRF
NPL,2024,POLICY_VACCINATION_COM,OTHER_GROUPS,-4444,,,,,,,,EJRF
NPL,2024,POLICY_VACCINATION_COM,POLICY_RECOMMENDATION_ELDERLY,-4444,,,,,,,,EJRF
EST,2024,POLICY_INTERVAL,POLICY_RECOMMENDATION_ELDERLY_CHRONIC,6_MONTHS,,,,,,,,EJRF
EST,2024,POLICY_INTERVAL,POLICY_RECOMMENDATION_ADULTS,,,,,,,,,EJRF
EST,2024,POLICY_INTERVAL,POLICY_RECOMMENDATION_ADULTS_CHRONIC,6_MONTHS,,,,,,,,EJRF
EST,2024,POLICY_INTERVAL,PW,6_MONTHS,,,,,,,,EJRF
EST,2024,POLICY_INTERVAL,POLICY_RECOMMENDATION_HCW,6_MONTHS,,,,,,,,EJRF
NPL,2024,POLICY_INTERVAL,POLICY_RECOMMENDATION_ELDERLY_CHRONIC,12_MONTHS,,,,,,,,EJRF
NPL,2024,POLICY_INTERVAL,POLICY_RECOMMENDATION_ADULTS,12_MONTHS,,,,,,,,EJRF
NPL,2024,POLICY_INTERVAL,POLICY_RECOMMENDATION_ADULTS_CHRONIC,12_MONTHS,,,,,,,,EJRF
NPL,2024,POLICY_INTERVAL,PW,OTHER,,,,,,,,EJRF
NPL,2024,POLICY_INTERVAL,POLICY_RECOMMENDATION_HCW,12_MONTHS,,,,,,,,EJRF
NPL,2024,POLICY_INTERVAL,POLICY_RECOMMENDATION_CA,-4444,,,,,,,,EJRF
NPL,2024,POLICY_INTERVAL,POLICY_RECOMMENDATION_CA_CHRONIC,12_MONTHS,,,,,,,,EJRF
NPL,2024,POLICY_INTERVAL,OTHER_GROUPS,-4444,,,,,,,,EJRF
NPL,2024,POLICY_INTERVAL,POLICY_RECOMMENDATION_ELDERLY,12_MONTHS,,,,,,,,EJRF
PAN,2024,POLICY_VACCINATION,POLICY_RECOMMENDATION_ELDERLY,YES,,,,,,,,EJRF
PAN,2024,POLICY_VACCINATION,POLICY_RECOMMENDATION_ELDERLY_CHRONIC,YES,,,,,,,,EJRF
PAN,2024,POLICY_VACCINATION,POLICY_RECOMMENDATION_ADULTS,YES,,,,,,,,EJRF
PAN,2024,POLICY_VACCINATION,POLICY_RECOMMENDATION_ADULTS_CHRONIC,YES,,,,,,,,EJRF
PAN,2024,POLICY_VACCINATION,PW,YES,,,,,,,,EJRF
PAN,2024,POLICY_VACCINATION,POLICY_RECOMMENDATION_HCW,YES,,,,,,,,EJRF
PAN,2024,POLICY_VACCINATION,POLICY_RECOMMENDATION_CA,YES,,,,,,,,EJRF
PAN,2024,POLICY_VACCINATION,POLICY_RECOMMENDATION_CA_CHRONIC,YES,,,,,,,,EJRF
PAN,2024,POLICY_VACCINATION,OTHER_GROUPS,YES,,,,,,,,EJRF
PAN,2024,POLICY_REVACCINATION,POLICY_RECOMMENDATION_ELDERLY,YES,,,,,,,,EJRF
PAN,2024,POLICY_REVACCINATION,POLICY_RECOMMENDATION_ELDERLY_CHRONIC,YES,,,,,,,,EJRF
PAN,2024,POLICY_REVACCINATION,POLICY_RECOMMENDATION_ADULTS,YES,,,,,,,,EJRF
PAN,2024,POLICY_REVACCINATION,POLICY_RECOMMENDATION_ADULTS_CHRONIC,YES,,,,,,,,EJRF
PAN,2024,POLICY_REVACCINATION,PW,YES,,,,,,,,EJRF
PAN,2024,POLICY_REVACCINATION,POLICY_RECOMMENDATION_HCW,YES,,,,,,,,EJRF
PAN,2024,POLICY_REVACCINATION,POLICY_RECOMMENDATION_CA,YES,,,,,,,,EJRF
PAN,2024,POLICY_REVACCINATION,POLICY_RECOMMENDATION_CA_CHRONIC,YES,,,,,,,,EJRF
PAN,2024,POLICY_REVACCINATION,OTHER_GROUPS,YES,,,,,,,,EJRF
PAN,2024,POLICY_INTERVAL,POLICY_RECOMMENDATION_ELDERLY,12_MONTHS,,,,,,,,EJRF
PAN,2024,POLICY_INTERVAL,POLICY_RECOMMENDATION_ELDERLY_CHRONIC,6_MONTHS,,,,,,,,EJRF
PAN,2024,POLICY_INTERVAL,POLICY_RECOMMENDATION_ADULTS,12_MONTHS,,,,,,,,EJRF
PAN,2024,POLICY_INTERVAL,POLICY_RECOMMENDATION_ADULTS_CHRONIC,6_MONTHS,,,,,,,,EJRF
PAN,2024,POLICY_INTERVAL,PW,12_MONTHS,,,,,,,,EJRF
PAN,2024,POLICY_INTERVAL,POLICY_RECOMMENDATION_HCW,12_MONTHS,,,,,,,,EJRF
PAN,2024,POLICY_INTERVAL,POLICY_RECOMMENDATION_CA,12_MONTHS,,,,,,,,EJRF
PAN,2024,POLICY_INTERVAL,POLICY_RECOMMENDATION_CA_CHRONIC,6_MONTHS,,,,,,,,EJRF
PAN,2024,POLICY_INTERVAL,OTHER_GROUPS,12_MONTHS,,,,,,,,EJRF
PAN,2024,POLICY_VACCINATION_COM,POLICY_RECOMMENDATION_ELDERLY,-4444,,,,,,,,EJRF
PAN,2024,POLICY_VACCINATION_COM,POLICY_RECOMMENDATION_ELDERLY_CHRONIC,-4444,,,,,,,,EJRF
PAN,2024,POLICY_VACCINATION_COM,POLICY_RECOMMENDATION_ADULTS,-4444,,,,,,,,EJRF
PAN,2024,POLICY_VACCINATION_COM,POLICY_RECOMMENDATION_ADULTS_CHRONIC,-4444,,,,,,,,EJRF
PAN,2024,POLICY_VACCINATION_COM,PW,-4444,,,,,,,,EJRF
PAN,2024,POLICY_VACCINATION_COM,POLICY_RECOMMENDATION_HCW,-4444,,,,,,,,EJRF
PAN,2024,POLICY_VACCINATION_COM,POLICY_RECOMMENDATION_CA,-4444,,,,,,,,EJRF
PAN,2024,POLICY_VACCINATION_COM,POLICY_RECOMMENDATION_CA_CHRONIC,-4444,,,,,,,,EJRF
PAN,2024,POLICY_VACCINATION_COM,OTHER_GROUPS,-4444,,,,,,,,EJRF
BIH,2024,POLICY_VACCINATION,POLICY_RECOMMENDATION_ADULTS_CHRONIC,,,,,,,,,EJRF
BIH,2024,POLICY_VACCINATION,POLICY_RECOMMENDATION_ELDERLY_CHRONIC,,,,,,,,,EJRF
BIH,2024,POLICY_VACCINATION,PW,,,,,,,,,EJRF
BIH,2024,POLICY_VACCINATION,POLICY_RECOMMENDATION_HCW,,,,,,,,,EJRF
BIH,2024,POLICY_VACCINATION,POLICY_RECOMMENDATION_CA,,,,,,,,,EJRF
BIH,2024,POLICY_VACCINATION,POLICY_RECOMMENDATION_CA_CHRONIC,,,,,,,,,EJRF
BIH,2024,POLICY_VACCINATION,OTHER_GROUPS,,,,,,,,,EJRF
BIH,2024,POLICY_VACCINATION,POLICY_RECOMMENDATION_ADULTS,,,,,,,,,EJRF
BIH,2024,POLICY_VACCINATION,POLICY_RECOMMENDATION_ELDERLY,,,,,,,,,EJRF
MEX,2024,POLICY_VACCINATION,POLICY_RECOMMENDATION_ADULTS_CHRONIC,YES,,,,,,,,EJRF
MEX,2024,POLICY_VACCINATION,PW,YES,,,,,,,,EJRF
MEX,2024,POLICY_VACCINATION,POLICY_RECOMMENDATION_ELDERLY,YES,,,,,,,,EJRF
MEX,2024,POLICY_VACCINATION,POLICY_RECOMMENDATION_ELDERLY_CHRONIC,-4444,,,,,,,,EJRF
MEX,2024,POLICY_VACCINATION,POLICY_RECOMMENDATION_ADULTS,NO,,,,,,,,EJRF
MEX,2024,POLICY_VACCINATION,POLICY_RECOMMENDATION_HCW,YES,,,,,,,,EJRF
MEX,2024,POLICY_VACCINATION,POLICY_RECOMMENDATION_CA,YES,,,,,,,,EJRF
MEX,2024,POLICY_VACCINATION,POLICY_RECOMMENDATION_CA_CHRONIC,YES,,,,,,,,EJRF
MEX,2024,POLICY_VACCINATION,OTHER_GROUPS,YES,,,,,,,,EJRF
NIU,2024,POLICY_VACCINATION,POLICY_RECOMMENDATION_ELDERLY,,,,,,,,,EJRF
NIU,2024,POLICY_VACCINATION,PW,,,,,,,,,EJRF
NIU,2024,POLICY_VACCINATION,POLICY_RECOMMENDATION_HCW,,,,,,,,,EJRF
BIH,2024,POLICY_REVACCINATION,POLICY_RECOMMENDATION_ADULTS,,,,,,,,,EJRF
BIH,2024,POLICY_REVACCINATION,POLICY_RECOMMENDATION_ELDERLY,,,,,,,,,EJRF
MEX,2024,POLICY_REVACCINATION,POLICY_RECOMMENDATION_ADULTS_CHRONIC,YES,,,,,,,,EJRF
MEX,2024,POLICY_REVACCINATION,PW,YES,,,,,,,,EJRF
MEX,2024,POLICY_REVACCINATION,POLICY_RECOMMENDATION_ELDERLY,YES,,,,,,,,EJRF
MEX,2024,POLICY_REVACCINATION,POLICY_RECOMMENDATION_ELDERLY_CHRONIC,-4444,,,,,,,,EJRF
MEX,2024,POLICY_REVACCINATION,POLICY_RECOMMENDATION_ADULTS,NO,,,,,,,,EJRF
MEX,2024,POLICY_REVACCINATION,POLICY_RECOMMENDATION_HCW,YES,,,,,,,,EJRF
MEX,2024,POLICY_REVACCINATION,POLICY_RECOMMENDATION_CA,YES,,,,,,,,EJRF
MEX,2024,POLICY_REVACCINATION,POLICY_RECOMMENDATION_CA_CHRONIC,YES,,,,,,,,EJRF
MEX,2024,POLICY_REVACCINATION,OTHER_GROUPS,NO,,,,,,,,EJRF
NIU,2024,POLICY_REVACCINATION,POLICY_RECOMMENDATION_ELDERLY,,,,,,,,,EJRF
NIU,2024,POLICY_REVACCINATION,PW,,,,,,,,,EJRF
NIU,2024,POLICY_REVACCINATION,POLICY_RECOMMENDATION_HCW,,,,,,,,,EJRF
NIU,2024,POLICY_REVACCINATION,POLICY_RECOMMENDATION_CA,,,,,,,,,EJRF
NIU,2024,POLICY_REVACCINATION,POLICY_RECOMMENDATION_CA_CHRONIC,,,,,,,,,EJRF
NIU,2024,POLICY_REVACCINATION,OTHER_GROUPS,,,,,,,,,EJRF
NIU,2024,POLICY_REVACCINATION,POLICY_RECOMMENDATION_ELDERLY_CHRONIC,,,,,,,,,EJRF
NIU,2024,POLICY_REVACCINATION,POLICY_RECOMMENDATION_ADULTS,,,,,,,,,EJRF
NIU,2024,POLICY_REVACCINATION,POLICY_RECOMMENDATION_ADULTS_CHRONIC,,,,,,,,,EJRF
BIH,2024,POLICY_INTERVAL,POLICY_RECOMMENDATION_ADULTS_CHRONIC,,,,,,,,,EJRF
BIH,2024,POLICY_INTERVAL,POLICY_RECOMMENDATION_ELDERLY_CHRONIC,,,,,,,,,EJRF
BIH,2024,POLICY_INTERVAL,PW,,,,,,,,,EJRF
BIH,2024,POLICY_INTERVAL,POLICY_RECOMMENDATION_HCW,,,,,,,,,EJRF
BIH,2024,POLICY_INTERVAL,POLICY_RECOMMENDATION_CA,,,,,,,,,EJRF
BIH,2024,POLICY_INTERVAL,POLICY_RECOMMENDATION_CA_CHRONIC,,,,,,,,,EJRF
BIH,2024,POLICY_INTERVAL,OTHER_GROUPS,,,,,,,,,EJRF
BIH,2024,POLICY_INTERVAL,POLICY_RECOMMENDATION_ADULTS,,,,,,,,,EJRF
BIH,2024,POLICY_INTERVAL,POLICY_RECOMMENDATION_ELDERLY,,,,,,,,,EJRF
MEX,2024,POLICY_INTERVAL,POLICY_RECOMMENDATION_ADULTS_CHRONIC,12_MONTHS,,,,,,,,EJRF
MEX,2024,POLICY_INTERVAL,PW,12_MONTHS,,,,,,,,EJRF
MEX,2024,POLICY_INTERVAL,POLICY_RECOMMENDATION_ELDERLY,12_MONTHS,,,,,,,,EJRF
MEX,2024,POLICY_INTERVAL,POLICY_RECOMMENDATION_ELDERLY_CHRONIC,-4444,,,,,,,,EJRF
MEX,2024,POLICY_INTERVAL,POLICY_RECOMMENDATION_ADULTS,-4444,,,,,,,,EJRF
MEX,2024,POLICY_INTERVAL,POLICY_RECOMMENDATION_HCW,12_MONTHS,,,,,,,,EJRF
MEX,2024,POLICY_INTERVAL,POLICY_RECOMMENDATION_CA,12_MONTHS,,,,,,,,EJRF
MEX,2024,POLICY_INTERVAL,POLICY_RECOMMENDATION_CA_CHRONIC,12_MONTHS,,,,,,,,EJRF
MEX,2024,POLICY_INTERVAL,OTHER_GROUPS,12_MONTHS,,,,,,,,EJRF
NIU,2024,POLICY_INTERVAL,POLICY_RECOMMENDATION_ELDERLY,,,,,,,,,EJRF
NIU,2024,POLICY_INTERVAL,PW,,,,,,,,,EJRF
NIU,2024,POLICY_INTERVAL,POLICY_RECOMMENDATION_HCW,,,,,,,,,EJRF
NIU,2024,POLICY_INTERVAL,POLICY_RECOMMENDATION_CA,,,,,,,,,EJRF
NIU,2024,POLICY_INTERVAL,POLICY_RECOMMENDATION_CA_CHRONIC,,,,,,,,,EJRF
NIU,2024,POLICY_INTERVAL,OTHER_GROUPS,,,,,,,,,EJRF
NIU,2024,POLICY_INTERVAL,POLICY_RECOMMENDATION_ELDERLY_CHRONIC,,,,,,,,,EJRF
NIU,2024,POLICY_INTERVAL,POLICY_RECOMMENDATION_ADULTS,,,,,,,,,EJRF
NIU,2024,POLICY_INTERVAL,POLICY_RECOMMENDATION_ADULTS_CHRONIC,,,,,,,,,EJRF
BIH,2024,POLICY_VACCINATION_COM,POLICY_RECOMMENDATION_ADULTS_CHRONIC,,,,,,,,,EJRF
BIH,2024,POLICY_VACCINATION_COM,POLICY_RECOMMENDATION_ELDERLY_CHRONIC,,,,,,,,,EJRF
BIH,2024,POLICY_VACCINATION_COM,PW,,,,,,,,,EJRF
BIH,2024,POLICY_VACCINATION_COM,POLICY_RECOMMENDATION_HCW,,,,,,,,,EJRF
BIH,2024,POLICY_VACCINATION_COM,POLICY_RECOMMENDATION_CA,,,,,,,,,EJRF
BIH,2024,POLICY_VACCINATION_COM,POLICY_RECOMMENDATION_CA_CHRONIC,,,,,,,,,EJRF
BIH,2024,POLICY_VACCINATION_COM,OTHER_GROUPS,,,,,,,,,EJRF
BIH,2024,POLICY_VACCINATION_COM,POLICY_RECOMMENDATION_ADULTS,,,,,,,,,EJRF
BIH,2024,POLICY_VACCINATION_COM,POLICY_RECOMMENDATION_ELDERLY,,,,,,,,,EJRF
MEX,2024,POLICY_VACCINATION_COM,POLICY_RECOMMENDATION_ADULTS_CHRONIC,,,,,,,,,EJRF
MEX,2024,POLICY_VACCINATION_COM,PW,-4444,,,,,,,,EJRF
MEX,2024,POLICY_VACCINATION_COM,POLICY_RECOMMENDATION_ELDERLY,-4444,,,,,,,,EJRF
MEX,2024,POLICY_VACCINATION_COM,POLICY_RECOMMENDATION_ELDERLY_CHRONIC,-4444,,,,,,,,EJRF
MEX,2024,POLICY_VACCINATION_COM,POLICY_RECOMMENDATION_ADULTS,-4444,,,,,,,,EJRF
MEX,2024,POLICY_VACCINATION_COM,POLICY_RECOMMENDATION_HCW,-4444,,,,,,,,EJRF
MEX,2024,POLICY_VACCINATION_COM,POLICY_RECOMMENDATION_CA,Nños de 5-11 años sanos,,,,,,,,EJRF
MEX,2024,POLICY_VACCINATION_COM,POLICY_RECOMMENDATION_CA_CHRONIC,,,,,,,,,EJRF
MEX,2024,POLICY_VACCINATION_COM,OTHER_GROUPS,-4444,,,,,,,,EJRF
NIU,2024,POLICY_VACCINATION_COM,POLICY_RECOMMENDATION_ELDERLY,,,,,,,,,EJRF
NIU,2024,POLICY_VACCINATION_COM,PW,,,,,,,,,EJRF
NIU,2024,POLICY_VACCINATION_COM,POLICY_RECOMMENDATION_HCW,,,,,,,,,EJRF
NIU,2024,POLICY_VACCINATION_COM,POLICY_RECOMMENDATION_CA,,,,,,,,,EJRF
NIU,2024,POLICY_VACCINATION_COM,POLICY_RECOMMENDATION_CA_CHRONIC,,,,,,,,,EJRF
NIU,2024,POLICY_VACCINATION_COM,OTHER_GROUPS,,,,,,,,,EJRF
NIU,2024,POLICY_VACCINATION_COM,POLICY_RECOMMENDATION_ELDERLY_CHRONIC,,,,,,,,,EJRF
NIU,2024,POLICY_VACCINATION_COM,POLICY_RECOMMENDATION_ADULTS,,,,,,,,,EJRF
NIU,2024,POLICY_VACCINATION_COM,POLICY_RECOMMENDATION_ADULTS_CHRONIC,,,,,,,,,EJRF
NIU,2024,POLICY_VACCINATION,POLICY_RECOMMENDATION_CA,,,,,,,,,EJRF
NIU,2024,POLICY_VACCINATION,POLICY_RECOMMENDATION_CA_CHRONIC,,,,,,,,,EJRF
NIU,2024,POLICY_VACCINATION,OTHER_GROUPS,,,,,,,,,EJRF
NIU,2024,POLICY_VACCINATION,POLICY_RECOMMENDATION_ELDERLY_CHRONIC,,,,,,,,,EJRF
NIU,2024,POLICY_VACCINATION,POLICY_RECOMMENDATION_ADULTS,,,,,,,,,EJRF
NIU,2024,POLICY_VACCINATION,POLICY_RECOMMENDATION_ADULTS_CHRONIC,,,,,,,,,EJRF
BIH,2024,POLICY_REVACCINATION,POLICY_RECOMMENDATION_ADULTS_CHRONIC,,,,,,,,,EJRF
BIH,2024,POLICY_REVACCINATION,POLICY_RECOMMENDATION_ELDERLY_CHRONIC,,,,,,,,,EJRF
BIH,2024,POLICY_REVACCINATION,PW,,,,,,,,,EJRF
BIH,2024,POLICY_REVACCINATION,POLICY_RECOMMENDATION_HCW,,,,,,,,,EJRF
BIH,2024,POLICY_REVACCINATION,POLICY_RECOMMENDATION_CA,,,,,,,,,EJRF
BIH,2024,POLICY_REVACCINATION,POLICY_RECOMMENDATION_CA_CHRONIC,,,,,,,,,EJRF
BIH,2024,POLICY_REVACCINATION,OTHER_GROUPS,,,,,,,,,EJRF
TKL,2024,POLICY_VACCINATION,POLICY_RECOMMENDATION_ELDERLY_CHRONIC,YES,,,,,,,,EJRF
TKL,2024,POLICY_VACCINATION,POLICY_RECOMMENDATION_ADULTS,YES,,,,,,,,EJRF
TKL,2024,POLICY_VACCINATION,POLICY_RECOMMENDATION_ADULTS_CHRONIC,,,,,,,,,EJRF
TKL,2024,POLICY_VACCINATION,PW,NO,,,,,,,,EJRF
TKL,2024,POLICY_VACCINATION,POLICY_RECOMMENDATION_HCW,YES,,,,,,,,EJRF
TKL,2024,POLICY_VACCINATION,POLICY_RECOMMENDATION_CA,,,,,,,,,EJRF
TKL,2024,POLICY_VACCINATION,POLICY_RECOMMENDATION_CA_CHRONIC,,,,,,,,,EJRF
TKL,2024,POLICY_VACCINATION,OTHER_GROUPS,,,,,,,,,EJRF
TKL,2024,POLICY_VACCINATION,POLICY_RECOMMENDATION_ELDERLY,-2222,,,,,,,,EJRF
TKL,2024,POLICY_REVACCINATION,POLICY_RECOMMENDATION_ELDERLY_CHRONIC,YES,,,,,,,,EJRF
TKL,2024,POLICY_REVACCINATION,POLICY_RECOMMENDATION_ADULTS,YES,,,,,,,,EJRF
TKL,2024,POLICY_REVACCINATION,POLICY_RECOMMENDATION_ADULTS_CHRONIC,,,,,,,,,EJRF
TKL,2024,POLICY_REVACCINATION,PW,,,,,,,,,EJRF
TKL,2024,POLICY_REVACCINATION,POLICY_RECOMMENDATION_HCW,NO,,,,,,,,EJRF
TKL,2024,POLICY_REVACCINATION,POLICY_RECOMMENDATION_CA,,,,,,,,,EJRF
TKL,2024,POLICY_REVACCINATION,POLICY_RECOMMENDATION_CA_CHRONIC,,,,,,,,,EJRF
TKL,2024,POLICY_REVACCINATION,OTHER_GROUPS,,,,,,,,,EJRF
TKL,2024,POLICY_REVACCINATION,POLICY_RECOMMENDATION_ELDERLY,-4444,,,,,,,,EJRF
TKL,2024,POLICY_INTERVAL,POLICY_RECOMMENDATION_ELDERLY_CHRONIC,6_MONTHS,,,,,,,,EJRF
TKL,2024,POLICY_INTERVAL,POLICY_RECOMMENDATION_ADULTS,12_MONTHS,,,,,,,,EJRF
TKL,2024,POLICY_INTERVAL,POLICY_RECOMMENDATION_ADULTS_CHRONIC,,,,,,,,,EJRF
TKL,2024,POLICY_INTERVAL,PW,,,,,,,,,EJRF
TKL,2024,POLICY_INTERVAL,POLICY_RECOMMENDATION_HCW,12_MONTHS,,,,,,,,EJRF
TKL,2024,POLICY_INTERVAL,POLICY_RECOMMENDATION_CA,,,,,,,,,EJRF
TKL,2024,POLICY_INTERVAL,POLICY_RECOMMENDATION_CA_CHRONIC,,,,,,,,,EJRF
TKL,2024,POLICY_INTERVAL,OTHER_GROUPS,,,,,,,,,EJRF
TKL,2024,POLICY_INTERVAL,POLICY_RECOMMENDATION_ELDERLY,-2222,,,,,,,,EJRF
TKL,2024,POLICY_VACCINATION_COM,POLICY_RECOMMENDATION_ELDERLY_CHRONIC,,,,,,,,,EJRF
TKL,2024,POLICY_VACCINATION_COM,POLICY_RECOMMENDATION_ADULTS,,,,,,,,,EJRF
TKL,2024,POLICY_VACCINATION_COM,POLICY_RECOMMENDATION_ADULTS_CHRONIC,,,,,,,,,EJRF
TKL,2024,POLICY_VACCINATION_COM,PW,,,,,,,,,EJRF
TKL,2024,POLICY_VACCINATION_COM,POLICY_RECOMMENDATION_HCW,,,,,,,,,EJRF
TKL,2024,POLICY_VACCINATION_COM,POLICY_RECOMMENDATION_CA,,,,,,,,,EJRF
TKL,2024,POLICY_VACCINATION_COM,POLICY_RECOMMENDATION_CA_CHRONIC,,,,,,,,,EJRF
TKL,2024,POLICY_VACCINATION_COM,OTHER_GROUPS,,,,,,,,,EJRF
TKL,2024,POLICY_VACCINATION_COM,POLICY_RECOMMENDATION_ELDERLY,,,,,,,,,EJRF
ATG,2024,POLICY_VACCINATION,POLICY_RECOMMENDATION_ELDERLY,,,,,,,,,EJRF
ATG,2024,POLICY_VACCINATION,POLICY_RECOMMENDATION_ELDERLY_CHRONIC,,,,,,,,,EJRF
ATG,2024,POLICY_VACCINATION,POLICY_RECOMMENDATION_ADULTS,,,,,,,,,EJRF
ATG,2024,POLICY_VACCINATION,POLICY_RECOMMENDATION_ADULTS_CHRONIC,,,,,,,,,EJRF
ATG,2024,POLICY_VACCINATION,PW,,,,,,,,,EJRF
ATG,2024,POLICY_VACCINATION,POLICY_RECOMMENDATION_HCW,,,,,,,,,EJRF
ATG,2024,POLICY_VACCINATION,POLICY_RECOMMENDATION_CA,,,,,,,,,EJRF
ATG,2024,POLICY_VACCINATION,POLICY_RECOMMENDATION_CA_CHRONIC,,,,,,,,,EJRF
ATG,2024,POLICY_VACCINATION,OTHER_GROUPS,,,,,,,,,EJRF
ARG,2024,POLICY_VACCINATION,OTHER_GROUPS,,,,,,,,,EJRF
ARG,2024,POLICY_VACCINATION,POLICY_RECOMMENDATION_ELDERLY,,,,,,,,,EJRF
ARG,2024,POLICY_VACCINATION,POLICY_RECOMMENDATION_ELDERLY_CHRONIC,,,,,,,,,EJRF
ARG,2024,POLICY_VACCINATION,POLICY_RECOMMENDATION_ADULTS,,,,,,,,,EJRF
ARG,2024,POLICY_VACCINATION,POLICY_RECOMMENDATION_ADULTS_CHRONIC,,,,,,,,,EJRF
ARG,2024,POLICY_VACCINATION,PW,,,,,,,,,EJRF
ARG,2024,POLICY_VACCINATION,POLICY_RECOMMENDATION_HCW,,,,,,,,,EJRF
ARG,2024,POLICY_VACCINATION,POLICY_RECOMMENDATION_CA,,,,,,,,,EJRF
ARG,2024,POLICY_VACCINATION,POLICY_RECOMMENDATION_CA_CHRONIC,,,,,,,,,EJRF
ATG,2024,POLICY_REVACCINATION,POLICY_RECOMMENDATION_ELDERLY,,,,,,,,,EJRF
ATG,2024,POLICY_REVACCINATION,POLICY_RECOMMENDATION_ELDERLY_CHRONIC,,,,,,,,,EJRF
ATG,2024,POLICY_REVACCINATION,POLICY_RECOMMENDATION_ADULTS,,,,,,,,,EJRF
ATG,2024,POLICY_REVACCINATION,POLICY_RECOMMENDATION_ADULTS_CHRONIC,,,,,,,,,EJRF
ATG,2024,POLICY_REVACCINATION,PW,,,,,,,,,EJRF
ATG,2024,POLICY_REVACCINATION,POLICY_RECOMMENDATION_HCW,,,,,,,,,EJRF
ATG,2024,POLICY_REVACCINATION,POLICY_RECOMMENDATION_CA,,,,,,,,,EJRF
ATG,2024,POLICY_REVACCINATION,POLICY_RECOMMENDATION_CA_CHRONIC,,,,,,,,,EJRF
ATG,2024,POLICY_REVACCINATION,OTHER_GROUPS,,,,,,,,,EJRF
ARG,2024,POLICY_REVACCINATION,OTHER_GROUPS,,,,,,,,,EJRF
ARG,2024,POLICY_REVACCINATION,POLICY_RECOMMENDATION_ELDERLY,,,,,,,,,EJRF
ARG,2024,POLICY_REVACCINATION,POLICY_RECOMMENDATION_ELDERLY_CHRONIC,,,,,,,,,EJRF
ARG,2024,POLICY_REVACCINATION,POLICY_RECOMMENDATION_ADULTS,,,,,,,,,EJRF
ARG,2024,POLICY_REVACCINATION,POLICY_RECOMMENDATION_ADULTS_CHRONIC,,,,,,,,,EJRF
ARG,2024,POLICY_REVACCINATION,PW,,,,,,,,,EJRF
ARG,2024,POLICY_REVACCINATION,POLICY_RECOMMENDATION_HCW,,,,,,,,,EJRF
ARG,2024,POLICY_REVACCINATION,POLICY_RECOMMENDATION_CA,,,,,,,,,EJRF
ARG,2024,POLICY_REVACCINATION,POLICY_RECOMMENDATION_CA_CHRONIC,,,,,,,,,EJRF
ATG,2024,POLICY_INTERVAL,POLICY_RECOMMENDATION_ELDERLY,,,,,,,,,EJRF
ATG,2024,POLICY_INTERVAL,POLICY_RECOMMENDATION_ELDERLY_CHRONIC,,,,,,,,,EJRF
ATG,2024,POLICY_INTERVAL,POLICY_RECOMMENDATION_ADULTS,,,,,,,,,EJRF
ATG,2024,POLICY_INTERVAL,POLICY_RECOMMENDATION_ADULTS_CHRONIC,,,,,,,,,EJRF
ATG,2024,POLICY_INTERVAL,PW,,,,,,,,,EJRF
ATG,2024,POLICY_INTERVAL,POLICY_RECOMMENDATION_HCW,,,,,,,,,EJRF
ATG,2024,POLICY_INTERVAL,POLICY_RECOMMENDATION_CA,,,,,,,,,EJRF
ATG,2024,POLICY_INTERVAL,POLICY_RECOMMENDATION_CA_CHRONIC,,,,,,,,,EJRF
ATG,2024,POLICY_INTERVAL,OTHER_GROUPS,,,,,,,,,EJRF
ARG,2024,POLICY_INTERVAL,OTHER_GROUPS,,,,,,,,,EJRF
ARG,2024,POLICY_INTERVAL,POLICY_RECOMMENDATION_ELDERLY,,,,,,,,,EJRF
ARG,2024,POLICY_INTERVAL,POLICY_RECOMMENDATION_ELDERLY_CHRONIC,,,,,,,,,EJRF
ARG,2024,POLICY_INTERVAL,POLICY_RECOMMENDATION_ADULTS,,,,,,,,,EJRF
ARG,2024,POLICY_INTERVAL,POLICY_RECOMMENDATION_ADULTS_CHRONIC,,,,,,,,,EJRF
ARG,2024,POLICY_INTERVAL,PW,,,,,,,,,EJRF
ARG,2024,POLICY_INTERVAL,POLICY_RECOMMENDATION_HCW,,,,,,,,,EJRF
ARG,2024,POLICY_INTERVAL,POLICY_RECOMMENDATION_CA,,,,,,,,,EJRF
ARG,2024,POLICY_INTERVAL,POLICY_RECOMMENDATION_CA_CHRONIC,,,,,,,,,EJRF
ATG,2024,POLICY_VACCINATION_COM,POLICY_RECOMMENDATION_ELDERLY,,,,,,,,,EJRF
ATG,2024,POLICY_VACCINATION_COM,POLICY_RECOMMENDATION_ELDERLY_CHRONIC,,,,,,,,,EJRF
ATG,2024,POLICY_VACCINATION_COM,POLICY_RECOMMENDATION_ADULTS,,,,,,,,,EJRF
ATG,2024,POLICY_VACCINATION_COM,POLICY_RECOMMENDATION_ADULTS_CHRONIC,,,,,,,,,EJRF
ATG,2024,POLICY_VACCINATION_COM,PW,,,,,,,,,EJRF
ATG,2024,POLICY_VACCINATION_COM,POLICY_RECOMMENDATION_HCW,,,,,,,,,EJRF
ATG,2024,POLICY_VACCINATION_COM,POLICY_RECOMMENDATION_CA,,,,,,,,,EJRF
ATG,2024,POLICY_VACCINATION_COM,POLICY_RECOMMENDATION_CA_CHRONIC,,,,,,,,,EJRF
ATG,2024,POLICY_VACCINATION_COM,OTHER_GROUPS,,,,,,,,,EJRF
ARG,2024,POLICY_VACCINATION_COM,OTHER_GROUPS,,,,,,,,,EJRF
ARG,2024,POLICY_VACCINATION_COM,POLICY_RECOMMENDATION_ELDERLY,,,,,,,,,EJRF
ARG,2024,POLICY_VACCINATION_COM,POLICY_RECOMMENDATION_ELDERLY_CHRONIC,,,,,,,,,EJRF
ARG,2024,POLICY_VACCINATION_COM,POLICY_RECOMMENDATION_ADULTS,,,,,,,,,EJRF
ARG,2024,POLICY_VACCINATION_COM,POLICY_RECOMMENDATION_ADULTS_CHRONIC,,,,,,,,,EJRF
ARG,2024,POLICY_VACCINATION_COM,PW,,,,,,,,,EJRF
ARG,2024,POLICY_VACCINATION_COM,POLICY_RECOMMENDATION_HCW,,,,,,,,,EJRF
ARG,2024,POLICY_VACCINATION_COM,POLICY_RECOMMENDATION_CA,,,,,,,,,EJRF
ARG,2024,POLICY_VACCINATION_COM,POLICY_RECOMMENDATION_CA_CHRONIC,,,,,,,,,EJRF
NAM,2024,POLICY_VACCINATION,POLICY_RECOMMENDATION_ELDERLY,-4444,,,,,,,,EJRF
NAM,2024,POLICY_VACCINATION,PW,-4444,,,,,,,,EJRF
NAM,2024,POLICY_VACCINATION,POLICY_RECOMMENDATION_HCW,-4444,,,,,,,,EJRF
NAM,2024,POLICY_VACCINATION,POLICY_RECOMMENDATION_CA,-4444,,,,,,,,EJRF
NAM,2024,POLICY_VACCINATION,POLICY_RECOMMENDATION_CA_CHRONIC,-4444,,,,,,,,EJRF
NAM,2024,POLICY_VACCINATION,OTHER_GROUPS,-4444,,,,,,,,EJRF
NAM,2024,POLICY_VACCINATION,POLICY_RECOMMENDATION_ELDERLY_CHRONIC,-4444,,,,,,,,EJRF
NAM,2024,POLICY_VACCINATION,POLICY_RECOMMENDATION_ADULTS,-4444,,,,,,,,EJRF
NAM,2024,POLICY_VACCINATION,POLICY_RECOMMENDATION_ADULTS_CHRONIC,-4444,,,,,,,,EJRF
NAM,2024,POLICY_REVACCINATION,POLICY_RECOMMENDATION_ELDERLY,-4444,,,,,,,,EJRF
NAM,2024,POLICY_REVACCINATION,PW,-4444,,,,,,,,EJRF
NAM,2024,POLICY_REVACCINATION,POLICY_RECOMMENDATION_HCW,-4444,,,,,,,,EJRF
NAM,2024,POLICY_REVACCINATION,POLICY_RECOMMENDATION_CA,-4444,,,,,,,,EJRF
NAM,2024,POLICY_REVACCINATION,POLICY_RECOMMENDATION_CA_CHRONIC,-4444,,,,,,,,EJRF
NAM,2024,POLICY_REVACCINATION,OTHER_GROUPS,-4444,,,,,,,,EJRF
NAM,2024,POLICY_REVACCINATION,POLICY_RECOMMENDATION_ELDERLY_CHRONIC,-4444,,,,,,,,EJRF
NAM,2024,POLICY_REVACCINATION,POLICY_RECOMMENDATION_ADULTS,-4444,,,,,,,,EJRF
NAM,2024,POLICY_REVACCINATION,POLICY_RECOMMENDATION_ADULTS_CHRONIC,-4444,,,,,,,,EJRF
NAM,2024,POLICY_INTERVAL,POLICY_RECOMMENDATION_ELDERLY,-4444,,,,,,,,EJRF
NAM,2024,POLICY_INTERVAL,PW,-4444,,,,,,,,EJRF
NAM,2024,POLICY_INTERVAL,POLICY_RECOMMENDATION_HCW,-4444,,,,,,,,EJRF
NAM,2024,POLICY_INTERVAL,POLICY_RECOMMENDATION_CA,-4444,,,,,,,,EJRF
NAM,2024,POLICY_INTERVAL,POLICY_RECOMMENDATION_CA_CHRONIC,-4444,,,,,,,,EJRF
NAM,2024,POLICY_INTERVAL,OTHER_GROUPS,-4444,,,,,,,,EJRF
NAM,2024,POLICY_INTERVAL,POLICY_RECOMMENDATION_ELDERLY_CHRONIC,-4444,,,,,,,,EJRF
NAM,2024,POLICY_INTERVAL,POLICY_RECOMMENDATION_ADULTS,-4444,,,,,,,,EJRF
NAM,2024,POLICY_INTERVAL,POLICY_RECOMMENDATION_ADULTS_CHRONIC,-4444,,,,,,,,EJRF
NAM,2024,POLICY_VACCINATION_COM,POLICY_RECOMMENDATION_ELDERLY,-4444,,,,,,,,EJRF
NAM,2024,POLICY_VACCINATION_COM,PW,-4444,,,,,,,,EJRF
NAM,2024,POLICY_VACCINATION_COM,POLICY_RECOMMENDATION_HCW,-4444,,,,,,,,EJRF
NAM,2024,POLICY_VACCINATION_COM,POLICY_RECOMMENDATION_CA,-4444,,,,,,,,EJRF
NAM,2024,POLICY_VACCINATION_COM,POLICY_RECOMMENDATION_CA_CHRONIC,-4444,,,,,,,,EJRF
NAM,2024,POLICY_VACCINATION_COM,OTHER_GROUPS,-4444,,,,,,,,EJRF
NAM,2024,POLICY_VACCINATION_COM,POLICY_RECOMMENDATION_ELDERLY_CHRONIC,-4444,,,,,,,,EJRF
NAM,2024,POLICY_VACCINATION_COM,POLICY_RECOMMENDATION_ADULTS,-4444,,,,,,,,EJRF
NAM,2024,POLICY_VACCINATION_COM,POLICY_RECOMMENDATION_ADULTS_CHRONIC,-4444,,,,,,,,EJRF
COK,2024,POLICY_VACCINATION,PW,-4444,,,,,,,,EJRF
COK,2024,POLICY_VACCINATION,POLICY_RECOMMENDATION_HCW,-4444,,,,,,,,EJRF
COK,2024,POLICY_VACCINATION,POLICY_RECOMMENDATION_CA,-4444,,,,,,,,EJRF
COK,2024,POLICY_VACCINATION,POLICY_RECOMMENDATION_CA_CHRONIC,-4444,,,,,,,,EJRF
COK,2024,POLICY_VACCINATION,POLICY_RECOMMENDATION_ELDERLY,-4444,,,,,,,,EJRF
COK,2024,POLICY_VACCINATION,POLICY_RECOMMENDATION_ELDERLY_CHRONIC,-4444,,,,,,,,EJRF
COK,2024,POLICY_VACCINATION,POLICY_RECOMMENDATION_ADULTS,-4444,,,,,,,,EJRF
COK,2024,POLICY_VACCINATION,POLICY_RECOMMENDATION_ADULTS_CHRONIC,-4444,,,,,,,,EJRF
COK,2024,POLICY_VACCINATION,OTHER_GROUPS,,,,,,,,,EJRF
COK,2024,POLICY_REVACCINATION,PW,-4444,,,,,,,,EJRF
COK,2024,POLICY_REVACCINATION,POLICY_RECOMMENDATION_HCW,-4444,,,,,,,,EJRF
COK,2024,POLICY_REVACCINATION,POLICY_RECOMMENDATION_CA,-4444,,,,,,,,EJRF
COK,2024,POLICY_REVACCINATION,POLICY_RECOMMENDATION_CA_CHRONIC,-4444,,,,,,,,EJRF
COK,2024,POLICY_REVACCINATION,POLICY_RECOMMENDATION_ELDERLY,-4444,,,,,,,,EJRF
COK,2024,POLICY_REVACCINATION,POLICY_RECOMMENDATION_ELDERLY_CHRONIC,-4444,,,,,,,,EJRF
COK,2024,POLICY_REVACCINATION,POLICY_RECOMMENDATION_ADULTS,-4444,,,,,,,,EJRF
COK,2024,POLICY_REVACCINATION,POLICY_RECOMMENDATION_ADULTS_CHRONIC,-4444,,,,,,,,EJRF
COK,2024,POLICY_REVACCINATION,OTHER_GROUPS,,,,,,,,,EJRF
COK,2024,POLICY_INTERVAL,PW,-4444,,,,,,,,EJRF
COK,2024,POLICY_INTERVAL,POLICY_RECOMMENDATION_HCW,-4444,,,,,,,,EJRF
COK,2024,POLICY_INTERVAL,POLICY_RECOMMENDATION_CA,-4444,,,,,,,,EJRF
COK,2024,POLICY_INTERVAL,POLICY_RECOMMENDATION_CA_CHRONIC,-4444,,,,,,,,EJRF
COK,2024,POLICY_INTERVAL,POLICY_RECOMMENDATION_ELDERLY,-4444,,,,,,,,EJRF
COK,2024,POLICY_INTERVAL,POLICY_RECOMMENDATION_ELDERLY_CHRONIC,-4444,,,,,,,,EJRF
COK,2024,POLICY_INTERVAL,POLICY_RECOMMENDATION_ADULTS,-4444,,,,,,,,EJRF
COK,2024,POLICY_INTERVAL,POLICY_RECOMMENDATION_ADULTS_CHRONIC,-4444,,,,,,,,EJRF
COK,2024,POLICY_INTERVAL,OTHER_GROUPS,,,,,,,,,EJRF
COK,2024,POLICY_VACCINATION_COM,PW,-4444,,,,,,,,EJRF
COK,2024,POLICY_VACCINATION_COM,POLICY_RECOMMENDATION_HCW,-4444,,,,,,,,EJRF
COK,2024,POLICY_VACCINATION_COM,POLICY_RECOMMENDATION_CA,-4444,,,,,,,,EJRF
COK,2024,POLICY_VACCINATION_COM,POLICY_RECOMMENDATION_CA_CHRONIC,-4444,,,,,,,,EJRF
COK,2024,POLICY_VACCINATION_COM,POLICY_RECOMMENDATION_ELDERLY,-4444,,,,,,,,EJRF
COK,2024,POLICY_VACCINATION_COM,POLICY_RECOMMENDATION_ELDERLY_CHRONIC,-4444,,,,,,,,EJRF
COK,2024,POLICY_VACCINATION_COM,POLICY_RECOMMENDATION_ADULTS,-4444,,,,,,,,EJRF
COK,2024,POLICY_VACCINATION_COM,POLICY_RECOMMENDATION_ADULTS_CHRONIC,-4444,,,,,,,,EJRF
COK,2024,POLICY_VACCINATION_COM,OTHER_GROUPS,,,,,,,,,EJRF
BMU,2024,POLICY_VACCINATION,POLICY_RECOMMENDATION_ELDERLY,YES,,,,,,,,EJRF
BMU,2024,POLICY_VACCINATION,POLICY_RECOMMENDATION_ELDERLY_CHRONIC,YES,,,,,,,,EJRF
BMU,2024,POLICY_VACCINATION,POLICY_RECOMMENDATION_ADULTS,YES,,,,,,,,EJRF
BMU,2024,POLICY_VACCINATION,POLICY_RECOMMENDATION_ADULTS_CHRONIC,YES,,,,,,,,EJRF
BMU,2024,POLICY_VACCINATION,PW,NO,,,,,,,,EJRF
BMU,2024,POLICY_VACCINATION,POLICY_RECOMMENDATION_HCW,YES,,,,,,,,EJRF
BMU,2024,POLICY_VACCINATION,POLICY_RECOMMENDATION_CA,NO,,,,,,,,EJRF
BMU,2024,POLICY_VACCINATION,POLICY_RECOMMENDATION_CA_CHRONIC,YES,,,,,,,,EJRF
BMU,2024,POLICY_VACCINATION,OTHER_GROUPS,-2222,,,,,,,,EJRF
NRU,2024,POLICY_VACCINATION,POLICY_RECOMMENDATION_CA,,,,,,,,,EJRF
NRU,2024,POLICY_VACCINATION,POLICY_RECOMMENDATION_CA_CHRONIC,,,,,,,,,EJRF
NRU,2024,POLICY_VACCINATION,OTHER_GROUPS,,,,,,,,,EJRF
NRU,2024,POLICY_VACCINATION,POLICY_RECOMMENDATION_ELDERLY,,,,,,,,,EJRF
NRU,2024,POLICY_VACCINATION,POLICY_RECOMMENDATION_ELDERLY_CHRONIC,,,,,,,,,EJRF
NRU,2024,POLICY_VACCINATION,POLICY_RECOMMENDATION_ADULTS,,,,,,,,,EJRF
NRU,2024,POLICY_VACCINATION,POLICY_RECOMMENDATION_ADULTS_CHRONIC,,,,,,,,,EJRF
NRU,2024,POLICY_VACCINATION,PW,,,,,,,,,EJRF
NRU,2024,POLICY_VACCINATION,POLICY_RECOMMENDATION_HCW,,,,,,,,,EJRF
BMU,2024,POLICY_REVACCINATION,POLICY_RECOMMENDATION_ELDERLY,NO,,,,,,,,EJRF
BMU,2024,POLICY_REVACCINATION,POLICY_RECOMMENDATION_ELDERLY_CHRONIC,NO,,,,,,,,EJRF
BMU,2024,POLICY_REVACCINATION,POLICY_RECOMMENDATION_ADULTS,NO,,,,,,,,EJRF
BMU,2024,POLICY_REVACCINATION,POLICY_RECOMMENDATION_ADULTS_CHRONIC,NO,,,,,,,,EJRF
BMU,2024,POLICY_REVACCINATION,PW,NO,,,,,,,,EJRF
BMU,2024,POLICY_REVACCINATION,POLICY_RECOMMENDATION_HCW,NO,,,,,,,,EJRF
BMU,2024,POLICY_REVACCINATION,POLICY_RECOMMENDATION_CA,NO,,,,,,,,EJRF
BMU,2024,POLICY_REVACCINATION,POLICY_RECOMMENDATION_CA_CHRONIC,NO,,,,,,,,EJRF
BMU,2024,POLICY_REVACCINATION,OTHER_GROUPS,-2222,,,,,,,,EJRF
NRU,2024,POLICY_REVACCINATION,POLICY_RECOMMENDATION_CA,,,,,,,,,EJRF
NRU,2024,POLICY_REVACCINATION,POLICY_RECOMMENDATION_CA_CHRONIC,,,,,,,,,EJRF
NRU,2024,POLICY_REVACCINATION,OTHER_GROUPS,,,,,,,,,EJRF
NRU,2024,POLICY_REVACCINATION,POLICY_RECOMMENDATION_ELDERLY,,,,,,,,,EJRF
NRU,2024,POLICY_REVACCINATION,POLICY_RECOMMENDATION_ELDERLY_CHRONIC,,,,,,,,,EJRF
NRU,2024,POLICY_REVACCINATION,POLICY_RECOMMENDATION_ADULTS,,,,,,,,,EJRF
NRU,2024,POLICY_REVACCINATION,POLICY_RECOMMENDATION_ADULTS_CHRONIC,,,,,,,,,EJRF
NRU,2024,POLICY_REVACCINATION,PW,,,,,,,,,EJRF
NRU,2024,POLICY_REVACCINATION,POLICY_RECOMMENDATION_HCW,,,,,,,,,EJRF
BMU,2024,POLICY_INTERVAL,POLICY_RECOMMENDATION_ELDERLY,-2222,,,,,,,,EJRF
BMU,2024,POLICY_INTERVAL,POLICY_RECOMMENDATION_ELDERLY_CHRONIC,-2222,,,,,,,,EJRF
BMU,2024,POLICY_INTERVAL,POLICY_RECOMMENDATION_ADULTS,-2222,,,,,,,,EJRF
BMU,2024,POLICY_INTERVAL,POLICY_RECOMMENDATION_ADULTS_CHRONIC,-2222,,,,,,,,EJRF
BMU,2024,POLICY_INTERVAL,PW,-2222,,,,,,,,EJRF
BMU,2024,POLICY_INTERVAL,POLICY_RECOMMENDATION_HCW,-2222,,,,,,,,EJRF
BMU,2024,POLICY_INTERVAL,POLICY_RECOMMENDATION_CA,-2222,,,,,,,,EJRF
BMU,2024,POLICY_INTERVAL,POLICY_RECOMMENDATION_CA_CHRONIC,-2222,,,,,,,,EJRF
BMU,2024,POLICY_INTERVAL,OTHER_GROUPS,-2222,,,,,,,,EJRF
NRU,2024,POLICY_INTERVAL,POLICY_RECOMMENDATION_CA,,,,,,,,,EJRF
NRU,2024,POLICY_INTERVAL,POLICY_RECOMMENDATION_CA_CHRONIC,,,,,,,,,EJRF
NRU,2024,POLICY_INTERVAL,OTHER_GROUPS,,,,,,,,,EJRF
NRU,2024,POLICY_INTERVAL,POLICY_RECOMMENDATION_ELDERLY,,,,,,,,,EJRF
NRU,2024,POLICY_INTERVAL,POLICY_RECOMMENDATION_ELDERLY_CHRONIC,,,,,,,,,EJRF
NRU,2024,POLICY_INTERVAL,POLICY_RECOMMENDATION_ADULTS,,,,,,,,,EJRF
NRU,2024,POLICY_INTERVAL,POLICY_RECOMMENDATION_ADULTS_CHRONIC,,,,,,,,,EJRF
NRU,2024,POLICY_INTERVAL,PW,,,,,,,,,EJRF
NRU,2024,POLICY_INTERVAL,POLICY_RECOMMENDATION_HCW,,,,,,,,,EJRF
BMU,2024,POLICY_VACCINATION_COM,POLICY_RECOMMENDATION_ELDERLY,-2222,,,,,,,,EJRF
BMU,2024,POLICY_VACCINATION_COM,POLICY_RECOMMENDATION_ELDERLY_CHRONIC,-2222,,,,,,,,EJRF
BMU,2024,POLICY_VACCINATION_COM,POLICY_RECOMMENDATION_ADULTS,-2222,,,,,,,,EJRF
BMU,2024,POLICY_VACCINATION_COM,POLICY_RECOMMENDATION_ADULTS_CHRONIC,-2222,,,,,,,,EJRF
BMU,2024,POLICY_VACCINATION_COM,PW,-2222,,,,,,,,EJRF
BMU,2024,POLICY_VACCINATION_COM,POLICY_RECOMMENDATION_HCW,-2222,,,,,,,,EJRF
BMU,2024,POLICY_VACCINATION_COM,POLICY_RECOMMENDATION_CA,-2222,,,,,,,,EJRF
BMU,2024,POLICY_VACCINATION_COM,POLICY_RECOMMENDATION_CA_CHRONIC,-2222,,,,,,,,EJRF
BMU,2024,POLICY_VACCINATION_COM,OTHER_GROUPS,-2222,,,,,,,,EJRF
NRU,2024,POLICY_VACCINATION_COM,POLICY_RECOMMENDATION_CA,,,,,,,,,EJRF
NRU,2024,POLICY_VACCINATION_COM,POLICY_RECOMMENDATION_CA_CHRONIC,,,,,,,,,EJRF
NRU,2024,POLICY_VACCINATION_COM,OTHER_GROUPS,,,,,,,,,EJRF
NRU,2024,POLICY_VACCINATION_COM,POLICY_RECOMMENDATION_ELDERLY,,,,,,,,,EJRF
NRU,2024,POLICY_VACCINATION_COM,POLICY_RECOMMENDATION_ELDERLY_CHRONIC,,,,,,,,,EJRF
NRU,2024,POLICY_VACCINATION_COM,POLICY_RECOMMENDATION_ADULTS,,,,,,,,,EJRF
NRU,2024,POLICY_VACCINATION_COM,POLICY_RECOMMENDATION_ADULTS_CHRONIC,,,,,,,,,EJRF
NRU,2024,POLICY_VACCINATION_COM,PW,,,,,,,,,EJRF
NRU,2024,POLICY_VACCINATION_COM,POLICY_RECOMMENDATION_HCW,,,,,,,,,EJRF
SGP,2024,POLICY_VACCINATION,POLICY_RECOMMENDATION_ELDERLY,YES,,,,,,,,EJRF
SGP,2024,POLICY_VACCINATION,POLICY_RECOMMENDATION_ELDERLY_CHRONIC,YES,,,,,,,,EJRF
SGP,2024,POLICY_VACCINATION,POLICY_RECOMMENDATION_ADULTS,NO,,,,,,,,EJRF
SGP,2024,POLICY_VACCINATION,POLICY_RECOMMENDATION_ADULTS_CHRONIC,YES,,,,,,,,EJRF
SGP,2024,POLICY_VACCINATION,PW,YES,,,,,,,,EJRF
SGP,2024,POLICY_VACCINATION,POLICY_RECOMMENDATION_HCW,NO,,,,,,,,EJRF
SGP,2024,POLICY_VACCINATION,POLICY_RECOMMENDATION_CA,NO,,,,,,,,EJRF
SGP,2024,POLICY_VACCINATION,POLICY_RECOMMENDATION_CA_CHRONIC,YES,,,,,,,,EJRF
SGP,2024,POLICY_VACCINATION,OTHER_GROUPS,YES,,,,,,,,EJRF
SGP,2024,POLICY_REVACCINATION,POLICY_RECOMMENDATION_ELDERLY,YES,,,,,,,,EJRF
SGP,2024,POLICY_REVACCINATION,POLICY_RECOMMENDATION_ELDERLY_CHRONIC,YES,,,,,,,,EJRF
SGP,2024,POLICY_REVACCINATION,POLICY_RECOMMENDATION_ADULTS,NO,,,,,,,,EJRF
SGP,2024,POLICY_REVACCINATION,POLICY_RECOMMENDATION_ADULTS_CHRONIC,YES,,,,,,,,EJRF
SGP,2024,POLICY_REVACCINATION,PW,YES,,,,,,,,EJRF
SGP,2024,POLICY_REVACCINATION,POLICY_RECOMMENDATION_HCW,NO,,,,,,,,EJRF
SGP,2024,POLICY_REVACCINATION,POLICY_RECOMMENDATION_CA,NO,,,,,,,,EJRF
SGP,2024,POLICY_REVACCINATION,POLICY_RECOMMENDATION_CA_CHRONIC,YES,,,,,,,,EJRF
SGP,2024,POLICY_REVACCINATION,OTHER_GROUPS,YES,,,,,,,,EJRF
SGP,2024,POLICY_INTERVAL,POLICY_RECOMMENDATION_ELDERLY,12_MONTHS,,,,,,,,EJRF
SGP,2024,POLICY_INTERVAL,POLICY_RECOMMENDATION_ELDERLY_CHRONIC,12_MONTHS,,,,,,,,EJRF
SGP,2024,POLICY_INTERVAL,POLICY_RECOMMENDATION_ADULTS,12_MONTHS,,,,,,,,EJRF
SGP,2024,POLICY_INTERVAL,POLICY_RECOMMENDATION_ADULTS_CHRONIC,12_MONTHS,,,,,,,,EJRF
SGP,2024,POLICY_INTERVAL,PW,12_MONTHS,,,,,,,,EJRF
SGP,2024,POLICY_INTERVAL,POLICY_RECOMMENDATION_HCW,12_MONTHS,,,,,,,,EJRF
SGP,2024,POLICY_INTERVAL,POLICY_RECOMMENDATION_CA,12_MONTHS,,,,,,,,EJRF
SGP,2024,POLICY_INTERVAL,POLICY_RECOMMENDATION_CA_CHRONIC,12_MONTHS,,,,,,,,EJRF
SGP,2024,POLICY_INTERVAL,OTHER_GROUPS,12_MONTHS,,,,,,,,EJRF
SGP,2024,POLICY_VACCINATION_COM,POLICY_RECOMMENDATION_ELDERLY,60 years and above ,,,,,,,,EJRF
SGP,2024,POLICY_VACCINATION_COM,POLICY_RECOMMENDATION_ELDERLY_CHRONIC,Any individuals aged 6 months and above with the following conditions: diabetes/heart conditions/chronic lung conditions/chronic kidney conditions/chronic neurologic conditions/cancer on active treatment/blood conditions/immunodeficiences/obsesity/genetic or metabolic conditions/persons on non-cancer immunosuppressive treatment/pregnancy (any trimester),,,,,,,,EJRF
SGP,2024,POLICY_VACCINATION_COM,POLICY_RECOMMENDATION_ADULTS,-4444,,,,,,,,EJRF
SGP,2024,POLICY_VACCINATION_COM,POLICY_RECOMMENDATION_ADULTS_CHRONIC,Any individuals aged 6 months and above with the following conditions: diabetes/heart conditions/chronic lung conditions/chronic kidney conditions/chronic neurologic conditions/cancer on active treatment/blood conditions/immunodeficiences/obsesity/genetic or metabolic conditions/persons on non-cancer immunosuppressive treatment/pregnancy (any trimester),,,,,,,,EJRF
SGP,2024,POLICY_VACCINATION_COM,PW,Any trimester,,,,,,,,EJRF
SGP,2024,POLICY_VACCINATION_COM,POLICY_RECOMMENDATION_HCW,"While this group is not recommended for primary and revaccination, healthcare workers and persons living/working with medically vulnerable individuals are encouraged to consider receiving the vaccine.",,,,,,,,EJRF
SGP,2024,POLICY_VACCINATION_COM,POLICY_RECOMMENDATION_CA,-4444,,,,,,,,EJRF
SGP,2024,POLICY_VACCINATION_COM,POLICY_RECOMMENDATION_CA_CHRONIC,Any individuals aged 6 months and above with the following conditions: diabetes/heart conditions/chronic lung conditions/chronic kidney conditions/chronic neurologic conditions/cancer on active treatment/blood conditions/immunodeficiences/obsesity/genetic or metabolic conditions/persons on non-cancer immunosuppressive treatment/pregnancy (any trimester),,,,,,,,EJRF
SGP,2024,POLICY_VACCINATION_COM,OTHER_GROUPS,-4444,,,,,,,,EJRF
KGZ,2024,POLICY_VACCINATION,POLICY_RECOMMENDATION_ELDERLY_CHRONIC,,,,,,,,,EJRF
KGZ,2024,POLICY_VACCINATION,POLICY_RECOMMENDATION_ADULTS,,,,,,,,,EJRF
KGZ,2024,POLICY_VACCINATION,POLICY_RECOMMENDATION_ELDERLY,,,,,,,,,EJRF
KGZ,2024,POLICY_VACCINATION,POLICY_RECOMMENDATION_ADULTS_CHRONIC,,,,,,,,,EJRF
KGZ,2024,POLICY_VACCINATION,PW,,,,,,,,,EJRF
KGZ,2024,POLICY_VACCINATION,POLICY_RECOMMENDATION_HCW,,,,,,,,,EJRF
KGZ,2024,POLICY_VACCINATION,POLICY_RECOMMENDATION_CA,,,,,,,,,EJRF
KGZ,2024,POLICY_VACCINATION,POLICY_RECOMMENDATION_CA_CHRONIC,,,,,,,,,EJRF
KGZ,2024,POLICY_VACCINATION,OTHER_GROUPS,,,,,,,,,EJRF
UZB,2024,POLICY_VACCINATION,OTHER_GROUPS,NO,,,,,,,,EJRF
UZB,2024,POLICY_VACCINATION,POLICY_RECOMMENDATION_ELDERLY,YES,,,,,,,,EJRF
UZB,2024,POLICY_VACCINATION,POLICY_RECOMMENDATION_ELDERLY_CHRONIC,YES,,,,,,,,EJRF
UZB,2024,POLICY_VACCINATION,POLICY_RECOMMENDATION_ADULTS,YES,,,,,,,,EJRF
UZB,2024,POLICY_VACCINATION,POLICY_RECOMMENDATION_ADULTS_CHRONIC,YES,,,,,,,,EJRF
UZB,2024,POLICY_VACCINATION,PW,YES,,,,,,,,EJRF
UZB,2024,POLICY_VACCINATION,POLICY_RECOMMENDATION_HCW,YES,,,,,,,,EJRF
UZB,2024,POLICY_VACCINATION,POLICY_RECOMMENDATION_CA,NO,,,,,,,,EJRF
UZB,2024,POLICY_VACCINATION,POLICY_RECOMMENDATION_CA_CHRONIC,NO,,,,,,,,EJRF
KGZ,2024,POLICY_REVACCINATION,POLICY_RECOMMENDATION_ELDERLY_CHRONIC,,,,,,,,,EJRF
KGZ,2024,POLICY_REVACCINATION,POLICY_RECOMMENDATION_ADULTS,,,,,,,,,EJRF
KGZ,2024,POLICY_REVACCINATION,POLICY_RECOMMENDATION_ELDERLY,,,,,,,,,EJRF
KGZ,2024,POLICY_REVACCINATION,POLICY_RECOMMENDATION_ADULTS_CHRONIC,,,,,,,,,EJRF
KGZ,2024,POLICY_REVACCINATION,PW,,,,,,,,,EJRF
KGZ,2024,POLICY_REVACCINATION,POLICY_RECOMMENDATION_HCW,,,,,,,,,EJRF
KGZ,2024,POLICY_REVACCINATION,POLICY_RECOMMENDATION_CA,,,,,,,,,EJRF
KGZ,2024,POLICY_REVACCINATION,POLICY_RECOMMENDATION_CA_CHRONIC,,,,,,,,,EJRF
KGZ,2024,POLICY_REVACCINATION,OTHER_GROUPS,,,,,,,,,EJRF
UZB,2024,POLICY_REVACCINATION,OTHER_GROUPS,,,,,,,,,EJRF
UZB,2024,POLICY_REVACCINATION,POLICY_RECOMMENDATION_ELDERLY,YES,,,,,,,,EJRF
UZB,2024,POLICY_REVACCINATION,POLICY_RECOMMENDATION_ELDERLY_CHRONIC,YES,,,,,,,,EJRF
UZB,2024,POLICY_REVACCINATION,POLICY_RECOMMENDATION_ADULTS,YES,,,,,,,,EJRF
UZB,2024,POLICY_REVACCINATION,POLICY_RECOMMENDATION_ADULTS_CHRONIC,YES,,,,,,,,EJRF
UZB,2024,POLICY_REVACCINATION,PW,YES,,,,,,,,EJRF
UZB,2024,POLICY_REVACCINATION,POLICY_RECOMMENDATION_HCW,YES,,,,,,,,EJRF
UZB,2024,POLICY_REVACCINATION,POLICY_RECOMMENDATION_CA,,,,,,,,,EJRF
UZB,2024,POLICY_REVACCINATION,POLICY_RECOMMENDATION_CA_CHRONIC,,,,,,,,,EJRF
KGZ,2024,POLICY_INTERVAL,POLICY_RECOMMENDATION_ELDERLY_CHRONIC,,,,,,,,,EJRF
KGZ,2024,POLICY_INTERVAL,POLICY_RECOMMENDATION_ADULTS,,,,,,,,,EJRF
KGZ,2024,POLICY_INTERVAL,POLICY_RECOMMENDATION_ELDERLY,,,,,,,,,EJRF
KGZ,2024,POLICY_INTERVAL,POLICY_RECOMMENDATION_ADULTS_CHRONIC,,,,,,,,,EJRF
KGZ,2024,POLICY_INTERVAL,PW,,,,,,,,,EJRF
KGZ,2024,POLICY_INTERVAL,POLICY_RECOMMENDATION_HCW,,,,,,,,,EJRF
KGZ,2024,POLICY_INTERVAL,POLICY_RECOMMENDATION_CA,,,,,,,,,EJRF
KGZ,2024,POLICY_INTERVAL,POLICY_RECOMMENDATION_CA_CHRONIC,,,,,,,,,EJRF
KGZ,2024,POLICY_INTERVAL,OTHER_GROUPS,,,,,,,,,EJRF
UZB,2024,POLICY_INTERVAL,OTHER_GROUPS,,,,,,,,,EJRF
UZB,2024,POLICY_INTERVAL,POLICY_RECOMMENDATION_ELDERLY,6_MONTHS,,,,,,,,EJRF
UZB,2024,POLICY_INTERVAL,POLICY_RECOMMENDATION_ELDERLY_CHRONIC,6_MONTHS,,,,,,,,EJRF
UZB,2024,POLICY_INTERVAL,POLICY_RECOMMENDATION_ADULTS,6_MONTHS,,,,,,,,EJRF
UZB,2024,POLICY_INTERVAL,POLICY_RECOMMENDATION_ADULTS_CHRONIC,6_MONTHS,,,,,,,,EJRF
UZB,2024,POLICY_INTERVAL,PW,6_MONTHS,,,,,,,,EJRF
UZB,2024,POLICY_INTERVAL,POLICY_RECOMMENDATION_HCW,6_MONTHS,,,,,,,,EJRF
UZB,2024,POLICY_INTERVAL,POLICY_RECOMMENDATION_CA,,,,,,,,,EJRF
UZB,2024,POLICY_INTERVAL,POLICY_RECOMMENDATION_CA_CHRONIC,,,,,,,,,EJRF
KGZ,2024,POLICY_VACCINATION_COM,POLICY_RECOMMENDATION_ELDERLY_CHRONIC,,,,,,,,,EJRF
KGZ,2024,POLICY_VACCINATION_COM,POLICY_RECOMMENDATION_ADULTS,,,,,,,,,EJRF
KGZ,2024,POLICY_VACCINATION_COM,POLICY_RECOMMENDATION_ELDERLY,,,,,,,,,EJRF
KGZ,2024,POLICY_VACCINATION_COM,POLICY_RECOMMENDATION_ADULTS_CHRONIC,,,,,,,,,EJRF
KGZ,2024,POLICY_VACCINATION_COM,PW,,,,,,,,,EJRF
KGZ,2024,POLICY_VACCINATION_COM,POLICY_RECOMMENDATION_HCW,,,,,,,,,EJRF
KGZ,2024,POLICY_VACCINATION_COM,POLICY_RECOMMENDATION_CA,,,,,,,,,EJRF
KGZ,2024,POLICY_VACCINATION_COM,POLICY_RECOMMENDATION_CA_CHRONIC,,,,,,,,,EJRF
KGZ,2024,POLICY_VACCINATION_COM,OTHER_GROUPS,,,,,,,,,EJRF
UZB,2024,POLICY_VACCINATION_COM,OTHER_GROUPS,,,,,,,,,EJRF
UZB,2024,POLICY_VACCINATION_COM,POLICY_RECOMMENDATION_ELDERLY,В настоящее время рекомендуется вакцинация один раз в год,,,,,,,,EJRF
UZB,2024,POLICY_VACCINATION_COM,POLICY_RECOMMENDATION_ELDERLY_CHRONIC,Рекомендуется вакцинация один раз в год,,,,,,,,EJRF
UZB,2024,POLICY_VACCINATION_COM,POLICY_RECOMMENDATION_ADULTS,,,,,,,,,EJRF
UZB,2024,POLICY_VACCINATION_COM,POLICY_RECOMMENDATION_ADULTS_CHRONIC,,,,,,,,,EJRF
UZB,2024,POLICY_VACCINATION_COM,PW,,,,,,,,,EJRF
UZB,2024,POLICY_VACCINATION_COM,POLICY_RECOMMENDATION_HCW,,,,,,,,,EJRF
UZB,2024,POLICY_VACCINATION_COM,POLICY_RECOMMENDATION_CA,,,,,,,,,EJRF
UZB,2024,POLICY_VACCINATION_COM,POLICY_RECOMMENDATION_CA_CHRONIC,,,,,,,,,EJRF
GRD,2024,POLICY_VACCINATION,POLICY_RECOMMENDATION_ADULTS_CHRONIC,,,,,,,,,EJRF
GRD,2024,POLICY_VACCINATION,PW,YES,,,,,,,,EJRF
GRD,2024,POLICY_VACCINATION,POLICY_RECOMMENDATION_ADULTS,,,,,,,,,EJRF
GRD,2024,POLICY_VACCINATION,POLICY_RECOMMENDATION_CA,,,,,,,,,EJRF
GRD,2024,POLICY_VACCINATION,POLICY_RECOMMENDATION_ELDERLY,,,,,,,,,EJRF
GRD,2024,POLICY_VACCINATION,POLICY_RECOMMENDATION_ELDERLY_CHRONIC,YES,,,,,,,,EJRF
GRD,2024,POLICY_VACCINATION,POLICY_RECOMMENDATION_CA_CHRONIC,,,,,,,,,EJRF
GRD,2024,POLICY_VACCINATION,OTHER_GROUPS,,,,,,,,,EJRF
GRD,2024,POLICY_VACCINATION,POLICY_RECOMMENDATION_HCW,,,,,,,,,EJRF
GRD,2024,POLICY_REVACCINATION,POLICY_RECOMMENDATION_ADULTS_CHRONIC,,,,,,,,,EJRF
GRD,2024,POLICY_REVACCINATION,PW,YES,,,,,,,,EJRF
GRD,2024,POLICY_REVACCINATION,POLICY_RECOMMENDATION_ADULTS,,,,,,,,,EJRF
GRD,2024,POLICY_REVACCINATION,POLICY_RECOMMENDATION_CA,,,,,,,,,EJRF
GRD,2024,POLICY_REVACCINATION,POLICY_RECOMMENDATION_ELDERLY,,,,,,,,,EJRF
GRD,2024,POLICY_REVACCINATION,POLICY_RECOMMENDATION_ELDERLY_CHRONIC,YES,,,,,,,,EJRF
GRD,2024,POLICY_REVACCINATION,POLICY_RECOMMENDATION_CA_CHRONIC,,,,,,,,,EJRF
GRD,2024,POLICY_REVACCINATION,OTHER_GROUPS,,,,,,,,,EJRF
GRD,2024,POLICY_REVACCINATION,POLICY_RECOMMENDATION_HCW,,,,,,,,,EJRF
GRD,2024,POLICY_INTERVAL,POLICY_RECOMMENDATION_ADULTS_CHRONIC,,,,,,,,,EJRF
GRD,2024,POLICY_INTERVAL,PW,OTHER,,,,,,,,EJRF
GRD,2024,POLICY_INTERVAL,POLICY_RECOMMENDATION_ADULTS,,,,,,,,,EJRF
GRD,2024,POLICY_INTERVAL,POLICY_RECOMMENDATION_CA,,,,,,,,,EJRF
GRD,2024,POLICY_INTERVAL,POLICY_RECOMMENDATION_ELDERLY,,,,,,,,,EJRF
GRD,2024,POLICY_INTERVAL,POLICY_RECOMMENDATION_ELDERLY_CHRONIC,6_MONTHS,,,,,,,,EJRF
GRD,2024,POLICY_INTERVAL,POLICY_RECOMMENDATION_CA_CHRONIC,,,,,,,,,EJRF
GRD,2024,POLICY_INTERVAL,OTHER_GROUPS,,,,,,,,,EJRF
GRD,2024,POLICY_INTERVAL,POLICY_RECOMMENDATION_HCW,,,,,,,,,EJRF
GRD,2024,POLICY_VACCINATION_COM,POLICY_RECOMMENDATION_ADULTS_CHRONIC,,,,,,,,,EJRF
GRD,2024,POLICY_VACCINATION_COM,PW,,,,,,,,,EJRF
GRD,2024,POLICY_VACCINATION_COM,POLICY_RECOMMENDATION_ADULTS,,,,,,,,,EJRF
GRD,2024,POLICY_VACCINATION_COM,POLICY_RECOMMENDATION_CA,,,,,,,,,EJRF
GRD,2024,POLICY_VACCINATION_COM,POLICY_RECOMMENDATION_ELDERLY,,,,,,,,,EJRF
GRD,2024,POLICY_VACCINATION_COM,POLICY_RECOMMENDATION_ELDERLY_CHRONIC,-4444,,,,,,,,EJRF
GRD,2024,POLICY_VACCINATION_COM,POLICY_RECOMMENDATION_CA_CHRONIC,,,,,,,,,EJRF
GRD,2024,POLICY_VACCINATION_COM,OTHER_GROUPS,,,,,,,,,EJRF
GRD,2024,POLICY_VACCINATION_COM,POLICY_RECOMMENDATION_HCW,,,,,,,,,EJRF
BON,2024,POLICY_VACCINATION,POLICY_RECOMMENDATION_ELDERLY,YES,,,,,,,,EJRF
BON,2024,POLICY_VACCINATION,POLICY_RECOMMENDATION_ELDERLY_CHRONIC,,,,,,,,,EJRF
BON,2024,POLICY_VACCINATION,POLICY_RECOMMENDATION_ADULTS,,,,,,,,,EJRF
BON,2024,POLICY_VACCINATION,POLICY_RECOMMENDATION_ADULTS_CHRONIC,YES,,,,,,,,EJRF
BON,2024,POLICY_VACCINATION,PW,,,,,,,,,EJRF
BON,2024,POLICY_VACCINATION,POLICY_RECOMMENDATION_HCW,,,,,,,,,EJRF
BON,2024,POLICY_VACCINATION,POLICY_RECOMMENDATION_CA,,,,,,,,,EJRF
BON,2024,POLICY_VACCINATION,POLICY_RECOMMENDATION_CA_CHRONIC,,,,,,,,,EJRF
BON,2024,POLICY_VACCINATION,OTHER_GROUPS,,,,,,,,,EJRF
PRT,2024,POLICY_VACCINATION,POLICY_RECOMMENDATION_ELDERLY,YES,,,,,,,,EJRF
PRT,2024,POLICY_VACCINATION,POLICY_RECOMMENDATION_ELDERLY_CHRONIC,-4444,,,,,,,,EJRF
PRT,2024,POLICY_VACCINATION,POLICY_RECOMMENDATION_ADULTS,YES,,,,,,,,EJRF
PRT,2024,POLICY_VACCINATION,POLICY_RECOMMENDATION_ADULTS_CHRONIC,YES,,,,,,,,EJRF
PRT,2024,POLICY_VACCINATION,PW,YES,,,,,,,,EJRF
PRT,2024,POLICY_VACCINATION,POLICY_RECOMMENDATION_HCW,YES,,,,,,,,EJRF
PRT,2024,POLICY_VACCINATION,POLICY_RECOMMENDATION_CA,NO,,,,,,,,EJRF
PRT,2024,POLICY_VACCINATION,POLICY_RECOMMENDATION_CA_CHRONIC,YES,,,,,,,,EJRF
PRT,2024,POLICY_VACCINATION,OTHER_GROUPS,YES,,,,,,,,EJRF
BON,2024,POLICY_REVACCINATION,POLICY_RECOMMENDATION_ELDERLY,YES,,,,,,,,EJRF
BON,2024,POLICY_REVACCINATION,POLICY_RECOMMENDATION_ELDERLY_CHRONIC,,,,,,,,,EJRF
BON,2024,POLICY_REVACCINATION,POLICY_RECOMMENDATION_ADULTS,,,,,,,,,EJRF
BON,2024,POLICY_REVACCINATION,POLICY_RECOMMENDATION_ADULTS_CHRONIC,YES,,,,,,,,EJRF
BON,2024,POLICY_REVACCINATION,PW,,,,,,,,,EJRF
BON,2024,POLICY_REVACCINATION,POLICY_RECOMMENDATION_HCW,,,,,,,,,EJRF
BON,2024,POLICY_REVACCINATION,POLICY_RECOMMENDATION_CA,,,,,,,,,EJRF
BON,2024,POLICY_REVACCINATION,POLICY_RECOMMENDATION_CA_CHRONIC,,,,,,,,,EJRF
BON,2024,POLICY_REVACCINATION,OTHER_GROUPS,,,,,,,,,EJRF
PRT,2024,POLICY_REVACCINATION,POLICY_RECOMMENDATION_ELDERLY,YES,,,,,,,,EJRF
PRT,2024,POLICY_REVACCINATION,POLICY_RECOMMENDATION_ELDERLY_CHRONIC,,,,,,,,,EJRF
PRT,2024,POLICY_REVACCINATION,POLICY_RECOMMENDATION_ADULTS,NO,,,,,,,,EJRF
PRT,2024,POLICY_REVACCINATION,POLICY_RECOMMENDATION_ADULTS_CHRONIC,YES,,,,,,,,EJRF
PRT,2024,POLICY_REVACCINATION,PW,YES,,,,,,,,EJRF
PRT,2024,POLICY_REVACCINATION,POLICY_RECOMMENDATION_HCW,YES,,,,,,,,EJRF
PRT,2024,POLICY_REVACCINATION,POLICY_RECOMMENDATION_CA,,,,,,,,,EJRF
PRT,2024,POLICY_REVACCINATION,POLICY_RECOMMENDATION_CA_CHRONIC,YES,,,,,,,,EJRF
PRT,2024,POLICY_REVACCINATION,OTHER_GROUPS,YES,,,,,,,,EJRF
BON,2024,POLICY_INTERVAL,POLICY_RECOMMENDATION_ELDERLY,12_MONTHS,,,,,,,,EJRF
BON,2024,POLICY_INTERVAL,POLICY_RECOMMENDATION_ELDERLY_CHRONIC,-4444,,,,,,,,EJRF
BON,2024,POLICY_INTERVAL,POLICY_RECOMMENDATION_ADULTS,,,,,,,,,EJRF
BON,2024,POLICY_INTERVAL,POLICY_RECOMMENDATION_ADULTS_CHRONIC,12_MONTHS,,,,,,,,EJRF
BON,2024,POLICY_INTERVAL,PW,,,,,,,,,EJRF
BON,2024,POLICY_INTERVAL,POLICY_RECOMMENDATION_HCW,-2222,,,,,,,,EJRF
BON,2024,POLICY_INTERVAL,POLICY_RECOMMENDATION_CA,,,,,,,,,EJRF
BON,2024,POLICY_INTERVAL,POLICY_RECOMMENDATION_CA_CHRONIC,,,,,,,,,EJRF
BON,2024,POLICY_INTERVAL,OTHER_GROUPS,,,,,,,,,EJRF
PRT,2024,POLICY_INTERVAL,POLICY_RECOMMENDATION_ELDERLY,12_MONTHS,,,,,,,,EJRF
PRT,2024,POLICY_INTERVAL,POLICY_RECOMMENDATION_ELDERLY_CHRONIC,,,,,,,,,EJRF
PRT,2024,POLICY_INTERVAL,POLICY_RECOMMENDATION_ADULTS,,,,,,,,,EJRF
PRT,2024,POLICY_INTERVAL,POLICY_RECOMMENDATION_ADULTS_CHRONIC,12_MONTHS,,,,,,,,EJRF
PRT,2024,POLICY_INTERVAL,PW,12_MONTHS,,,,,,,,EJRF
PRT,2024,POLICY_INTERVAL,POLICY_RECOMMENDATION_HCW,12_MONTHS,,,,,,,,EJRF
PRT,2024,POLICY_INTERVAL,POLICY_RECOMMENDATION_CA,,,,,,,,,EJRF
PRT,2024,POLICY_INTERVAL,POLICY_RECOMMENDATION_CA_CHRONIC,12_MONTHS,,,,,,,,EJRF
PRT,2024,POLICY_INTERVAL,OTHER_GROUPS,12_MONTHS,,,,,,,,EJRF
BON,2024,POLICY_VACCINATION_COM,POLICY_RECOMMENDATION_ELDERLY,,,,,,,,,EJRF
BON,2024,POLICY_VACCINATION_COM,POLICY_RECOMMENDATION_ELDERLY_CHRONIC,,,,,,,,,EJRF
BON,2024,POLICY_VACCINATION_COM,POLICY_RECOMMENDATION_ADULTS,-4444,,,,,,,,EJRF
BON,2024,POLICY_VACCINATION_COM,POLICY_RECOMMENDATION_ADULTS_CHRONIC,,,,,,,,,EJRF
BON,2024,POLICY_VACCINATION_COM,PW,-4444,,,,,,,,EJRF
BON,2024,POLICY_VACCINATION_COM,POLICY_RECOMMENDATION_HCW,,,,,,,,,EJRF
BON,2024,POLICY_VACCINATION_COM,POLICY_RECOMMENDATION_CA,-4444,,,,,,,,EJRF
BON,2024,POLICY_VACCINATION_COM,POLICY_RECOMMENDATION_CA_CHRONIC,-2222,,,,,,,,EJRF
BON,2024,POLICY_VACCINATION_COM,OTHER_GROUPS,,,,,,,,,EJRF
PRT,2024,POLICY_VACCINATION_COM,POLICY_RECOMMENDATION_ELDERLY,≥ 60 years,,,,,,,,EJRF
PRT,2024,POLICY_VACCINATION_COM,POLICY_RECOMMENDATION_ELDERLY_CHRONIC,,,,,,,,,EJRF
PRT,2024,POLICY_VACCINATION_COM,POLICY_RECOMMENDATION_ADULTS,-4444,,,,,,,,EJRF
PRT,2024,POLICY_VACCINATION_COM,POLICY_RECOMMENDATION_ADULTS_CHRONIC,,,,,,,,,EJRF
PRT,2024,POLICY_VACCINATION_COM,PW,-4444,,,,,,,,EJRF
PRT,2024,POLICY_VACCINATION_COM,POLICY_RECOMMENDATION_HCW,-4444,,,,,,,,EJRF
PRT,2024,POLICY_VACCINATION_COM,POLICY_RECOMMENDATION_CA,,,,,,,,,EJRF
PRT,2024,POLICY_VACCINATION_COM,POLICY_RECOMMENDATION_CA_CHRONIC,M6-Y4 with immunosuppression; Y5+ with high-risk conditions,,,,,,,,EJRF
PRT,2024,POLICY_VACCINATION_COM,OTHER_GROUPS,"Resident in Residential Structure for the Elderly or similar, Patient in National Network for Integrated Continued Care, Home care patient, Prison Populations, Professional in Residential Structure for the Elderly or similar, Professional in National Network for Integrated Continued Care, Firefighter/Civil Protection, Others",,,,,,,,EJRF
GUM,2024,POLICY_VACCINATION,POLICY_RECOMMENDATION_ELDERLY,,,,,,,,,EJRF
GUM,2024,POLICY_VACCINATION,POLICY_RECOMMENDATION_ELDERLY_CHRONIC,,,,,,,,,EJRF
GUM,2024,POLICY_VACCINATION,POLICY_RECOMMENDATION_ADULTS,YES,,,,,,,,EJRF
GUM,2024,POLICY_VACCINATION,POLICY_RECOMMENDATION_ADULTS_CHRONIC,,,,,,,,,EJRF
GUM,2024,POLICY_VACCINATION,PW,,,,,,,,,EJRF
GUM,2024,POLICY_VACCINATION,POLICY_RECOMMENDATION_HCW,,,,,,,,,EJRF
GUM,2024,POLICY_VACCINATION,POLICY_RECOMMENDATION_CA,,,,,,,,,EJRF
GUM,2024,POLICY_VACCINATION,POLICY_RECOMMENDATION_CA_CHRONIC,,,,,,,,,EJRF
GUM,2024,POLICY_VACCINATION,OTHER_GROUPS,,,,,,,,,EJRF
SAB,2024,POLICY_VACCINATION,PW,-2222,,,,,,,,EJRF
SAB,2024,POLICY_VACCINATION,POLICY_RECOMMENDATION_HCW,-2222,,,,,,,,EJRF
SAB,2024,POLICY_VACCINATION,POLICY_RECOMMENDATION_CA,-2222,,,,,,,,EJRF
SAB,2024,POLICY_VACCINATION,POLICY_RECOMMENDATION_CA_CHRONIC,-2222,,,,,,,,EJRF
SAB,2024,POLICY_VACCINATION,OTHER_GROUPS,-2222,,,,,,,,EJRF
SAB,2024,POLICY_VACCINATION,POLICY_RECOMMENDATION_ELDERLY,-2222,,,,,,,,EJRF
SAB,2024,POLICY_VACCINATION,POLICY_RECOMMENDATION_ELDERLY_CHRONIC,-2222,,,,,,,,EJRF
SAB,2024,POLICY_VACCINATION,POLICY_RECOMMENDATION_ADULTS,-2222,,,,,,,,EJRF
SAB,2024,POLICY_VACCINATION,POLICY_RECOMMENDATION_ADULTS_CHRONIC,-2222,,,,,,,,EJRF
STA,2024,POLICY_VACCINATION,POLICY_RECOMMENDATION_ELDERLY,-4444,,,,,,,,EJRF
STA,2024,POLICY_VACCINATION,POLICY_RECOMMENDATION_ELDERLY_CHRONIC,-4444,,,,,,,,EJRF
STA,2024,POLICY_VACCINATION,POLICY_RECOMMENDATION_ADULTS,-4444,,,,,,,,EJRF
STA,2024,POLICY_VACCINATION,POLICY_RECOMMENDATION_ADULTS_CHRONIC,-4444,,,,,,,,EJRF
STA,2024,POLICY_VACCINATION,PW,-4444,,,,,,,,EJRF
STA,2024,POLICY_VACCINATION,POLICY_RECOMMENDATION_HCW,-4444,,,,,,,,EJRF
STA,2024,POLICY_VACCINATION,POLICY_RECOMMENDATION_CA,-4444,,,,,,,,EJRF
STA,2024,POLICY_VACCINATION,POLICY_RECOMMENDATION_CA_CHRONIC,-4444,,,,,,,,EJRF
STA,2024,POLICY_VACCINATION,OTHER_GROUPS,-4444,,,,,,,,EJRF
GUM,2024,POLICY_REVACCINATION,POLICY_RECOMMENDATION_ELDERLY,,,,,,,,,EJRF
GUM,2024,POLICY_REVACCINATION,POLICY_RECOMMENDATION_ELDERLY_CHRONIC,,,,,,,,,EJRF
GUM,2024,POLICY_REVACCINATION,POLICY_RECOMMENDATION_ADULTS,YES,,,,,,,,EJRF
GUM,2024,POLICY_REVACCINATION,POLICY_RECOMMENDATION_ADULTS_CHRONIC,,,,,,,,,EJRF
GUM,2024,POLICY_REVACCINATION,PW,,,,,,,,,EJRF
GUM,2024,POLICY_REVACCINATION,POLICY_RECOMMENDATION_HCW,,,,,,,,,EJRF
GUM,2024,POLICY_REVACCINATION,POLICY_RECOMMENDATION_CA,,,,,,,,,EJRF
GUM,2024,POLICY_REVACCINATION,POLICY_RECOMMENDATION_CA_CHRONIC,,,,,,,,,EJRF
GUM,2024,POLICY_REVACCINATION,OTHER_GROUPS,,,,,,,,,EJRF
SAB,2024,POLICY_REVACCINATION,PW,-2222,,,,,,,,EJRF
SAB,2024,POLICY_REVACCINATION,POLICY_RECOMMENDATION_HCW,-2222,,,,,,,,EJRF
SAB,2024,POLICY_REVACCINATION,POLICY_RECOMMENDATION_CA,-2222,,,,,,,,EJRF
SAB,2024,POLICY_REVACCINATION,POLICY_RECOMMENDATION_CA_CHRONIC,-2222,,,,,,,,EJRF
SAB,2024,POLICY_REVACCINATION,OTHER_GROUPS,-2222,,,,,,,,EJRF
SAB,2024,POLICY_REVACCINATION,POLICY_RECOMMENDATION_ELDERLY,-2222,,,,,,,,EJRF
SAB,2024,POLICY_REVACCINATION,POLICY_RECOMMENDATION_ELDERLY_CHRONIC,-2222,,,,,,,,EJRF
SAB,2024,POLICY_REVACCINATION,POLICY_RECOMMENDATION_ADULTS,-2222,,,,,,,,EJRF
SAB,2024,POLICY_REVACCINATION,POLICY_RECOMMENDATION_ADULTS_CHRONIC,-2222,,,,,,,,EJRF
STA,2024,POLICY_REVACCINATION,POLICY_RECOMMENDATION_ELDERLY,,,,,,,,,EJRF
STA,2024,POLICY_REVACCINATION,POLICY_RECOMMENDATION_ELDERLY_CHRONIC,,,,,,,,,EJRF
STA,2024,POLICY_REVACCINATION,POLICY_RECOMMENDATION_ADULTS,,,,,,,,,EJRF
STA,2024,POLICY_REVACCINATION,POLICY_RECOMMENDATION_ADULTS_CHRONIC,,,,,,,,,EJRF
STA,2024,POLICY_REVACCINATION,PW,,,,,,,,,EJRF
STA,2024,POLICY_REVACCINATION,POLICY_RECOMMENDATION_HCW,,,,,,,,,EJRF
STA,2024,POLICY_REVACCINATION,POLICY_RECOMMENDATION_CA,,,,,,,,,EJRF
STA,2024,POLICY_REVACCINATION,POLICY_RECOMMENDATION_CA_CHRONIC,,,,,,,,,EJRF
STA,2024,POLICY_REVACCINATION,OTHER_GROUPS,,,,,,,,,EJRF
GUM,2024,POLICY_INTERVAL,POLICY_RECOMMENDATION_ELDERLY,,,,,,,,,EJRF
GUM,2024,POLICY_INTERVAL,POLICY_RECOMMENDATION_ELDERLY_CHRONIC,,,,,,,,,EJRF
GUM,2024,POLICY_INTERVAL,POLICY_RECOMMENDATION_ADULTS,-4444,,,,,,,,EJRF
GUM,2024,POLICY_INTERVAL,POLICY_RECOMMENDATION_ADULTS_CHRONIC,,,,,,,,,EJRF
GUM,2024,POLICY_INTERVAL,PW,,,,,,,,,EJRF
GUM,2024,POLICY_INTERVAL,POLICY_RECOMMENDATION_HCW,,,,,,,,,EJRF
GUM,2024,POLICY_INTERVAL,POLICY_RECOMMENDATION_CA,,,,,,,,,EJRF
GUM,2024,POLICY_INTERVAL,POLICY_RECOMMENDATION_CA_CHRONIC,,,,,,,,,EJRF
GUM,2024,POLICY_INTERVAL,OTHER_GROUPS,,,,,,,,,EJRF
SAB,2024,POLICY_INTERVAL,PW,-2222,,,,,,,,EJRF
SAB,2024,POLICY_INTERVAL,POLICY_RECOMMENDATION_HCW,-2222,,,,,,,,EJRF
SAB,2024,POLICY_INTERVAL,POLICY_RECOMMENDATION_CA,-2222,,,,,,,,EJRF
SAB,2024,POLICY_INTERVAL,POLICY_RECOMMENDATION_CA_CHRONIC,-2222,,,,,,,,EJRF
SAB,2024,POLICY_INTERVAL,OTHER_GROUPS,-2222,,,,,,,,EJRF
SAB,2024,POLICY_INTERVAL,POLICY_RECOMMENDATION_ELDERLY,-2222,,,,,,,,EJRF
SAB,2024,POLICY_INTERVAL,POLICY_RECOMMENDATION_ELDERLY_CHRONIC,-2222,,,,,,,,EJRF
SAB,2024,POLICY_INTERVAL,POLICY_RECOMMENDATION_ADULTS,-2222,,,,,,,,EJRF
SAB,2024,POLICY_INTERVAL,POLICY_RECOMMENDATION_ADULTS_CHRONIC,-2222,,,,,,,,EJRF
STA,2024,POLICY_INTERVAL,POLICY_RECOMMENDATION_ELDERLY,,,,,,,,,EJRF
STA,2024,POLICY_INTERVAL,POLICY_RECOMMENDATION_ELDERLY_CHRONIC,,,,,,,,,EJRF
STA,2024,POLICY_INTERVAL,POLICY_RECOMMENDATION_ADULTS,,,,,,,,,EJRF
STA,2024,POLICY_INTERVAL,POLICY_RECOMMENDATION_ADULTS_CHRONIC,,,,,,,,,EJRF
STA,2024,POLICY_INTERVAL,PW,,,,,,,,,EJRF
STA,2024,POLICY_INTERVAL,POLICY_RECOMMENDATION_HCW,,,,,,,,,EJRF
STA,2024,POLICY_INTERVAL,POLICY_RECOMMENDATION_CA,,,,,,,,,EJRF
STA,2024,POLICY_INTERVAL,POLICY_RECOMMENDATION_CA_CHRONIC,,,,,,,,,EJRF
STA,2024,POLICY_INTERVAL,OTHER_GROUPS,,,,,,,,,EJRF
GUM,2024,POLICY_VACCINATION_COM,POLICY_RECOMMENDATION_ELDERLY,,,,,,,,,EJRF
GUM,2024,POLICY_VACCINATION_COM,POLICY_RECOMMENDATION_ELDERLY_CHRONIC,,,,,,,,,EJRF
GUM,2024,POLICY_VACCINATION_COM,POLICY_RECOMMENDATION_ADULTS,ollow U.S. CDC guidelines for Adults,,,,,,,,EJRF
GUM,2024,POLICY_VACCINATION_COM,POLICY_RECOMMENDATION_ADULTS_CHRONIC,,,,,,,,,EJRF
GUM,2024,POLICY_VACCINATION_COM,PW,,,,,,,,,EJRF
GUM,2024,POLICY_VACCINATION_COM,POLICY_RECOMMENDATION_HCW,,,,,,,,,EJRF
GUM,2024,POLICY_VACCINATION_COM,POLICY_RECOMMENDATION_CA,,,,,,,,,EJRF
GUM,2024,POLICY_VACCINATION_COM,POLICY_RECOMMENDATION_CA_CHRONIC,,,,,,,,,EJRF
GUM,2024,POLICY_VACCINATION_COM,OTHER_GROUPS,,,,,,,,,EJRF
SAB,2024,POLICY_VACCINATION_COM,PW,-2222,,,,,,,,EJRF
SAB,2024,POLICY_VACCINATION_COM,POLICY_RECOMMENDATION_HCW,-2222,,,,,,,,EJRF
SAB,2024,POLICY_VACCINATION_COM,POLICY_RECOMMENDATION_CA,-2222,,,,,,,,EJRF
SAB,2024,POLICY_VACCINATION_COM,POLICY_RECOMMENDATION_CA_CHRONIC,-2222,,,,,,,,EJRF
SAB,2024,POLICY_VACCINATION_COM,OTHER_GROUPS,-2222,,,,,,,,EJRF
SAB,2024,POLICY_VACCINATION_COM,POLICY_RECOMMENDATION_ELDERLY,-2222,,,,,,,,EJRF
SAB,2024,POLICY_VACCINATION_COM,POLICY_RECOMMENDATION_ELDERLY_CHRONIC,-2222,,,,,,,,EJRF
SAB,2024,POLICY_VACCINATION_COM,POLICY_RECOMMENDATION_ADULTS,-2222,,,,,,,,EJRF
SAB,2024,POLICY_VACCINATION_COM,POLICY_RECOMMENDATION_ADULTS_CHRONIC,-2222,,,,,,,,EJRF
STA,2024,POLICY_VACCINATION_COM,POLICY_RECOMMENDATION_ELDERLY,,,,,,,,,EJRF
STA,2024,POLICY_VACCINATION_COM,POLICY_RECOMMENDATION_ELDERLY_CHRONIC,,,,,,,,,EJRF
STA,2024,POLICY_VACCINATION_COM,POLICY_RECOMMENDATION_ADULTS,,,,,,,,,EJRF
STA,2024,POLICY_VACCINATION_COM,POLICY_RECOMMENDATION_ADULTS_CHRONIC,,,,,,,,,EJRF
STA,2024,POLICY_VACCINATION_COM,PW,,,,,,,,,EJRF
STA,2024,POLICY_VACCINATION_COM,POLICY_RECOMMENDATION_HCW,,,,,,,,,EJRF
STA,2024,POLICY_VACCINATION_COM,POLICY_RECOMMENDATION_CA,,,,,,,,,EJRF
STA,2024,POLICY_VACCINATION_COM,POLICY_RECOMMENDATION_CA_CHRONIC,,,,,,,,,EJRF
STA,2024,POLICY_VACCINATION_COM,OTHER_GROUPS,,,,,,,,,EJRF
ITA,2024,POLICY_VACCINATION,POLICY_RECOMMENDATION_ELDERLY,YES,,,,,,,,EJRF
ITA,2024,POLICY_VACCINATION,POLICY_RECOMMENDATION_ELDERLY_CHRONIC,YES,,,,,,,,EJRF
ITA,2024,POLICY_VACCINATION,POLICY_RECOMMENDATION_ADULTS,NO,,,,,,,,EJRF
ITA,2024,POLICY_VACCINATION,POLICY_RECOMMENDATION_ADULTS_CHRONIC,YES,,,,,,,,EJRF
ITA,2024,POLICY_VACCINATION,PW,YES,,,,,,,,EJRF
ITA,2024,POLICY_VACCINATION,POLICY_RECOMMENDATION_HCW,YES,,,,,,,,EJRF
ITA,2024,POLICY_VACCINATION,POLICY_RECOMMENDATION_CA,NO,,,,,,,,EJRF
ITA,2024,POLICY_VACCINATION,POLICY_RECOMMENDATION_CA_CHRONIC,YES,,,,,,,,EJRF
ITA,2024,POLICY_VACCINATION,OTHER_GROUPS,,,,,,,,,EJRF
VNM,2024,POLICY_VACCINATION,POLICY_RECOMMENDATION_ELDERLY,YES,,,,,,,,EJRF
VNM,2024,POLICY_VACCINATION,POLICY_RECOMMENDATION_ADULTS_CHRONIC,YES,,,,,,,,EJRF
VNM,2024,POLICY_VACCINATION,PW,YES,,,,,,,,EJRF
VNM,2024,POLICY_VACCINATION,POLICY_RECOMMENDATION_HCW,YES,,,,,,,,EJRF
VNM,2024,POLICY_VACCINATION,POLICY_RECOMMENDATION_CA,NO,,,,,,,,EJRF
VNM,2024,POLICY_VACCINATION,POLICY_RECOMMENDATION_CA_CHRONIC,NO,,,,,,,,EJRF
VNM,2024,POLICY_VACCINATION,OTHER_GROUPS,NO,,,,,,,,EJRF
VNM,2024,POLICY_VACCINATION,POLICY_RECOMMENDATION_ELDERLY_CHRONIC,YES,,,,,,,,EJRF
VNM,2024,POLICY_VACCINATION,POLICY_RECOMMENDATION_ADULTS,YES,,,,,,,,EJRF
ITA,2024,POLICY_REVACCINATION,POLICY_RECOMMENDATION_ELDERLY,YES,,,,,,,,EJRF
ITA,2024,POLICY_REVACCINATION,POLICY_RECOMMENDATION_ELDERLY_CHRONIC,YES,,,,,,,,EJRF
ITA,2024,POLICY_REVACCINATION,POLICY_RECOMMENDATION_ADULTS,NO,,,,,,,,EJRF
ITA,2024,POLICY_REVACCINATION,POLICY_RECOMMENDATION_ADULTS_CHRONIC,YES,,,,,,,,EJRF
ITA,2024,POLICY_REVACCINATION,PW,YES,,,,,,,,EJRF
ITA,2024,POLICY_REVACCINATION,POLICY_RECOMMENDATION_HCW,YES,,,,,,,,EJRF
ITA,2024,POLICY_REVACCINATION,POLICY_RECOMMENDATION_CA,NO,,,,,,,,EJRF
ITA,2024,POLICY_REVACCINATION,POLICY_RECOMMENDATION_CA_CHRONIC,YES,,,,,,,,EJRF
ITA,2024,POLICY_REVACCINATION,OTHER_GROUPS,,,,,,,,,EJRF
VNM,2024,POLICY_REVACCINATION,POLICY_RECOMMENDATION_ELDERLY,YES,,,,,,,,EJRF
VNM,2024,POLICY_REVACCINATION,POLICY_RECOMMENDATION_ADULTS_CHRONIC,NO,,,,,,,,EJRF
VNM,2024,POLICY_REVACCINATION,PW,YES,,,,,,,,EJRF
VNM,2024,POLICY_REVACCINATION,POLICY_RECOMMENDATION_HCW,YES,,,,,,,,EJRF
VNM,2024,POLICY_REVACCINATION,POLICY_RECOMMENDATION_CA,NO,,,,,,,,EJRF
VNM,2024,POLICY_REVACCINATION,POLICY_RECOMMENDATION_CA_CHRONIC,NO,,,,,,,,EJRF
VNM,2024,POLICY_REVACCINATION,OTHER_GROUPS,NO,,,,,,,,EJRF
VNM,2024,POLICY_REVACCINATION,POLICY_RECOMMENDATION_ELDERLY_CHRONIC,YES,,,,,,,,EJRF
VNM,2024,POLICY_REVACCINATION,POLICY_RECOMMENDATION_ADULTS,NO,,,,,,,,EJRF
ITA,2024,POLICY_INTERVAL,POLICY_RECOMMENDATION_ELDERLY,12_MONTHS,,,,,,,,EJRF
ITA,2024,POLICY_INTERVAL,POLICY_RECOMMENDATION_ELDERLY_CHRONIC,12_MONTHS,,,,,,,,EJRF
ITA,2024,POLICY_INTERVAL,POLICY_RECOMMENDATION_ADULTS,-4444,,,,,,,,EJRF
ITA,2024,POLICY_INTERVAL,POLICY_RECOMMENDATION_ADULTS_CHRONIC,,,,,,,,,EJRF
ITA,2024,POLICY_INTERVAL,PW,-2222,,,,,,,,EJRF
ITA,2024,POLICY_INTERVAL,POLICY_RECOMMENDATION_HCW,12_MONTHS,,,,,,,,EJRF
ITA,2024,POLICY_INTERVAL,POLICY_RECOMMENDATION_CA,-4444,,,,,,,,EJRF
ITA,2024,POLICY_INTERVAL,POLICY_RECOMMENDATION_CA_CHRONIC,12_MONTHS,,,,,,,,EJRF
ITA,2024,POLICY_INTERVAL,OTHER_GROUPS,,,,,,,,,EJRF
VNM,2024,POLICY_INTERVAL,POLICY_RECOMMENDATION_ELDERLY,6_MONTHS,,,,,,,,EJRF
VNM,2024,POLICY_INTERVAL,POLICY_RECOMMENDATION_ADULTS_CHRONIC,,,,,,,,,EJRF
VNM,2024,POLICY_INTERVAL,PW,OTHER,,,,,,,,EJRF
VNM,2024,POLICY_INTERVAL,POLICY_RECOMMENDATION_HCW,6_MONTHS,,,,,,,,EJRF
VNM,2024,POLICY_INTERVAL,POLICY_RECOMMENDATION_CA,,,,,,,,,EJRF
VNM,2024,POLICY_INTERVAL,POLICY_RECOMMENDATION_CA_CHRONIC,,,,,,,,,EJRF
VNM,2024,POLICY_INTERVAL,OTHER_GROUPS,,,,,,,,,EJRF
VNM,2024,POLICY_INTERVAL,POLICY_RECOMMENDATION_ELDERLY_CHRONIC,6_MONTHS,,,,,,,,EJRF
VNM,2024,POLICY_INTERVAL,POLICY_RECOMMENDATION_ADULTS,,,,,,,,,EJRF
ITA,2024,POLICY_VACCINATION_COM,POLICY_RECOMMENDATION_ELDERLY,-2222,,,,,,,,EJRF
ITA,2024,POLICY_VACCINATION_COM,POLICY_RECOMMENDATION_ELDERLY_CHRONIC,-2222,,,,,,,,EJRF
ITA,2024,POLICY_VACCINATION_COM,POLICY_RECOMMENDATION_ADULTS,-4444,,,,,,,,EJRF
ITA,2024,POLICY_VACCINATION_COM,POLICY_RECOMMENDATION_ADULTS_CHRONIC,-2222,,,,,,,,EJRF
ITA,2024,POLICY_VACCINATION_COM,PW,-2222,,,,,,,,EJRF
ITA,2024,POLICY_VACCINATION_COM,POLICY_RECOMMENDATION_HCW,-2222,,,,,,,,EJRF
ITA,2024,POLICY_VACCINATION_COM,POLICY_RECOMMENDATION_CA,-4444,,,,,,,,EJRF
ITA,2024,POLICY_VACCINATION_COM,POLICY_RECOMMENDATION_CA_CHRONIC,-2222,,,,,,,,EJRF
ITA,2024,POLICY_VACCINATION_COM,OTHER_GROUPS,,,,,,,,,EJRF
VNM,2024,POLICY_VACCINATION_COM,POLICY_RECOMMENDATION_ELDERLY,Older adults are adults above 50 years old,,,,,,,,EJRF
VNM,2024,POLICY_VACCINATION_COM,POLICY_RECOMMENDATION_ADULTS_CHRONIC,,,,,,,,,EJRF
VNM,2024,POLICY_VACCINATION_COM,PW,Every pregnancy,,,,,,,,EJRF
VNM,2024,POLICY_VACCINATION_COM,POLICY_RECOMMENDATION_HCW,,,,,,,,,EJRF
VNM,2024,POLICY_VACCINATION_COM,POLICY_RECOMMENDATION_CA,,,,,,,,,EJRF
VNM,2024,POLICY_VACCINATION_COM,POLICY_RECOMMENDATION_CA_CHRONIC,,,,,,,,,EJRF
VNM,2024,POLICY_VACCINATION_COM,OTHER_GROUPS,,,,,,,,,EJRF
VNM,2024,POLICY_VACCINATION_COM,POLICY_RECOMMENDATION_ELDERLY_CHRONIC,,,,,,,,,EJRF
VNM,2024,POLICY_VACCINATION_COM,POLICY_RECOMMENDATION_ADULTS,,,,,,,,,EJRF
AND,2024,POLICY_VACCINATION,POLICY_RECOMMENDATION_ELDERLY_CHRONIC,YES,,,,,,,,EJRF
AND,2024,POLICY_VACCINATION,POLICY_RECOMMENDATION_ELDERLY,YES,,,,,,,,EJRF
AND,2024,POLICY_VACCINATION,POLICY_RECOMMENDATION_ADULTS,NO,,,,,,,,EJRF
AND,2024,POLICY_VACCINATION,POLICY_RECOMMENDATION_ADULTS_CHRONIC,YES,,,,,,,,EJRF
AND,2024,POLICY_VACCINATION,PW,YES,,,,,,,,EJRF
AND,2024,POLICY_VACCINATION,POLICY_RECOMMENDATION_HCW,YES,,,,,,,,EJRF
AND,2024,POLICY_VACCINATION,POLICY_RECOMMENDATION_CA,NO,,,,,,,,EJRF
AND,2024,POLICY_VACCINATION,POLICY_RECOMMENDATION_CA_CHRONIC,YES,,,,,,,,EJRF
AND,2024,POLICY_VACCINATION,OTHER_GROUPS,NO,,,,,,,,EJRF
AND,2024,POLICY_REVACCINATION,POLICY_RECOMMENDATION_ELDERLY_CHRONIC,YES,,,,,,,,EJRF
AND,2024,POLICY_REVACCINATION,POLICY_RECOMMENDATION_ELDERLY,YES,,,,,,,,EJRF
AND,2024,POLICY_REVACCINATION,POLICY_RECOMMENDATION_ADULTS,,,,,,,,,EJRF
AND,2024,POLICY_REVACCINATION,POLICY_RECOMMENDATION_ADULTS_CHRONIC,YES,,,,,,,,EJRF
AND,2024,POLICY_REVACCINATION,PW,YES,,,,,,,,EJRF
AND,2024,POLICY_REVACCINATION,POLICY_RECOMMENDATION_HCW,YES,,,,,,,,EJRF
AND,2024,POLICY_REVACCINATION,POLICY_RECOMMENDATION_CA,,,,,,,,,EJRF
AND,2024,POLICY_REVACCINATION,POLICY_RECOMMENDATION_CA_CHRONIC,YES,,,,,,,,EJRF
AND,2024,POLICY_REVACCINATION,OTHER_GROUPS,,,,,,,,,EJRF
AND,2024,POLICY_INTERVAL,POLICY_RECOMMENDATION_ELDERLY_CHRONIC,12_MONTHS,,,,,,,,EJRF
AND,2024,POLICY_INTERVAL,POLICY_RECOMMENDATION_ELDERLY,12_MONTHS,,,,,,,,EJRF
AND,2024,POLICY_INTERVAL,POLICY_RECOMMENDATION_ADULTS,,,,,,,,,EJRF
AND,2024,POLICY_INTERVAL,POLICY_RECOMMENDATION_ADULTS_CHRONIC,12_MONTHS,,,,,,,,EJRF
AND,2024,POLICY_INTERVAL,PW,OTHER,,,,,,,,EJRF
AND,2024,POLICY_INTERVAL,POLICY_RECOMMENDATION_HCW,12_MONTHS,,,,,,,,EJRF
AND,2024,POLICY_INTERVAL,POLICY_RECOMMENDATION_CA,,,,,,,,,EJRF
AND,2024,POLICY_INTERVAL,POLICY_RECOMMENDATION_CA_CHRONIC,12_MONTHS,,,,,,,,EJRF
AND,2024,POLICY_INTERVAL,OTHER_GROUPS,,,,,,,,,EJRF
AND,2024,POLICY_VACCINATION_COM,POLICY_RECOMMENDATION_ELDERLY_CHRONIC,,,,,,,,,EJRF
AND,2024,POLICY_VACCINATION_COM,POLICY_RECOMMENDATION_ELDERLY,Mayor o igual a 60 años,,,,,,,,EJRF
AND,2024,POLICY_VACCINATION_COM,POLICY_RECOMMENDATION_ADULTS,,,,,,,,,EJRF
AND,2024,POLICY_VACCINATION_COM,POLICY_RECOMMENDATION_ADULTS_CHRONIC,,,,,,,,,EJRF
AND,2024,POLICY_VACCINATION_COM,PW,En cada embarazo,,,,,,,,EJRF
AND,2024,POLICY_VACCINATION_COM,POLICY_RECOMMENDATION_HCW,-4444,,,,,,,,EJRF
AND,2024,POLICY_VACCINATION_COM,POLICY_RECOMMENDATION_CA,,,,,,,,,EJRF
AND,2024,POLICY_VACCINATION_COM,POLICY_RECOMMENDATION_CA_CHRONIC,,,,,,,,,EJRF
AND,2024,POLICY_VACCINATION_COM,OTHER_GROUPS,,,,,,,,,EJRF
POL,2024,POLICY_VACCINATION,POLICY_RECOMMENDATION_ELDERLY,,,,,,,,,EJRF
POL,2024,POLICY_VACCINATION,POLICY_RECOMMENDATION_ELDERLY_CHRONIC,,,,,,,,,EJRF
POL,2024,POLICY_VACCINATION,POLICY_RECOMMENDATION_ADULTS,,,,,,,,,EJRF
POL,2024,POLICY_VACCINATION,POLICY_RECOMMENDATION_ADULTS_CHRONIC,,,,,,,,,EJRF
POL,2024,POLICY_VACCINATION,PW,,,,,,,,,EJRF
POL,2024,POLICY_VACCINATION,POLICY_RECOMMENDATION_HCW,,,,,,,,,EJRF
POL,2024,POLICY_VACCINATION,POLICY_RECOMMENDATION_CA,,,,,,,,,EJRF
POL,2024,POLICY_VACCINATION,POLICY_RECOMMENDATION_CA_CHRONIC,,,,,,,,,EJRF
POL,2024,POLICY_VACCINATION,OTHER_GROUPS,,,,,,,,,EJRF
POL,2024,POLICY_REVACCINATION,POLICY_RECOMMENDATION_ELDERLY,,,,,,,,,EJRF
POL,2024,POLICY_REVACCINATION,POLICY_RECOMMENDATION_ELDERLY_CHRONIC,,,,,,,,,EJRF
POL,2024,POLICY_REVACCINATION,POLICY_RECOMMENDATION_ADULTS,,,,,,,,,EJRF
POL,2024,POLICY_REVACCINATION,POLICY_RECOMMENDATION_ADULTS_CHRONIC,,,,,,,,,EJRF
POL,2024,POLICY_REVACCINATION,PW,,,,,,,,,EJRF
POL,2024,POLICY_REVACCINATION,POLICY_RECOMMENDATION_HCW,,,,,,,,,EJRF
POL,2024,POLICY_REVACCINATION,POLICY_RECOMMENDATION_CA,,,,,,,,,EJRF
POL,2024,POLICY_REVACCINATION,POLICY_RECOMMENDATION_CA_CHRONIC,,,,,,,,,EJRF
POL,2024,POLICY_REVACCINATION,OTHER_GROUPS,,,,,,,,,EJRF
POL,2024,POLICY_INTERVAL,POLICY_RECOMMENDATION_ELDERLY,,,,,,,,,EJRF
POL,2024,POLICY_INTERVAL,POLICY_RECOMMENDATION_ELDERLY_CHRONIC,,,,,,,,,EJRF
POL,2024,POLICY_INTERVAL,POLICY_RECOMMENDATION_ADULTS,,,,,,,,,EJRF
POL,2024,POLICY_INTERVAL,POLICY_RECOMMENDATION_ADULTS_CHRONIC,,,,,,,,,EJRF
POL,2024,POLICY_INTERVAL,PW,,,,,,,,,EJRF
POL,2024,POLICY_INTERVAL,POLICY_RECOMMENDATION_HCW,,,,,,,,,EJRF
POL,2024,POLICY_INTERVAL,POLICY_RECOMMENDATION_CA,,,,,,,,,EJRF
POL,2024,POLICY_INTERVAL,POLICY_RECOMMENDATION_CA_CHRONIC,,,,,,,,,EJRF
POL,2024,POLICY_INTERVAL,OTHER_GROUPS,,,,,,,,,EJRF
POL,2024,POLICY_VACCINATION_COM,POLICY_RECOMMENDATION_ELDERLY,,,,,,,,,EJRF
POL,2024,POLICY_VACCINATION_COM,POLICY_RECOMMENDATION_ELDERLY_CHRONIC,,,,,,,,,EJRF
POL,2024,POLICY_VACCINATION_COM,POLICY_RECOMMENDATION_ADULTS,,,,,,,,,EJRF
POL,2024,POLICY_VACCINATION_COM,POLICY_RECOMMENDATION_ADULTS_CHRONIC,,,,,,,,,EJRF
POL,2024,POLICY_VACCINATION_COM,PW,,,,,,,,,EJRF
POL,2024,POLICY_VACCINATION_COM,POLICY_RECOMMENDATION_HCW,,,,,,,,,EJRF
POL,2024,POLICY_VACCINATION_COM,POLICY_RECOMMENDATION_CA,,,,,,,,,EJRF
POL,2024,POLICY_VACCINATION_COM,POLICY_RECOMMENDATION_CA_CHRONIC,,,,,,,,,EJRF
POL,2024,POLICY_VACCINATION_COM,OTHER_GROUPS,,,,,,,,,EJRF
THA,2024,POLICY_VACCINATION,POLICY_RECOMMENDATION_ELDERLY_CHRONIC,,,,,,,,,EJRF
THA,2024,POLICY_VACCINATION,POLICY_RECOMMENDATION_ADULTS,,,,,,,,,EJRF
THA,2024,POLICY_VACCINATION,POLICY_RECOMMENDATION_ADULTS_CHRONIC,,,,,,,,,EJRF
THA,2024,POLICY_VACCINATION,PW,,,,,,,,,EJRF
THA,2024,POLICY_VACCINATION,POLICY_RECOMMENDATION_HCW,,,,,,,,,EJRF
THA,2024,POLICY_VACCINATION,POLICY_RECOMMENDATION_CA,,,,,,,,,EJRF
THA,2024,POLICY_VACCINATION,POLICY_RECOMMENDATION_CA_CHRONIC,,,,,,,,,EJRF
THA,2024,POLICY_VACCINATION,OTHER_GROUPS,,,,,,,,,EJRF
THA,2024,POLICY_VACCINATION,POLICY_RECOMMENDATION_ELDERLY,,,,,,,,,EJRF
THA,2024,POLICY_REVACCINATION,POLICY_RECOMMENDATION_ELDERLY_CHRONIC,,,,,,,,,EJRF
THA,2024,POLICY_REVACCINATION,POLICY_RECOMMENDATION_ADULTS,,,,,,,,,EJRF
THA,2024,POLICY_REVACCINATION,POLICY_RECOMMENDATION_ADULTS_CHRONIC,,,,,,,,,EJRF
THA,2024,POLICY_REVACCINATION,PW,,,,,,,,,EJRF
THA,2024,POLICY_REVACCINATION,POLICY_RECOMMENDATION_HCW,,,,,,,,,EJRF
THA,2024,POLICY_REVACCINATION,POLICY_RECOMMENDATION_CA,,,,,,,,,EJRF
THA,2024,POLICY_REVACCINATION,POLICY_RECOMMENDATION_CA_CHRONIC,,,,,,,,,EJRF
THA,2024,POLICY_REVACCINATION,OTHER_GROUPS,,,,,,,,,EJRF
THA,2024,POLICY_REVACCINATION,POLICY_RECOMMENDATION_ELDERLY,,,,,,,,,EJRF
THA,2024,POLICY_INTERVAL,POLICY_RECOMMENDATION_ELDERLY_CHRONIC,,,,,,,,,EJRF
THA,2024,POLICY_INTERVAL,POLICY_RECOMMENDATION_ADULTS,,,,,,,,,EJRF
THA,2024,POLICY_INTERVAL,POLICY_RECOMMENDATION_ADULTS_CHRONIC,,,,,,,,,EJRF
THA,2024,POLICY_INTERVAL,PW,,,,,,,,,EJRF
THA,2024,POLICY_INTERVAL,POLICY_RECOMMENDATION_HCW,,,,,,,,,EJRF
THA,2024,POLICY_INTERVAL,POLICY_RECOMMENDATION_CA,,,,,,,,,EJRF
THA,2024,POLICY_INTERVAL,POLICY_RECOMMENDATION_CA_CHRONIC,,,,,,,,,EJRF
THA,2024,POLICY_INTERVAL,OTHER_GROUPS,,,,,,,,,EJRF
THA,2024,POLICY_INTERVAL,POLICY_RECOMMENDATION_ELDERLY,,,,,,,,,EJRF
THA,2024,POLICY_VACCINATION_COM,POLICY_RECOMMENDATION_ELDERLY_CHRONIC,,,,,,,,,EJRF
THA,2024,POLICY_VACCINATION_COM,POLICY_RECOMMENDATION_ADULTS,,,,,,,,,EJRF
THA,2024,POLICY_VACCINATION_COM,POLICY_RECOMMENDATION_ADULTS_CHRONIC,,,,,,,,,EJRF
THA,2024,POLICY_VACCINATION_COM,PW,,,,,,,,,EJRF
THA,2024,POLICY_VACCINATION_COM,POLICY_RECOMMENDATION_HCW,,,,,,,,,EJRF
THA,2024,POLICY_VACCINATION_COM,POLICY_RECOMMENDATION_CA,,,,,,,,,EJRF
THA,2024,POLICY_VACCINATION_COM,POLICY_RECOMMENDATION_CA_CHRONIC,,,,,,,,,EJRF
THA,2024,POLICY_VACCINATION_COM,OTHER_GROUPS,,,,,,,,,EJRF
THA,2024,POLICY_VACCINATION_COM,POLICY_RECOMMENDATION_ELDERLY,,,,,,,,,EJRF
IND,2024,POLICY_VACCINATION,PW,-4444,,,,,,,,EJRF
IND,2024,POLICY_VACCINATION,POLICY_RECOMMENDATION_HCW,-4444,,,,,,,,EJRF
IND,2024,POLICY_VACCINATION,POLICY_RECOMMENDATION_CA,-4444,,,,,,,,EJRF
IND,2024,POLICY_VACCINATION,POLICY_RECOMMENDATION_CA_CHRONIC,-4444,,,,,,,,EJRF
IND,2024,POLICY_VACCINATION,OTHER_GROUPS,-4444,,,,,,,,EJRF
IND,2024,POLICY_VACCINATION,POLICY_RECOMMENDATION_ADULTS,-4444,,,,,,,,EJRF
IND,2024,POLICY_VACCINATION,POLICY_RECOMMENDATION_ADULTS_CHRONIC,-4444,,,,,,,,EJRF
IND,2024,POLICY_VACCINATION,POLICY_RECOMMENDATION_ELDERLY,-4444,,,,,,,,EJRF
IND,2024,POLICY_VACCINATION,POLICY_RECOMMENDATION_ELDERLY_CHRONIC,-4444,,,,,,,,EJRF
IND,2024,POLICY_REVACCINATION,PW,-4444,,,,,,,,EJRF
IND,2024,POLICY_REVACCINATION,POLICY_RECOMMENDATION_HCW,-4444,,,,,,,,EJRF
IND,2024,POLICY_REVACCINATION,POLICY_RECOMMENDATION_CA,-4444,,,,,,,,EJRF
IND,2024,POLICY_REVACCINATION,POLICY_RECOMMENDATION_CA_CHRONIC,-4444,,,,,,,,EJRF
IND,2024,POLICY_REVACCINATION,OTHER_GROUPS,-4444,,,,,,,,EJRF
IND,2024,POLICY_REVACCINATION,POLICY_RECOMMENDATION_ADULTS,-4444,,,,,,,,EJRF
IND,2024,POLICY_REVACCINATION,POLICY_RECOMMENDATION_ADULTS_CHRONIC,-4444,,,,,,,,EJRF
IND,2024,POLICY_REVACCINATION,POLICY_RECOMMENDATION_ELDERLY,-4444,,,,,,,,EJRF
IND,2024,POLICY_REVACCINATION,POLICY_RECOMMENDATION_ELDERLY_CHRONIC,-4444,,,,,,,,EJRF
IND,2024,POLICY_INTERVAL,PW,-4444,,,,,,,,EJRF
IND,2024,POLICY_INTERVAL,POLICY_RECOMMENDATION_HCW,-4444,,,,,,,,EJRF
IND,2024,POLICY_INTERVAL,POLICY_RECOMMENDATION_CA,-4444,,,,,,,,EJRF
IND,2024,POLICY_INTERVAL,POLICY_RECOMMENDATION_CA_CHRONIC,-4444,,,,,,,,EJRF
IND,2024,POLICY_INTERVAL,OTHER_GROUPS,-4444,,,,,,,,EJRF
IND,2024,POLICY_INTERVAL,POLICY_RECOMMENDATION_ADULTS,-4444,,,,,,,,EJRF
IND,2024,POLICY_INTERVAL,POLICY_RECOMMENDATION_ADULTS_CHRONIC,-4444,,,,,,,,EJRF
IND,2024,POLICY_INTERVAL,POLICY_RECOMMENDATION_ELDERLY,-4444,,,,,,,,EJRF
IND,2024,POLICY_INTERVAL,POLICY_RECOMMENDATION_ELDERLY_CHRONIC,-4444,,,,,,,,EJRF
IND,2024,POLICY_VACCINATION_COM,PW,-4444,,,,,,,,EJRF
IND,2024,POLICY_VACCINATION_COM,POLICY_RECOMMENDATION_HCW,-4444,,,,,,,,EJRF
IND,2024,POLICY_VACCINATION_COM,POLICY_RECOMMENDATION_CA,-4444,,,,,,,,EJRF
IND,2024,POLICY_VACCINATION_COM,POLICY_RECOMMENDATION_CA_CHRONIC,-4444,,,,,,,,EJRF
IND,2024,POLICY_VACCINATION_COM,OTHER_GROUPS,-4444,,,,,,,,EJRF
IND,2024,POLICY_VACCINATION_COM,POLICY_RECOMMENDATION_ADULTS,-4444,,,,,,,,EJRF
IND,2024,POLICY_VACCINATION_COM,POLICY_RECOMMENDATION_ADULTS_CHRONIC,-4444,,,,,,,,EJRF
IND,2024,POLICY_VACCINATION_COM,POLICY_RECOMMENDATION_ELDERLY,-4444,,,,,,,,EJRF
IND,2024,POLICY_VACCINATION_COM,POLICY_RECOMMENDATION_ELDERLY_CHRONIC,-4444,,,,,,,,EJRF
